transcript_id,gene_name,species,sample_id,haplotype,protein_length,change,inframe_stop
XM_017956103.1,TTLL10,Papio_hamadryas,SAMEA112483163,1,648,H244Q,
XM_017956103.1,TTLL10,Papio_hamadryas,SAMEA112483163,1,648,D344N,
XM_017956103.1,TTLL10,Papio_hamadryas,SAMEA112483163,1,648,D384E,
XM_017956103.1,TTLL10,Papio_hamadryas,SAMEA112483163,1,648,P399A,
XM_017956103.1,TTLL10,Papio_hamadryas,SAMEA112483163,1,648,K431N,
XM_017956103.1,TTLL10,Papio_hamadryas,SAMEA112483163,1,648,R582P,
XM_017956103.1,TTLL10,Papio_hamadryas,SAMEA112483163,1,648,D623S,
XM_017956103.1,TTLL10,Papio_hamadryas,SAMEA112483163,2,648,H244Q,
XM_017956103.1,TTLL10,Papio_hamadryas,SAMEA112483163,2,648,D344N,
XM_017956103.1,TTLL10,Papio_hamadryas,SAMEA112483163,2,648,D384E,
XM_017956103.1,TTLL10,Papio_hamadryas,SAMEA112483163,2,648,P399A,
XM_017956103.1,TTLL10,Papio_hamadryas,SAMEA112483163,2,648,K431N,
XM_017956103.1,TTLL10,Papio_hamadryas,SAMEA112483163,2,648,R582P,
XM_017956103.1,TTLL10,Papio_hamadryas,SAMEA112483163,2,648,D623S,
XM_017956103.1,TTLL10,Papio_hamadryas,SAMEA112483164,1,648,H244Q,
XM_017956103.1,TTLL10,Papio_hamadryas,SAMEA112483164,1,648,D344N,
XM_017956103.1,TTLL10,Papio_hamadryas,SAMEA112483164,1,648,D384E,
XM_017956103.1,TTLL10,Papio_hamadryas,SAMEA112483164,1,648,P399A,
XM_017956103.1,TTLL10,Papio_hamadryas,SAMEA112483164,1,648,P430L,
XM_017956103.1,TTLL10,Papio_hamadryas,SAMEA112483164,1,648,K431N,
XM_017956103.1,TTLL10,Papio_hamadryas,SAMEA112483164,1,648,R582P,
XM_017956103.1,TTLL10,Papio_hamadryas,SAMEA112483164,1,648,D623S,
XM_017956103.1,TTLL10,Papio_hamadryas,SAMEA112483164,2,648,H244Q,
XM_017956103.1,TTLL10,Papio_hamadryas,SAMEA112483164,2,648,D344N,
XM_017956103.1,TTLL10,Papio_hamadryas,SAMEA112483164,2,648,M363I,
XM_017956103.1,TTLL10,Papio_hamadryas,SAMEA112483164,2,648,D384E,
XM_017956103.1,TTLL10,Papio_hamadryas,SAMEA112483164,2,648,P399A,
XM_017956103.1,TTLL10,Papio_hamadryas,SAMEA112483164,2,648,P430L,
XM_017956103.1,TTLL10,Papio_hamadryas,SAMEA112483164,2,648,K431N,
XM_017956103.1,TTLL10,Papio_hamadryas,SAMEA112483164,2,648,R582P,
XM_017956103.1,TTLL10,Papio_hamadryas,SAMEA112483164,2,648,D623S,
XM_017956103.1,TTLL10,Papio_hamadryas,SAMEA112483165,1,648,H244Q,
XM_017956103.1,TTLL10,Papio_hamadryas,SAMEA112483165,1,648,D344N,
XM_017956103.1,TTLL10,Papio_hamadryas,SAMEA112483165,1,648,D384E,
XM_017956103.1,TTLL10,Papio_hamadryas,SAMEA112483165,1,648,P399A,
XM_017956103.1,TTLL10,Papio_hamadryas,SAMEA112483165,1,648,K431N,
XM_017956103.1,TTLL10,Papio_hamadryas,SAMEA112483165,1,648,R582P,
XM_017956103.1,TTLL10,Papio_hamadryas,SAMEA112483165,1,648,D623S,
XM_017956103.1,TTLL10,Papio_hamadryas,SAMEA112483165,2,648,H244Q,
XM_017956103.1,TTLL10,Papio_hamadryas,SAMEA112483165,2,648,D344N,
XM_017956103.1,TTLL10,Papio_hamadryas,SAMEA112483165,2,648,D384E,
XM_017956103.1,TTLL10,Papio_hamadryas,SAMEA112483165,2,648,P399A,
XM_017956103.1,TTLL10,Papio_hamadryas,SAMEA112483165,2,648,K431N,
XM_017956103.1,TTLL10,Papio_hamadryas,SAMEA112483165,2,648,R582P,
XM_017956103.1,TTLL10,Papio_hamadryas,SAMEA112483165,2,648,D623S,
XM_017956103.1,TTLL10,Papio_hamadryas,SAMEA112483166,1,648,H244Q,
XM_017956103.1,TTLL10,Papio_hamadryas,SAMEA112483166,1,648,D344N,
XM_017956103.1,TTLL10,Papio_hamadryas,SAMEA112483166,1,648,D384E,
XM_017956103.1,TTLL10,Papio_hamadryas,SAMEA112483166,1,648,P399A,
XM_017956103.1,TTLL10,Papio_hamadryas,SAMEA112483166,1,648,P430L,
XM_017956103.1,TTLL10,Papio_hamadryas,SAMEA112483166,1,648,K431N,
XM_017956103.1,TTLL10,Papio_hamadryas,SAMEA112483166,1,648,R582P,
XM_017956103.1,TTLL10,Papio_hamadryas,SAMEA112483166,1,648,D623S,
XM_017956103.1,TTLL10,Papio_hamadryas,SAMEA112483166,2,648,H244Q,
XM_017956103.1,TTLL10,Papio_hamadryas,SAMEA112483166,2,648,D344N,
XM_017956103.1,TTLL10,Papio_hamadryas,SAMEA112483166,2,648,M363I,
XM_017956103.1,TTLL10,Papio_hamadryas,SAMEA112483166,2,648,D384E,
XM_017956103.1,TTLL10,Papio_hamadryas,SAMEA112483166,2,648,P399T,
XM_017956103.1,TTLL10,Papio_hamadryas,SAMEA112483166,2,648,P430L,
XM_017956103.1,TTLL10,Papio_hamadryas,SAMEA112483166,2,648,K431N,
XM_017956103.1,TTLL10,Papio_hamadryas,SAMEA112483166,2,648,R582P,
XM_017956103.1,TTLL10,Papio_hamadryas,SAMEA112483166,2,648,D623S,
XM_017956103.1,TTLL10,Papio_hamadryas,SAMEA112483167,1,648,H244Q,
XM_017956103.1,TTLL10,Papio_hamadryas,SAMEA112483167,1,648,D344N,
XM_017956103.1,TTLL10,Papio_hamadryas,SAMEA112483167,1,648,D384E,
XM_017956103.1,TTLL10,Papio_hamadryas,SAMEA112483167,1,648,P399A,
XM_017956103.1,TTLL10,Papio_hamadryas,SAMEA112483167,1,648,P430L,
XM_017956103.1,TTLL10,Papio_hamadryas,SAMEA112483167,1,648,K431N,
XM_017956103.1,TTLL10,Papio_hamadryas,SAMEA112483167,1,648,R582P,
XM_017956103.1,TTLL10,Papio_hamadryas,SAMEA112483167,1,648,D623S,
XM_017956103.1,TTLL10,Papio_hamadryas,SAMEA112483167,2,648,H244Q,
XM_017956103.1,TTLL10,Papio_hamadryas,SAMEA112483167,2,648,D344N,
XM_017956103.1,TTLL10,Papio_hamadryas,SAMEA112483167,2,648,D384E,
XM_017956103.1,TTLL10,Papio_hamadryas,SAMEA112483167,2,648,P399A,
XM_017956103.1,TTLL10,Papio_hamadryas,SAMEA112483167,2,648,K431N,
XM_017956103.1,TTLL10,Papio_hamadryas,SAMEA112483167,2,648,R582P,
XM_017956103.1,TTLL10,Papio_hamadryas,SAMEA112483167,2,648,D623S,
XM_017956103.1,TTLL10,Papio_hamadryas,SAMEA112483168,1,648,H244Q,
XM_017956103.1,TTLL10,Papio_hamadryas,SAMEA112483168,1,648,D344N,
XM_017956103.1,TTLL10,Papio_hamadryas,SAMEA112483168,1,648,D384E,
XM_017956103.1,TTLL10,Papio_hamadryas,SAMEA112483168,1,648,P399A,
XM_017956103.1,TTLL10,Papio_hamadryas,SAMEA112483168,1,648,P430L,
XM_017956103.1,TTLL10,Papio_hamadryas,SAMEA112483168,1,648,K431N,
XM_017956103.1,TTLL10,Papio_hamadryas,SAMEA112483168,1,648,R582P,
XM_017956103.1,TTLL10,Papio_hamadryas,SAMEA112483168,1,648,D623S,
XM_017956103.1,TTLL10,Papio_hamadryas,SAMEA112483168,2,648,H244Q,
XM_017956103.1,TTLL10,Papio_hamadryas,SAMEA112483168,2,648,D344H,
XM_017956103.1,TTLL10,Papio_hamadryas,SAMEA112483168,2,648,D384E,
XM_017956103.1,TTLL10,Papio_hamadryas,SAMEA112483168,2,648,P399T,
XM_017956103.1,TTLL10,Papio_hamadryas,SAMEA112483168,2,648,P430L,
XM_017956103.1,TTLL10,Papio_hamadryas,SAMEA112483168,2,648,K431N,
XM_017956103.1,TTLL10,Papio_hamadryas,SAMEA112483168,2,648,R582P,
XM_017956103.1,TTLL10,Papio_hamadryas,SAMEA112483168,2,648,D623S,
XM_017956103.1,TTLL10,Papio_hamadryas,SAMEA112483169,1,648,H244Q,
XM_017956103.1,TTLL10,Papio_hamadryas,SAMEA112483169,1,648,D344N,
XM_017956103.1,TTLL10,Papio_hamadryas,SAMEA112483169,1,648,D384E,
XM_017956103.1,TTLL10,Papio_hamadryas,SAMEA112483169,1,648,P399A,
XM_017956103.1,TTLL10,Papio_hamadryas,SAMEA112483169,1,648,P430L,
XM_017956103.1,TTLL10,Papio_hamadryas,SAMEA112483169,1,648,K431N,
XM_017956103.1,TTLL10,Papio_hamadryas,SAMEA112483169,1,648,R582P,
XM_017956103.1,TTLL10,Papio_hamadryas,SAMEA112483169,1,648,D623S,
XM_017956103.1,TTLL10,Papio_hamadryas,SAMEA112483169,2,648,H244Q,
XM_017956103.1,TTLL10,Papio_hamadryas,SAMEA112483169,2,648,D344H,
XM_017956103.1,TTLL10,Papio_hamadryas,SAMEA112483169,2,648,D384E,
XM_017956103.1,TTLL10,Papio_hamadryas,SAMEA112483169,2,648,P399A,
XM_017956103.1,TTLL10,Papio_hamadryas,SAMEA112483169,2,648,K431N,
XM_017956103.1,TTLL10,Papio_hamadryas,SAMEA112483169,2,648,R582P,
XM_017956103.1,TTLL10,Papio_hamadryas,SAMEA112483169,2,648,D623S,
XM_017956103.1,TTLL10,Papio_hamadryas,SAMEA112483170,1,648,H244Q,
XM_017956103.1,TTLL10,Papio_hamadryas,SAMEA112483170,1,648,D344N,
XM_017956103.1,TTLL10,Papio_hamadryas,SAMEA112483170,1,648,P399A,
XM_017956103.1,TTLL10,Papio_hamadryas,SAMEA112483170,1,648,P430L,
XM_017956103.1,TTLL10,Papio_hamadryas,SAMEA112483170,1,648,K431N,
XM_017956103.1,TTLL10,Papio_hamadryas,SAMEA112483170,1,648,R582P,
XM_017956103.1,TTLL10,Papio_hamadryas,SAMEA112483170,1,648,D623S,
XM_017956103.1,TTLL10,Papio_hamadryas,SAMEA112483170,2,648,H244Q,
XM_017956103.1,TTLL10,Papio_hamadryas,SAMEA112483170,2,648,D344N,
XM_017956103.1,TTLL10,Papio_hamadryas,SAMEA112483170,2,648,M363I,
XM_017956103.1,TTLL10,Papio_hamadryas,SAMEA112483170,2,648,P399T,
XM_017956103.1,TTLL10,Papio_hamadryas,SAMEA112483170,2,648,K431N,
XM_017956103.1,TTLL10,Papio_hamadryas,SAMEA112483170,2,648,R582P,
XM_017956103.1,TTLL10,Papio_hamadryas,SAMEA112483170,2,648,D623S,
XM_017956103.1,TTLL10,Papio_hamadryas,SAMEA112483171,1,648,H244Q,
XM_017956103.1,TTLL10,Papio_hamadryas,SAMEA112483171,1,648,D344N,
XM_017956103.1,TTLL10,Papio_hamadryas,SAMEA112483171,1,648,D384E,
XM_017956103.1,TTLL10,Papio_hamadryas,SAMEA112483171,1,648,P399A,
XM_017956103.1,TTLL10,Papio_hamadryas,SAMEA112483171,1,648,K431N,
XM_017956103.1,TTLL10,Papio_hamadryas,SAMEA112483171,1,648,R582P,
XM_017956103.1,TTLL10,Papio_hamadryas,SAMEA112483171,1,648,D623S,
XM_017956103.1,TTLL10,Papio_hamadryas,SAMEA112483171,2,648,H244Q,
XM_017956103.1,TTLL10,Papio_hamadryas,SAMEA112483171,2,648,D344N,
XM_017956103.1,TTLL10,Papio_hamadryas,SAMEA112483171,2,648,D384E,
XM_017956103.1,TTLL10,Papio_hamadryas,SAMEA112483171,2,648,P399A,
XM_017956103.1,TTLL10,Papio_hamadryas,SAMEA112483171,2,648,K431N,
XM_017956103.1,TTLL10,Papio_hamadryas,SAMEA112483171,2,648,R582P,
XM_017956103.1,TTLL10,Papio_hamadryas,SAMEA112483171,2,648,D623S,
XM_017956103.1,TTLL10,Papio_hamadryas,SAMEA112483172,1,648,H244Q,
XM_017956103.1,TTLL10,Papio_hamadryas,SAMEA112483172,1,648,D344N,
XM_017956103.1,TTLL10,Papio_hamadryas,SAMEA112483172,1,648,D384E,
XM_017956103.1,TTLL10,Papio_hamadryas,SAMEA112483172,1,648,P399A,
XM_017956103.1,TTLL10,Papio_hamadryas,SAMEA112483172,1,648,P430L,
XM_017956103.1,TTLL10,Papio_hamadryas,SAMEA112483172,1,648,K431N,
XM_017956103.1,TTLL10,Papio_hamadryas,SAMEA112483172,1,648,R582P,
XM_017956103.1,TTLL10,Papio_hamadryas,SAMEA112483172,1,648,D623S,
XM_017956103.1,TTLL10,Papio_hamadryas,SAMEA112483172,2,648,H244Q,
XM_017956103.1,TTLL10,Papio_hamadryas,SAMEA112483172,2,648,D344N,
XM_017956103.1,TTLL10,Papio_hamadryas,SAMEA112483172,2,648,M363I,
XM_017956103.1,TTLL10,Papio_hamadryas,SAMEA112483172,2,648,D384E,
XM_017956103.1,TTLL10,Papio_hamadryas,SAMEA112483172,2,648,P399T,
XM_017956103.1,TTLL10,Papio_hamadryas,SAMEA112483172,2,648,P430L,
XM_017956103.1,TTLL10,Papio_hamadryas,SAMEA112483172,2,648,K431N,
XM_017956103.1,TTLL10,Papio_hamadryas,SAMEA112483172,2,648,R582P,
XM_017956103.1,TTLL10,Papio_hamadryas,SAMEA112483172,2,648,D623S,
XM_017956103.1,TTLL10,Papio_hamadryas,SAMEA112483173,1,648,H244Q,
XM_017956103.1,TTLL10,Papio_hamadryas,SAMEA112483173,1,648,D344N,
XM_017956103.1,TTLL10,Papio_hamadryas,SAMEA112483173,1,648,D384E,
XM_017956103.1,TTLL10,Papio_hamadryas,SAMEA112483173,1,648,P399A,
XM_017956103.1,TTLL10,Papio_hamadryas,SAMEA112483173,1,648,P430L,
XM_017956103.1,TTLL10,Papio_hamadryas,SAMEA112483173,1,648,K431N,
XM_017956103.1,TTLL10,Papio_hamadryas,SAMEA112483173,1,648,R582P,
XM_017956103.1,TTLL10,Papio_hamadryas,SAMEA112483173,1,648,D623S,
XM_017956103.1,TTLL10,Papio_hamadryas,SAMEA112483173,2,648,H244Q,
XM_017956103.1,TTLL10,Papio_hamadryas,SAMEA112483173,2,648,D344H,
XM_017956103.1,TTLL10,Papio_hamadryas,SAMEA112483173,2,648,D384E,
XM_017956103.1,TTLL10,Papio_hamadryas,SAMEA112483173,2,648,P399T,
XM_017956103.1,TTLL10,Papio_hamadryas,SAMEA112483173,2,648,K431N,
XM_017956103.1,TTLL10,Papio_hamadryas,SAMEA112483173,2,648,R582P,
XM_017956103.1,TTLL10,Papio_hamadryas,SAMEA112483173,2,648,D623S,
XM_017956103.1,TTLL10,Papio_hamadryas,SAMEA112483174,1,648,H244Q,
XM_017956103.1,TTLL10,Papio_hamadryas,SAMEA112483174,1,648,D344N,
XM_017956103.1,TTLL10,Papio_hamadryas,SAMEA112483174,1,648,D384E,
XM_017956103.1,TTLL10,Papio_hamadryas,SAMEA112483174,1,648,P399A,
XM_017956103.1,TTLL10,Papio_hamadryas,SAMEA112483174,1,648,P430L,
XM_017956103.1,TTLL10,Papio_hamadryas,SAMEA112483174,1,648,K431N,
XM_017956103.1,TTLL10,Papio_hamadryas,SAMEA112483174,1,648,R582P,
XM_017956103.1,TTLL10,Papio_hamadryas,SAMEA112483174,1,648,D623S,
XM_017956103.1,TTLL10,Papio_hamadryas,SAMEA112483174,2,648,H244Q,
XM_017956103.1,TTLL10,Papio_hamadryas,SAMEA112483174,2,648,D344H,
XM_017956103.1,TTLL10,Papio_hamadryas,SAMEA112483174,2,648,D384E,
XM_017956103.1,TTLL10,Papio_hamadryas,SAMEA112483174,2,648,P399T,
XM_017956103.1,TTLL10,Papio_hamadryas,SAMEA112483174,2,648,K431N,
XM_017956103.1,TTLL10,Papio_hamadryas,SAMEA112483174,2,648,R582P,
XM_017956103.1,TTLL10,Papio_hamadryas,SAMEA112483174,2,648,D623S,
XM_017956103.1,TTLL10,Papio_hamadryas,SAMEA112483175,1,648,H244Q,
XM_017956103.1,TTLL10,Papio_hamadryas,SAMEA112483175,1,648,D344N,
XM_017956103.1,TTLL10,Papio_hamadryas,SAMEA112483175,1,648,D384E,
XM_017956103.1,TTLL10,Papio_hamadryas,SAMEA112483175,1,648,P399A,
XM_017956103.1,TTLL10,Papio_hamadryas,SAMEA112483175,1,648,K431N,
XM_017956103.1,TTLL10,Papio_hamadryas,SAMEA112483175,1,648,R582P,
XM_017956103.1,TTLL10,Papio_hamadryas,SAMEA112483175,1,648,D623S,
XM_017956103.1,TTLL10,Papio_hamadryas,SAMEA112483175,2,648,H244Q,
XM_017956103.1,TTLL10,Papio_hamadryas,SAMEA112483175,2,648,D344N,
XM_017956103.1,TTLL10,Papio_hamadryas,SAMEA112483175,2,648,D384E,
XM_017956103.1,TTLL10,Papio_hamadryas,SAMEA112483175,2,648,P399A,
XM_017956103.1,TTLL10,Papio_hamadryas,SAMEA112483175,2,648,K431N,
XM_017956103.1,TTLL10,Papio_hamadryas,SAMEA112483175,2,648,R582P,
XM_017956103.1,TTLL10,Papio_hamadryas,SAMEA112483175,2,648,D623S,
XM_017956103.1,TTLL10,Papio_hamadryas,SAMEA112483176,1,648,H244Q,
XM_017956103.1,TTLL10,Papio_hamadryas,SAMEA112483176,1,648,D344N,
XM_017956103.1,TTLL10,Papio_hamadryas,SAMEA112483176,1,648,D384E,
XM_017956103.1,TTLL10,Papio_hamadryas,SAMEA112483176,1,648,P399A,
XM_017956103.1,TTLL10,Papio_hamadryas,SAMEA112483176,1,648,P430L,
XM_017956103.1,TTLL10,Papio_hamadryas,SAMEA112483176,1,648,K431N,
XM_017956103.1,TTLL10,Papio_hamadryas,SAMEA112483176,1,648,R582P,
XM_017956103.1,TTLL10,Papio_hamadryas,SAMEA112483176,1,648,D623S,
XM_017956103.1,TTLL10,Papio_hamadryas,SAMEA112483176,2,648,H244Q,
XM_017956103.1,TTLL10,Papio_hamadryas,SAMEA112483176,2,648,D344H,
XM_017956103.1,TTLL10,Papio_hamadryas,SAMEA112483176,2,648,M363I,
XM_017956103.1,TTLL10,Papio_hamadryas,SAMEA112483176,2,648,D384E,
XM_017956103.1,TTLL10,Papio_hamadryas,SAMEA112483176,2,648,P399T,
XM_017956103.1,TTLL10,Papio_hamadryas,SAMEA112483176,2,648,P430L,
XM_017956103.1,TTLL10,Papio_hamadryas,SAMEA112483176,2,648,K431N,
XM_017956103.1,TTLL10,Papio_hamadryas,SAMEA112483176,2,648,R582P,
XM_017956103.1,TTLL10,Papio_hamadryas,SAMEA112483176,2,648,D623V,
XM_017956103.1,TTLL10,Papio_hamadryas,SAMEA112483177,1,648,H244Q,
XM_017956103.1,TTLL10,Papio_hamadryas,SAMEA112483177,1,648,D344N,
XM_017956103.1,TTLL10,Papio_hamadryas,SAMEA112483177,1,648,D384E,
XM_017956103.1,TTLL10,Papio_hamadryas,SAMEA112483177,1,648,P399A,
XM_017956103.1,TTLL10,Papio_hamadryas,SAMEA112483177,1,648,K431N,
XM_017956103.1,TTLL10,Papio_hamadryas,SAMEA112483177,1,648,R582P,
XM_017956103.1,TTLL10,Papio_hamadryas,SAMEA112483177,1,648,D623S,
XM_017956103.1,TTLL10,Papio_hamadryas,SAMEA112483177,2,648,H244Q,
XM_017956103.1,TTLL10,Papio_hamadryas,SAMEA112483177,2,648,D344N,
XM_017956103.1,TTLL10,Papio_hamadryas,SAMEA112483177,2,648,D384E,
XM_017956103.1,TTLL10,Papio_hamadryas,SAMEA112483177,2,648,P399A,
XM_017956103.1,TTLL10,Papio_hamadryas,SAMEA112483177,2,648,K431N,
XM_017956103.1,TTLL10,Papio_hamadryas,SAMEA112483177,2,648,R582P,
XM_017956103.1,TTLL10,Papio_hamadryas,SAMEA112483177,2,648,D623S,
XM_017956103.1,TTLL10,Papio_hamadryas,SAMEA112483178,1,648,H244Q,
XM_017956103.1,TTLL10,Papio_hamadryas,SAMEA112483178,1,648,D344N,
XM_017956103.1,TTLL10,Papio_hamadryas,SAMEA112483178,1,648,D384E,
XM_017956103.1,TTLL10,Papio_hamadryas,SAMEA112483178,1,648,P399A,
XM_017956103.1,TTLL10,Papio_hamadryas,SAMEA112483178,1,648,P430L,
XM_017956103.1,TTLL10,Papio_hamadryas,SAMEA112483178,1,648,K431N,
XM_017956103.1,TTLL10,Papio_hamadryas,SAMEA112483178,1,648,R582P,
XM_017956103.1,TTLL10,Papio_hamadryas,SAMEA112483178,1,648,D623S,
XM_017956103.1,TTLL10,Papio_hamadryas,SAMEA112483178,2,648,H244Q,
XM_017956103.1,TTLL10,Papio_hamadryas,SAMEA112483178,2,648,D344N,
XM_017956103.1,TTLL10,Papio_hamadryas,SAMEA112483178,2,648,D384E,
XM_017956103.1,TTLL10,Papio_hamadryas,SAMEA112483178,2,648,P399A,
XM_017956103.1,TTLL10,Papio_hamadryas,SAMEA112483178,2,648,K431N,
XM_017956103.1,TTLL10,Papio_hamadryas,SAMEA112483178,2,648,R582P,
XM_017956103.1,TTLL10,Papio_hamadryas,SAMEA112483178,2,648,D623S,
XM_017956103.1,TTLL10,Papio_hamadryas,SAMEA112483179,1,648,H244Q,
XM_017956103.1,TTLL10,Papio_hamadryas,SAMEA112483179,1,648,D344N,
XM_017956103.1,TTLL10,Papio_hamadryas,SAMEA112483179,1,648,D384E,
XM_017956103.1,TTLL10,Papio_hamadryas,SAMEA112483179,1,648,P399A,
XM_017956103.1,TTLL10,Papio_hamadryas,SAMEA112483179,1,648,P430L,
XM_017956103.1,TTLL10,Papio_hamadryas,SAMEA112483179,1,648,K431N,
XM_017956103.1,TTLL10,Papio_hamadryas,SAMEA112483179,1,648,R582P,
XM_017956103.1,TTLL10,Papio_hamadryas,SAMEA112483179,1,648,D623S,
XM_017956103.1,TTLL10,Papio_hamadryas,SAMEA112483179,2,648,H244Q,
XM_017956103.1,TTLL10,Papio_hamadryas,SAMEA112483179,2,648,D344N,
XM_017956103.1,TTLL10,Papio_hamadryas,SAMEA112483179,2,648,D384E,
XM_017956103.1,TTLL10,Papio_hamadryas,SAMEA112483179,2,648,P399A,
XM_017956103.1,TTLL10,Papio_hamadryas,SAMEA112483179,2,648,K431N,
XM_017956103.1,TTLL10,Papio_hamadryas,SAMEA112483179,2,648,R582P,
XM_017956103.1,TTLL10,Papio_hamadryas,SAMEA112483179,2,648,D623S,
XM_017956103.1,TTLL10,Papio_hamadryas,SAMEA112483180,1,648,H244Q,
XM_017956103.1,TTLL10,Papio_hamadryas,SAMEA112483180,1,648,D344N,
XM_017956103.1,TTLL10,Papio_hamadryas,SAMEA112483180,1,648,M363I,
XM_017956103.1,TTLL10,Papio_hamadryas,SAMEA112483180,1,648,P399T,
XM_017956103.1,TTLL10,Papio_hamadryas,SAMEA112483180,1,648,P430L,
XM_017956103.1,TTLL10,Papio_hamadryas,SAMEA112483180,1,648,K431N,
XM_017956103.1,TTLL10,Papio_hamadryas,SAMEA112483180,1,648,R582P,
XM_017956103.1,TTLL10,Papio_hamadryas,SAMEA112483180,1,648,D623S,
XM_017956103.1,TTLL10,Papio_hamadryas,SAMEA112483180,2,648,H244Q,
XM_017956103.1,TTLL10,Papio_hamadryas,SAMEA112483180,2,648,D344N,
XM_017956103.1,TTLL10,Papio_hamadryas,SAMEA112483180,2,648,M363I,
XM_017956103.1,TTLL10,Papio_hamadryas,SAMEA112483180,2,648,P399T,
XM_017956103.1,TTLL10,Papio_hamadryas,SAMEA112483180,2,648,P430L,
XM_017956103.1,TTLL10,Papio_hamadryas,SAMEA112483180,2,648,K431N,
XM_017956103.1,TTLL10,Papio_hamadryas,SAMEA112483180,2,648,R582P,
XM_017956103.1,TTLL10,Papio_hamadryas,SAMEA112483180,2,648,D623S,
XM_017956103.1,TTLL10,Papio_hamadryas,SAMEA112483181,1,648,H244Q,
XM_017956103.1,TTLL10,Papio_hamadryas,SAMEA112483181,1,648,D344N,
XM_017956103.1,TTLL10,Papio_hamadryas,SAMEA112483181,1,648,D384E,
XM_017956103.1,TTLL10,Papio_hamadryas,SAMEA112483181,1,648,P399A,
XM_017956103.1,TTLL10,Papio_hamadryas,SAMEA112483181,1,648,P430L,
XM_017956103.1,TTLL10,Papio_hamadryas,SAMEA112483181,1,648,K431N,
XM_017956103.1,TTLL10,Papio_hamadryas,SAMEA112483181,1,648,R582P,
XM_017956103.1,TTLL10,Papio_hamadryas,SAMEA112483181,1,648,D623S,
XM_017956103.1,TTLL10,Papio_hamadryas,SAMEA112483181,2,648,H244Q,
XM_017956103.1,TTLL10,Papio_hamadryas,SAMEA112483181,2,648,D344N,
XM_017956103.1,TTLL10,Papio_hamadryas,SAMEA112483181,2,648,M363I,
XM_017956103.1,TTLL10,Papio_hamadryas,SAMEA112483181,2,648,D384E,
XM_017956103.1,TTLL10,Papio_hamadryas,SAMEA112483181,2,648,P399T,
XM_017956103.1,TTLL10,Papio_hamadryas,SAMEA112483181,2,648,K431N,
XM_017956103.1,TTLL10,Papio_hamadryas,SAMEA112483181,2,648,R582P,
XM_017956103.1,TTLL10,Papio_hamadryas,SAMEA112483181,2,648,D623S,
XM_017956103.1,TTLL10,Papio_hamadryas,SAMEA112483182,1,648,H244Q,
XM_017956103.1,TTLL10,Papio_hamadryas,SAMEA112483182,1,648,D344N,
XM_017956103.1,TTLL10,Papio_hamadryas,SAMEA112483182,1,648,D384E,
XM_017956103.1,TTLL10,Papio_hamadryas,SAMEA112483182,1,648,P399A,
XM_017956103.1,TTLL10,Papio_hamadryas,SAMEA112483182,1,648,K431N,
XM_017956103.1,TTLL10,Papio_hamadryas,SAMEA112483182,1,648,R582P,
XM_017956103.1,TTLL10,Papio_hamadryas,SAMEA112483182,1,648,D623S,
XM_017956103.1,TTLL10,Papio_hamadryas,SAMEA112483182,2,648,H244Q,
XM_017956103.1,TTLL10,Papio_hamadryas,SAMEA112483182,2,648,D344N,
XM_017956103.1,TTLL10,Papio_hamadryas,SAMEA112483182,2,648,D384E,
XM_017956103.1,TTLL10,Papio_hamadryas,SAMEA112483182,2,648,P399A,
XM_017956103.1,TTLL10,Papio_hamadryas,SAMEA112483182,2,648,K431N,
XM_017956103.1,TTLL10,Papio_hamadryas,SAMEA112483182,2,648,R582P,
XM_017956103.1,TTLL10,Papio_hamadryas,SAMEA112483182,2,648,D623S,
XM_017956103.1,TTLL10,Papio_hamadryas,SAMEA112483183,1,648,H244Q,
XM_017956103.1,TTLL10,Papio_hamadryas,SAMEA112483183,1,648,D344N,
XM_017956103.1,TTLL10,Papio_hamadryas,SAMEA112483183,1,648,D384E,
XM_017956103.1,TTLL10,Papio_hamadryas,SAMEA112483183,1,648,P399A,
XM_017956103.1,TTLL10,Papio_hamadryas,SAMEA112483183,1,648,K431N,
XM_017956103.1,TTLL10,Papio_hamadryas,SAMEA112483183,1,648,R582P,
XM_017956103.1,TTLL10,Papio_hamadryas,SAMEA112483183,1,648,D623S,
XM_017956103.1,TTLL10,Papio_hamadryas,SAMEA112483183,2,648,H244Q,
XM_017956103.1,TTLL10,Papio_hamadryas,SAMEA112483183,2,648,D344N,
XM_017956103.1,TTLL10,Papio_hamadryas,SAMEA112483183,2,648,D384E,
XM_017956103.1,TTLL10,Papio_hamadryas,SAMEA112483183,2,648,P399A,
XM_017956103.1,TTLL10,Papio_hamadryas,SAMEA112483183,2,648,K431N,
XM_017956103.1,TTLL10,Papio_hamadryas,SAMEA112483183,2,648,R582P,
XM_017956103.1,TTLL10,Papio_hamadryas,SAMEA112483183,2,648,D623S,
XM_017956103.1,TTLL10,Papio_hamadryas,SAMEA112483184,1,648,H244Q,
XM_017956103.1,TTLL10,Papio_hamadryas,SAMEA112483184,1,648,D344N,
XM_017956103.1,TTLL10,Papio_hamadryas,SAMEA112483184,1,648,D384E,
XM_017956103.1,TTLL10,Papio_hamadryas,SAMEA112483184,1,648,P399A,
XM_017956103.1,TTLL10,Papio_hamadryas,SAMEA112483184,1,648,P430L,
XM_017956103.1,TTLL10,Papio_hamadryas,SAMEA112483184,1,648,K431N,
XM_017956103.1,TTLL10,Papio_hamadryas,SAMEA112483184,1,648,R582P,
XM_017956103.1,TTLL10,Papio_hamadryas,SAMEA112483184,1,648,D623S,
XM_017956103.1,TTLL10,Papio_hamadryas,SAMEA112483184,2,648,H244Q,
XM_017956103.1,TTLL10,Papio_hamadryas,SAMEA112483184,2,648,D344H,
XM_017956103.1,TTLL10,Papio_hamadryas,SAMEA112483184,2,648,D384E,
XM_017956103.1,TTLL10,Papio_hamadryas,SAMEA112483184,2,648,P399A,
XM_017956103.1,TTLL10,Papio_hamadryas,SAMEA112483184,2,648,K431N,
XM_017956103.1,TTLL10,Papio_hamadryas,SAMEA112483184,2,648,R582P,
XM_017956103.1,TTLL10,Papio_hamadryas,SAMEA112483184,2,648,D623V,
XM_017956103.1,TTLL10,Papio_hamadryas,SAMEA112483185,1,648,H244Q,
XM_017956103.1,TTLL10,Papio_hamadryas,SAMEA112483185,1,648,D344N,
XM_017956103.1,TTLL10,Papio_hamadryas,SAMEA112483185,1,648,D384E,
XM_017956103.1,TTLL10,Papio_hamadryas,SAMEA112483185,1,648,P399A,
XM_017956103.1,TTLL10,Papio_hamadryas,SAMEA112483185,1,648,P430L,
XM_017956103.1,TTLL10,Papio_hamadryas,SAMEA112483185,1,648,K431N,
XM_017956103.1,TTLL10,Papio_hamadryas,SAMEA112483185,1,648,R582P,
XM_017956103.1,TTLL10,Papio_hamadryas,SAMEA112483185,1,648,D623S,
XM_017956103.1,TTLL10,Papio_hamadryas,SAMEA112483185,2,648,H244Q,
XM_017956103.1,TTLL10,Papio_hamadryas,SAMEA112483185,2,648,D344N,
XM_017956103.1,TTLL10,Papio_hamadryas,SAMEA112483185,2,648,M363I,
XM_017956103.1,TTLL10,Papio_hamadryas,SAMEA112483185,2,648,D384E,
XM_017956103.1,TTLL10,Papio_hamadryas,SAMEA112483185,2,648,P399T,
XM_017956103.1,TTLL10,Papio_hamadryas,SAMEA112483185,2,648,K431N,
XM_017956103.1,TTLL10,Papio_hamadryas,SAMEA112483185,2,648,R582P,
XM_017956103.1,TTLL10,Papio_hamadryas,SAMEA112483185,2,648,D623S,
XM_017956103.1,TTLL10,Papio_hamadryas,SAMEA112483186,1,648,H244Q,
XM_017956103.1,TTLL10,Papio_hamadryas,SAMEA112483186,1,648,D344N,
XM_017956103.1,TTLL10,Papio_hamadryas,SAMEA112483186,1,648,D384E,
XM_017956103.1,TTLL10,Papio_hamadryas,SAMEA112483186,1,648,P399A,
XM_017956103.1,TTLL10,Papio_hamadryas,SAMEA112483186,1,648,K431N,
XM_017956103.1,TTLL10,Papio_hamadryas,SAMEA112483186,1,648,R582P,
XM_017956103.1,TTLL10,Papio_hamadryas,SAMEA112483186,1,648,D623S,
XM_017956103.1,TTLL10,Papio_hamadryas,SAMEA112483186,2,648,H244Q,
XM_017956103.1,TTLL10,Papio_hamadryas,SAMEA112483186,2,648,D344N,
XM_017956103.1,TTLL10,Papio_hamadryas,SAMEA112483186,2,648,D384E,
XM_017956103.1,TTLL10,Papio_hamadryas,SAMEA112483186,2,648,P399A,
XM_017956103.1,TTLL10,Papio_hamadryas,SAMEA112483186,2,648,K431N,
XM_017956103.1,TTLL10,Papio_hamadryas,SAMEA112483186,2,648,R582P,
XM_017956103.1,TTLL10,Papio_hamadryas,SAMEA112483186,2,648,D623S,
XM_017956103.1,TTLL10,Papio_hamadryas,SAMN03073709,1,648,H244Q,
XM_017956103.1,TTLL10,Papio_hamadryas,SAMN03073709,1,648,D384E,
XM_017956103.1,TTLL10,Papio_hamadryas,SAMN03073709,1,648,P399A,
XM_017956103.1,TTLL10,Papio_hamadryas,SAMN03073709,1,648,K431N,
XM_017956103.1,TTLL10,Papio_hamadryas,SAMN03073709,1,648,R582P,
XM_017956103.1,TTLL10,Papio_hamadryas,SAMN03073709,1,648,D623S,
XM_017956103.1,TTLL10,Papio_hamadryas,SAMN03073709,2,648,H244Q,
XM_017956103.1,TTLL10,Papio_hamadryas,SAMN03073709,2,648,D384E,
XM_017956103.1,TTLL10,Papio_hamadryas,SAMN03073709,2,648,P399A,
XM_017956103.1,TTLL10,Papio_hamadryas,SAMN03073709,2,648,K431N,
XM_017956103.1,TTLL10,Papio_hamadryas,SAMN03073709,2,648,R582P,
XM_017956103.1,TTLL10,Papio_hamadryas,SAMN03073709,2,648,D623S,
XM_017956103.1,TTLL10,Papio_hamadryas,SAMN03073710,1,648,H244Q,
XM_017956103.1,TTLL10,Papio_hamadryas,SAMN03073710,1,648,D344N,
XM_017956103.1,TTLL10,Papio_hamadryas,SAMN03073710,1,648,D384E,
XM_017956103.1,TTLL10,Papio_hamadryas,SAMN03073710,1,648,P399A,
XM_017956103.1,TTLL10,Papio_hamadryas,SAMN03073710,1,648,K431N,
XM_017956103.1,TTLL10,Papio_hamadryas,SAMN03073710,1,648,R582P,
XM_017956103.1,TTLL10,Papio_hamadryas,SAMN03073710,1,648,D623S,
XM_017956103.1,TTLL10,Papio_hamadryas,SAMN03073710,2,648,H244Q,
XM_017956103.1,TTLL10,Papio_hamadryas,SAMN03073710,2,648,D344N,
XM_017956103.1,TTLL10,Papio_hamadryas,SAMN03073710,2,648,D384E,
XM_017956103.1,TTLL10,Papio_hamadryas,SAMN03073710,2,648,P399A,
XM_017956103.1,TTLL10,Papio_hamadryas,SAMN03073710,2,648,K431N,
XM_017956103.1,TTLL10,Papio_hamadryas,SAMN03073710,2,648,R582P,
XM_017956103.1,TTLL10,Papio_hamadryas,SAMN03073710,2,648,D623S,
XM_017956103.1,TTLL10,Papio_hamadryas,SAMN20949827,1,648,P399A,
XM_017956103.1,TTLL10,Papio_hamadryas,SAMN20949827,1,648,P430L,
XM_017956103.1,TTLL10,Papio_hamadryas,SAMN20949827,1,648,K431N,
XM_017956103.1,TTLL10,Papio_hamadryas,SAMN20949827,1,648,D623S,
XM_017956103.1,TTLL10,Papio_hamadryas,SAMN20949827,2,648,P399A,
XM_017956103.1,TTLL10,Papio_hamadryas,SAMN20949827,2,648,P430L,
XM_017956103.1,TTLL10,Papio_hamadryas,SAMN20949827,2,648,K431N,
XM_017956103.1,TTLL10,Papio_hamadryas,SAMN20949827,2,648,D623S,
XM_017956103.1,TTLL10,Papio_hamadryas,SAMN20949829,1,648,D344N,
XM_017956103.1,TTLL10,Papio_hamadryas,SAMN20949829,1,648,P399A,
XM_017956103.1,TTLL10,Papio_hamadryas,SAMN20949829,1,648,K431N,
XM_017956103.1,TTLL10,Papio_hamadryas,SAMN20949829,1,648,R582P,
XM_017956103.1,TTLL10,Papio_hamadryas,SAMN20949829,1,648,D623S,
XM_017956103.1,TTLL10,Papio_hamadryas,SAMN20949829,2,648,D344N,
XM_017956103.1,TTLL10,Papio_hamadryas,SAMN20949829,2,648,P399A,
XM_017956103.1,TTLL10,Papio_hamadryas,SAMN20949829,2,648,K431N,
XM_017956103.1,TTLL10,Papio_hamadryas,SAMN20949829,2,648,R582P,
XM_017956103.1,TTLL10,Papio_hamadryas,SAMN20949829,2,648,D623S,
XM_017956103.1,TTLL10,Papio_hamadryas,SAMN20949830,1,648,H244Q,
XM_017956103.1,TTLL10,Papio_hamadryas,SAMN20949830,1,648,D344N,
XM_017956103.1,TTLL10,Papio_hamadryas,SAMN20949830,1,648,P399A,
XM_017956103.1,TTLL10,Papio_hamadryas,SAMN20949830,2,648,H244Q,
XM_017956103.1,TTLL10,Papio_hamadryas,SAMN20949830,2,648,D344N,
XM_017956103.1,TTLL10,Papio_hamadryas,SAMN20949830,2,648,P399A,
XM_017956103.1,TTLL10,Papio_hamadryas,SAMN20949834,1,648,H244Q,
XM_017956103.1,TTLL10,Papio_hamadryas,SAMN20949834,1,648,D384E,
XM_017956103.1,TTLL10,Papio_hamadryas,SAMN20949834,1,648,P399A,
XM_017956103.1,TTLL10,Papio_hamadryas,SAMN20949834,1,648,P430L,
XM_017956103.1,TTLL10,Papio_hamadryas,SAMN20949834,1,648,K431N,
XM_017956103.1,TTLL10,Papio_hamadryas,SAMN20949834,1,648,R582P,
XM_017956103.1,TTLL10,Papio_hamadryas,SAMN20949834,1,648,D623S,
XM_017956103.1,TTLL10,Papio_hamadryas,SAMN20949834,2,648,H244Q,
XM_017956103.1,TTLL10,Papio_hamadryas,SAMN20949834,2,648,D384E,
XM_017956103.1,TTLL10,Papio_hamadryas,SAMN20949834,2,648,P399A,
XM_017956103.1,TTLL10,Papio_hamadryas,SAMN20949834,2,648,K431N,
XM_017956103.1,TTLL10,Papio_hamadryas,SAMN20949834,2,648,R582P,
XM_017956103.1,TTLL10,Papio_hamadryas,SAMN20949834,2,648,D623S,
XM_017956103.1,TTLL10,Papio_hamadryas,SAMN20949837,1,648,D344N,
XM_017956103.1,TTLL10,Papio_hamadryas,SAMN20949837,2,648,D344H,
XM_017956103.1,TTLL10,Papio_hamadryas,SAMN20949842,1,648,D344N,
XM_017956103.1,TTLL10,Papio_hamadryas,SAMN20949842,1,648,P399A,
XM_017956103.1,TTLL10,Papio_hamadryas,SAMN20949842,1,648,K431N,
XM_017956103.1,TTLL10,Papio_hamadryas,SAMN20949842,1,648,R582P,
XM_017956103.1,TTLL10,Papio_hamadryas,SAMN20949842,1,648,D623S,
XM_017956103.1,TTLL10,Papio_hamadryas,SAMN20949842,2,648,D344N,
XM_017956103.1,TTLL10,Papio_hamadryas,SAMN20949842,2,648,P399A,
XM_017956103.1,TTLL10,Papio_hamadryas,SAMN20949842,2,648,K431N,
XM_017956103.1,TTLL10,Papio_hamadryas,SAMN20949842,2,648,R582P,
XM_017956103.1,TTLL10,Papio_hamadryas,SAMN20949842,2,648,D623S,
XM_017956103.1,TTLL10,Papio_hamadryas,SAMN24909952,1,648,H244Q,
XM_017956103.1,TTLL10,Papio_hamadryas,SAMN24909952,1,648,D344N,
XM_017956103.1,TTLL10,Papio_hamadryas,SAMN24909952,1,648,D384E,
XM_017956103.1,TTLL10,Papio_hamadryas,SAMN24909952,1,648,P399A,
XM_017956103.1,TTLL10,Papio_hamadryas,SAMN24909952,1,648,P430L,
XM_017956103.1,TTLL10,Papio_hamadryas,SAMN24909952,1,648,K431N,
XM_017956103.1,TTLL10,Papio_hamadryas,SAMN24909952,1,648,R582P,
XM_017956103.1,TTLL10,Papio_hamadryas,SAMN24909952,1,648,D623S,
XM_017956103.1,TTLL10,Papio_hamadryas,SAMN24909952,2,648,H244Q,
XM_017956103.1,TTLL10,Papio_hamadryas,SAMN24909952,2,648,D344N,
XM_017956103.1,TTLL10,Papio_hamadryas,SAMN24909952,2,648,M363I,
XM_017956103.1,TTLL10,Papio_hamadryas,SAMN24909952,2,648,D384E,
XM_017956103.1,TTLL10,Papio_hamadryas,SAMN24909952,2,648,P399A,
XM_017956103.1,TTLL10,Papio_hamadryas,SAMN24909952,2,648,K431N,
XM_017956103.1,TTLL10,Papio_hamadryas,SAMN24909952,2,648,P570S,
XM_017956103.1,TTLL10,Papio_hamadryas,SAMN24909952,2,648,R582L,
XM_017956103.1,TTLL10,Papio_hamadryas,SAMN24909952,2,648,D623S,
XM_017956103.1,TTLL10,Papio_anubis,SAMEA112482952,1,648,Q57P,162.0
XM_017956103.1,TTLL10,Papio_anubis,SAMEA112482952,1,648,Y162*,162.0
XM_017956103.1,TTLL10,Papio_anubis,SAMEA112482952,1,648,S202T,162.0
XM_017956103.1,TTLL10,Papio_anubis,SAMEA112482952,1,648,D277Y,162.0
XM_017956103.1,TTLL10,Papio_anubis,SAMEA112482952,1,648,D344H,162.0
XM_017956103.1,TTLL10,Papio_anubis,SAMEA112482952,1,648,Y362D,162.0
XM_017956103.1,TTLL10,Papio_anubis,SAMEA112482952,1,648,P399A,162.0
XM_017956103.1,TTLL10,Papio_anubis,SAMEA112482952,1,648,P430L,162.0
XM_017956103.1,TTLL10,Papio_anubis,SAMEA112482952,1,648,T439R,162.0
XM_017956103.1,TTLL10,Papio_anubis,SAMEA112482952,1,648,D623S,162.0
XM_017956103.1,TTLL10,Papio_anubis,SAMEA112482952,1,648,K636R,162.0
XM_017956103.1,TTLL10,Papio_anubis,SAMEA112482952,2,648,Q57P,162.0
XM_017956103.1,TTLL10,Papio_anubis,SAMEA112482952,2,648,E111K,162.0
XM_017956103.1,TTLL10,Papio_anubis,SAMEA112482952,2,648,Y162*,162.0
XM_017956103.1,TTLL10,Papio_anubis,SAMEA112482952,2,648,S202T,162.0
XM_017956103.1,TTLL10,Papio_anubis,SAMEA112482952,2,648,D277Y,162.0
XM_017956103.1,TTLL10,Papio_anubis,SAMEA112482952,2,648,D344H,162.0
XM_017956103.1,TTLL10,Papio_anubis,SAMEA112482952,2,648,Y362D,162.0
XM_017956103.1,TTLL10,Papio_anubis,SAMEA112482952,2,648,P399T,162.0
XM_017956103.1,TTLL10,Papio_anubis,SAMEA112482952,2,648,P430L,162.0
XM_017956103.1,TTLL10,Papio_anubis,SAMEA112482952,2,648,T439R,162.0
XM_017956103.1,TTLL10,Papio_anubis,SAMEA112482952,2,648,D623S,162.0
XM_017956103.1,TTLL10,Papio_anubis,SAMEA112482952,2,648,K636R,162.0
XM_017956103.1,TTLL10,Papio_anubis,SAMEA112482953,1,648,Q57P,162.0
XM_017956103.1,TTLL10,Papio_anubis,SAMEA112482953,1,648,Y162*,162.0
XM_017956103.1,TTLL10,Papio_anubis,SAMEA112482953,1,648,S202T,162.0
XM_017956103.1,TTLL10,Papio_anubis,SAMEA112482953,1,648,D277Y,162.0
XM_017956103.1,TTLL10,Papio_anubis,SAMEA112482953,1,648,D344H,162.0
XM_017956103.1,TTLL10,Papio_anubis,SAMEA112482953,1,648,Y362D,162.0
XM_017956103.1,TTLL10,Papio_anubis,SAMEA112482953,1,648,P399A,162.0
XM_017956103.1,TTLL10,Papio_anubis,SAMEA112482953,1,648,P430L,162.0
XM_017956103.1,TTLL10,Papio_anubis,SAMEA112482953,1,648,T439R,162.0
XM_017956103.1,TTLL10,Papio_anubis,SAMEA112482953,1,648,D623S,162.0
XM_017956103.1,TTLL10,Papio_anubis,SAMEA112482953,1,648,K636R,162.0
XM_017956103.1,TTLL10,Papio_anubis,SAMEA112482953,2,648,Q57P,162.0
XM_017956103.1,TTLL10,Papio_anubis,SAMEA112482953,2,648,Y162*,162.0
XM_017956103.1,TTLL10,Papio_anubis,SAMEA112482953,2,648,S202T,162.0
XM_017956103.1,TTLL10,Papio_anubis,SAMEA112482953,2,648,D277Y,162.0
XM_017956103.1,TTLL10,Papio_anubis,SAMEA112482953,2,648,D344H,162.0
XM_017956103.1,TTLL10,Papio_anubis,SAMEA112482953,2,648,Y362D,162.0
XM_017956103.1,TTLL10,Papio_anubis,SAMEA112482953,2,648,P399A,162.0
XM_017956103.1,TTLL10,Papio_anubis,SAMEA112482953,2,648,P430L,162.0
XM_017956103.1,TTLL10,Papio_anubis,SAMEA112482953,2,648,T439R,162.0
XM_017956103.1,TTLL10,Papio_anubis,SAMEA112482953,2,648,D623S,162.0
XM_017956103.1,TTLL10,Papio_anubis,SAMEA112482953,2,648,K636R,162.0
XM_017956103.1,TTLL10,Papio_anubis,SAMEA112482954,1,648,Q57P,162.0
XM_017956103.1,TTLL10,Papio_anubis,SAMEA112482954,1,648,Y162*,162.0
XM_017956103.1,TTLL10,Papio_anubis,SAMEA112482954,1,648,S202T,162.0
XM_017956103.1,TTLL10,Papio_anubis,SAMEA112482954,1,648,D277Y,162.0
XM_017956103.1,TTLL10,Papio_anubis,SAMEA112482954,1,648,D344N,162.0
XM_017956103.1,TTLL10,Papio_anubis,SAMEA112482954,1,648,Y362D,162.0
XM_017956103.1,TTLL10,Papio_anubis,SAMEA112482954,1,648,P399A,162.0
XM_017956103.1,TTLL10,Papio_anubis,SAMEA112482954,1,648,P430L,162.0
XM_017956103.1,TTLL10,Papio_anubis,SAMEA112482954,1,648,T439R,162.0
XM_017956103.1,TTLL10,Papio_anubis,SAMEA112482954,1,648,D623S,162.0
XM_017956103.1,TTLL10,Papio_anubis,SAMEA112482954,1,648,K636R,162.0
XM_017956103.1,TTLL10,Papio_anubis,SAMEA112482954,2,648,Q57P,162.0
XM_017956103.1,TTLL10,Papio_anubis,SAMEA112482954,2,648,Y162*,162.0
XM_017956103.1,TTLL10,Papio_anubis,SAMEA112482954,2,648,S202T,162.0
XM_017956103.1,TTLL10,Papio_anubis,SAMEA112482954,2,648,D277Y,162.0
XM_017956103.1,TTLL10,Papio_anubis,SAMEA112482954,2,648,D344N,162.0
XM_017956103.1,TTLL10,Papio_anubis,SAMEA112482954,2,648,Y362D,162.0
XM_017956103.1,TTLL10,Papio_anubis,SAMEA112482954,2,648,P399A,162.0
XM_017956103.1,TTLL10,Papio_anubis,SAMEA112482954,2,648,P430L,162.0
XM_017956103.1,TTLL10,Papio_anubis,SAMEA112482954,2,648,T439R,162.0
XM_017956103.1,TTLL10,Papio_anubis,SAMEA112482954,2,648,D623S,162.0
XM_017956103.1,TTLL10,Papio_anubis,SAMEA112482954,2,648,K636R,162.0
XM_017956103.1,TTLL10,Papio_anubis,SAMEA112482955,1,648,Q57P,162.0
XM_017956103.1,TTLL10,Papio_anubis,SAMEA112482955,1,648,Y162*,162.0
XM_017956103.1,TTLL10,Papio_anubis,SAMEA112482955,1,648,S202T,162.0
XM_017956103.1,TTLL10,Papio_anubis,SAMEA112482955,1,648,D277Y,162.0
XM_017956103.1,TTLL10,Papio_anubis,SAMEA112482955,1,648,D344N,162.0
XM_017956103.1,TTLL10,Papio_anubis,SAMEA112482955,1,648,Y362D,162.0
XM_017956103.1,TTLL10,Papio_anubis,SAMEA112482955,1,648,P399A,162.0
XM_017956103.1,TTLL10,Papio_anubis,SAMEA112482955,1,648,P430L,162.0
XM_017956103.1,TTLL10,Papio_anubis,SAMEA112482955,1,648,T439R,162.0
XM_017956103.1,TTLL10,Papio_anubis,SAMEA112482955,1,648,D623S,162.0
XM_017956103.1,TTLL10,Papio_anubis,SAMEA112482955,1,648,K636R,162.0
XM_017956103.1,TTLL10,Papio_anubis,SAMEA112482955,2,648,Q57P,162.0
XM_017956103.1,TTLL10,Papio_anubis,SAMEA112482955,2,648,Y162*,162.0
XM_017956103.1,TTLL10,Papio_anubis,SAMEA112482955,2,648,S202T,162.0
XM_017956103.1,TTLL10,Papio_anubis,SAMEA112482955,2,648,D277Y,162.0
XM_017956103.1,TTLL10,Papio_anubis,SAMEA112482955,2,648,D344N,162.0
XM_017956103.1,TTLL10,Papio_anubis,SAMEA112482955,2,648,Y362D,162.0
XM_017956103.1,TTLL10,Papio_anubis,SAMEA112482955,2,648,P399A,162.0
XM_017956103.1,TTLL10,Papio_anubis,SAMEA112482955,2,648,P430L,162.0
XM_017956103.1,TTLL10,Papio_anubis,SAMEA112482955,2,648,T439R,162.0
XM_017956103.1,TTLL10,Papio_anubis,SAMEA112482955,2,648,D623S,162.0
XM_017956103.1,TTLL10,Papio_anubis,SAMEA112482955,2,648,K636R,162.0
XM_017956103.1,TTLL10,Papio_anubis,SAMEA112482956,1,648,Q57P,162.0
XM_017956103.1,TTLL10,Papio_anubis,SAMEA112482956,1,648,Y162*,162.0
XM_017956103.1,TTLL10,Papio_anubis,SAMEA112482956,1,648,S202T,162.0
XM_017956103.1,TTLL10,Papio_anubis,SAMEA112482956,1,648,D277Y,162.0
XM_017956103.1,TTLL10,Papio_anubis,SAMEA112482956,1,648,D344N,162.0
XM_017956103.1,TTLL10,Papio_anubis,SAMEA112482956,1,648,Y362D,162.0
XM_017956103.1,TTLL10,Papio_anubis,SAMEA112482956,1,648,P399A,162.0
XM_017956103.1,TTLL10,Papio_anubis,SAMEA112482956,1,648,P430L,162.0
XM_017956103.1,TTLL10,Papio_anubis,SAMEA112482956,1,648,T439R,162.0
XM_017956103.1,TTLL10,Papio_anubis,SAMEA112482956,1,648,D623S,162.0
XM_017956103.1,TTLL10,Papio_anubis,SAMEA112482956,1,648,K636R,162.0
XM_017956103.1,TTLL10,Papio_anubis,SAMEA112482956,2,648,Q57P,162.0
XM_017956103.1,TTLL10,Papio_anubis,SAMEA112482956,2,648,Y162*,162.0
XM_017956103.1,TTLL10,Papio_anubis,SAMEA112482956,2,648,S202T,162.0
XM_017956103.1,TTLL10,Papio_anubis,SAMEA112482956,2,648,D277Y,162.0
XM_017956103.1,TTLL10,Papio_anubis,SAMEA112482956,2,648,D344H,162.0
XM_017956103.1,TTLL10,Papio_anubis,SAMEA112482956,2,648,Y362D,162.0
XM_017956103.1,TTLL10,Papio_anubis,SAMEA112482956,2,648,P399A,162.0
XM_017956103.1,TTLL10,Papio_anubis,SAMEA112482956,2,648,P430L,162.0
XM_017956103.1,TTLL10,Papio_anubis,SAMEA112482956,2,648,T439R,162.0
XM_017956103.1,TTLL10,Papio_anubis,SAMEA112482956,2,648,D623S,162.0
XM_017956103.1,TTLL10,Papio_anubis,SAMEA112482956,2,648,K636R,162.0
XM_017956103.1,TTLL10,Papio_anubis,SAMEA112482957,1,648,Q57P,162.0
XM_017956103.1,TTLL10,Papio_anubis,SAMEA112482957,1,648,Y162*,162.0
XM_017956103.1,TTLL10,Papio_anubis,SAMEA112482957,1,648,S202T,162.0
XM_017956103.1,TTLL10,Papio_anubis,SAMEA112482957,1,648,D277Y,162.0
XM_017956103.1,TTLL10,Papio_anubis,SAMEA112482957,1,648,D344H,162.0
XM_017956103.1,TTLL10,Papio_anubis,SAMEA112482957,1,648,Y362D,162.0
XM_017956103.1,TTLL10,Papio_anubis,SAMEA112482957,1,648,P399A,162.0
XM_017956103.1,TTLL10,Papio_anubis,SAMEA112482957,1,648,P430L,162.0
XM_017956103.1,TTLL10,Papio_anubis,SAMEA112482957,1,648,T439R,162.0
XM_017956103.1,TTLL10,Papio_anubis,SAMEA112482957,1,648,D623S,162.0
XM_017956103.1,TTLL10,Papio_anubis,SAMEA112482957,1,648,K636R,162.0
XM_017956103.1,TTLL10,Papio_anubis,SAMEA112482957,2,648,Q57P,162.0
XM_017956103.1,TTLL10,Papio_anubis,SAMEA112482957,2,648,Y162*,162.0
XM_017956103.1,TTLL10,Papio_anubis,SAMEA112482957,2,648,S202T,162.0
XM_017956103.1,TTLL10,Papio_anubis,SAMEA112482957,2,648,D277Y,162.0
XM_017956103.1,TTLL10,Papio_anubis,SAMEA112482957,2,648,D344H,162.0
XM_017956103.1,TTLL10,Papio_anubis,SAMEA112482957,2,648,Y362D,162.0
XM_017956103.1,TTLL10,Papio_anubis,SAMEA112482957,2,648,P399A,162.0
XM_017956103.1,TTLL10,Papio_anubis,SAMEA112482957,2,648,P430L,162.0
XM_017956103.1,TTLL10,Papio_anubis,SAMEA112482957,2,648,T439R,162.0
XM_017956103.1,TTLL10,Papio_anubis,SAMEA112482957,2,648,D623S,162.0
XM_017956103.1,TTLL10,Papio_anubis,SAMEA112482957,2,648,K636R,162.0
XM_017956103.1,TTLL10,Papio_anubis,SAMEA112482958,1,648,Q57P,162.0
XM_017956103.1,TTLL10,Papio_anubis,SAMEA112482958,1,648,Y162*,162.0
XM_017956103.1,TTLL10,Papio_anubis,SAMEA112482958,1,648,S202T,162.0
XM_017956103.1,TTLL10,Papio_anubis,SAMEA112482958,1,648,D277Y,162.0
XM_017956103.1,TTLL10,Papio_anubis,SAMEA112482958,1,648,D344N,162.0
XM_017956103.1,TTLL10,Papio_anubis,SAMEA112482958,1,648,Y362D,162.0
XM_017956103.1,TTLL10,Papio_anubis,SAMEA112482958,1,648,P399A,162.0
XM_017956103.1,TTLL10,Papio_anubis,SAMEA112482958,1,648,P430L,162.0
XM_017956103.1,TTLL10,Papio_anubis,SAMEA112482958,1,648,T439R,162.0
XM_017956103.1,TTLL10,Papio_anubis,SAMEA112482958,1,648,D623S,162.0
XM_017956103.1,TTLL10,Papio_anubis,SAMEA112482958,1,648,K636R,162.0
XM_017956103.1,TTLL10,Papio_anubis,SAMEA112482958,2,648,Q57P,162.0
XM_017956103.1,TTLL10,Papio_anubis,SAMEA112482958,2,648,Y162*,162.0
XM_017956103.1,TTLL10,Papio_anubis,SAMEA112482958,2,648,S202T,162.0
XM_017956103.1,TTLL10,Papio_anubis,SAMEA112482958,2,648,D277Y,162.0
XM_017956103.1,TTLL10,Papio_anubis,SAMEA112482958,2,648,D344N,162.0
XM_017956103.1,TTLL10,Papio_anubis,SAMEA112482958,2,648,Y362D,162.0
XM_017956103.1,TTLL10,Papio_anubis,SAMEA112482958,2,648,P399A,162.0
XM_017956103.1,TTLL10,Papio_anubis,SAMEA112482958,2,648,P430L,162.0
XM_017956103.1,TTLL10,Papio_anubis,SAMEA112482958,2,648,T439R,162.0
XM_017956103.1,TTLL10,Papio_anubis,SAMEA112482958,2,648,D623S,162.0
XM_017956103.1,TTLL10,Papio_anubis,SAMEA112482958,2,648,K636R,162.0
XM_017956103.1,TTLL10,Papio_anubis,SAMEA112482959,1,648,Q57P,162.0
XM_017956103.1,TTLL10,Papio_anubis,SAMEA112482959,1,648,Y162*,162.0
XM_017956103.1,TTLL10,Papio_anubis,SAMEA112482959,1,648,S202T,162.0
XM_017956103.1,TTLL10,Papio_anubis,SAMEA112482959,1,648,D277Y,162.0
XM_017956103.1,TTLL10,Papio_anubis,SAMEA112482959,1,648,D344N,162.0
XM_017956103.1,TTLL10,Papio_anubis,SAMEA112482959,1,648,Y362D,162.0
XM_017956103.1,TTLL10,Papio_anubis,SAMEA112482959,1,648,P399A,162.0
XM_017956103.1,TTLL10,Papio_anubis,SAMEA112482959,1,648,P430L,162.0
XM_017956103.1,TTLL10,Papio_anubis,SAMEA112482959,1,648,T439R,162.0
XM_017956103.1,TTLL10,Papio_anubis,SAMEA112482959,1,648,D623S,162.0
XM_017956103.1,TTLL10,Papio_anubis,SAMEA112482959,1,648,K636R,162.0
XM_017956103.1,TTLL10,Papio_anubis,SAMEA112482959,2,648,Q57P,162.0
XM_017956103.1,TTLL10,Papio_anubis,SAMEA112482959,2,648,E111K,162.0
XM_017956103.1,TTLL10,Papio_anubis,SAMEA112482959,2,648,Y162*,162.0
XM_017956103.1,TTLL10,Papio_anubis,SAMEA112482959,2,648,S202T,162.0
XM_017956103.1,TTLL10,Papio_anubis,SAMEA112482959,2,648,D277Y,162.0
XM_017956103.1,TTLL10,Papio_anubis,SAMEA112482959,2,648,D344H,162.0
XM_017956103.1,TTLL10,Papio_anubis,SAMEA112482959,2,648,Y362D,162.0
XM_017956103.1,TTLL10,Papio_anubis,SAMEA112482959,2,648,P399A,162.0
XM_017956103.1,TTLL10,Papio_anubis,SAMEA112482959,2,648,P430L,162.0
XM_017956103.1,TTLL10,Papio_anubis,SAMEA112482959,2,648,T439R,162.0
XM_017956103.1,TTLL10,Papio_anubis,SAMEA112482959,2,648,D623S,162.0
XM_017956103.1,TTLL10,Papio_anubis,SAMEA112482959,2,648,K636R,162.0
XM_017956103.1,TTLL10,Papio_anubis,SAMEA112482960,1,648,Q57P,162.0
XM_017956103.1,TTLL10,Papio_anubis,SAMEA112482960,1,648,Y162*,162.0
XM_017956103.1,TTLL10,Papio_anubis,SAMEA112482960,1,648,S202T,162.0
XM_017956103.1,TTLL10,Papio_anubis,SAMEA112482960,1,648,D277Y,162.0
XM_017956103.1,TTLL10,Papio_anubis,SAMEA112482960,1,648,D344N,162.0
XM_017956103.1,TTLL10,Papio_anubis,SAMEA112482960,1,648,Y362D,162.0
XM_017956103.1,TTLL10,Papio_anubis,SAMEA112482960,1,648,P399A,162.0
XM_017956103.1,TTLL10,Papio_anubis,SAMEA112482960,1,648,P430L,162.0
XM_017956103.1,TTLL10,Papio_anubis,SAMEA112482960,1,648,T439R,162.0
XM_017956103.1,TTLL10,Papio_anubis,SAMEA112482960,1,648,D623S,162.0
XM_017956103.1,TTLL10,Papio_anubis,SAMEA112482960,1,648,K636R,162.0
XM_017956103.1,TTLL10,Papio_anubis,SAMEA112482960,2,648,Q57P,162.0
XM_017956103.1,TTLL10,Papio_anubis,SAMEA112482960,2,648,Y162*,162.0
XM_017956103.1,TTLL10,Papio_anubis,SAMEA112482960,2,648,S202T,162.0
XM_017956103.1,TTLL10,Papio_anubis,SAMEA112482960,2,648,D277Y,162.0
XM_017956103.1,TTLL10,Papio_anubis,SAMEA112482960,2,648,D344N,162.0
XM_017956103.1,TTLL10,Papio_anubis,SAMEA112482960,2,648,Y362D,162.0
XM_017956103.1,TTLL10,Papio_anubis,SAMEA112482960,2,648,P399A,162.0
XM_017956103.1,TTLL10,Papio_anubis,SAMEA112482960,2,648,P430L,162.0
XM_017956103.1,TTLL10,Papio_anubis,SAMEA112482960,2,648,T439R,162.0
XM_017956103.1,TTLL10,Papio_anubis,SAMEA112482960,2,648,D623S,162.0
XM_017956103.1,TTLL10,Papio_anubis,SAMEA112482960,2,648,K636R,162.0
XM_017956103.1,TTLL10,Papio_anubis,SAMEA112482961,1,648,Q57P,162.0
XM_017956103.1,TTLL10,Papio_anubis,SAMEA112482961,1,648,Y162*,162.0
XM_017956103.1,TTLL10,Papio_anubis,SAMEA112482961,1,648,S202T,162.0
XM_017956103.1,TTLL10,Papio_anubis,SAMEA112482961,1,648,D277Y,162.0
XM_017956103.1,TTLL10,Papio_anubis,SAMEA112482961,1,648,D344H,162.0
XM_017956103.1,TTLL10,Papio_anubis,SAMEA112482961,1,648,Y362D,162.0
XM_017956103.1,TTLL10,Papio_anubis,SAMEA112482961,1,648,P399A,162.0
XM_017956103.1,TTLL10,Papio_anubis,SAMEA112482961,1,648,P430L,162.0
XM_017956103.1,TTLL10,Papio_anubis,SAMEA112482961,1,648,T439R,162.0
XM_017956103.1,TTLL10,Papio_anubis,SAMEA112482961,1,648,D623S,162.0
XM_017956103.1,TTLL10,Papio_anubis,SAMEA112482961,1,648,K636R,162.0
XM_017956103.1,TTLL10,Papio_anubis,SAMEA112482961,2,648,Q57P,162.0
XM_017956103.1,TTLL10,Papio_anubis,SAMEA112482961,2,648,E111K,162.0
XM_017956103.1,TTLL10,Papio_anubis,SAMEA112482961,2,648,Y162*,162.0
XM_017956103.1,TTLL10,Papio_anubis,SAMEA112482961,2,648,S202T,162.0
XM_017956103.1,TTLL10,Papio_anubis,SAMEA112482961,2,648,D277Y,162.0
XM_017956103.1,TTLL10,Papio_anubis,SAMEA112482961,2,648,D344H,162.0
XM_017956103.1,TTLL10,Papio_anubis,SAMEA112482961,2,648,Y362D,162.0
XM_017956103.1,TTLL10,Papio_anubis,SAMEA112482961,2,648,P399T,162.0
XM_017956103.1,TTLL10,Papio_anubis,SAMEA112482961,2,648,P430L,162.0
XM_017956103.1,TTLL10,Papio_anubis,SAMEA112482961,2,648,T439R,162.0
XM_017956103.1,TTLL10,Papio_anubis,SAMEA112482961,2,648,D623S,162.0
XM_017956103.1,TTLL10,Papio_anubis,SAMEA112482961,2,648,K636R,162.0
XM_017956103.1,TTLL10,Papio_anubis,SAMEA112482962,1,648,Q57P,162.0
XM_017956103.1,TTLL10,Papio_anubis,SAMEA112482962,1,648,E111K,162.0
XM_017956103.1,TTLL10,Papio_anubis,SAMEA112482962,1,648,Y162*,162.0
XM_017956103.1,TTLL10,Papio_anubis,SAMEA112482962,1,648,S202T,162.0
XM_017956103.1,TTLL10,Papio_anubis,SAMEA112482962,1,648,D277Y,162.0
XM_017956103.1,TTLL10,Papio_anubis,SAMEA112482962,1,648,D344H,162.0
XM_017956103.1,TTLL10,Papio_anubis,SAMEA112482962,1,648,Y362D,162.0
XM_017956103.1,TTLL10,Papio_anubis,SAMEA112482962,1,648,P399A,162.0
XM_017956103.1,TTLL10,Papio_anubis,SAMEA112482962,1,648,P430L,162.0
XM_017956103.1,TTLL10,Papio_anubis,SAMEA112482962,1,648,T439R,162.0
XM_017956103.1,TTLL10,Papio_anubis,SAMEA112482962,1,648,D623S,162.0
XM_017956103.1,TTLL10,Papio_anubis,SAMEA112482962,1,648,K636R,162.0
XM_017956103.1,TTLL10,Papio_anubis,SAMEA112482962,2,648,Q57P,162.0
XM_017956103.1,TTLL10,Papio_anubis,SAMEA112482962,2,648,E111K,162.0
XM_017956103.1,TTLL10,Papio_anubis,SAMEA112482962,2,648,Y162*,162.0
XM_017956103.1,TTLL10,Papio_anubis,SAMEA112482962,2,648,S202T,162.0
XM_017956103.1,TTLL10,Papio_anubis,SAMEA112482962,2,648,D277Y,162.0
XM_017956103.1,TTLL10,Papio_anubis,SAMEA112482962,2,648,D344H,162.0
XM_017956103.1,TTLL10,Papio_anubis,SAMEA112482962,2,648,Y362D,162.0
XM_017956103.1,TTLL10,Papio_anubis,SAMEA112482962,2,648,P399A,162.0
XM_017956103.1,TTLL10,Papio_anubis,SAMEA112482962,2,648,P430L,162.0
XM_017956103.1,TTLL10,Papio_anubis,SAMEA112482962,2,648,T439R,162.0
XM_017956103.1,TTLL10,Papio_anubis,SAMEA112482962,2,648,D623S,162.0
XM_017956103.1,TTLL10,Papio_anubis,SAMEA112482962,2,648,K636R,162.0
XM_017956103.1,TTLL10,Papio_anubis,SAMEA112482963,1,648,Q57P,162.0
XM_017956103.1,TTLL10,Papio_anubis,SAMEA112482963,1,648,Y162*,162.0
XM_017956103.1,TTLL10,Papio_anubis,SAMEA112482963,1,648,S202T,162.0
XM_017956103.1,TTLL10,Papio_anubis,SAMEA112482963,1,648,D277Y,162.0
XM_017956103.1,TTLL10,Papio_anubis,SAMEA112482963,1,648,D344N,162.0
XM_017956103.1,TTLL10,Papio_anubis,SAMEA112482963,1,648,Y362D,162.0
XM_017956103.1,TTLL10,Papio_anubis,SAMEA112482963,1,648,P399A,162.0
XM_017956103.1,TTLL10,Papio_anubis,SAMEA112482963,1,648,P430L,162.0
XM_017956103.1,TTLL10,Papio_anubis,SAMEA112482963,1,648,T439R,162.0
XM_017956103.1,TTLL10,Papio_anubis,SAMEA112482963,1,648,D623S,162.0
XM_017956103.1,TTLL10,Papio_anubis,SAMEA112482963,1,648,K636R,162.0
XM_017956103.1,TTLL10,Papio_anubis,SAMEA112482963,2,648,Q57P,162.0
XM_017956103.1,TTLL10,Papio_anubis,SAMEA112482963,2,648,Y162*,162.0
XM_017956103.1,TTLL10,Papio_anubis,SAMEA112482963,2,648,S202T,162.0
XM_017956103.1,TTLL10,Papio_anubis,SAMEA112482963,2,648,D277Y,162.0
XM_017956103.1,TTLL10,Papio_anubis,SAMEA112482963,2,648,D344N,162.0
XM_017956103.1,TTLL10,Papio_anubis,SAMEA112482963,2,648,Y362D,162.0
XM_017956103.1,TTLL10,Papio_anubis,SAMEA112482963,2,648,P399A,162.0
XM_017956103.1,TTLL10,Papio_anubis,SAMEA112482963,2,648,P430L,162.0
XM_017956103.1,TTLL10,Papio_anubis,SAMEA112482963,2,648,T439R,162.0
XM_017956103.1,TTLL10,Papio_anubis,SAMEA112482963,2,648,D623S,162.0
XM_017956103.1,TTLL10,Papio_anubis,SAMEA112482963,2,648,K636R,162.0
XM_017956103.1,TTLL10,Papio_anubis,SAMEA112482964,1,648,Q57P,162.0
XM_017956103.1,TTLL10,Papio_anubis,SAMEA112482964,1,648,Y162*,162.0
XM_017956103.1,TTLL10,Papio_anubis,SAMEA112482964,1,648,S202T,162.0
XM_017956103.1,TTLL10,Papio_anubis,SAMEA112482964,1,648,D277Y,162.0
XM_017956103.1,TTLL10,Papio_anubis,SAMEA112482964,1,648,D344N,162.0
XM_017956103.1,TTLL10,Papio_anubis,SAMEA112482964,1,648,Y362D,162.0
XM_017956103.1,TTLL10,Papio_anubis,SAMEA112482964,1,648,P399A,162.0
XM_017956103.1,TTLL10,Papio_anubis,SAMEA112482964,1,648,P430L,162.0
XM_017956103.1,TTLL10,Papio_anubis,SAMEA112482964,1,648,T439R,162.0
XM_017956103.1,TTLL10,Papio_anubis,SAMEA112482964,1,648,D623S,162.0
XM_017956103.1,TTLL10,Papio_anubis,SAMEA112482964,1,648,K636R,162.0
XM_017956103.1,TTLL10,Papio_anubis,SAMEA112482964,2,648,Q57P,162.0
XM_017956103.1,TTLL10,Papio_anubis,SAMEA112482964,2,648,Y162*,162.0
XM_017956103.1,TTLL10,Papio_anubis,SAMEA112482964,2,648,S202T,162.0
XM_017956103.1,TTLL10,Papio_anubis,SAMEA112482964,2,648,D277Y,162.0
XM_017956103.1,TTLL10,Papio_anubis,SAMEA112482964,2,648,D344H,162.0
XM_017956103.1,TTLL10,Papio_anubis,SAMEA112482964,2,648,Y362D,162.0
XM_017956103.1,TTLL10,Papio_anubis,SAMEA112482964,2,648,P399A,162.0
XM_017956103.1,TTLL10,Papio_anubis,SAMEA112482964,2,648,P430L,162.0
XM_017956103.1,TTLL10,Papio_anubis,SAMEA112482964,2,648,T439R,162.0
XM_017956103.1,TTLL10,Papio_anubis,SAMEA112482964,2,648,D623S,162.0
XM_017956103.1,TTLL10,Papio_anubis,SAMEA112482964,2,648,K636R,162.0
XM_017956103.1,TTLL10,Papio_anubis,SAMEA112482965,1,648,Q57P,162.0
XM_017956103.1,TTLL10,Papio_anubis,SAMEA112482965,1,648,Y162*,162.0
XM_017956103.1,TTLL10,Papio_anubis,SAMEA112482965,1,648,S202T,162.0
XM_017956103.1,TTLL10,Papio_anubis,SAMEA112482965,1,648,D277Y,162.0
XM_017956103.1,TTLL10,Papio_anubis,SAMEA112482965,1,648,D344H,162.0
XM_017956103.1,TTLL10,Papio_anubis,SAMEA112482965,1,648,Y362D,162.0
XM_017956103.1,TTLL10,Papio_anubis,SAMEA112482965,1,648,P399A,162.0
XM_017956103.1,TTLL10,Papio_anubis,SAMEA112482965,1,648,P430L,162.0
XM_017956103.1,TTLL10,Papio_anubis,SAMEA112482965,1,648,T439R,162.0
XM_017956103.1,TTLL10,Papio_anubis,SAMEA112482965,1,648,D623S,162.0
XM_017956103.1,TTLL10,Papio_anubis,SAMEA112482965,1,648,K636R,162.0
XM_017956103.1,TTLL10,Papio_anubis,SAMEA112482965,2,648,Q57P,162.0
XM_017956103.1,TTLL10,Papio_anubis,SAMEA112482965,2,648,Y162*,162.0
XM_017956103.1,TTLL10,Papio_anubis,SAMEA112482965,2,648,S202T,162.0
XM_017956103.1,TTLL10,Papio_anubis,SAMEA112482965,2,648,D277Y,162.0
XM_017956103.1,TTLL10,Papio_anubis,SAMEA112482965,2,648,D344H,162.0
XM_017956103.1,TTLL10,Papio_anubis,SAMEA112482965,2,648,Y362D,162.0
XM_017956103.1,TTLL10,Papio_anubis,SAMEA112482965,2,648,P399A,162.0
XM_017956103.1,TTLL10,Papio_anubis,SAMEA112482965,2,648,P430L,162.0
XM_017956103.1,TTLL10,Papio_anubis,SAMEA112482965,2,648,T439R,162.0
XM_017956103.1,TTLL10,Papio_anubis,SAMEA112482965,2,648,D623S,162.0
XM_017956103.1,TTLL10,Papio_anubis,SAMEA112482965,2,648,K636R,162.0
XM_017956103.1,TTLL10,Papio_anubis,SAMEA112482971,1,648,Q57P,162.0
XM_017956103.1,TTLL10,Papio_anubis,SAMEA112482971,1,648,Y162*,162.0
XM_017956103.1,TTLL10,Papio_anubis,SAMEA112482971,1,648,S202T,162.0
XM_017956103.1,TTLL10,Papio_anubis,SAMEA112482971,1,648,D277Y,162.0
XM_017956103.1,TTLL10,Papio_anubis,SAMEA112482971,1,648,D344N,162.0
XM_017956103.1,TTLL10,Papio_anubis,SAMEA112482971,1,648,Y362D,162.0
XM_017956103.1,TTLL10,Papio_anubis,SAMEA112482971,1,648,P399A,162.0
XM_017956103.1,TTLL10,Papio_anubis,SAMEA112482971,1,648,P430L,162.0
XM_017956103.1,TTLL10,Papio_anubis,SAMEA112482971,1,648,T439R,162.0
XM_017956103.1,TTLL10,Papio_anubis,SAMEA112482971,1,648,D623S,162.0
XM_017956103.1,TTLL10,Papio_anubis,SAMEA112482971,1,648,K636R,162.0
XM_017956103.1,TTLL10,Papio_anubis,SAMEA112482971,2,648,Q57P,162.0
XM_017956103.1,TTLL10,Papio_anubis,SAMEA112482971,2,648,Y162*,162.0
XM_017956103.1,TTLL10,Papio_anubis,SAMEA112482971,2,648,S202T,162.0
XM_017956103.1,TTLL10,Papio_anubis,SAMEA112482971,2,648,D277Y,162.0
XM_017956103.1,TTLL10,Papio_anubis,SAMEA112482971,2,648,D344N,162.0
XM_017956103.1,TTLL10,Papio_anubis,SAMEA112482971,2,648,Y362D,162.0
XM_017956103.1,TTLL10,Papio_anubis,SAMEA112482971,2,648,P399A,162.0
XM_017956103.1,TTLL10,Papio_anubis,SAMEA112482971,2,648,P430L,162.0
XM_017956103.1,TTLL10,Papio_anubis,SAMEA112482971,2,648,T439R,162.0
XM_017956103.1,TTLL10,Papio_anubis,SAMEA112482971,2,648,D623S,162.0
XM_017956103.1,TTLL10,Papio_anubis,SAMEA112482971,2,648,K636R,162.0
XM_017956103.1,TTLL10,Papio_anubis,SAMEA112482972,1,648,Q57P,162.0
XM_017956103.1,TTLL10,Papio_anubis,SAMEA112482972,1,648,Y162*,162.0
XM_017956103.1,TTLL10,Papio_anubis,SAMEA112482972,1,648,S202T,162.0
XM_017956103.1,TTLL10,Papio_anubis,SAMEA112482972,1,648,D277Y,162.0
XM_017956103.1,TTLL10,Papio_anubis,SAMEA112482972,1,648,D344H,162.0
XM_017956103.1,TTLL10,Papio_anubis,SAMEA112482972,1,648,Y362D,162.0
XM_017956103.1,TTLL10,Papio_anubis,SAMEA112482972,1,648,P399A,162.0
XM_017956103.1,TTLL10,Papio_anubis,SAMEA112482972,1,648,P430L,162.0
XM_017956103.1,TTLL10,Papio_anubis,SAMEA112482972,1,648,T439R,162.0
XM_017956103.1,TTLL10,Papio_anubis,SAMEA112482972,1,648,D623S,162.0
XM_017956103.1,TTLL10,Papio_anubis,SAMEA112482972,1,648,K636R,162.0
XM_017956103.1,TTLL10,Papio_anubis,SAMEA112482972,2,648,Q57P,162.0
XM_017956103.1,TTLL10,Papio_anubis,SAMEA112482972,2,648,Y162*,162.0
XM_017956103.1,TTLL10,Papio_anubis,SAMEA112482972,2,648,S202T,162.0
XM_017956103.1,TTLL10,Papio_anubis,SAMEA112482972,2,648,D277Y,162.0
XM_017956103.1,TTLL10,Papio_anubis,SAMEA112482972,2,648,D344H,162.0
XM_017956103.1,TTLL10,Papio_anubis,SAMEA112482972,2,648,Y362D,162.0
XM_017956103.1,TTLL10,Papio_anubis,SAMEA112482972,2,648,P399A,162.0
XM_017956103.1,TTLL10,Papio_anubis,SAMEA112482972,2,648,P430L,162.0
XM_017956103.1,TTLL10,Papio_anubis,SAMEA112482972,2,648,T439R,162.0
XM_017956103.1,TTLL10,Papio_anubis,SAMEA112482972,2,648,D623S,162.0
XM_017956103.1,TTLL10,Papio_anubis,SAMEA112482972,2,648,K636R,162.0
XM_017956103.1,TTLL10,Papio_anubis,SAMEA112482973,1,648,Q57P,162.0
XM_017956103.1,TTLL10,Papio_anubis,SAMEA112482973,1,648,Y162*,162.0
XM_017956103.1,TTLL10,Papio_anubis,SAMEA112482973,1,648,S202T,162.0
XM_017956103.1,TTLL10,Papio_anubis,SAMEA112482973,1,648,D277Y,162.0
XM_017956103.1,TTLL10,Papio_anubis,SAMEA112482973,1,648,D344N,162.0
XM_017956103.1,TTLL10,Papio_anubis,SAMEA112482973,1,648,Y362D,162.0
XM_017956103.1,TTLL10,Papio_anubis,SAMEA112482973,1,648,P399A,162.0
XM_017956103.1,TTLL10,Papio_anubis,SAMEA112482973,1,648,P430L,162.0
XM_017956103.1,TTLL10,Papio_anubis,SAMEA112482973,1,648,T439R,162.0
XM_017956103.1,TTLL10,Papio_anubis,SAMEA112482973,1,648,D623S,162.0
XM_017956103.1,TTLL10,Papio_anubis,SAMEA112482973,1,648,K636R,162.0
XM_017956103.1,TTLL10,Papio_anubis,SAMEA112482973,2,648,Q57P,162.0
XM_017956103.1,TTLL10,Papio_anubis,SAMEA112482973,2,648,Y162*,162.0
XM_017956103.1,TTLL10,Papio_anubis,SAMEA112482973,2,648,S202T,162.0
XM_017956103.1,TTLL10,Papio_anubis,SAMEA112482973,2,648,D277Y,162.0
XM_017956103.1,TTLL10,Papio_anubis,SAMEA112482973,2,648,D344N,162.0
XM_017956103.1,TTLL10,Papio_anubis,SAMEA112482973,2,648,Y362D,162.0
XM_017956103.1,TTLL10,Papio_anubis,SAMEA112482973,2,648,P399A,162.0
XM_017956103.1,TTLL10,Papio_anubis,SAMEA112482973,2,648,P430L,162.0
XM_017956103.1,TTLL10,Papio_anubis,SAMEA112482973,2,648,T439R,162.0
XM_017956103.1,TTLL10,Papio_anubis,SAMEA112482973,2,648,D623S,162.0
XM_017956103.1,TTLL10,Papio_anubis,SAMEA112482973,2,648,K636R,162.0
XM_017956103.1,TTLL10,Papio_anubis,SAMEA112482974,1,648,Q57P,162.0
XM_017956103.1,TTLL10,Papio_anubis,SAMEA112482974,1,648,Y162*,162.0
XM_017956103.1,TTLL10,Papio_anubis,SAMEA112482974,1,648,S202T,162.0
XM_017956103.1,TTLL10,Papio_anubis,SAMEA112482974,1,648,D277Y,162.0
XM_017956103.1,TTLL10,Papio_anubis,SAMEA112482974,1,648,D344H,162.0
XM_017956103.1,TTLL10,Papio_anubis,SAMEA112482974,1,648,Y362D,162.0
XM_017956103.1,TTLL10,Papio_anubis,SAMEA112482974,1,648,P399A,162.0
XM_017956103.1,TTLL10,Papio_anubis,SAMEA112482974,1,648,P430L,162.0
XM_017956103.1,TTLL10,Papio_anubis,SAMEA112482974,1,648,T439R,162.0
XM_017956103.1,TTLL10,Papio_anubis,SAMEA112482974,1,648,D623S,162.0
XM_017956103.1,TTLL10,Papio_anubis,SAMEA112482974,1,648,K636R,162.0
XM_017956103.1,TTLL10,Papio_anubis,SAMEA112482974,2,648,Q57P,162.0
XM_017956103.1,TTLL10,Papio_anubis,SAMEA112482974,2,648,Y162*,162.0
XM_017956103.1,TTLL10,Papio_anubis,SAMEA112482974,2,648,S202T,162.0
XM_017956103.1,TTLL10,Papio_anubis,SAMEA112482974,2,648,D277Y,162.0
XM_017956103.1,TTLL10,Papio_anubis,SAMEA112482974,2,648,D344H,162.0
XM_017956103.1,TTLL10,Papio_anubis,SAMEA112482974,2,648,Y362D,162.0
XM_017956103.1,TTLL10,Papio_anubis,SAMEA112482974,2,648,M363I,162.0
XM_017956103.1,TTLL10,Papio_anubis,SAMEA112482974,2,648,P399A,162.0
XM_017956103.1,TTLL10,Papio_anubis,SAMEA112482974,2,648,P430L,162.0
XM_017956103.1,TTLL10,Papio_anubis,SAMEA112482974,2,648,T439R,162.0
XM_017956103.1,TTLL10,Papio_anubis,SAMEA112482974,2,648,D623S,162.0
XM_017956103.1,TTLL10,Papio_anubis,SAMEA112482974,2,648,K636R,162.0
XM_017956103.1,TTLL10,Papio_anubis,SAMEA112482975,1,648,Q57P,162.0
XM_017956103.1,TTLL10,Papio_anubis,SAMEA112482975,1,648,Y162*,162.0
XM_017956103.1,TTLL10,Papio_anubis,SAMEA112482975,1,648,S202T,162.0
XM_017956103.1,TTLL10,Papio_anubis,SAMEA112482975,1,648,D277Y,162.0
XM_017956103.1,TTLL10,Papio_anubis,SAMEA112482975,1,648,D344H,162.0
XM_017956103.1,TTLL10,Papio_anubis,SAMEA112482975,1,648,Y362D,162.0
XM_017956103.1,TTLL10,Papio_anubis,SAMEA112482975,1,648,P399A,162.0
XM_017956103.1,TTLL10,Papio_anubis,SAMEA112482975,1,648,P430L,162.0
XM_017956103.1,TTLL10,Papio_anubis,SAMEA112482975,1,648,T439R,162.0
XM_017956103.1,TTLL10,Papio_anubis,SAMEA112482975,1,648,D623S,162.0
XM_017956103.1,TTLL10,Papio_anubis,SAMEA112482975,1,648,K636R,162.0
XM_017956103.1,TTLL10,Papio_anubis,SAMEA112482975,2,648,Q57P,162.0
XM_017956103.1,TTLL10,Papio_anubis,SAMEA112482975,2,648,Y162*,162.0
XM_017956103.1,TTLL10,Papio_anubis,SAMEA112482975,2,648,S202T,162.0
XM_017956103.1,TTLL10,Papio_anubis,SAMEA112482975,2,648,D277Y,162.0
XM_017956103.1,TTLL10,Papio_anubis,SAMEA112482975,2,648,D344H,162.0
XM_017956103.1,TTLL10,Papio_anubis,SAMEA112482975,2,648,Y362D,162.0
XM_017956103.1,TTLL10,Papio_anubis,SAMEA112482975,2,648,P399A,162.0
XM_017956103.1,TTLL10,Papio_anubis,SAMEA112482975,2,648,P430L,162.0
XM_017956103.1,TTLL10,Papio_anubis,SAMEA112482975,2,648,T439R,162.0
XM_017956103.1,TTLL10,Papio_anubis,SAMEA112482975,2,648,D623S,162.0
XM_017956103.1,TTLL10,Papio_anubis,SAMEA112482975,2,648,K636R,162.0
XM_017956103.1,TTLL10,Papio_anubis,SAMEA112482991,1,648,Q57P,162.0
XM_017956103.1,TTLL10,Papio_anubis,SAMEA112482991,1,648,Y162*,162.0
XM_017956103.1,TTLL10,Papio_anubis,SAMEA112482991,1,648,S202T,162.0
XM_017956103.1,TTLL10,Papio_anubis,SAMEA112482991,1,648,D277Y,162.0
XM_017956103.1,TTLL10,Papio_anubis,SAMEA112482991,1,648,D344N,162.0
XM_017956103.1,TTLL10,Papio_anubis,SAMEA112482991,1,648,Y362D,162.0
XM_017956103.1,TTLL10,Papio_anubis,SAMEA112482991,1,648,P399A,162.0
XM_017956103.1,TTLL10,Papio_anubis,SAMEA112482991,1,648,P430L,162.0
XM_017956103.1,TTLL10,Papio_anubis,SAMEA112482991,1,648,T439R,162.0
XM_017956103.1,TTLL10,Papio_anubis,SAMEA112482991,1,648,D623S,162.0
XM_017956103.1,TTLL10,Papio_anubis,SAMEA112482991,1,648,K636R,162.0
XM_017956103.1,TTLL10,Papio_anubis,SAMEA112482991,2,648,Q57P,162.0
XM_017956103.1,TTLL10,Papio_anubis,SAMEA112482991,2,648,Y162*,162.0
XM_017956103.1,TTLL10,Papio_anubis,SAMEA112482991,2,648,S202T,162.0
XM_017956103.1,TTLL10,Papio_anubis,SAMEA112482991,2,648,D277Y,162.0
XM_017956103.1,TTLL10,Papio_anubis,SAMEA112482991,2,648,D344H,162.0
XM_017956103.1,TTLL10,Papio_anubis,SAMEA112482991,2,648,Y362D,162.0
XM_017956103.1,TTLL10,Papio_anubis,SAMEA112482991,2,648,P399A,162.0
XM_017956103.1,TTLL10,Papio_anubis,SAMEA112482991,2,648,P430L,162.0
XM_017956103.1,TTLL10,Papio_anubis,SAMEA112482991,2,648,T439R,162.0
XM_017956103.1,TTLL10,Papio_anubis,SAMEA112482991,2,648,D623S,162.0
XM_017956103.1,TTLL10,Papio_anubis,SAMEA112482991,2,648,K636R,162.0
XM_017956103.1,TTLL10,Papio_anubis,SAMEA112482992,1,648,Q57P,162.0
XM_017956103.1,TTLL10,Papio_anubis,SAMEA112482992,1,648,Y162*,162.0
XM_017956103.1,TTLL10,Papio_anubis,SAMEA112482992,1,648,S202T,162.0
XM_017956103.1,TTLL10,Papio_anubis,SAMEA112482992,1,648,D277Y,162.0
XM_017956103.1,TTLL10,Papio_anubis,SAMEA112482992,1,648,D344N,162.0
XM_017956103.1,TTLL10,Papio_anubis,SAMEA112482992,1,648,Y362D,162.0
XM_017956103.1,TTLL10,Papio_anubis,SAMEA112482992,1,648,P399A,162.0
XM_017956103.1,TTLL10,Papio_anubis,SAMEA112482992,1,648,P430L,162.0
XM_017956103.1,TTLL10,Papio_anubis,SAMEA112482992,1,648,T439R,162.0
XM_017956103.1,TTLL10,Papio_anubis,SAMEA112482992,1,648,D623S,162.0
XM_017956103.1,TTLL10,Papio_anubis,SAMEA112482992,1,648,K636R,162.0
XM_017956103.1,TTLL10,Papio_anubis,SAMEA112482992,2,648,Q57P,162.0
XM_017956103.1,TTLL10,Papio_anubis,SAMEA112482992,2,648,Y162*,162.0
XM_017956103.1,TTLL10,Papio_anubis,SAMEA112482992,2,648,S202T,162.0
XM_017956103.1,TTLL10,Papio_anubis,SAMEA112482992,2,648,D277Y,162.0
XM_017956103.1,TTLL10,Papio_anubis,SAMEA112482992,2,648,D344H,162.0
XM_017956103.1,TTLL10,Papio_anubis,SAMEA112482992,2,648,Y362D,162.0
XM_017956103.1,TTLL10,Papio_anubis,SAMEA112482992,2,648,P399A,162.0
XM_017956103.1,TTLL10,Papio_anubis,SAMEA112482992,2,648,P430L,162.0
XM_017956103.1,TTLL10,Papio_anubis,SAMEA112482992,2,648,T439R,162.0
XM_017956103.1,TTLL10,Papio_anubis,SAMEA112482992,2,648,D623S,162.0
XM_017956103.1,TTLL10,Papio_anubis,SAMEA112482992,2,648,K636R,162.0
XM_017956103.1,TTLL10,Papio_anubis,SAMEA112482993,1,648,Q57P,162.0
XM_017956103.1,TTLL10,Papio_anubis,SAMEA112482993,1,648,Y162*,162.0
XM_017956103.1,TTLL10,Papio_anubis,SAMEA112482993,1,648,S202T,162.0
XM_017956103.1,TTLL10,Papio_anubis,SAMEA112482993,1,648,D277Y,162.0
XM_017956103.1,TTLL10,Papio_anubis,SAMEA112482993,1,648,D344N,162.0
XM_017956103.1,TTLL10,Papio_anubis,SAMEA112482993,1,648,Y362D,162.0
XM_017956103.1,TTLL10,Papio_anubis,SAMEA112482993,1,648,P399A,162.0
XM_017956103.1,TTLL10,Papio_anubis,SAMEA112482993,1,648,P430L,162.0
XM_017956103.1,TTLL10,Papio_anubis,SAMEA112482993,1,648,T439R,162.0
XM_017956103.1,TTLL10,Papio_anubis,SAMEA112482993,1,648,D623S,162.0
XM_017956103.1,TTLL10,Papio_anubis,SAMEA112482993,1,648,K636R,162.0
XM_017956103.1,TTLL10,Papio_anubis,SAMEA112482993,2,648,Q57P,162.0
XM_017956103.1,TTLL10,Papio_anubis,SAMEA112482993,2,648,Y162*,162.0
XM_017956103.1,TTLL10,Papio_anubis,SAMEA112482993,2,648,S202T,162.0
XM_017956103.1,TTLL10,Papio_anubis,SAMEA112482993,2,648,D277Y,162.0
XM_017956103.1,TTLL10,Papio_anubis,SAMEA112482993,2,648,D344H,162.0
XM_017956103.1,TTLL10,Papio_anubis,SAMEA112482993,2,648,Y362D,162.0
XM_017956103.1,TTLL10,Papio_anubis,SAMEA112482993,2,648,P399A,162.0
XM_017956103.1,TTLL10,Papio_anubis,SAMEA112482993,2,648,P430L,162.0
XM_017956103.1,TTLL10,Papio_anubis,SAMEA112482993,2,648,T439R,162.0
XM_017956103.1,TTLL10,Papio_anubis,SAMEA112482993,2,648,D623S,162.0
XM_017956103.1,TTLL10,Papio_anubis,SAMEA112482993,2,648,K636R,162.0
XM_017956103.1,TTLL10,Papio_anubis,SAMEA112482994,1,648,Q57P,162.0
XM_017956103.1,TTLL10,Papio_anubis,SAMEA112482994,1,648,Y162*,162.0
XM_017956103.1,TTLL10,Papio_anubis,SAMEA112482994,1,648,S202T,162.0
XM_017956103.1,TTLL10,Papio_anubis,SAMEA112482994,1,648,D277Y,162.0
XM_017956103.1,TTLL10,Papio_anubis,SAMEA112482994,1,648,D344H,162.0
XM_017956103.1,TTLL10,Papio_anubis,SAMEA112482994,1,648,Y362D,162.0
XM_017956103.1,TTLL10,Papio_anubis,SAMEA112482994,1,648,P399A,162.0
XM_017956103.1,TTLL10,Papio_anubis,SAMEA112482994,1,648,P430L,162.0
XM_017956103.1,TTLL10,Papio_anubis,SAMEA112482994,1,648,T439R,162.0
XM_017956103.1,TTLL10,Papio_anubis,SAMEA112482994,1,648,D623S,162.0
XM_017956103.1,TTLL10,Papio_anubis,SAMEA112482994,1,648,K636R,162.0
XM_017956103.1,TTLL10,Papio_anubis,SAMEA112482994,2,648,Q57P,162.0
XM_017956103.1,TTLL10,Papio_anubis,SAMEA112482994,2,648,Y162*,162.0
XM_017956103.1,TTLL10,Papio_anubis,SAMEA112482994,2,648,S202T,162.0
XM_017956103.1,TTLL10,Papio_anubis,SAMEA112482994,2,648,D277Y,162.0
XM_017956103.1,TTLL10,Papio_anubis,SAMEA112482994,2,648,D344H,162.0
XM_017956103.1,TTLL10,Papio_anubis,SAMEA112482994,2,648,Y362D,162.0
XM_017956103.1,TTLL10,Papio_anubis,SAMEA112482994,2,648,P399A,162.0
XM_017956103.1,TTLL10,Papio_anubis,SAMEA112482994,2,648,P430L,162.0
XM_017956103.1,TTLL10,Papio_anubis,SAMEA112482994,2,648,T439R,162.0
XM_017956103.1,TTLL10,Papio_anubis,SAMEA112482994,2,648,D623S,162.0
XM_017956103.1,TTLL10,Papio_anubis,SAMEA112482994,2,648,K636R,162.0
XM_017956103.1,TTLL10,Papio_anubis,SAMEA112482995,1,648,Q57P,162.0
XM_017956103.1,TTLL10,Papio_anubis,SAMEA112482995,1,648,Y162*,162.0
XM_017956103.1,TTLL10,Papio_anubis,SAMEA112482995,1,648,S202T,162.0
XM_017956103.1,TTLL10,Papio_anubis,SAMEA112482995,1,648,D277Y,162.0
XM_017956103.1,TTLL10,Papio_anubis,SAMEA112482995,1,648,D344N,162.0
XM_017956103.1,TTLL10,Papio_anubis,SAMEA112482995,1,648,Y362D,162.0
XM_017956103.1,TTLL10,Papio_anubis,SAMEA112482995,1,648,P399A,162.0
XM_017956103.1,TTLL10,Papio_anubis,SAMEA112482995,1,648,P430L,162.0
XM_017956103.1,TTLL10,Papio_anubis,SAMEA112482995,1,648,T439R,162.0
XM_017956103.1,TTLL10,Papio_anubis,SAMEA112482995,1,648,D623S,162.0
XM_017956103.1,TTLL10,Papio_anubis,SAMEA112482995,1,648,K636R,162.0
XM_017956103.1,TTLL10,Papio_anubis,SAMEA112482995,2,648,Q57P,162.0
XM_017956103.1,TTLL10,Papio_anubis,SAMEA112482995,2,648,Y162*,162.0
XM_017956103.1,TTLL10,Papio_anubis,SAMEA112482995,2,648,S202T,162.0
XM_017956103.1,TTLL10,Papio_anubis,SAMEA112482995,2,648,D277Y,162.0
XM_017956103.1,TTLL10,Papio_anubis,SAMEA112482995,2,648,D344H,162.0
XM_017956103.1,TTLL10,Papio_anubis,SAMEA112482995,2,648,Y362D,162.0
XM_017956103.1,TTLL10,Papio_anubis,SAMEA112482995,2,648,P399A,162.0
XM_017956103.1,TTLL10,Papio_anubis,SAMEA112482995,2,648,P430L,162.0
XM_017956103.1,TTLL10,Papio_anubis,SAMEA112482995,2,648,T439R,162.0
XM_017956103.1,TTLL10,Papio_anubis,SAMEA112482995,2,648,D623S,162.0
XM_017956103.1,TTLL10,Papio_anubis,SAMEA112482995,2,648,K636R,162.0
XM_017956103.1,TTLL10,Papio_anubis,SAMEA112482996,1,648,Q57P,162.0
XM_017956103.1,TTLL10,Papio_anubis,SAMEA112482996,1,648,Y162*,162.0
XM_017956103.1,TTLL10,Papio_anubis,SAMEA112482996,1,648,S202T,162.0
XM_017956103.1,TTLL10,Papio_anubis,SAMEA112482996,1,648,D277Y,162.0
XM_017956103.1,TTLL10,Papio_anubis,SAMEA112482996,1,648,D344H,162.0
XM_017956103.1,TTLL10,Papio_anubis,SAMEA112482996,1,648,Y362D,162.0
XM_017956103.1,TTLL10,Papio_anubis,SAMEA112482996,1,648,P399A,162.0
XM_017956103.1,TTLL10,Papio_anubis,SAMEA112482996,1,648,P430L,162.0
XM_017956103.1,TTLL10,Papio_anubis,SAMEA112482996,1,648,T439R,162.0
XM_017956103.1,TTLL10,Papio_anubis,SAMEA112482996,1,648,D623S,162.0
XM_017956103.1,TTLL10,Papio_anubis,SAMEA112482996,1,648,K636R,162.0
XM_017956103.1,TTLL10,Papio_anubis,SAMEA112482996,2,648,Q57P,162.0
XM_017956103.1,TTLL10,Papio_anubis,SAMEA112482996,2,648,Y162*,162.0
XM_017956103.1,TTLL10,Papio_anubis,SAMEA112482996,2,648,S202T,162.0
XM_017956103.1,TTLL10,Papio_anubis,SAMEA112482996,2,648,D277Y,162.0
XM_017956103.1,TTLL10,Papio_anubis,SAMEA112482996,2,648,D344H,162.0
XM_017956103.1,TTLL10,Papio_anubis,SAMEA112482996,2,648,Y362D,162.0
XM_017956103.1,TTLL10,Papio_anubis,SAMEA112482996,2,648,P399A,162.0
XM_017956103.1,TTLL10,Papio_anubis,SAMEA112482996,2,648,P430L,162.0
XM_017956103.1,TTLL10,Papio_anubis,SAMEA112482996,2,648,T439R,162.0
XM_017956103.1,TTLL10,Papio_anubis,SAMEA112482996,2,648,D623S,162.0
XM_017956103.1,TTLL10,Papio_anubis,SAMEA112482996,2,648,K636R,162.0
XM_017956103.1,TTLL10,Papio_anubis,SAMEA112482997,1,648,Q57P,162.0
XM_017956103.1,TTLL10,Papio_anubis,SAMEA112482997,1,648,Y162*,162.0
XM_017956103.1,TTLL10,Papio_anubis,SAMEA112482997,1,648,S202T,162.0
XM_017956103.1,TTLL10,Papio_anubis,SAMEA112482997,1,648,D277Y,162.0
XM_017956103.1,TTLL10,Papio_anubis,SAMEA112482997,1,648,D344N,162.0
XM_017956103.1,TTLL10,Papio_anubis,SAMEA112482997,1,648,Y362D,162.0
XM_017956103.1,TTLL10,Papio_anubis,SAMEA112482997,1,648,P399A,162.0
XM_017956103.1,TTLL10,Papio_anubis,SAMEA112482997,1,648,P430L,162.0
XM_017956103.1,TTLL10,Papio_anubis,SAMEA112482997,1,648,T439R,162.0
XM_017956103.1,TTLL10,Papio_anubis,SAMEA112482997,1,648,D623S,162.0
XM_017956103.1,TTLL10,Papio_anubis,SAMEA112482997,1,648,K636R,162.0
XM_017956103.1,TTLL10,Papio_anubis,SAMEA112482997,2,648,Q57P,162.0
XM_017956103.1,TTLL10,Papio_anubis,SAMEA112482997,2,648,Y162*,162.0
XM_017956103.1,TTLL10,Papio_anubis,SAMEA112482997,2,648,S202T,162.0
XM_017956103.1,TTLL10,Papio_anubis,SAMEA112482997,2,648,D277Y,162.0
XM_017956103.1,TTLL10,Papio_anubis,SAMEA112482997,2,648,D344H,162.0
XM_017956103.1,TTLL10,Papio_anubis,SAMEA112482997,2,648,Y362D,162.0
XM_017956103.1,TTLL10,Papio_anubis,SAMEA112482997,2,648,P399A,162.0
XM_017956103.1,TTLL10,Papio_anubis,SAMEA112482997,2,648,P430L,162.0
XM_017956103.1,TTLL10,Papio_anubis,SAMEA112482997,2,648,T439R,162.0
XM_017956103.1,TTLL10,Papio_anubis,SAMEA112482997,2,648,D623S,162.0
XM_017956103.1,TTLL10,Papio_anubis,SAMEA112482997,2,648,K636R,162.0
XM_017956103.1,TTLL10,Papio_anubis,SAMEA112483018,1,648,Q57P,162.0
XM_017956103.1,TTLL10,Papio_anubis,SAMEA112483018,1,648,Y162*,162.0
XM_017956103.1,TTLL10,Papio_anubis,SAMEA112483018,1,648,S202T,162.0
XM_017956103.1,TTLL10,Papio_anubis,SAMEA112483018,1,648,D277Y,162.0
XM_017956103.1,TTLL10,Papio_anubis,SAMEA112483018,1,648,D344N,162.0
XM_017956103.1,TTLL10,Papio_anubis,SAMEA112483018,1,648,Y362D,162.0
XM_017956103.1,TTLL10,Papio_anubis,SAMEA112483018,1,648,P399A,162.0
XM_017956103.1,TTLL10,Papio_anubis,SAMEA112483018,1,648,P430L,162.0
XM_017956103.1,TTLL10,Papio_anubis,SAMEA112483018,1,648,T439R,162.0
XM_017956103.1,TTLL10,Papio_anubis,SAMEA112483018,1,648,D623S,162.0
XM_017956103.1,TTLL10,Papio_anubis,SAMEA112483018,1,648,K636R,162.0
XM_017956103.1,TTLL10,Papio_anubis,SAMEA112483018,2,648,Q57P,162.0
XM_017956103.1,TTLL10,Papio_anubis,SAMEA112483018,2,648,Y162*,162.0
XM_017956103.1,TTLL10,Papio_anubis,SAMEA112483018,2,648,S202T,162.0
XM_017956103.1,TTLL10,Papio_anubis,SAMEA112483018,2,648,D277Y,162.0
XM_017956103.1,TTLL10,Papio_anubis,SAMEA112483018,2,648,D344H,162.0
XM_017956103.1,TTLL10,Papio_anubis,SAMEA112483018,2,648,Y362D,162.0
XM_017956103.1,TTLL10,Papio_anubis,SAMEA112483018,2,648,P399A,162.0
XM_017956103.1,TTLL10,Papio_anubis,SAMEA112483018,2,648,P430L,162.0
XM_017956103.1,TTLL10,Papio_anubis,SAMEA112483018,2,648,T439R,162.0
XM_017956103.1,TTLL10,Papio_anubis,SAMEA112483018,2,648,D623S,162.0
XM_017956103.1,TTLL10,Papio_anubis,SAMEA112483018,2,648,K636R,162.0
XM_017956103.1,TTLL10,Papio_anubis,SAMEA112483019,1,648,Q57P,162.0
XM_017956103.1,TTLL10,Papio_anubis,SAMEA112483019,1,648,Y162*,162.0
XM_017956103.1,TTLL10,Papio_anubis,SAMEA112483019,1,648,S202T,162.0
XM_017956103.1,TTLL10,Papio_anubis,SAMEA112483019,1,648,D277Y,162.0
XM_017956103.1,TTLL10,Papio_anubis,SAMEA112483019,1,648,D344N,162.0
XM_017956103.1,TTLL10,Papio_anubis,SAMEA112483019,1,648,Y362D,162.0
XM_017956103.1,TTLL10,Papio_anubis,SAMEA112483019,1,648,P399A,162.0
XM_017956103.1,TTLL10,Papio_anubis,SAMEA112483019,1,648,P430L,162.0
XM_017956103.1,TTLL10,Papio_anubis,SAMEA112483019,1,648,T439R,162.0
XM_017956103.1,TTLL10,Papio_anubis,SAMEA112483019,1,648,D623S,162.0
XM_017956103.1,TTLL10,Papio_anubis,SAMEA112483019,1,648,K636R,162.0
XM_017956103.1,TTLL10,Papio_anubis,SAMEA112483019,2,648,Q57P,162.0
XM_017956103.1,TTLL10,Papio_anubis,SAMEA112483019,2,648,Y162*,162.0
XM_017956103.1,TTLL10,Papio_anubis,SAMEA112483019,2,648,D277Y,162.0
XM_017956103.1,TTLL10,Papio_anubis,SAMEA112483019,2,648,D344H,162.0
XM_017956103.1,TTLL10,Papio_anubis,SAMEA112483019,2,648,Y362D,162.0
XM_017956103.1,TTLL10,Papio_anubis,SAMEA112483019,2,648,M363I,162.0
XM_017956103.1,TTLL10,Papio_anubis,SAMEA112483019,2,648,P399A,162.0
XM_017956103.1,TTLL10,Papio_anubis,SAMEA112483019,2,648,P430L,162.0
XM_017956103.1,TTLL10,Papio_anubis,SAMEA112483019,2,648,T439R,162.0
XM_017956103.1,TTLL10,Papio_anubis,SAMEA112483019,2,648,D623S,162.0
XM_017956103.1,TTLL10,Papio_anubis,SAMEA112483019,2,648,K636R,162.0
XM_017956103.1,TTLL10,Papio_anubis,SAMEA112483020,1,648,Q57P,162.0
XM_017956103.1,TTLL10,Papio_anubis,SAMEA112483020,1,648,Y162*,162.0
XM_017956103.1,TTLL10,Papio_anubis,SAMEA112483020,1,648,S202T,162.0
XM_017956103.1,TTLL10,Papio_anubis,SAMEA112483020,1,648,D277Y,162.0
XM_017956103.1,TTLL10,Papio_anubis,SAMEA112483020,1,648,D344N,162.0
XM_017956103.1,TTLL10,Papio_anubis,SAMEA112483020,1,648,Y362D,162.0
XM_017956103.1,TTLL10,Papio_anubis,SAMEA112483020,1,648,P399A,162.0
XM_017956103.1,TTLL10,Papio_anubis,SAMEA112483020,1,648,P430L,162.0
XM_017956103.1,TTLL10,Papio_anubis,SAMEA112483020,1,648,T439R,162.0
XM_017956103.1,TTLL10,Papio_anubis,SAMEA112483020,1,648,D623S,162.0
XM_017956103.1,TTLL10,Papio_anubis,SAMEA112483020,1,648,K636R,162.0
XM_017956103.1,TTLL10,Papio_anubis,SAMEA112483020,2,648,Q57P,162.0
XM_017956103.1,TTLL10,Papio_anubis,SAMEA112483020,2,648,Y162*,162.0
XM_017956103.1,TTLL10,Papio_anubis,SAMEA112483020,2,648,S202T,162.0
XM_017956103.1,TTLL10,Papio_anubis,SAMEA112483020,2,648,D277Y,162.0
XM_017956103.1,TTLL10,Papio_anubis,SAMEA112483020,2,648,D344H,162.0
XM_017956103.1,TTLL10,Papio_anubis,SAMEA112483020,2,648,Y362D,162.0
XM_017956103.1,TTLL10,Papio_anubis,SAMEA112483020,2,648,P399A,162.0
XM_017956103.1,TTLL10,Papio_anubis,SAMEA112483020,2,648,P430L,162.0
XM_017956103.1,TTLL10,Papio_anubis,SAMEA112483020,2,648,T439R,162.0
XM_017956103.1,TTLL10,Papio_anubis,SAMEA112483020,2,648,D623S,162.0
XM_017956103.1,TTLL10,Papio_anubis,SAMEA112483020,2,648,K636R,162.0
XM_017956103.1,TTLL10,Papio_anubis,SAMEA112483187,1,648,Q57P,162.0
XM_017956103.1,TTLL10,Papio_anubis,SAMEA112483187,1,648,Y162*,162.0
XM_017956103.1,TTLL10,Papio_anubis,SAMEA112483187,1,648,S202T,162.0
XM_017956103.1,TTLL10,Papio_anubis,SAMEA112483187,1,648,D277Y,162.0
XM_017956103.1,TTLL10,Papio_anubis,SAMEA112483187,1,648,D344N,162.0
XM_017956103.1,TTLL10,Papio_anubis,SAMEA112483187,1,648,Y362D,162.0
XM_017956103.1,TTLL10,Papio_anubis,SAMEA112483187,1,648,P399A,162.0
XM_017956103.1,TTLL10,Papio_anubis,SAMEA112483187,1,648,T439R,162.0
XM_017956103.1,TTLL10,Papio_anubis,SAMEA112483187,1,648,D623S,162.0
XM_017956103.1,TTLL10,Papio_anubis,SAMEA112483187,1,648,K636R,162.0
XM_017956103.1,TTLL10,Papio_anubis,SAMEA112483187,2,648,Q57P,162.0
XM_017956103.1,TTLL10,Papio_anubis,SAMEA112483187,2,648,Y162*,162.0
XM_017956103.1,TTLL10,Papio_anubis,SAMEA112483187,2,648,S202T,162.0
XM_017956103.1,TTLL10,Papio_anubis,SAMEA112483187,2,648,D344H,162.0
XM_017956103.1,TTLL10,Papio_anubis,SAMEA112483187,2,648,Y362D,162.0
XM_017956103.1,TTLL10,Papio_anubis,SAMEA112483187,2,648,P399A,162.0
XM_017956103.1,TTLL10,Papio_anubis,SAMEA112483187,2,648,T439R,162.0
XM_017956103.1,TTLL10,Papio_anubis,SAMEA112483187,2,648,D623S,162.0
XM_017956103.1,TTLL10,Papio_anubis,SAMEA112483187,2,648,K636R,162.0
XM_017956103.1,TTLL10,Papio_anubis,SAMEA112483188,1,648,Q57P,162.0
XM_017956103.1,TTLL10,Papio_anubis,SAMEA112483188,1,648,Y162*,162.0
XM_017956103.1,TTLL10,Papio_anubis,SAMEA112483188,1,648,S202T,162.0
XM_017956103.1,TTLL10,Papio_anubis,SAMEA112483188,1,648,D277Y,162.0
XM_017956103.1,TTLL10,Papio_anubis,SAMEA112483188,1,648,D344N,162.0
XM_017956103.1,TTLL10,Papio_anubis,SAMEA112483188,1,648,Y362D,162.0
XM_017956103.1,TTLL10,Papio_anubis,SAMEA112483188,1,648,P399A,162.0
XM_017956103.1,TTLL10,Papio_anubis,SAMEA112483188,1,648,P430L,162.0
XM_017956103.1,TTLL10,Papio_anubis,SAMEA112483188,1,648,T439R,162.0
XM_017956103.1,TTLL10,Papio_anubis,SAMEA112483188,1,648,D623S,162.0
XM_017956103.1,TTLL10,Papio_anubis,SAMEA112483188,2,648,Q57P,162.0
XM_017956103.1,TTLL10,Papio_anubis,SAMEA112483188,2,648,Y162*,162.0
XM_017956103.1,TTLL10,Papio_anubis,SAMEA112483188,2,648,S202T,162.0
XM_017956103.1,TTLL10,Papio_anubis,SAMEA112483188,2,648,D277Y,162.0
XM_017956103.1,TTLL10,Papio_anubis,SAMEA112483188,2,648,D344N,162.0
XM_017956103.1,TTLL10,Papio_anubis,SAMEA112483188,2,648,Y362D,162.0
XM_017956103.1,TTLL10,Papio_anubis,SAMEA112483188,2,648,P399A,162.0
XM_017956103.1,TTLL10,Papio_anubis,SAMEA112483188,2,648,T439R,162.0
XM_017956103.1,TTLL10,Papio_anubis,SAMEA112483188,2,648,D623S,162.0
XM_017956103.1,TTLL10,Papio_anubis,SAMEA112483189,1,648,Q57P,162.0
XM_017956103.1,TTLL10,Papio_anubis,SAMEA112483189,1,648,Y162*,162.0
XM_017956103.1,TTLL10,Papio_anubis,SAMEA112483189,1,648,S202T,162.0
XM_017956103.1,TTLL10,Papio_anubis,SAMEA112483189,1,648,D277Y,162.0
XM_017956103.1,TTLL10,Papio_anubis,SAMEA112483189,1,648,D344N,162.0
XM_017956103.1,TTLL10,Papio_anubis,SAMEA112483189,1,648,Y362D,162.0
XM_017956103.1,TTLL10,Papio_anubis,SAMEA112483189,1,648,P399A,162.0
XM_017956103.1,TTLL10,Papio_anubis,SAMEA112483189,1,648,P430L,162.0
XM_017956103.1,TTLL10,Papio_anubis,SAMEA112483189,1,648,T439R,162.0
XM_017956103.1,TTLL10,Papio_anubis,SAMEA112483189,1,648,D623S,162.0
XM_017956103.1,TTLL10,Papio_anubis,SAMEA112483189,1,648,K636R,162.0
XM_017956103.1,TTLL10,Papio_anubis,SAMEA112483189,2,648,Q57P,162.0
XM_017956103.1,TTLL10,Papio_anubis,SAMEA112483189,2,648,Y162*,162.0
XM_017956103.1,TTLL10,Papio_anubis,SAMEA112483189,2,648,S202T,162.0
XM_017956103.1,TTLL10,Papio_anubis,SAMEA112483189,2,648,D344H,162.0
XM_017956103.1,TTLL10,Papio_anubis,SAMEA112483189,2,648,Y362D,162.0
XM_017956103.1,TTLL10,Papio_anubis,SAMEA112483189,2,648,P399A,162.0
XM_017956103.1,TTLL10,Papio_anubis,SAMEA112483189,2,648,P430L,162.0
XM_017956103.1,TTLL10,Papio_anubis,SAMEA112483189,2,648,T439R,162.0
XM_017956103.1,TTLL10,Papio_anubis,SAMEA112483189,2,648,D623S,162.0
XM_017956103.1,TTLL10,Papio_anubis,SAMEA112483189,2,648,K636R,162.0
XM_017956103.1,TTLL10,Papio_anubis,SAMEA112483190,1,648,Q57P,162.0
XM_017956103.1,TTLL10,Papio_anubis,SAMEA112483190,1,648,Y162*,162.0
XM_017956103.1,TTLL10,Papio_anubis,SAMEA112483190,1,648,S202T,162.0
XM_017956103.1,TTLL10,Papio_anubis,SAMEA112483190,1,648,D277Y,162.0
XM_017956103.1,TTLL10,Papio_anubis,SAMEA112483190,1,648,D344N,162.0
XM_017956103.1,TTLL10,Papio_anubis,SAMEA112483190,1,648,Y362D,162.0
XM_017956103.1,TTLL10,Papio_anubis,SAMEA112483190,1,648,P399A,162.0
XM_017956103.1,TTLL10,Papio_anubis,SAMEA112483190,1,648,P430L,162.0
XM_017956103.1,TTLL10,Papio_anubis,SAMEA112483190,1,648,T439R,162.0
XM_017956103.1,TTLL10,Papio_anubis,SAMEA112483190,1,648,D623S,162.0
XM_017956103.1,TTLL10,Papio_anubis,SAMEA112483190,1,648,K636R,162.0
XM_017956103.1,TTLL10,Papio_anubis,SAMEA112483190,2,648,Q57L,162.0
XM_017956103.1,TTLL10,Papio_anubis,SAMEA112483190,2,648,Y162*,162.0
XM_017956103.1,TTLL10,Papio_anubis,SAMEA112483190,2,648,S202T,162.0
XM_017956103.1,TTLL10,Papio_anubis,SAMEA112483190,2,648,D344N,162.0
XM_017956103.1,TTLL10,Papio_anubis,SAMEA112483190,2,648,Y362D,162.0
XM_017956103.1,TTLL10,Papio_anubis,SAMEA112483190,2,648,P399A,162.0
XM_017956103.1,TTLL10,Papio_anubis,SAMEA112483190,2,648,T439R,162.0
XM_017956103.1,TTLL10,Papio_anubis,SAMEA112483190,2,648,D623S,162.0
XM_017956103.1,TTLL10,Papio_anubis,SAMEA112483190,2,648,K636R,162.0
XM_017956103.1,TTLL10,Papio_anubis,SAMEA112483191,1,648,Q57P,162.0
XM_017956103.1,TTLL10,Papio_anubis,SAMEA112483191,1,648,Y162*,162.0
XM_017956103.1,TTLL10,Papio_anubis,SAMEA112483191,1,648,S202T,162.0
XM_017956103.1,TTLL10,Papio_anubis,SAMEA112483191,1,648,D277Y,162.0
XM_017956103.1,TTLL10,Papio_anubis,SAMEA112483191,1,648,D344H,162.0
XM_017956103.1,TTLL10,Papio_anubis,SAMEA112483191,1,648,Y362D,162.0
XM_017956103.1,TTLL10,Papio_anubis,SAMEA112483191,1,648,P399A,162.0
XM_017956103.1,TTLL10,Papio_anubis,SAMEA112483191,1,648,P430L,162.0
XM_017956103.1,TTLL10,Papio_anubis,SAMEA112483191,1,648,T439R,162.0
XM_017956103.1,TTLL10,Papio_anubis,SAMEA112483191,1,648,D623S,162.0
XM_017956103.1,TTLL10,Papio_anubis,SAMEA112483191,1,648,K636R,162.0
XM_017956103.1,TTLL10,Papio_anubis,SAMEA112483191,2,648,Q57P,162.0
XM_017956103.1,TTLL10,Papio_anubis,SAMEA112483191,2,648,Y162*,162.0
XM_017956103.1,TTLL10,Papio_anubis,SAMEA112483191,2,648,S202T,162.0
XM_017956103.1,TTLL10,Papio_anubis,SAMEA112483191,2,648,D277Y,162.0
XM_017956103.1,TTLL10,Papio_anubis,SAMEA112483191,2,648,D344H,162.0
XM_017956103.1,TTLL10,Papio_anubis,SAMEA112483191,2,648,Y362D,162.0
XM_017956103.1,TTLL10,Papio_anubis,SAMEA112483191,2,648,P399A,162.0
XM_017956103.1,TTLL10,Papio_anubis,SAMEA112483191,2,648,P430L,162.0
XM_017956103.1,TTLL10,Papio_anubis,SAMEA112483191,2,648,T439R,162.0
XM_017956103.1,TTLL10,Papio_anubis,SAMEA112483191,2,648,D623S,162.0
XM_017956103.1,TTLL10,Papio_anubis,SAMEA112483191,2,648,K636R,162.0
XM_017956103.1,TTLL10,Papio_anubis,SAMEA112483192,1,648,Q57P,162.0
XM_017956103.1,TTLL10,Papio_anubis,SAMEA112483192,1,648,Y162*,162.0
XM_017956103.1,TTLL10,Papio_anubis,SAMEA112483192,1,648,S202T,162.0
XM_017956103.1,TTLL10,Papio_anubis,SAMEA112483192,1,648,D277Y,162.0
XM_017956103.1,TTLL10,Papio_anubis,SAMEA112483192,1,648,D344N,162.0
XM_017956103.1,TTLL10,Papio_anubis,SAMEA112483192,1,648,Y362D,162.0
XM_017956103.1,TTLL10,Papio_anubis,SAMEA112483192,1,648,P399A,162.0
XM_017956103.1,TTLL10,Papio_anubis,SAMEA112483192,1,648,P430L,162.0
XM_017956103.1,TTLL10,Papio_anubis,SAMEA112483192,1,648,T439R,162.0
XM_017956103.1,TTLL10,Papio_anubis,SAMEA112483192,1,648,D623S,162.0
XM_017956103.1,TTLL10,Papio_anubis,SAMEA112483192,1,648,K636R,162.0
XM_017956103.1,TTLL10,Papio_anubis,SAMEA112483192,2,648,Q57P,162.0
XM_017956103.1,TTLL10,Papio_anubis,SAMEA112483192,2,648,Y162*,162.0
XM_017956103.1,TTLL10,Papio_anubis,SAMEA112483192,2,648,S202T,162.0
XM_017956103.1,TTLL10,Papio_anubis,SAMEA112483192,2,648,D277Y,162.0
XM_017956103.1,TTLL10,Papio_anubis,SAMEA112483192,2,648,D344H,162.0
XM_017956103.1,TTLL10,Papio_anubis,SAMEA112483192,2,648,Y362D,162.0
XM_017956103.1,TTLL10,Papio_anubis,SAMEA112483192,2,648,P399A,162.0
XM_017956103.1,TTLL10,Papio_anubis,SAMEA112483192,2,648,P430L,162.0
XM_017956103.1,TTLL10,Papio_anubis,SAMEA112483192,2,648,T439K,162.0
XM_017956103.1,TTLL10,Papio_anubis,SAMEA112483192,2,648,D623S,162.0
XM_017956103.1,TTLL10,Papio_anubis,SAMEA112483192,2,648,K636R,162.0
XM_017956103.1,TTLL10,Papio_anubis,SAMEA112483193,1,648,Q57P,162.0
XM_017956103.1,TTLL10,Papio_anubis,SAMEA112483193,1,648,Y162*,162.0
XM_017956103.1,TTLL10,Papio_anubis,SAMEA112483193,1,648,S202T,162.0
XM_017956103.1,TTLL10,Papio_anubis,SAMEA112483193,1,648,D277Y,162.0
XM_017956103.1,TTLL10,Papio_anubis,SAMEA112483193,1,648,D344H,162.0
XM_017956103.1,TTLL10,Papio_anubis,SAMEA112483193,1,648,Y362D,162.0
XM_017956103.1,TTLL10,Papio_anubis,SAMEA112483193,1,648,P399A,162.0
XM_017956103.1,TTLL10,Papio_anubis,SAMEA112483193,1,648,P430L,162.0
XM_017956103.1,TTLL10,Papio_anubis,SAMEA112483193,1,648,T439R,162.0
XM_017956103.1,TTLL10,Papio_anubis,SAMEA112483193,1,648,D623S,162.0
XM_017956103.1,TTLL10,Papio_anubis,SAMEA112483193,1,648,K636R,162.0
XM_017956103.1,TTLL10,Papio_anubis,SAMEA112483193,2,648,Q57P,162.0
XM_017956103.1,TTLL10,Papio_anubis,SAMEA112483193,2,648,Y162*,162.0
XM_017956103.1,TTLL10,Papio_anubis,SAMEA112483193,2,648,S202T,162.0
XM_017956103.1,TTLL10,Papio_anubis,SAMEA112483193,2,648,D277Y,162.0
XM_017956103.1,TTLL10,Papio_anubis,SAMEA112483193,2,648,D344H,162.0
XM_017956103.1,TTLL10,Papio_anubis,SAMEA112483193,2,648,Y362D,162.0
XM_017956103.1,TTLL10,Papio_anubis,SAMEA112483193,2,648,P399A,162.0
XM_017956103.1,TTLL10,Papio_anubis,SAMEA112483193,2,648,P430L,162.0
XM_017956103.1,TTLL10,Papio_anubis,SAMEA112483193,2,648,T439K,162.0
XM_017956103.1,TTLL10,Papio_anubis,SAMEA112483193,2,648,D623S,162.0
XM_017956103.1,TTLL10,Papio_anubis,SAMEA112483193,2,648,K636R,162.0
XM_017956103.1,TTLL10,Papio_anubis,SAMEA112483194,1,648,Q57P,162.0
XM_017956103.1,TTLL10,Papio_anubis,SAMEA112483194,1,648,Y162*,162.0
XM_017956103.1,TTLL10,Papio_anubis,SAMEA112483194,1,648,S202T,162.0
XM_017956103.1,TTLL10,Papio_anubis,SAMEA112483194,1,648,D277Y,162.0
XM_017956103.1,TTLL10,Papio_anubis,SAMEA112483194,1,648,D344H,162.0
XM_017956103.1,TTLL10,Papio_anubis,SAMEA112483194,1,648,Y362D,162.0
XM_017956103.1,TTLL10,Papio_anubis,SAMEA112483194,1,648,P399A,162.0
XM_017956103.1,TTLL10,Papio_anubis,SAMEA112483194,1,648,P430L,162.0
XM_017956103.1,TTLL10,Papio_anubis,SAMEA112483194,1,648,T439R,162.0
XM_017956103.1,TTLL10,Papio_anubis,SAMEA112483194,1,648,D623Y,162.0
XM_017956103.1,TTLL10,Papio_anubis,SAMEA112483194,1,648,K636R,162.0
XM_017956103.1,TTLL10,Papio_anubis,SAMEA112483194,2,648,Q57P,162.0
XM_017956103.1,TTLL10,Papio_anubis,SAMEA112483194,2,648,Y162*,162.0
XM_017956103.1,TTLL10,Papio_anubis,SAMEA112483194,2,648,S202T,162.0
XM_017956103.1,TTLL10,Papio_anubis,SAMEA112483194,2,648,D344H,162.0
XM_017956103.1,TTLL10,Papio_anubis,SAMEA112483194,2,648,Y362D,162.0
XM_017956103.1,TTLL10,Papio_anubis,SAMEA112483194,2,648,P399T,162.0
XM_017956103.1,TTLL10,Papio_anubis,SAMEA112483194,2,648,P430L,162.0
XM_017956103.1,TTLL10,Papio_anubis,SAMEA112483194,2,648,T439K,162.0
XM_017956103.1,TTLL10,Papio_anubis,SAMEA112483194,2,648,D623Y,162.0
XM_017956103.1,TTLL10,Papio_anubis,SAMEA112483194,2,648,K636R,162.0
XM_017956103.1,TTLL10,Papio_anubis,SAMEA112483195,1,648,Q57P,162.0
XM_017956103.1,TTLL10,Papio_anubis,SAMEA112483195,1,648,Y162*,162.0
XM_017956103.1,TTLL10,Papio_anubis,SAMEA112483195,1,648,S202T,162.0
XM_017956103.1,TTLL10,Papio_anubis,SAMEA112483195,1,648,D277Y,162.0
XM_017956103.1,TTLL10,Papio_anubis,SAMEA112483195,1,648,D344N,162.0
XM_017956103.1,TTLL10,Papio_anubis,SAMEA112483195,1,648,Y362D,162.0
XM_017956103.1,TTLL10,Papio_anubis,SAMEA112483195,1,648,P399A,162.0
XM_017956103.1,TTLL10,Papio_anubis,SAMEA112483195,1,648,P430L,162.0
XM_017956103.1,TTLL10,Papio_anubis,SAMEA112483195,1,648,T439R,162.0
XM_017956103.1,TTLL10,Papio_anubis,SAMEA112483195,1,648,D623S,162.0
XM_017956103.1,TTLL10,Papio_anubis,SAMEA112483195,1,648,K636R,162.0
XM_017956103.1,TTLL10,Papio_anubis,SAMEA112483195,2,648,Q57P,162.0
XM_017956103.1,TTLL10,Papio_anubis,SAMEA112483195,2,648,Y162*,162.0
XM_017956103.1,TTLL10,Papio_anubis,SAMEA112483195,2,648,S202T,162.0
XM_017956103.1,TTLL10,Papio_anubis,SAMEA112483195,2,648,D277Y,162.0
XM_017956103.1,TTLL10,Papio_anubis,SAMEA112483195,2,648,D344H,162.0
XM_017956103.1,TTLL10,Papio_anubis,SAMEA112483195,2,648,Y362D,162.0
XM_017956103.1,TTLL10,Papio_anubis,SAMEA112483195,2,648,P399A,162.0
XM_017956103.1,TTLL10,Papio_anubis,SAMEA112483195,2,648,P430L,162.0
XM_017956103.1,TTLL10,Papio_anubis,SAMEA112483195,2,648,T439R,162.0
XM_017956103.1,TTLL10,Papio_anubis,SAMEA112483195,2,648,D623V,162.0
XM_017956103.1,TTLL10,Papio_anubis,SAMEA112483195,2,648,K636R,162.0
XM_017956103.1,TTLL10,Papio_anubis,SAMEA112483196,1,648,Q57P,162.0
XM_017956103.1,TTLL10,Papio_anubis,SAMEA112483196,1,648,Y162*,162.0
XM_017956103.1,TTLL10,Papio_anubis,SAMEA112483196,1,648,S202T,162.0
XM_017956103.1,TTLL10,Papio_anubis,SAMEA112483196,1,648,D277Y,162.0
XM_017956103.1,TTLL10,Papio_anubis,SAMEA112483196,1,648,D344N,162.0
XM_017956103.1,TTLL10,Papio_anubis,SAMEA112483196,1,648,Y362D,162.0
XM_017956103.1,TTLL10,Papio_anubis,SAMEA112483196,1,648,P399A,162.0
XM_017956103.1,TTLL10,Papio_anubis,SAMEA112483196,1,648,P430L,162.0
XM_017956103.1,TTLL10,Papio_anubis,SAMEA112483196,1,648,T439R,162.0
XM_017956103.1,TTLL10,Papio_anubis,SAMEA112483196,1,648,D623S,162.0
XM_017956103.1,TTLL10,Papio_anubis,SAMEA112483196,1,648,K636R,162.0
XM_017956103.1,TTLL10,Papio_anubis,SAMEA112483196,2,648,Q57P,162.0
XM_017956103.1,TTLL10,Papio_anubis,SAMEA112483196,2,648,R153C,162.0
XM_017956103.1,TTLL10,Papio_anubis,SAMEA112483196,2,648,Y162*,162.0
XM_017956103.1,TTLL10,Papio_anubis,SAMEA112483196,2,648,S202T,162.0
XM_017956103.1,TTLL10,Papio_anubis,SAMEA112483196,2,648,D277Y,162.0
XM_017956103.1,TTLL10,Papio_anubis,SAMEA112483196,2,648,D344H,162.0
XM_017956103.1,TTLL10,Papio_anubis,SAMEA112483196,2,648,Y362D,162.0
XM_017956103.1,TTLL10,Papio_anubis,SAMEA112483196,2,648,P399A,162.0
XM_017956103.1,TTLL10,Papio_anubis,SAMEA112483196,2,648,T439R,162.0
XM_017956103.1,TTLL10,Papio_anubis,SAMEA112483196,2,648,D623S,162.0
XM_017956103.1,TTLL10,Papio_anubis,SAMEA112483196,2,648,K636R,162.0
XM_017956103.1,TTLL10,Papio_anubis,SAMEA112483197,1,648,Q57P,162.0
XM_017956103.1,TTLL10,Papio_anubis,SAMEA112483197,1,648,Y162*,162.0
XM_017956103.1,TTLL10,Papio_anubis,SAMEA112483197,1,648,S202T,162.0
XM_017956103.1,TTLL10,Papio_anubis,SAMEA112483197,1,648,D277Y,162.0
XM_017956103.1,TTLL10,Papio_anubis,SAMEA112483197,1,648,D344N,162.0
XM_017956103.1,TTLL10,Papio_anubis,SAMEA112483197,1,648,Y362D,162.0
XM_017956103.1,TTLL10,Papio_anubis,SAMEA112483197,1,648,P399A,162.0
XM_017956103.1,TTLL10,Papio_anubis,SAMEA112483197,1,648,P430L,162.0
XM_017956103.1,TTLL10,Papio_anubis,SAMEA112483197,1,648,T439R,162.0
XM_017956103.1,TTLL10,Papio_anubis,SAMEA112483197,1,648,D623S,162.0
XM_017956103.1,TTLL10,Papio_anubis,SAMEA112483197,1,648,K636R,162.0
XM_017956103.1,TTLL10,Papio_anubis,SAMEA112483197,2,648,Q57P,162.0
XM_017956103.1,TTLL10,Papio_anubis,SAMEA112483197,2,648,Y162*,162.0
XM_017956103.1,TTLL10,Papio_anubis,SAMEA112483197,2,648,S202T,162.0
XM_017956103.1,TTLL10,Papio_anubis,SAMEA112483197,2,648,D277Y,162.0
XM_017956103.1,TTLL10,Papio_anubis,SAMEA112483197,2,648,D344H,162.0
XM_017956103.1,TTLL10,Papio_anubis,SAMEA112483197,2,648,Y362D,162.0
XM_017956103.1,TTLL10,Papio_anubis,SAMEA112483197,2,648,P399A,162.0
XM_017956103.1,TTLL10,Papio_anubis,SAMEA112483197,2,648,T439K,162.0
XM_017956103.1,TTLL10,Papio_anubis,SAMEA112483197,2,648,D623S,162.0
XM_017956103.1,TTLL10,Papio_anubis,SAMEA112483197,2,648,K636R,162.0
XM_017956103.1,TTLL10,Papio_anubis,SAMEA112483198,1,648,Q57P,162.0
XM_017956103.1,TTLL10,Papio_anubis,SAMEA112483198,1,648,Y162*,162.0
XM_017956103.1,TTLL10,Papio_anubis,SAMEA112483198,1,648,S202T,162.0
XM_017956103.1,TTLL10,Papio_anubis,SAMEA112483198,1,648,D277Y,162.0
XM_017956103.1,TTLL10,Papio_anubis,SAMEA112483198,1,648,D344N,162.0
XM_017956103.1,TTLL10,Papio_anubis,SAMEA112483198,1,648,Y362D,162.0
XM_017956103.1,TTLL10,Papio_anubis,SAMEA112483198,1,648,P399A,162.0
XM_017956103.1,TTLL10,Papio_anubis,SAMEA112483198,1,648,P430L,162.0
XM_017956103.1,TTLL10,Papio_anubis,SAMEA112483198,1,648,T439R,162.0
XM_017956103.1,TTLL10,Papio_anubis,SAMEA112483198,1,648,D623S,162.0
XM_017956103.1,TTLL10,Papio_anubis,SAMEA112483198,1,648,K636R,162.0
XM_017956103.1,TTLL10,Papio_anubis,SAMEA112483198,2,648,Q57P,162.0
XM_017956103.1,TTLL10,Papio_anubis,SAMEA112483198,2,648,Y162*,162.0
XM_017956103.1,TTLL10,Papio_anubis,SAMEA112483198,2,648,S202T,162.0
XM_017956103.1,TTLL10,Papio_anubis,SAMEA112483198,2,648,D344H,162.0
XM_017956103.1,TTLL10,Papio_anubis,SAMEA112483198,2,648,Y362N,162.0
XM_017956103.1,TTLL10,Papio_anubis,SAMEA112483198,2,648,P399A,162.0
XM_017956103.1,TTLL10,Papio_anubis,SAMEA112483198,2,648,T439R,162.0
XM_017956103.1,TTLL10,Papio_anubis,SAMEA112483198,2,648,D623V,162.0
XM_017956103.1,TTLL10,Papio_anubis,SAMEA112483198,2,648,K636R,162.0
XM_017956103.1,TTLL10,Papio_anubis,SAMEA112483199,1,648,Q57P,162.0
XM_017956103.1,TTLL10,Papio_anubis,SAMEA112483199,1,648,Y162*,162.0
XM_017956103.1,TTLL10,Papio_anubis,SAMEA112483199,1,648,S202T,162.0
XM_017956103.1,TTLL10,Papio_anubis,SAMEA112483199,1,648,D277Y,162.0
XM_017956103.1,TTLL10,Papio_anubis,SAMEA112483199,1,648,D344H,162.0
XM_017956103.1,TTLL10,Papio_anubis,SAMEA112483199,1,648,Y362D,162.0
XM_017956103.1,TTLL10,Papio_anubis,SAMEA112483199,1,648,P399A,162.0
XM_017956103.1,TTLL10,Papio_anubis,SAMEA112483199,1,648,P430L,162.0
XM_017956103.1,TTLL10,Papio_anubis,SAMEA112483199,1,648,T439R,162.0
XM_017956103.1,TTLL10,Papio_anubis,SAMEA112483199,1,648,D623S,162.0
XM_017956103.1,TTLL10,Papio_anubis,SAMEA112483199,1,648,K636R,162.0
XM_017956103.1,TTLL10,Papio_anubis,SAMEA112483199,2,648,Q57P,162.0
XM_017956103.1,TTLL10,Papio_anubis,SAMEA112483199,2,648,Y162*,162.0
XM_017956103.1,TTLL10,Papio_anubis,SAMEA112483199,2,648,S202T,162.0
XM_017956103.1,TTLL10,Papio_anubis,SAMEA112483199,2,648,D344H,162.0
XM_017956103.1,TTLL10,Papio_anubis,SAMEA112483199,2,648,Y362D,162.0
XM_017956103.1,TTLL10,Papio_anubis,SAMEA112483199,2,648,P399T,162.0
XM_017956103.1,TTLL10,Papio_anubis,SAMEA112483199,2,648,P430L,162.0
XM_017956103.1,TTLL10,Papio_anubis,SAMEA112483199,2,648,T439R,162.0
XM_017956103.1,TTLL10,Papio_anubis,SAMEA112483199,2,648,D623S,162.0
XM_017956103.1,TTLL10,Papio_anubis,SAMEA112483199,2,648,K636R,162.0
XM_017956103.1,TTLL10,Papio_anubis,SAMEA112483200,1,648,Q57P,162.0
XM_017956103.1,TTLL10,Papio_anubis,SAMEA112483200,1,648,Y162*,162.0
XM_017956103.1,TTLL10,Papio_anubis,SAMEA112483200,1,648,S202T,162.0
XM_017956103.1,TTLL10,Papio_anubis,SAMEA112483200,1,648,D277Y,162.0
XM_017956103.1,TTLL10,Papio_anubis,SAMEA112483200,1,648,D344H,162.0
XM_017956103.1,TTLL10,Papio_anubis,SAMEA112483200,1,648,Y362D,162.0
XM_017956103.1,TTLL10,Papio_anubis,SAMEA112483200,1,648,P399A,162.0
XM_017956103.1,TTLL10,Papio_anubis,SAMEA112483200,1,648,P430L,162.0
XM_017956103.1,TTLL10,Papio_anubis,SAMEA112483200,1,648,T439R,162.0
XM_017956103.1,TTLL10,Papio_anubis,SAMEA112483200,1,648,D623S,162.0
XM_017956103.1,TTLL10,Papio_anubis,SAMEA112483200,1,648,K636R,162.0
XM_017956103.1,TTLL10,Papio_anubis,SAMEA112483200,2,648,Q57L,162.0
XM_017956103.1,TTLL10,Papio_anubis,SAMEA112483200,2,648,Y162*,162.0
XM_017956103.1,TTLL10,Papio_anubis,SAMEA112483200,2,648,S202T,162.0
XM_017956103.1,TTLL10,Papio_anubis,SAMEA112483200,2,648,D344H,162.0
XM_017956103.1,TTLL10,Papio_anubis,SAMEA112483200,2,648,Y362D,162.0
XM_017956103.1,TTLL10,Papio_anubis,SAMEA112483200,2,648,P399A,162.0
XM_017956103.1,TTLL10,Papio_anubis,SAMEA112483200,2,648,T439R,162.0
XM_017956103.1,TTLL10,Papio_anubis,SAMEA112483200,2,648,D623S,162.0
XM_017956103.1,TTLL10,Papio_anubis,SAMEA112483200,2,648,K636R,162.0
XM_017956103.1,TTLL10,Papio_anubis,SAMEA112483201,1,648,Q57P,162.0
XM_017956103.1,TTLL10,Papio_anubis,SAMEA112483201,1,648,Y162*,162.0
XM_017956103.1,TTLL10,Papio_anubis,SAMEA112483201,1,648,S202T,162.0
XM_017956103.1,TTLL10,Papio_anubis,SAMEA112483201,1,648,D277Y,162.0
XM_017956103.1,TTLL10,Papio_anubis,SAMEA112483201,1,648,D344H,162.0
XM_017956103.1,TTLL10,Papio_anubis,SAMEA112483201,1,648,Y362D,162.0
XM_017956103.1,TTLL10,Papio_anubis,SAMEA112483201,1,648,P399A,162.0
XM_017956103.1,TTLL10,Papio_anubis,SAMEA112483201,1,648,P430L,162.0
XM_017956103.1,TTLL10,Papio_anubis,SAMEA112483201,1,648,T439R,162.0
XM_017956103.1,TTLL10,Papio_anubis,SAMEA112483201,1,648,D623S,162.0
XM_017956103.1,TTLL10,Papio_anubis,SAMEA112483201,1,648,K636R,162.0
XM_017956103.1,TTLL10,Papio_anubis,SAMEA112483201,2,648,Q57P,162.0
XM_017956103.1,TTLL10,Papio_anubis,SAMEA112483201,2,648,Y162*,162.0
XM_017956103.1,TTLL10,Papio_anubis,SAMEA112483201,2,648,S202T,162.0
XM_017956103.1,TTLL10,Papio_anubis,SAMEA112483201,2,648,D277Y,162.0
XM_017956103.1,TTLL10,Papio_anubis,SAMEA112483201,2,648,D344H,162.0
XM_017956103.1,TTLL10,Papio_anubis,SAMEA112483201,2,648,Y362D,162.0
XM_017956103.1,TTLL10,Papio_anubis,SAMEA112483201,2,648,P399A,162.0
XM_017956103.1,TTLL10,Papio_anubis,SAMEA112483201,2,648,P430L,162.0
XM_017956103.1,TTLL10,Papio_anubis,SAMEA112483201,2,648,T439R,162.0
XM_017956103.1,TTLL10,Papio_anubis,SAMEA112483201,2,648,D623S,162.0
XM_017956103.1,TTLL10,Papio_anubis,SAMEA112483201,2,648,K636R,162.0
XM_017956103.1,TTLL10,Papio_anubis,SAMEA112483202,1,648,Q57P,162.0
XM_017956103.1,TTLL10,Papio_anubis,SAMEA112483202,1,648,Y162*,162.0
XM_017956103.1,TTLL10,Papio_anubis,SAMEA112483202,1,648,S202T,162.0
XM_017956103.1,TTLL10,Papio_anubis,SAMEA112483202,1,648,D277Y,162.0
XM_017956103.1,TTLL10,Papio_anubis,SAMEA112483202,1,648,D344N,162.0
XM_017956103.1,TTLL10,Papio_anubis,SAMEA112483202,1,648,Y362D,162.0
XM_017956103.1,TTLL10,Papio_anubis,SAMEA112483202,1,648,P399A,162.0
XM_017956103.1,TTLL10,Papio_anubis,SAMEA112483202,1,648,P430L,162.0
XM_017956103.1,TTLL10,Papio_anubis,SAMEA112483202,1,648,T439R,162.0
XM_017956103.1,TTLL10,Papio_anubis,SAMEA112483202,1,648,D623S,162.0
XM_017956103.1,TTLL10,Papio_anubis,SAMEA112483202,1,648,K636R,162.0
XM_017956103.1,TTLL10,Papio_anubis,SAMEA112483202,2,648,Q57L,162.0
XM_017956103.1,TTLL10,Papio_anubis,SAMEA112483202,2,648,Y162*,162.0
XM_017956103.1,TTLL10,Papio_anubis,SAMEA112483202,2,648,S202T,162.0
XM_017956103.1,TTLL10,Papio_anubis,SAMEA112483202,2,648,D344H,162.0
XM_017956103.1,TTLL10,Papio_anubis,SAMEA112483202,2,648,Y362D,162.0
XM_017956103.1,TTLL10,Papio_anubis,SAMEA112483202,2,648,P399A,162.0
XM_017956103.1,TTLL10,Papio_anubis,SAMEA112483202,2,648,T439R,162.0
XM_017956103.1,TTLL10,Papio_anubis,SAMEA112483202,2,648,D623S,162.0
XM_017956103.1,TTLL10,Papio_anubis,SAMEA112483202,2,648,K636R,162.0
XM_017956103.1,TTLL10,Papio_anubis,SAMEA112483203,1,648,Q57P,162.0
XM_017956103.1,TTLL10,Papio_anubis,SAMEA112483203,1,648,Y162*,162.0
XM_017956103.1,TTLL10,Papio_anubis,SAMEA112483203,1,648,S202T,162.0
XM_017956103.1,TTLL10,Papio_anubis,SAMEA112483203,1,648,D277Y,162.0
XM_017956103.1,TTLL10,Papio_anubis,SAMEA112483203,1,648,D344H,162.0
XM_017956103.1,TTLL10,Papio_anubis,SAMEA112483203,1,648,Y362D,162.0
XM_017956103.1,TTLL10,Papio_anubis,SAMEA112483203,1,648,P399A,162.0
XM_017956103.1,TTLL10,Papio_anubis,SAMEA112483203,1,648,P430L,162.0
XM_017956103.1,TTLL10,Papio_anubis,SAMEA112483203,1,648,T439R,162.0
XM_017956103.1,TTLL10,Papio_anubis,SAMEA112483203,1,648,D623S,162.0
XM_017956103.1,TTLL10,Papio_anubis,SAMEA112483203,1,648,K636R,162.0
XM_017956103.1,TTLL10,Papio_anubis,SAMEA112483203,2,648,Q57P,162.0
XM_017956103.1,TTLL10,Papio_anubis,SAMEA112483203,2,648,Y162*,162.0
XM_017956103.1,TTLL10,Papio_anubis,SAMEA112483203,2,648,S202T,162.0
XM_017956103.1,TTLL10,Papio_anubis,SAMEA112483203,2,648,D344H,162.0
XM_017956103.1,TTLL10,Papio_anubis,SAMEA112483203,2,648,Y362D,162.0
XM_017956103.1,TTLL10,Papio_anubis,SAMEA112483203,2,648,P399A,162.0
XM_017956103.1,TTLL10,Papio_anubis,SAMEA112483203,2,648,T439R,162.0
XM_017956103.1,TTLL10,Papio_anubis,SAMEA112483203,2,648,D623S,162.0
XM_017956103.1,TTLL10,Papio_anubis,SAMEA112483203,2,648,K636R,162.0
XM_017956103.1,TTLL10,Papio_anubis,SAMEA112483204,1,648,Q57P,162.0
XM_017956103.1,TTLL10,Papio_anubis,SAMEA112483204,1,648,Y162*,162.0
XM_017956103.1,TTLL10,Papio_anubis,SAMEA112483204,1,648,S202T,162.0
XM_017956103.1,TTLL10,Papio_anubis,SAMEA112483204,1,648,D277Y,162.0
XM_017956103.1,TTLL10,Papio_anubis,SAMEA112483204,1,648,D344N,162.0
XM_017956103.1,TTLL10,Papio_anubis,SAMEA112483204,1,648,Y362D,162.0
XM_017956103.1,TTLL10,Papio_anubis,SAMEA112483204,1,648,P399A,162.0
XM_017956103.1,TTLL10,Papio_anubis,SAMEA112483204,1,648,P430L,162.0
XM_017956103.1,TTLL10,Papio_anubis,SAMEA112483204,1,648,T439R,162.0
XM_017956103.1,TTLL10,Papio_anubis,SAMEA112483204,1,648,D623S,162.0
XM_017956103.1,TTLL10,Papio_anubis,SAMEA112483204,1,648,K636R,162.0
XM_017956103.1,TTLL10,Papio_anubis,SAMEA112483204,2,648,Q57P,162.0
XM_017956103.1,TTLL10,Papio_anubis,SAMEA112483204,2,648,Y162*,162.0
XM_017956103.1,TTLL10,Papio_anubis,SAMEA112483204,2,648,S202T,162.0
XM_017956103.1,TTLL10,Papio_anubis,SAMEA112483204,2,648,D277Y,162.0
XM_017956103.1,TTLL10,Papio_anubis,SAMEA112483204,2,648,D344H,162.0
XM_017956103.1,TTLL10,Papio_anubis,SAMEA112483204,2,648,Y362D,162.0
XM_017956103.1,TTLL10,Papio_anubis,SAMEA112483204,2,648,P399A,162.0
XM_017956103.1,TTLL10,Papio_anubis,SAMEA112483204,2,648,T439R,162.0
XM_017956103.1,TTLL10,Papio_anubis,SAMEA112483204,2,648,D623S,162.0
XM_017956103.1,TTLL10,Papio_anubis,SAMEA112483204,2,648,K636R,162.0
XM_017956103.1,TTLL10,Papio_anubis,SAMEA112483205,1,648,Q57P,162.0
XM_017956103.1,TTLL10,Papio_anubis,SAMEA112483205,1,648,Y162*,162.0
XM_017956103.1,TTLL10,Papio_anubis,SAMEA112483205,1,648,S202T,162.0
XM_017956103.1,TTLL10,Papio_anubis,SAMEA112483205,1,648,D277Y,162.0
XM_017956103.1,TTLL10,Papio_anubis,SAMEA112483205,1,648,D344N,162.0
XM_017956103.1,TTLL10,Papio_anubis,SAMEA112483205,1,648,Y362D,162.0
XM_017956103.1,TTLL10,Papio_anubis,SAMEA112483205,1,648,P399A,162.0
XM_017956103.1,TTLL10,Papio_anubis,SAMEA112483205,1,648,P430L,162.0
XM_017956103.1,TTLL10,Papio_anubis,SAMEA112483205,1,648,T439R,162.0
XM_017956103.1,TTLL10,Papio_anubis,SAMEA112483205,1,648,D623S,162.0
XM_017956103.1,TTLL10,Papio_anubis,SAMEA112483205,1,648,K636R,162.0
XM_017956103.1,TTLL10,Papio_anubis,SAMEA112483205,2,648,Q57L,162.0
XM_017956103.1,TTLL10,Papio_anubis,SAMEA112483205,2,648,Y162*,162.0
XM_017956103.1,TTLL10,Papio_anubis,SAMEA112483205,2,648,S202T,162.0
XM_017956103.1,TTLL10,Papio_anubis,SAMEA112483205,2,648,D344H,162.0
XM_017956103.1,TTLL10,Papio_anubis,SAMEA112483205,2,648,Y362D,162.0
XM_017956103.1,TTLL10,Papio_anubis,SAMEA112483205,2,648,P399A,162.0
XM_017956103.1,TTLL10,Papio_anubis,SAMEA112483205,2,648,T439R,162.0
XM_017956103.1,TTLL10,Papio_anubis,SAMEA112483205,2,648,D623S,162.0
XM_017956103.1,TTLL10,Papio_anubis,SAMEA112483205,2,648,K636R,162.0
XM_017956103.1,TTLL10,Papio_anubis,SAMEA112483206,1,648,Q57P,162.0
XM_017956103.1,TTLL10,Papio_anubis,SAMEA112483206,1,648,Y162*,162.0
XM_017956103.1,TTLL10,Papio_anubis,SAMEA112483206,1,648,S202T,162.0
XM_017956103.1,TTLL10,Papio_anubis,SAMEA112483206,1,648,D277Y,162.0
XM_017956103.1,TTLL10,Papio_anubis,SAMEA112483206,1,648,D344H,162.0
XM_017956103.1,TTLL10,Papio_anubis,SAMEA112483206,1,648,Y362D,162.0
XM_017956103.1,TTLL10,Papio_anubis,SAMEA112483206,1,648,P399A,162.0
XM_017956103.1,TTLL10,Papio_anubis,SAMEA112483206,1,648,P430L,162.0
XM_017956103.1,TTLL10,Papio_anubis,SAMEA112483206,1,648,T439R,162.0
XM_017956103.1,TTLL10,Papio_anubis,SAMEA112483206,1,648,D623S,162.0
XM_017956103.1,TTLL10,Papio_anubis,SAMEA112483206,1,648,K636R,162.0
XM_017956103.1,TTLL10,Papio_anubis,SAMEA112483206,2,648,Q57L,162.0
XM_017956103.1,TTLL10,Papio_anubis,SAMEA112483206,2,648,Y162*,162.0
XM_017956103.1,TTLL10,Papio_anubis,SAMEA112483206,2,648,S202T,162.0
XM_017956103.1,TTLL10,Papio_anubis,SAMEA112483206,2,648,D344H,162.0
XM_017956103.1,TTLL10,Papio_anubis,SAMEA112483206,2,648,Y362D,162.0
XM_017956103.1,TTLL10,Papio_anubis,SAMEA112483206,2,648,P399A,162.0
XM_017956103.1,TTLL10,Papio_anubis,SAMEA112483206,2,648,T439R,162.0
XM_017956103.1,TTLL10,Papio_anubis,SAMEA112483206,2,648,D623S,162.0
XM_017956103.1,TTLL10,Papio_anubis,SAMEA112483206,2,648,K636R,162.0
XM_017956103.1,TTLL10,Papio_anubis,SAMEA112483207,1,648,Q57P,162.0
XM_017956103.1,TTLL10,Papio_anubis,SAMEA112483207,1,648,Y162*,162.0
XM_017956103.1,TTLL10,Papio_anubis,SAMEA112483207,1,648,S202T,162.0
XM_017956103.1,TTLL10,Papio_anubis,SAMEA112483207,1,648,D277Y,162.0
XM_017956103.1,TTLL10,Papio_anubis,SAMEA112483207,1,648,D344H,162.0
XM_017956103.1,TTLL10,Papio_anubis,SAMEA112483207,1,648,Y362D,162.0
XM_017956103.1,TTLL10,Papio_anubis,SAMEA112483207,1,648,P399A,162.0
XM_017956103.1,TTLL10,Papio_anubis,SAMEA112483207,1,648,P430L,162.0
XM_017956103.1,TTLL10,Papio_anubis,SAMEA112483207,1,648,T439R,162.0
XM_017956103.1,TTLL10,Papio_anubis,SAMEA112483207,1,648,D623S,162.0
XM_017956103.1,TTLL10,Papio_anubis,SAMEA112483207,1,648,K636R,162.0
XM_017956103.1,TTLL10,Papio_anubis,SAMEA112483207,2,648,Q57P,162.0
XM_017956103.1,TTLL10,Papio_anubis,SAMEA112483207,2,648,Y162*,162.0
XM_017956103.1,TTLL10,Papio_anubis,SAMEA112483207,2,648,S202T,162.0
XM_017956103.1,TTLL10,Papio_anubis,SAMEA112483207,2,648,D277Y,162.0
XM_017956103.1,TTLL10,Papio_anubis,SAMEA112483207,2,648,D344H,162.0
XM_017956103.1,TTLL10,Papio_anubis,SAMEA112483207,2,648,Y362D,162.0
XM_017956103.1,TTLL10,Papio_anubis,SAMEA112483207,2,648,P399A,162.0
XM_017956103.1,TTLL10,Papio_anubis,SAMEA112483207,2,648,P430L,162.0
XM_017956103.1,TTLL10,Papio_anubis,SAMEA112483207,2,648,T439R,162.0
XM_017956103.1,TTLL10,Papio_anubis,SAMEA112483207,2,648,D623S,162.0
XM_017956103.1,TTLL10,Papio_anubis,SAMEA112483207,2,648,K636R,162.0
XM_017956103.1,TTLL10,Papio_anubis,SAMEA112483208,1,648,Q57P,162.0
XM_017956103.1,TTLL10,Papio_anubis,SAMEA112483208,1,648,Y162*,162.0
XM_017956103.1,TTLL10,Papio_anubis,SAMEA112483208,1,648,S202T,162.0
XM_017956103.1,TTLL10,Papio_anubis,SAMEA112483208,1,648,D277Y,162.0
XM_017956103.1,TTLL10,Papio_anubis,SAMEA112483208,1,648,D344N,162.0
XM_017956103.1,TTLL10,Papio_anubis,SAMEA112483208,1,648,Y362D,162.0
XM_017956103.1,TTLL10,Papio_anubis,SAMEA112483208,1,648,P399A,162.0
XM_017956103.1,TTLL10,Papio_anubis,SAMEA112483208,1,648,P430L,162.0
XM_017956103.1,TTLL10,Papio_anubis,SAMEA112483208,1,648,T439R,162.0
XM_017956103.1,TTLL10,Papio_anubis,SAMEA112483208,1,648,D623S,162.0
XM_017956103.1,TTLL10,Papio_anubis,SAMEA112483208,1,648,K636R,162.0
XM_017956103.1,TTLL10,Papio_anubis,SAMEA112483208,2,648,Q57P,162.0
XM_017956103.1,TTLL10,Papio_anubis,SAMEA112483208,2,648,Y162*,162.0
XM_017956103.1,TTLL10,Papio_anubis,SAMEA112483208,2,648,S202T,162.0
XM_017956103.1,TTLL10,Papio_anubis,SAMEA112483208,2,648,D277Y,162.0
XM_017956103.1,TTLL10,Papio_anubis,SAMEA112483208,2,648,D344H,162.0
XM_017956103.1,TTLL10,Papio_anubis,SAMEA112483208,2,648,Y362D,162.0
XM_017956103.1,TTLL10,Papio_anubis,SAMEA112483208,2,648,P399A,162.0
XM_017956103.1,TTLL10,Papio_anubis,SAMEA112483208,2,648,P430L,162.0
XM_017956103.1,TTLL10,Papio_anubis,SAMEA112483208,2,648,T439R,162.0
XM_017956103.1,TTLL10,Papio_anubis,SAMEA112483208,2,648,D623S,162.0
XM_017956103.1,TTLL10,Papio_anubis,SAMEA112483208,2,648,K636R,162.0
XM_017956103.1,TTLL10,Papio_anubis,SAMEA112483209,1,648,Q57P,162.0
XM_017956103.1,TTLL10,Papio_anubis,SAMEA112483209,1,648,Y162*,162.0
XM_017956103.1,TTLL10,Papio_anubis,SAMEA112483209,1,648,S202T,162.0
XM_017956103.1,TTLL10,Papio_anubis,SAMEA112483209,1,648,D277Y,162.0
XM_017956103.1,TTLL10,Papio_anubis,SAMEA112483209,1,648,D344N,162.0
XM_017956103.1,TTLL10,Papio_anubis,SAMEA112483209,1,648,Y362D,162.0
XM_017956103.1,TTLL10,Papio_anubis,SAMEA112483209,1,648,P399A,162.0
XM_017956103.1,TTLL10,Papio_anubis,SAMEA112483209,1,648,T439R,162.0
XM_017956103.1,TTLL10,Papio_anubis,SAMEA112483209,1,648,D623S,162.0
XM_017956103.1,TTLL10,Papio_anubis,SAMEA112483209,1,648,K636R,162.0
XM_017956103.1,TTLL10,Papio_anubis,SAMEA112483209,2,648,Q57L,162.0
XM_017956103.1,TTLL10,Papio_anubis,SAMEA112483209,2,648,Y162*,162.0
XM_017956103.1,TTLL10,Papio_anubis,SAMEA112483209,2,648,S202T,162.0
XM_017956103.1,TTLL10,Papio_anubis,SAMEA112483209,2,648,D344N,162.0
XM_017956103.1,TTLL10,Papio_anubis,SAMEA112483209,2,648,Y362D,162.0
XM_017956103.1,TTLL10,Papio_anubis,SAMEA112483209,2,648,P399A,162.0
XM_017956103.1,TTLL10,Papio_anubis,SAMEA112483209,2,648,T439R,162.0
XM_017956103.1,TTLL10,Papio_anubis,SAMEA112483209,2,648,D623S,162.0
XM_017956103.1,TTLL10,Papio_anubis,SAMEA112483209,2,648,K636R,162.0
XM_017956103.1,TTLL10,Papio_anubis,SAMEA112483210,1,648,Q57P,162.0
XM_017956103.1,TTLL10,Papio_anubis,SAMEA112483210,1,648,Y162*,162.0
XM_017956103.1,TTLL10,Papio_anubis,SAMEA112483210,1,648,S202T,162.0
XM_017956103.1,TTLL10,Papio_anubis,SAMEA112483210,1,648,D277Y,162.0
XM_017956103.1,TTLL10,Papio_anubis,SAMEA112483210,1,648,D344N,162.0
XM_017956103.1,TTLL10,Papio_anubis,SAMEA112483210,1,648,Y362D,162.0
XM_017956103.1,TTLL10,Papio_anubis,SAMEA112483210,1,648,P399A,162.0
XM_017956103.1,TTLL10,Papio_anubis,SAMEA112483210,1,648,P430L,162.0
XM_017956103.1,TTLL10,Papio_anubis,SAMEA112483210,1,648,T439R,162.0
XM_017956103.1,TTLL10,Papio_anubis,SAMEA112483210,1,648,D623S,162.0
XM_017956103.1,TTLL10,Papio_anubis,SAMEA112483210,1,648,K636R,162.0
XM_017956103.1,TTLL10,Papio_anubis,SAMEA112483210,2,648,Q57P,162.0
XM_017956103.1,TTLL10,Papio_anubis,SAMEA112483210,2,648,Y162*,162.0
XM_017956103.1,TTLL10,Papio_anubis,SAMEA112483210,2,648,S202T,162.0
XM_017956103.1,TTLL10,Papio_anubis,SAMEA112483210,2,648,D344N,162.0
XM_017956103.1,TTLL10,Papio_anubis,SAMEA112483210,2,648,Y362D,162.0
XM_017956103.1,TTLL10,Papio_anubis,SAMEA112483210,2,648,P399T,162.0
XM_017956103.1,TTLL10,Papio_anubis,SAMEA112483210,2,648,P430L,162.0
XM_017956103.1,TTLL10,Papio_anubis,SAMEA112483210,2,648,T439R,162.0
XM_017956103.1,TTLL10,Papio_anubis,SAMEA112483210,2,648,D623S,162.0
XM_017956103.1,TTLL10,Papio_anubis,SAMEA112483210,2,648,K636R,162.0
XM_017956103.1,TTLL10,Papio_anubis,SAMEA112483211,1,648,Q57P,162.0
XM_017956103.1,TTLL10,Papio_anubis,SAMEA112483211,1,648,Y162*,162.0
XM_017956103.1,TTLL10,Papio_anubis,SAMEA112483211,1,648,S202T,162.0
XM_017956103.1,TTLL10,Papio_anubis,SAMEA112483211,1,648,D277Y,162.0
XM_017956103.1,TTLL10,Papio_anubis,SAMEA112483211,1,648,D344H,162.0
XM_017956103.1,TTLL10,Papio_anubis,SAMEA112483211,1,648,Y362D,162.0
XM_017956103.1,TTLL10,Papio_anubis,SAMEA112483211,1,648,P399A,162.0
XM_017956103.1,TTLL10,Papio_anubis,SAMEA112483211,1,648,P430L,162.0
XM_017956103.1,TTLL10,Papio_anubis,SAMEA112483211,1,648,T439R,162.0
XM_017956103.1,TTLL10,Papio_anubis,SAMEA112483211,1,648,D623S,162.0
XM_017956103.1,TTLL10,Papio_anubis,SAMEA112483211,1,648,K636R,162.0
XM_017956103.1,TTLL10,Papio_anubis,SAMEA112483211,2,648,Q57L,162.0
XM_017956103.1,TTLL10,Papio_anubis,SAMEA112483211,2,648,Y162*,162.0
XM_017956103.1,TTLL10,Papio_anubis,SAMEA112483211,2,648,S202T,162.0
XM_017956103.1,TTLL10,Papio_anubis,SAMEA112483211,2,648,D344H,162.0
XM_017956103.1,TTLL10,Papio_anubis,SAMEA112483211,2,648,Y362D,162.0
XM_017956103.1,TTLL10,Papio_anubis,SAMEA112483211,2,648,P399A,162.0
XM_017956103.1,TTLL10,Papio_anubis,SAMEA112483211,2,648,T439R,162.0
XM_017956103.1,TTLL10,Papio_anubis,SAMEA112483211,2,648,D623S,162.0
XM_017956103.1,TTLL10,Papio_anubis,SAMEA112483211,2,648,K636R,162.0
XM_017956103.1,TTLL10,Papio_anubis,SAMEA115083507,1,648,Q57P,162.0
XM_017956103.1,TTLL10,Papio_anubis,SAMEA115083507,1,648,Y162*,162.0
XM_017956103.1,TTLL10,Papio_anubis,SAMEA115083507,1,648,S202T,162.0
XM_017956103.1,TTLL10,Papio_anubis,SAMEA115083507,1,648,D277Y,162.0
XM_017956103.1,TTLL10,Papio_anubis,SAMEA115083507,1,648,D344N,162.0
XM_017956103.1,TTLL10,Papio_anubis,SAMEA115083507,1,648,Y362D,162.0
XM_017956103.1,TTLL10,Papio_anubis,SAMEA115083507,1,648,P399A,162.0
XM_017956103.1,TTLL10,Papio_anubis,SAMEA115083507,1,648,P430L,162.0
XM_017956103.1,TTLL10,Papio_anubis,SAMEA115083507,1,648,T439R,162.0
XM_017956103.1,TTLL10,Papio_anubis,SAMEA115083507,1,648,D623S,162.0
XM_017956103.1,TTLL10,Papio_anubis,SAMEA115083507,1,648,K636R,162.0
XM_017956103.1,TTLL10,Papio_anubis,SAMEA115083507,2,648,Q57P,162.0
XM_017956103.1,TTLL10,Papio_anubis,SAMEA115083507,2,648,Y162*,162.0
XM_017956103.1,TTLL10,Papio_anubis,SAMEA115083507,2,648,S202T,162.0
XM_017956103.1,TTLL10,Papio_anubis,SAMEA115083507,2,648,D277Y,162.0
XM_017956103.1,TTLL10,Papio_anubis,SAMEA115083507,2,648,D344H,162.0
XM_017956103.1,TTLL10,Papio_anubis,SAMEA115083507,2,648,Y362D,162.0
XM_017956103.1,TTLL10,Papio_anubis,SAMEA115083507,2,648,P399A,162.0
XM_017956103.1,TTLL10,Papio_anubis,SAMEA115083507,2,648,P430L,162.0
XM_017956103.1,TTLL10,Papio_anubis,SAMEA115083507,2,648,T439R,162.0
XM_017956103.1,TTLL10,Papio_anubis,SAMEA115083507,2,648,D623S,162.0
XM_017956103.1,TTLL10,Papio_anubis,SAMEA115083507,2,648,K636R,162.0
XM_017956103.1,TTLL10,Papio_anubis,SAMEA115083508,1,648,Q57P,162.0
XM_017956103.1,TTLL10,Papio_anubis,SAMEA115083508,1,648,Y162*,162.0
XM_017956103.1,TTLL10,Papio_anubis,SAMEA115083508,1,648,S202T,162.0
XM_017956103.1,TTLL10,Papio_anubis,SAMEA115083508,1,648,D277Y,162.0
XM_017956103.1,TTLL10,Papio_anubis,SAMEA115083508,1,648,D344H,162.0
XM_017956103.1,TTLL10,Papio_anubis,SAMEA115083508,1,648,Y362D,162.0
XM_017956103.1,TTLL10,Papio_anubis,SAMEA115083508,1,648,P399A,162.0
XM_017956103.1,TTLL10,Papio_anubis,SAMEA115083508,1,648,P430L,162.0
XM_017956103.1,TTLL10,Papio_anubis,SAMEA115083508,1,648,T439R,162.0
XM_017956103.1,TTLL10,Papio_anubis,SAMEA115083508,1,648,D623S,162.0
XM_017956103.1,TTLL10,Papio_anubis,SAMEA115083508,1,648,K636R,162.0
XM_017956103.1,TTLL10,Papio_anubis,SAMEA115083508,2,648,Q57P,162.0
XM_017956103.1,TTLL10,Papio_anubis,SAMEA115083508,2,648,E111K,162.0
XM_017956103.1,TTLL10,Papio_anubis,SAMEA115083508,2,648,Y162*,162.0
XM_017956103.1,TTLL10,Papio_anubis,SAMEA115083508,2,648,S202T,162.0
XM_017956103.1,TTLL10,Papio_anubis,SAMEA115083508,2,648,D277Y,162.0
XM_017956103.1,TTLL10,Papio_anubis,SAMEA115083508,2,648,D344H,162.0
XM_017956103.1,TTLL10,Papio_anubis,SAMEA115083508,2,648,Y362D,162.0
XM_017956103.1,TTLL10,Papio_anubis,SAMEA115083508,2,648,P399T,162.0
XM_017956103.1,TTLL10,Papio_anubis,SAMEA115083508,2,648,P430L,162.0
XM_017956103.1,TTLL10,Papio_anubis,SAMEA115083508,2,648,T439R,162.0
XM_017956103.1,TTLL10,Papio_anubis,SAMEA115083508,2,648,D623S,162.0
XM_017956103.1,TTLL10,Papio_anubis,SAMEA115083508,2,648,K636R,162.0
XM_017956103.1,TTLL10,Papio_anubis,SAMEA115083509,1,648,Q57P,162.0
XM_017956103.1,TTLL10,Papio_anubis,SAMEA115083509,1,648,Y162*,162.0
XM_017956103.1,TTLL10,Papio_anubis,SAMEA115083509,1,648,S202T,162.0
XM_017956103.1,TTLL10,Papio_anubis,SAMEA115083509,1,648,D277Y,162.0
XM_017956103.1,TTLL10,Papio_anubis,SAMEA115083509,1,648,D344N,162.0
XM_017956103.1,TTLL10,Papio_anubis,SAMEA115083509,1,648,Y362D,162.0
XM_017956103.1,TTLL10,Papio_anubis,SAMEA115083509,1,648,P399A,162.0
XM_017956103.1,TTLL10,Papio_anubis,SAMEA115083509,1,648,P430L,162.0
XM_017956103.1,TTLL10,Papio_anubis,SAMEA115083509,1,648,T439R,162.0
XM_017956103.1,TTLL10,Papio_anubis,SAMEA115083509,1,648,D623S,162.0
XM_017956103.1,TTLL10,Papio_anubis,SAMEA115083509,1,648,K636R,162.0
XM_017956103.1,TTLL10,Papio_anubis,SAMEA115083509,2,648,Q57P,162.0
XM_017956103.1,TTLL10,Papio_anubis,SAMEA115083509,2,648,Y162*,162.0
XM_017956103.1,TTLL10,Papio_anubis,SAMEA115083509,2,648,S202T,162.0
XM_017956103.1,TTLL10,Papio_anubis,SAMEA115083509,2,648,D277Y,162.0
XM_017956103.1,TTLL10,Papio_anubis,SAMEA115083509,2,648,D344H,162.0
XM_017956103.1,TTLL10,Papio_anubis,SAMEA115083509,2,648,Y362D,162.0
XM_017956103.1,TTLL10,Papio_anubis,SAMEA115083509,2,648,P399A,162.0
XM_017956103.1,TTLL10,Papio_anubis,SAMEA115083509,2,648,P430L,162.0
XM_017956103.1,TTLL10,Papio_anubis,SAMEA115083509,2,648,T439R,162.0
XM_017956103.1,TTLL10,Papio_anubis,SAMEA115083509,2,648,D623S,162.0
XM_017956103.1,TTLL10,Papio_anubis,SAMEA115083509,2,648,K636R,162.0
XM_017956103.1,TTLL10,Papio_anubis,SAMEA115083510,1,648,Q57P,162.0
XM_017956103.1,TTLL10,Papio_anubis,SAMEA115083510,1,648,Y162*,162.0
XM_017956103.1,TTLL10,Papio_anubis,SAMEA115083510,1,648,S202T,162.0
XM_017956103.1,TTLL10,Papio_anubis,SAMEA115083510,1,648,D277Y,162.0
XM_017956103.1,TTLL10,Papio_anubis,SAMEA115083510,1,648,D344N,162.0
XM_017956103.1,TTLL10,Papio_anubis,SAMEA115083510,1,648,Y362D,162.0
XM_017956103.1,TTLL10,Papio_anubis,SAMEA115083510,1,648,P399A,162.0
XM_017956103.1,TTLL10,Papio_anubis,SAMEA115083510,1,648,P430L,162.0
XM_017956103.1,TTLL10,Papio_anubis,SAMEA115083510,1,648,T439R,162.0
XM_017956103.1,TTLL10,Papio_anubis,SAMEA115083510,1,648,D623S,162.0
XM_017956103.1,TTLL10,Papio_anubis,SAMEA115083510,1,648,K636R,162.0
XM_017956103.1,TTLL10,Papio_anubis,SAMEA115083510,2,648,Q57P,162.0
XM_017956103.1,TTLL10,Papio_anubis,SAMEA115083510,2,648,Y162*,162.0
XM_017956103.1,TTLL10,Papio_anubis,SAMEA115083510,2,648,S202T,162.0
XM_017956103.1,TTLL10,Papio_anubis,SAMEA115083510,2,648,D277Y,162.0
XM_017956103.1,TTLL10,Papio_anubis,SAMEA115083510,2,648,D344H,162.0
XM_017956103.1,TTLL10,Papio_anubis,SAMEA115083510,2,648,Y362D,162.0
XM_017956103.1,TTLL10,Papio_anubis,SAMEA115083510,2,648,P399A,162.0
XM_017956103.1,TTLL10,Papio_anubis,SAMEA115083510,2,648,P430L,162.0
XM_017956103.1,TTLL10,Papio_anubis,SAMEA115083510,2,648,T439R,162.0
XM_017956103.1,TTLL10,Papio_anubis,SAMEA115083510,2,648,D623S,162.0
XM_017956103.1,TTLL10,Papio_anubis,SAMEA115083510,2,648,K636R,162.0
XM_017956103.1,TTLL10,Papio_anubis,SAMEA115083511,1,648,Q57P,162.0
XM_017956103.1,TTLL10,Papio_anubis,SAMEA115083511,1,648,Y162*,162.0
XM_017956103.1,TTLL10,Papio_anubis,SAMEA115083511,1,648,S202T,162.0
XM_017956103.1,TTLL10,Papio_anubis,SAMEA115083511,1,648,D277Y,162.0
XM_017956103.1,TTLL10,Papio_anubis,SAMEA115083511,1,648,D344N,162.0
XM_017956103.1,TTLL10,Papio_anubis,SAMEA115083511,1,648,Y362D,162.0
XM_017956103.1,TTLL10,Papio_anubis,SAMEA115083511,1,648,P399A,162.0
XM_017956103.1,TTLL10,Papio_anubis,SAMEA115083511,1,648,P430L,162.0
XM_017956103.1,TTLL10,Papio_anubis,SAMEA115083511,1,648,T439R,162.0
XM_017956103.1,TTLL10,Papio_anubis,SAMEA115083511,1,648,D623S,162.0
XM_017956103.1,TTLL10,Papio_anubis,SAMEA115083511,1,648,K636R,162.0
XM_017956103.1,TTLL10,Papio_anubis,SAMEA115083511,2,648,Q57P,162.0
XM_017956103.1,TTLL10,Papio_anubis,SAMEA115083511,2,648,Y162*,162.0
XM_017956103.1,TTLL10,Papio_anubis,SAMEA115083511,2,648,S202T,162.0
XM_017956103.1,TTLL10,Papio_anubis,SAMEA115083511,2,648,D277Y,162.0
XM_017956103.1,TTLL10,Papio_anubis,SAMEA115083511,2,648,D344N,162.0
XM_017956103.1,TTLL10,Papio_anubis,SAMEA115083511,2,648,Y362D,162.0
XM_017956103.1,TTLL10,Papio_anubis,SAMEA115083511,2,648,P399A,162.0
XM_017956103.1,TTLL10,Papio_anubis,SAMEA115083511,2,648,P430L,162.0
XM_017956103.1,TTLL10,Papio_anubis,SAMEA115083511,2,648,T439R,162.0
XM_017956103.1,TTLL10,Papio_anubis,SAMEA115083511,2,648,D623S,162.0
XM_017956103.1,TTLL10,Papio_anubis,SAMEA115083511,2,648,K636R,162.0
XM_017956103.1,TTLL10,Papio_anubis,SAMEA115083512,1,648,Q57P,162.0
XM_017956103.1,TTLL10,Papio_anubis,SAMEA115083512,1,648,Y162*,162.0
XM_017956103.1,TTLL10,Papio_anubis,SAMEA115083512,1,648,S202T,162.0
XM_017956103.1,TTLL10,Papio_anubis,SAMEA115083512,1,648,D277Y,162.0
XM_017956103.1,TTLL10,Papio_anubis,SAMEA115083512,1,648,D344N,162.0
XM_017956103.1,TTLL10,Papio_anubis,SAMEA115083512,1,648,Y362D,162.0
XM_017956103.1,TTLL10,Papio_anubis,SAMEA115083512,1,648,P399A,162.0
XM_017956103.1,TTLL10,Papio_anubis,SAMEA115083512,1,648,P430L,162.0
XM_017956103.1,TTLL10,Papio_anubis,SAMEA115083512,1,648,T439R,162.0
XM_017956103.1,TTLL10,Papio_anubis,SAMEA115083512,1,648,D623S,162.0
XM_017956103.1,TTLL10,Papio_anubis,SAMEA115083512,1,648,K636R,162.0
XM_017956103.1,TTLL10,Papio_anubis,SAMEA115083512,2,648,Q57P,162.0
XM_017956103.1,TTLL10,Papio_anubis,SAMEA115083512,2,648,Y162*,162.0
XM_017956103.1,TTLL10,Papio_anubis,SAMEA115083512,2,648,S202T,162.0
XM_017956103.1,TTLL10,Papio_anubis,SAMEA115083512,2,648,D277Y,162.0
XM_017956103.1,TTLL10,Papio_anubis,SAMEA115083512,2,648,D344H,162.0
XM_017956103.1,TTLL10,Papio_anubis,SAMEA115083512,2,648,Y362D,162.0
XM_017956103.1,TTLL10,Papio_anubis,SAMEA115083512,2,648,P399A,162.0
XM_017956103.1,TTLL10,Papio_anubis,SAMEA115083512,2,648,P430L,162.0
XM_017956103.1,TTLL10,Papio_anubis,SAMEA115083512,2,648,T439R,162.0
XM_017956103.1,TTLL10,Papio_anubis,SAMEA115083512,2,648,D623S,162.0
XM_017956103.1,TTLL10,Papio_anubis,SAMEA115083512,2,648,K636R,162.0
XM_017956103.1,TTLL10,Papio_anubis,SAMEA115083513,1,648,Q57P,162.0
XM_017956103.1,TTLL10,Papio_anubis,SAMEA115083513,1,648,Y162*,162.0
XM_017956103.1,TTLL10,Papio_anubis,SAMEA115083513,1,648,S202T,162.0
XM_017956103.1,TTLL10,Papio_anubis,SAMEA115083513,1,648,D277Y,162.0
XM_017956103.1,TTLL10,Papio_anubis,SAMEA115083513,1,648,D344N,162.0
XM_017956103.1,TTLL10,Papio_anubis,SAMEA115083513,1,648,Y362D,162.0
XM_017956103.1,TTLL10,Papio_anubis,SAMEA115083513,1,648,P399A,162.0
XM_017956103.1,TTLL10,Papio_anubis,SAMEA115083513,1,648,P430L,162.0
XM_017956103.1,TTLL10,Papio_anubis,SAMEA115083513,1,648,T439R,162.0
XM_017956103.1,TTLL10,Papio_anubis,SAMEA115083513,1,648,D623S,162.0
XM_017956103.1,TTLL10,Papio_anubis,SAMEA115083513,1,648,K636R,162.0
XM_017956103.1,TTLL10,Papio_anubis,SAMEA115083513,2,648,Q57P,162.0
XM_017956103.1,TTLL10,Papio_anubis,SAMEA115083513,2,648,Y162*,162.0
XM_017956103.1,TTLL10,Papio_anubis,SAMEA115083513,2,648,S202T,162.0
XM_017956103.1,TTLL10,Papio_anubis,SAMEA115083513,2,648,D277Y,162.0
XM_017956103.1,TTLL10,Papio_anubis,SAMEA115083513,2,648,D344N,162.0
XM_017956103.1,TTLL10,Papio_anubis,SAMEA115083513,2,648,Y362D,162.0
XM_017956103.1,TTLL10,Papio_anubis,SAMEA115083513,2,648,P399A,162.0
XM_017956103.1,TTLL10,Papio_anubis,SAMEA115083513,2,648,P430L,162.0
XM_017956103.1,TTLL10,Papio_anubis,SAMEA115083513,2,648,T439R,162.0
XM_017956103.1,TTLL10,Papio_anubis,SAMEA115083513,2,648,D623S,162.0
XM_017956103.1,TTLL10,Papio_anubis,SAMEA115083513,2,648,K636R,162.0
XM_017956103.1,TTLL10,Papio_anubis,SAMEA115083514,1,648,Q57P,162.0
XM_017956103.1,TTLL10,Papio_anubis,SAMEA115083514,1,648,Y162*,162.0
XM_017956103.1,TTLL10,Papio_anubis,SAMEA115083514,1,648,S202T,162.0
XM_017956103.1,TTLL10,Papio_anubis,SAMEA115083514,1,648,D277Y,162.0
XM_017956103.1,TTLL10,Papio_anubis,SAMEA115083514,1,648,D344N,162.0
XM_017956103.1,TTLL10,Papio_anubis,SAMEA115083514,1,648,Y362D,162.0
XM_017956103.1,TTLL10,Papio_anubis,SAMEA115083514,1,648,P399A,162.0
XM_017956103.1,TTLL10,Papio_anubis,SAMEA115083514,1,648,P430L,162.0
XM_017956103.1,TTLL10,Papio_anubis,SAMEA115083514,1,648,T439R,162.0
XM_017956103.1,TTLL10,Papio_anubis,SAMEA115083514,1,648,D623S,162.0
XM_017956103.1,TTLL10,Papio_anubis,SAMEA115083514,1,648,K636R,162.0
XM_017956103.1,TTLL10,Papio_anubis,SAMEA115083514,2,648,Q57P,162.0
XM_017956103.1,TTLL10,Papio_anubis,SAMEA115083514,2,648,Y162*,162.0
XM_017956103.1,TTLL10,Papio_anubis,SAMEA115083514,2,648,S202T,162.0
XM_017956103.1,TTLL10,Papio_anubis,SAMEA115083514,2,648,D277Y,162.0
XM_017956103.1,TTLL10,Papio_anubis,SAMEA115083514,2,648,D344N,162.0
XM_017956103.1,TTLL10,Papio_anubis,SAMEA115083514,2,648,Y362D,162.0
XM_017956103.1,TTLL10,Papio_anubis,SAMEA115083514,2,648,P399A,162.0
XM_017956103.1,TTLL10,Papio_anubis,SAMEA115083514,2,648,P430L,162.0
XM_017956103.1,TTLL10,Papio_anubis,SAMEA115083514,2,648,T439R,162.0
XM_017956103.1,TTLL10,Papio_anubis,SAMEA115083514,2,648,D623S,162.0
XM_017956103.1,TTLL10,Papio_anubis,SAMEA115083514,2,648,K636R,162.0
XM_017956103.1,TTLL10,Papio_anubis,SAMEA115083515,1,648,Q57P,162.0
XM_017956103.1,TTLL10,Papio_anubis,SAMEA115083515,1,648,Y162*,162.0
XM_017956103.1,TTLL10,Papio_anubis,SAMEA115083515,1,648,S202T,162.0
XM_017956103.1,TTLL10,Papio_anubis,SAMEA115083515,1,648,D277Y,162.0
XM_017956103.1,TTLL10,Papio_anubis,SAMEA115083515,1,648,D344N,162.0
XM_017956103.1,TTLL10,Papio_anubis,SAMEA115083515,1,648,Y362D,162.0
XM_017956103.1,TTLL10,Papio_anubis,SAMEA115083515,1,648,P399A,162.0
XM_017956103.1,TTLL10,Papio_anubis,SAMEA115083515,1,648,P430L,162.0
XM_017956103.1,TTLL10,Papio_anubis,SAMEA115083515,1,648,T439R,162.0
XM_017956103.1,TTLL10,Papio_anubis,SAMEA115083515,1,648,D623S,162.0
XM_017956103.1,TTLL10,Papio_anubis,SAMEA115083515,1,648,K636R,162.0
XM_017956103.1,TTLL10,Papio_anubis,SAMEA115083515,2,648,Q57P,162.0
XM_017956103.1,TTLL10,Papio_anubis,SAMEA115083515,2,648,Y162*,162.0
XM_017956103.1,TTLL10,Papio_anubis,SAMEA115083515,2,648,S202T,162.0
XM_017956103.1,TTLL10,Papio_anubis,SAMEA115083515,2,648,D344H,162.0
XM_017956103.1,TTLL10,Papio_anubis,SAMEA115083515,2,648,Y362D,162.0
XM_017956103.1,TTLL10,Papio_anubis,SAMEA115083515,2,648,P399A,162.0
XM_017956103.1,TTLL10,Papio_anubis,SAMEA115083515,2,648,P430L,162.0
XM_017956103.1,TTLL10,Papio_anubis,SAMEA115083515,2,648,T439R,162.0
XM_017956103.1,TTLL10,Papio_anubis,SAMEA115083515,2,648,D623S,162.0
XM_017956103.1,TTLL10,Papio_anubis,SAMEA115083515,2,648,K636R,162.0
XM_017956103.1,TTLL10,Papio_anubis,SAMEA115083516,1,648,Q57P,162.0
XM_017956103.1,TTLL10,Papio_anubis,SAMEA115083516,1,648,Y162*,162.0
XM_017956103.1,TTLL10,Papio_anubis,SAMEA115083516,1,648,S202T,162.0
XM_017956103.1,TTLL10,Papio_anubis,SAMEA115083516,1,648,D277Y,162.0
XM_017956103.1,TTLL10,Papio_anubis,SAMEA115083516,1,648,D344H,162.0
XM_017956103.1,TTLL10,Papio_anubis,SAMEA115083516,1,648,Y362D,162.0
XM_017956103.1,TTLL10,Papio_anubis,SAMEA115083516,1,648,P399A,162.0
XM_017956103.1,TTLL10,Papio_anubis,SAMEA115083516,1,648,P430L,162.0
XM_017956103.1,TTLL10,Papio_anubis,SAMEA115083516,1,648,T439R,162.0
XM_017956103.1,TTLL10,Papio_anubis,SAMEA115083516,1,648,D623S,162.0
XM_017956103.1,TTLL10,Papio_anubis,SAMEA115083516,1,648,K636R,162.0
XM_017956103.1,TTLL10,Papio_anubis,SAMEA115083516,2,648,Q57P,162.0
XM_017956103.1,TTLL10,Papio_anubis,SAMEA115083516,2,648,Y162*,162.0
XM_017956103.1,TTLL10,Papio_anubis,SAMEA115083516,2,648,S202T,162.0
XM_017956103.1,TTLL10,Papio_anubis,SAMEA115083516,2,648,D277Y,162.0
XM_017956103.1,TTLL10,Papio_anubis,SAMEA115083516,2,648,D344H,162.0
XM_017956103.1,TTLL10,Papio_anubis,SAMEA115083516,2,648,Y362D,162.0
XM_017956103.1,TTLL10,Papio_anubis,SAMEA115083516,2,648,P399A,162.0
XM_017956103.1,TTLL10,Papio_anubis,SAMEA115083516,2,648,P430L,162.0
XM_017956103.1,TTLL10,Papio_anubis,SAMEA115083516,2,648,T439R,162.0
XM_017956103.1,TTLL10,Papio_anubis,SAMEA115083516,2,648,D623S,162.0
XM_017956103.1,TTLL10,Papio_anubis,SAMEA115083516,2,648,K636R,162.0
XM_017956103.1,TTLL10,Papio_anubis,SAMEA115083517,1,648,Q57P,162.0
XM_017956103.1,TTLL10,Papio_anubis,SAMEA115083517,1,648,Y162*,162.0
XM_017956103.1,TTLL10,Papio_anubis,SAMEA115083517,1,648,S202T,162.0
XM_017956103.1,TTLL10,Papio_anubis,SAMEA115083517,1,648,D277Y,162.0
XM_017956103.1,TTLL10,Papio_anubis,SAMEA115083517,1,648,D344N,162.0
XM_017956103.1,TTLL10,Papio_anubis,SAMEA115083517,1,648,Y362D,162.0
XM_017956103.1,TTLL10,Papio_anubis,SAMEA115083517,1,648,P399A,162.0
XM_017956103.1,TTLL10,Papio_anubis,SAMEA115083517,1,648,P430L,162.0
XM_017956103.1,TTLL10,Papio_anubis,SAMEA115083517,1,648,T439R,162.0
XM_017956103.1,TTLL10,Papio_anubis,SAMEA115083517,1,648,D623S,162.0
XM_017956103.1,TTLL10,Papio_anubis,SAMEA115083517,1,648,K636R,162.0
XM_017956103.1,TTLL10,Papio_anubis,SAMEA115083517,2,648,Q57P,162.0
XM_017956103.1,TTLL10,Papio_anubis,SAMEA115083517,2,648,Y162*,162.0
XM_017956103.1,TTLL10,Papio_anubis,SAMEA115083517,2,648,S202T,162.0
XM_017956103.1,TTLL10,Papio_anubis,SAMEA115083517,2,648,D277Y,162.0
XM_017956103.1,TTLL10,Papio_anubis,SAMEA115083517,2,648,D344H,162.0
XM_017956103.1,TTLL10,Papio_anubis,SAMEA115083517,2,648,Y362D,162.0
XM_017956103.1,TTLL10,Papio_anubis,SAMEA115083517,2,648,P399A,162.0
XM_017956103.1,TTLL10,Papio_anubis,SAMEA115083517,2,648,P430L,162.0
XM_017956103.1,TTLL10,Papio_anubis,SAMEA115083517,2,648,T439R,162.0
XM_017956103.1,TTLL10,Papio_anubis,SAMEA115083517,2,648,D623S,162.0
XM_017956103.1,TTLL10,Papio_anubis,SAMEA115083517,2,648,K636R,162.0
XM_017956103.1,TTLL10,Papio_anubis,SAMEA115083519,1,648,Q57P,162.0
XM_017956103.1,TTLL10,Papio_anubis,SAMEA115083519,1,648,Y162*,162.0
XM_017956103.1,TTLL10,Papio_anubis,SAMEA115083519,1,648,S202T,162.0
XM_017956103.1,TTLL10,Papio_anubis,SAMEA115083519,1,648,D277Y,162.0
XM_017956103.1,TTLL10,Papio_anubis,SAMEA115083519,1,648,D344H,162.0
XM_017956103.1,TTLL10,Papio_anubis,SAMEA115083519,1,648,Y362D,162.0
XM_017956103.1,TTLL10,Papio_anubis,SAMEA115083519,1,648,P399A,162.0
XM_017956103.1,TTLL10,Papio_anubis,SAMEA115083519,1,648,P430L,162.0
XM_017956103.1,TTLL10,Papio_anubis,SAMEA115083519,1,648,T439R,162.0
XM_017956103.1,TTLL10,Papio_anubis,SAMEA115083519,1,648,D623S,162.0
XM_017956103.1,TTLL10,Papio_anubis,SAMEA115083519,1,648,K636R,162.0
XM_017956103.1,TTLL10,Papio_anubis,SAMEA115083519,2,648,Q57P,162.0
XM_017956103.1,TTLL10,Papio_anubis,SAMEA115083519,2,648,Y162*,162.0
XM_017956103.1,TTLL10,Papio_anubis,SAMEA115083519,2,648,S202T,162.0
XM_017956103.1,TTLL10,Papio_anubis,SAMEA115083519,2,648,D277Y,162.0
XM_017956103.1,TTLL10,Papio_anubis,SAMEA115083519,2,648,D344H,162.0
XM_017956103.1,TTLL10,Papio_anubis,SAMEA115083519,2,648,Y362D,162.0
XM_017956103.1,TTLL10,Papio_anubis,SAMEA115083519,2,648,P399A,162.0
XM_017956103.1,TTLL10,Papio_anubis,SAMEA115083519,2,648,P430L,162.0
XM_017956103.1,TTLL10,Papio_anubis,SAMEA115083519,2,648,T439R,162.0
XM_017956103.1,TTLL10,Papio_anubis,SAMEA115083519,2,648,D623S,162.0
XM_017956103.1,TTLL10,Papio_anubis,SAMEA115083519,2,648,K636R,162.0
XM_017956103.1,TTLL10,Papio_anubis,SAMEA115083520,1,648,Q57P,162.0
XM_017956103.1,TTLL10,Papio_anubis,SAMEA115083520,1,648,Y162*,162.0
XM_017956103.1,TTLL10,Papio_anubis,SAMEA115083520,1,648,S202T,162.0
XM_017956103.1,TTLL10,Papio_anubis,SAMEA115083520,1,648,D277Y,162.0
XM_017956103.1,TTLL10,Papio_anubis,SAMEA115083520,1,648,D344H,162.0
XM_017956103.1,TTLL10,Papio_anubis,SAMEA115083520,1,648,Y362D,162.0
XM_017956103.1,TTLL10,Papio_anubis,SAMEA115083520,1,648,P399A,162.0
XM_017956103.1,TTLL10,Papio_anubis,SAMEA115083520,1,648,P430L,162.0
XM_017956103.1,TTLL10,Papio_anubis,SAMEA115083520,1,648,T439R,162.0
XM_017956103.1,TTLL10,Papio_anubis,SAMEA115083520,1,648,D623S,162.0
XM_017956103.1,TTLL10,Papio_anubis,SAMEA115083520,1,648,K636R,162.0
XM_017956103.1,TTLL10,Papio_anubis,SAMEA115083520,2,648,Q57P,162.0
XM_017956103.1,TTLL10,Papio_anubis,SAMEA115083520,2,648,Y162*,162.0
XM_017956103.1,TTLL10,Papio_anubis,SAMEA115083520,2,648,S202T,162.0
XM_017956103.1,TTLL10,Papio_anubis,SAMEA115083520,2,648,D277Y,162.0
XM_017956103.1,TTLL10,Papio_anubis,SAMEA115083520,2,648,D344H,162.0
XM_017956103.1,TTLL10,Papio_anubis,SAMEA115083520,2,648,Y362D,162.0
XM_017956103.1,TTLL10,Papio_anubis,SAMEA115083520,2,648,M363I,162.0
XM_017956103.1,TTLL10,Papio_anubis,SAMEA115083520,2,648,P399A,162.0
XM_017956103.1,TTLL10,Papio_anubis,SAMEA115083520,2,648,P430L,162.0
XM_017956103.1,TTLL10,Papio_anubis,SAMEA115083520,2,648,T439R,162.0
XM_017956103.1,TTLL10,Papio_anubis,SAMEA115083520,2,648,D623S,162.0
XM_017956103.1,TTLL10,Papio_anubis,SAMEA115083520,2,648,K636R,162.0
XM_017956103.1,TTLL10,Papio_anubis,SAMEA115083521,1,648,Q57P,162.0
XM_017956103.1,TTLL10,Papio_anubis,SAMEA115083521,1,648,Y162*,162.0
XM_017956103.1,TTLL10,Papio_anubis,SAMEA115083521,1,648,S202T,162.0
XM_017956103.1,TTLL10,Papio_anubis,SAMEA115083521,1,648,D277Y,162.0
XM_017956103.1,TTLL10,Papio_anubis,SAMEA115083521,1,648,D344H,162.0
XM_017956103.1,TTLL10,Papio_anubis,SAMEA115083521,1,648,Y362D,162.0
XM_017956103.1,TTLL10,Papio_anubis,SAMEA115083521,1,648,P399A,162.0
XM_017956103.1,TTLL10,Papio_anubis,SAMEA115083521,1,648,P430L,162.0
XM_017956103.1,TTLL10,Papio_anubis,SAMEA115083521,1,648,T439R,162.0
XM_017956103.1,TTLL10,Papio_anubis,SAMEA115083521,1,648,D623S,162.0
XM_017956103.1,TTLL10,Papio_anubis,SAMEA115083521,1,648,K636R,162.0
XM_017956103.1,TTLL10,Papio_anubis,SAMEA115083521,2,648,Q57P,162.0
XM_017956103.1,TTLL10,Papio_anubis,SAMEA115083521,2,648,Y162*,162.0
XM_017956103.1,TTLL10,Papio_anubis,SAMEA115083521,2,648,S202T,162.0
XM_017956103.1,TTLL10,Papio_anubis,SAMEA115083521,2,648,D277Y,162.0
XM_017956103.1,TTLL10,Papio_anubis,SAMEA115083521,2,648,D344H,162.0
XM_017956103.1,TTLL10,Papio_anubis,SAMEA115083521,2,648,Y362D,162.0
XM_017956103.1,TTLL10,Papio_anubis,SAMEA115083521,2,648,P399A,162.0
XM_017956103.1,TTLL10,Papio_anubis,SAMEA115083521,2,648,P430L,162.0
XM_017956103.1,TTLL10,Papio_anubis,SAMEA115083521,2,648,T439R,162.0
XM_017956103.1,TTLL10,Papio_anubis,SAMEA115083521,2,648,D623S,162.0
XM_017956103.1,TTLL10,Papio_anubis,SAMEA115083521,2,648,K636R,162.0
XM_017956103.1,TTLL10,Papio_anubis,SAMEA115083522,1,648,Q57P,162.0
XM_017956103.1,TTLL10,Papio_anubis,SAMEA115083522,1,648,Y162*,162.0
XM_017956103.1,TTLL10,Papio_anubis,SAMEA115083522,1,648,S202T,162.0
XM_017956103.1,TTLL10,Papio_anubis,SAMEA115083522,1,648,D277Y,162.0
XM_017956103.1,TTLL10,Papio_anubis,SAMEA115083522,1,648,D344H,162.0
XM_017956103.1,TTLL10,Papio_anubis,SAMEA115083522,1,648,Y362D,162.0
XM_017956103.1,TTLL10,Papio_anubis,SAMEA115083522,1,648,P399A,162.0
XM_017956103.1,TTLL10,Papio_anubis,SAMEA115083522,1,648,P430L,162.0
XM_017956103.1,TTLL10,Papio_anubis,SAMEA115083522,1,648,T439R,162.0
XM_017956103.1,TTLL10,Papio_anubis,SAMEA115083522,1,648,D623S,162.0
XM_017956103.1,TTLL10,Papio_anubis,SAMEA115083522,1,648,K636R,162.0
XM_017956103.1,TTLL10,Papio_anubis,SAMEA115083522,2,648,Q57P,162.0
XM_017956103.1,TTLL10,Papio_anubis,SAMEA115083522,2,648,Y162*,162.0
XM_017956103.1,TTLL10,Papio_anubis,SAMEA115083522,2,648,S202T,162.0
XM_017956103.1,TTLL10,Papio_anubis,SAMEA115083522,2,648,D277Y,162.0
XM_017956103.1,TTLL10,Papio_anubis,SAMEA115083522,2,648,D344H,162.0
XM_017956103.1,TTLL10,Papio_anubis,SAMEA115083522,2,648,Y362D,162.0
XM_017956103.1,TTLL10,Papio_anubis,SAMEA115083522,2,648,P399A,162.0
XM_017956103.1,TTLL10,Papio_anubis,SAMEA115083522,2,648,P430L,162.0
XM_017956103.1,TTLL10,Papio_anubis,SAMEA115083522,2,648,T439R,162.0
XM_017956103.1,TTLL10,Papio_anubis,SAMEA115083522,2,648,D623S,162.0
XM_017956103.1,TTLL10,Papio_anubis,SAMEA115083522,2,648,K636R,162.0
XM_017956103.1,TTLL10,Papio_anubis,SAMEA115083523,1,648,Q57P,162.0
XM_017956103.1,TTLL10,Papio_anubis,SAMEA115083523,1,648,Y162*,162.0
XM_017956103.1,TTLL10,Papio_anubis,SAMEA115083523,1,648,S202T,162.0
XM_017956103.1,TTLL10,Papio_anubis,SAMEA115083523,1,648,D277Y,162.0
XM_017956103.1,TTLL10,Papio_anubis,SAMEA115083523,1,648,D344H,162.0
XM_017956103.1,TTLL10,Papio_anubis,SAMEA115083523,1,648,Y362D,162.0
XM_017956103.1,TTLL10,Papio_anubis,SAMEA115083523,1,648,P399A,162.0
XM_017956103.1,TTLL10,Papio_anubis,SAMEA115083523,1,648,P430L,162.0
XM_017956103.1,TTLL10,Papio_anubis,SAMEA115083523,1,648,T439R,162.0
XM_017956103.1,TTLL10,Papio_anubis,SAMEA115083523,1,648,D623S,162.0
XM_017956103.1,TTLL10,Papio_anubis,SAMEA115083523,1,648,K636R,162.0
XM_017956103.1,TTLL10,Papio_anubis,SAMEA115083523,2,648,Q57P,162.0
XM_017956103.1,TTLL10,Papio_anubis,SAMEA115083523,2,648,Y162*,162.0
XM_017956103.1,TTLL10,Papio_anubis,SAMEA115083523,2,648,S202T,162.0
XM_017956103.1,TTLL10,Papio_anubis,SAMEA115083523,2,648,D277Y,162.0
XM_017956103.1,TTLL10,Papio_anubis,SAMEA115083523,2,648,D344H,162.0
XM_017956103.1,TTLL10,Papio_anubis,SAMEA115083523,2,648,Y362D,162.0
XM_017956103.1,TTLL10,Papio_anubis,SAMEA115083523,2,648,M363I,162.0
XM_017956103.1,TTLL10,Papio_anubis,SAMEA115083523,2,648,P399A,162.0
XM_017956103.1,TTLL10,Papio_anubis,SAMEA115083523,2,648,P430L,162.0
XM_017956103.1,TTLL10,Papio_anubis,SAMEA115083523,2,648,T439R,162.0
XM_017956103.1,TTLL10,Papio_anubis,SAMEA115083523,2,648,D623S,162.0
XM_017956103.1,TTLL10,Papio_anubis,SAMEA115083523,2,648,K636R,162.0
XM_017956103.1,TTLL10,Papio_anubis,SAMEA115083524,1,648,Q57P,162.0
XM_017956103.1,TTLL10,Papio_anubis,SAMEA115083524,1,648,Y162*,162.0
XM_017956103.1,TTLL10,Papio_anubis,SAMEA115083524,1,648,S202T,162.0
XM_017956103.1,TTLL10,Papio_anubis,SAMEA115083524,1,648,D277Y,162.0
XM_017956103.1,TTLL10,Papio_anubis,SAMEA115083524,1,648,D344N,162.0
XM_017956103.1,TTLL10,Papio_anubis,SAMEA115083524,1,648,Y362D,162.0
XM_017956103.1,TTLL10,Papio_anubis,SAMEA115083524,1,648,P399A,162.0
XM_017956103.1,TTLL10,Papio_anubis,SAMEA115083524,1,648,P430L,162.0
XM_017956103.1,TTLL10,Papio_anubis,SAMEA115083524,1,648,T439R,162.0
XM_017956103.1,TTLL10,Papio_anubis,SAMEA115083524,1,648,D623S,162.0
XM_017956103.1,TTLL10,Papio_anubis,SAMEA115083524,1,648,K636R,162.0
XM_017956103.1,TTLL10,Papio_anubis,SAMEA115083524,2,648,Q57P,162.0
XM_017956103.1,TTLL10,Papio_anubis,SAMEA115083524,2,648,Y162*,162.0
XM_017956103.1,TTLL10,Papio_anubis,SAMEA115083524,2,648,S202T,162.0
XM_017956103.1,TTLL10,Papio_anubis,SAMEA115083524,2,648,D277Y,162.0
XM_017956103.1,TTLL10,Papio_anubis,SAMEA115083524,2,648,D344H,162.0
XM_017956103.1,TTLL10,Papio_anubis,SAMEA115083524,2,648,Y362D,162.0
XM_017956103.1,TTLL10,Papio_anubis,SAMEA115083524,2,648,P399A,162.0
XM_017956103.1,TTLL10,Papio_anubis,SAMEA115083524,2,648,P430L,162.0
XM_017956103.1,TTLL10,Papio_anubis,SAMEA115083524,2,648,T439R,162.0
XM_017956103.1,TTLL10,Papio_anubis,SAMEA115083524,2,648,D623S,162.0
XM_017956103.1,TTLL10,Papio_anubis,SAMEA115083524,2,648,K636R,162.0
XM_017956103.1,TTLL10,Papio_anubis,SAMEA115083526,1,648,Q57P,162.0
XM_017956103.1,TTLL10,Papio_anubis,SAMEA115083526,1,648,Y162*,162.0
XM_017956103.1,TTLL10,Papio_anubis,SAMEA115083526,1,648,S202T,162.0
XM_017956103.1,TTLL10,Papio_anubis,SAMEA115083526,1,648,D277Y,162.0
XM_017956103.1,TTLL10,Papio_anubis,SAMEA115083526,1,648,D344N,162.0
XM_017956103.1,TTLL10,Papio_anubis,SAMEA115083526,1,648,Y362D,162.0
XM_017956103.1,TTLL10,Papio_anubis,SAMEA115083526,1,648,P399A,162.0
XM_017956103.1,TTLL10,Papio_anubis,SAMEA115083526,1,648,P430L,162.0
XM_017956103.1,TTLL10,Papio_anubis,SAMEA115083526,1,648,T439R,162.0
XM_017956103.1,TTLL10,Papio_anubis,SAMEA115083526,1,648,D623S,162.0
XM_017956103.1,TTLL10,Papio_anubis,SAMEA115083526,1,648,K636R,162.0
XM_017956103.1,TTLL10,Papio_anubis,SAMEA115083526,2,648,Q57P,162.0
XM_017956103.1,TTLL10,Papio_anubis,SAMEA115083526,2,648,Y162*,162.0
XM_017956103.1,TTLL10,Papio_anubis,SAMEA115083526,2,648,S202T,162.0
XM_017956103.1,TTLL10,Papio_anubis,SAMEA115083526,2,648,D277Y,162.0
XM_017956103.1,TTLL10,Papio_anubis,SAMEA115083526,2,648,D344H,162.0
XM_017956103.1,TTLL10,Papio_anubis,SAMEA115083526,2,648,Y362D,162.0
XM_017956103.1,TTLL10,Papio_anubis,SAMEA115083526,2,648,P399A,162.0
XM_017956103.1,TTLL10,Papio_anubis,SAMEA115083526,2,648,P430L,162.0
XM_017956103.1,TTLL10,Papio_anubis,SAMEA115083526,2,648,T439R,162.0
XM_017956103.1,TTLL10,Papio_anubis,SAMEA115083526,2,648,D623S,162.0
XM_017956103.1,TTLL10,Papio_anubis,SAMEA115083526,2,648,K636R,162.0
XM_017956103.1,TTLL10,Papio_anubis,SAMEA115083527,1,648,Q57P,162.0
XM_017956103.1,TTLL10,Papio_anubis,SAMEA115083527,1,648,Y162*,162.0
XM_017956103.1,TTLL10,Papio_anubis,SAMEA115083527,1,648,S202T,162.0
XM_017956103.1,TTLL10,Papio_anubis,SAMEA115083527,1,648,D277Y,162.0
XM_017956103.1,TTLL10,Papio_anubis,SAMEA115083527,1,648,D344H,162.0
XM_017956103.1,TTLL10,Papio_anubis,SAMEA115083527,1,648,Y362D,162.0
XM_017956103.1,TTLL10,Papio_anubis,SAMEA115083527,1,648,P399A,162.0
XM_017956103.1,TTLL10,Papio_anubis,SAMEA115083527,1,648,P430L,162.0
XM_017956103.1,TTLL10,Papio_anubis,SAMEA115083527,1,648,T439R,162.0
XM_017956103.1,TTLL10,Papio_anubis,SAMEA115083527,1,648,D623S,162.0
XM_017956103.1,TTLL10,Papio_anubis,SAMEA115083527,1,648,K636R,162.0
XM_017956103.1,TTLL10,Papio_anubis,SAMEA115083527,2,648,Q57P,162.0
XM_017956103.1,TTLL10,Papio_anubis,SAMEA115083527,2,648,Y162*,162.0
XM_017956103.1,TTLL10,Papio_anubis,SAMEA115083527,2,648,S202T,162.0
XM_017956103.1,TTLL10,Papio_anubis,SAMEA115083527,2,648,D277Y,162.0
XM_017956103.1,TTLL10,Papio_anubis,SAMEA115083527,2,648,D344H,162.0
XM_017956103.1,TTLL10,Papio_anubis,SAMEA115083527,2,648,Y362D,162.0
XM_017956103.1,TTLL10,Papio_anubis,SAMEA115083527,2,648,P399A,162.0
XM_017956103.1,TTLL10,Papio_anubis,SAMEA115083527,2,648,P430L,162.0
XM_017956103.1,TTLL10,Papio_anubis,SAMEA115083527,2,648,T439R,162.0
XM_017956103.1,TTLL10,Papio_anubis,SAMEA115083527,2,648,D623S,162.0
XM_017956103.1,TTLL10,Papio_anubis,SAMEA115083527,2,648,K636R,162.0
XM_017956103.1,TTLL10,Papio_anubis,SAMEA115083528,1,648,Q57P,162.0
XM_017956103.1,TTLL10,Papio_anubis,SAMEA115083528,1,648,Y162*,162.0
XM_017956103.1,TTLL10,Papio_anubis,SAMEA115083528,1,648,S202T,162.0
XM_017956103.1,TTLL10,Papio_anubis,SAMEA115083528,1,648,D277Y,162.0
XM_017956103.1,TTLL10,Papio_anubis,SAMEA115083528,1,648,D344N,162.0
XM_017956103.1,TTLL10,Papio_anubis,SAMEA115083528,1,648,Y362D,162.0
XM_017956103.1,TTLL10,Papio_anubis,SAMEA115083528,1,648,P399A,162.0
XM_017956103.1,TTLL10,Papio_anubis,SAMEA115083528,1,648,P430L,162.0
XM_017956103.1,TTLL10,Papio_anubis,SAMEA115083528,1,648,T439R,162.0
XM_017956103.1,TTLL10,Papio_anubis,SAMEA115083528,1,648,D623S,162.0
XM_017956103.1,TTLL10,Papio_anubis,SAMEA115083528,1,648,K636R,162.0
XM_017956103.1,TTLL10,Papio_anubis,SAMEA115083528,2,648,Q57P,162.0
XM_017956103.1,TTLL10,Papio_anubis,SAMEA115083528,2,648,Y162*,162.0
XM_017956103.1,TTLL10,Papio_anubis,SAMEA115083528,2,648,S202T,162.0
XM_017956103.1,TTLL10,Papio_anubis,SAMEA115083528,2,648,D277Y,162.0
XM_017956103.1,TTLL10,Papio_anubis,SAMEA115083528,2,648,D344H,162.0
XM_017956103.1,TTLL10,Papio_anubis,SAMEA115083528,2,648,Y362D,162.0
XM_017956103.1,TTLL10,Papio_anubis,SAMEA115083528,2,648,M363I,162.0
XM_017956103.1,TTLL10,Papio_anubis,SAMEA115083528,2,648,P399A,162.0
XM_017956103.1,TTLL10,Papio_anubis,SAMEA115083528,2,648,P430L,162.0
XM_017956103.1,TTLL10,Papio_anubis,SAMEA115083528,2,648,T439R,162.0
XM_017956103.1,TTLL10,Papio_anubis,SAMEA115083528,2,648,D623S,162.0
XM_017956103.1,TTLL10,Papio_anubis,SAMEA115083528,2,648,K636R,162.0
XM_017956103.1,TTLL10,Papio_anubis,SAMEA115083529,1,648,Q57P,162.0
XM_017956103.1,TTLL10,Papio_anubis,SAMEA115083529,1,648,Y162*,162.0
XM_017956103.1,TTLL10,Papio_anubis,SAMEA115083529,1,648,S202T,162.0
XM_017956103.1,TTLL10,Papio_anubis,SAMEA115083529,1,648,D277Y,162.0
XM_017956103.1,TTLL10,Papio_anubis,SAMEA115083529,1,648,D344N,162.0
XM_017956103.1,TTLL10,Papio_anubis,SAMEA115083529,1,648,Y362D,162.0
XM_017956103.1,TTLL10,Papio_anubis,SAMEA115083529,1,648,P399A,162.0
XM_017956103.1,TTLL10,Papio_anubis,SAMEA115083529,1,648,P430L,162.0
XM_017956103.1,TTLL10,Papio_anubis,SAMEA115083529,1,648,T439R,162.0
XM_017956103.1,TTLL10,Papio_anubis,SAMEA115083529,1,648,D623S,162.0
XM_017956103.1,TTLL10,Papio_anubis,SAMEA115083529,1,648,K636R,162.0
XM_017956103.1,TTLL10,Papio_anubis,SAMEA115083529,2,648,Q57P,162.0
XM_017956103.1,TTLL10,Papio_anubis,SAMEA115083529,2,648,Y162*,162.0
XM_017956103.1,TTLL10,Papio_anubis,SAMEA115083529,2,648,S202T,162.0
XM_017956103.1,TTLL10,Papio_anubis,SAMEA115083529,2,648,D277Y,162.0
XM_017956103.1,TTLL10,Papio_anubis,SAMEA115083529,2,648,D344H,162.0
XM_017956103.1,TTLL10,Papio_anubis,SAMEA115083529,2,648,Y362D,162.0
XM_017956103.1,TTLL10,Papio_anubis,SAMEA115083529,2,648,P399A,162.0
XM_017956103.1,TTLL10,Papio_anubis,SAMEA115083529,2,648,P430L,162.0
XM_017956103.1,TTLL10,Papio_anubis,SAMEA115083529,2,648,T439R,162.0
XM_017956103.1,TTLL10,Papio_anubis,SAMEA115083529,2,648,D623S,162.0
XM_017956103.1,TTLL10,Papio_anubis,SAMEA115083529,2,648,K636R,162.0
XM_017956103.1,TTLL10,Papio_anubis,SAMEA115083530,1,648,Q57P,162.0
XM_017956103.1,TTLL10,Papio_anubis,SAMEA115083530,1,648,Y162*,162.0
XM_017956103.1,TTLL10,Papio_anubis,SAMEA115083530,1,648,S202T,162.0
XM_017956103.1,TTLL10,Papio_anubis,SAMEA115083530,1,648,D277Y,162.0
XM_017956103.1,TTLL10,Papio_anubis,SAMEA115083530,1,648,D344N,162.0
XM_017956103.1,TTLL10,Papio_anubis,SAMEA115083530,1,648,Y362D,162.0
XM_017956103.1,TTLL10,Papio_anubis,SAMEA115083530,1,648,P399A,162.0
XM_017956103.1,TTLL10,Papio_anubis,SAMEA115083530,1,648,P430L,162.0
XM_017956103.1,TTLL10,Papio_anubis,SAMEA115083530,1,648,T439R,162.0
XM_017956103.1,TTLL10,Papio_anubis,SAMEA115083530,1,648,D623S,162.0
XM_017956103.1,TTLL10,Papio_anubis,SAMEA115083530,1,648,K636R,162.0
XM_017956103.1,TTLL10,Papio_anubis,SAMEA115083530,2,648,Q57P,162.0
XM_017956103.1,TTLL10,Papio_anubis,SAMEA115083530,2,648,Y162*,162.0
XM_017956103.1,TTLL10,Papio_anubis,SAMEA115083530,2,648,S202T,162.0
XM_017956103.1,TTLL10,Papio_anubis,SAMEA115083530,2,648,D277Y,162.0
XM_017956103.1,TTLL10,Papio_anubis,SAMEA115083530,2,648,D344H,162.0
XM_017956103.1,TTLL10,Papio_anubis,SAMEA115083530,2,648,Y362D,162.0
XM_017956103.1,TTLL10,Papio_anubis,SAMEA115083530,2,648,P399A,162.0
XM_017956103.1,TTLL10,Papio_anubis,SAMEA115083530,2,648,P430L,162.0
XM_017956103.1,TTLL10,Papio_anubis,SAMEA115083530,2,648,T439R,162.0
XM_017956103.1,TTLL10,Papio_anubis,SAMEA115083530,2,648,D623S,162.0
XM_017956103.1,TTLL10,Papio_anubis,SAMEA115083530,2,648,K636R,162.0
XM_017956103.1,TTLL10,Papio_anubis,SAMEA115083531,1,648,Q57P,162.0
XM_017956103.1,TTLL10,Papio_anubis,SAMEA115083531,1,648,Y162*,162.0
XM_017956103.1,TTLL10,Papio_anubis,SAMEA115083531,1,648,S202T,162.0
XM_017956103.1,TTLL10,Papio_anubis,SAMEA115083531,1,648,D277Y,162.0
XM_017956103.1,TTLL10,Papio_anubis,SAMEA115083531,1,648,D344H,162.0
XM_017956103.1,TTLL10,Papio_anubis,SAMEA115083531,1,648,Y362D,162.0
XM_017956103.1,TTLL10,Papio_anubis,SAMEA115083531,1,648,P399A,162.0
XM_017956103.1,TTLL10,Papio_anubis,SAMEA115083531,1,648,P430L,162.0
XM_017956103.1,TTLL10,Papio_anubis,SAMEA115083531,1,648,T439R,162.0
XM_017956103.1,TTLL10,Papio_anubis,SAMEA115083531,1,648,D623S,162.0
XM_017956103.1,TTLL10,Papio_anubis,SAMEA115083531,1,648,K636R,162.0
XM_017956103.1,TTLL10,Papio_anubis,SAMEA115083531,2,648,Q57P,162.0
XM_017956103.1,TTLL10,Papio_anubis,SAMEA115083531,2,648,Y162*,162.0
XM_017956103.1,TTLL10,Papio_anubis,SAMEA115083531,2,648,S202T,162.0
XM_017956103.1,TTLL10,Papio_anubis,SAMEA115083531,2,648,D277Y,162.0
XM_017956103.1,TTLL10,Papio_anubis,SAMEA115083531,2,648,D344H,162.0
XM_017956103.1,TTLL10,Papio_anubis,SAMEA115083531,2,648,Y362D,162.0
XM_017956103.1,TTLL10,Papio_anubis,SAMEA115083531,2,648,P399A,162.0
XM_017956103.1,TTLL10,Papio_anubis,SAMEA115083531,2,648,P430L,162.0
XM_017956103.1,TTLL10,Papio_anubis,SAMEA115083531,2,648,T439R,162.0
XM_017956103.1,TTLL10,Papio_anubis,SAMEA115083531,2,648,D623S,162.0
XM_017956103.1,TTLL10,Papio_anubis,SAMEA115083531,2,648,K636R,162.0
XM_017956103.1,TTLL10,Papio_anubis,SAMEA115083532,1,648,Q57P,162.0
XM_017956103.1,TTLL10,Papio_anubis,SAMEA115083532,1,648,Y162*,162.0
XM_017956103.1,TTLL10,Papio_anubis,SAMEA115083532,1,648,S202T,162.0
XM_017956103.1,TTLL10,Papio_anubis,SAMEA115083532,1,648,D277Y,162.0
XM_017956103.1,TTLL10,Papio_anubis,SAMEA115083532,1,648,D344H,162.0
XM_017956103.1,TTLL10,Papio_anubis,SAMEA115083532,1,648,Y362D,162.0
XM_017956103.1,TTLL10,Papio_anubis,SAMEA115083532,1,648,P399A,162.0
XM_017956103.1,TTLL10,Papio_anubis,SAMEA115083532,1,648,P430L,162.0
XM_017956103.1,TTLL10,Papio_anubis,SAMEA115083532,1,648,T439R,162.0
XM_017956103.1,TTLL10,Papio_anubis,SAMEA115083532,1,648,D623S,162.0
XM_017956103.1,TTLL10,Papio_anubis,SAMEA115083532,1,648,K636R,162.0
XM_017956103.1,TTLL10,Papio_anubis,SAMEA115083532,2,648,Q57P,162.0
XM_017956103.1,TTLL10,Papio_anubis,SAMEA115083532,2,648,Y162*,162.0
XM_017956103.1,TTLL10,Papio_anubis,SAMEA115083532,2,648,S202T,162.0
XM_017956103.1,TTLL10,Papio_anubis,SAMEA115083532,2,648,D277Y,162.0
XM_017956103.1,TTLL10,Papio_anubis,SAMEA115083532,2,648,D344H,162.0
XM_017956103.1,TTLL10,Papio_anubis,SAMEA115083532,2,648,Y362D,162.0
XM_017956103.1,TTLL10,Papio_anubis,SAMEA115083532,2,648,P399A,162.0
XM_017956103.1,TTLL10,Papio_anubis,SAMEA115083532,2,648,P430L,162.0
XM_017956103.1,TTLL10,Papio_anubis,SAMEA115083532,2,648,T439R,162.0
XM_017956103.1,TTLL10,Papio_anubis,SAMEA115083532,2,648,D623S,162.0
XM_017956103.1,TTLL10,Papio_anubis,SAMEA115083532,2,648,K636R,162.0
XM_017956103.1,TTLL10,Papio_anubis,SAMEA115083533,1,648,Q57P,162.0
XM_017956103.1,TTLL10,Papio_anubis,SAMEA115083533,1,648,Y162*,162.0
XM_017956103.1,TTLL10,Papio_anubis,SAMEA115083533,1,648,S202T,162.0
XM_017956103.1,TTLL10,Papio_anubis,SAMEA115083533,1,648,D277Y,162.0
XM_017956103.1,TTLL10,Papio_anubis,SAMEA115083533,1,648,D344N,162.0
XM_017956103.1,TTLL10,Papio_anubis,SAMEA115083533,1,648,Y362D,162.0
XM_017956103.1,TTLL10,Papio_anubis,SAMEA115083533,1,648,P399A,162.0
XM_017956103.1,TTLL10,Papio_anubis,SAMEA115083533,1,648,P430L,162.0
XM_017956103.1,TTLL10,Papio_anubis,SAMEA115083533,1,648,T439R,162.0
XM_017956103.1,TTLL10,Papio_anubis,SAMEA115083533,1,648,D623S,162.0
XM_017956103.1,TTLL10,Papio_anubis,SAMEA115083533,1,648,K636R,162.0
XM_017956103.1,TTLL10,Papio_anubis,SAMEA115083533,2,648,Q57P,162.0
XM_017956103.1,TTLL10,Papio_anubis,SAMEA115083533,2,648,E111K,162.0
XM_017956103.1,TTLL10,Papio_anubis,SAMEA115083533,2,648,Y162*,162.0
XM_017956103.1,TTLL10,Papio_anubis,SAMEA115083533,2,648,S202T,162.0
XM_017956103.1,TTLL10,Papio_anubis,SAMEA115083533,2,648,D277Y,162.0
XM_017956103.1,TTLL10,Papio_anubis,SAMEA115083533,2,648,D344H,162.0
XM_017956103.1,TTLL10,Papio_anubis,SAMEA115083533,2,648,Y362D,162.0
XM_017956103.1,TTLL10,Papio_anubis,SAMEA115083533,2,648,P399T,162.0
XM_017956103.1,TTLL10,Papio_anubis,SAMEA115083533,2,648,P430L,162.0
XM_017956103.1,TTLL10,Papio_anubis,SAMEA115083533,2,648,T439R,162.0
XM_017956103.1,TTLL10,Papio_anubis,SAMEA115083533,2,648,D623S,162.0
XM_017956103.1,TTLL10,Papio_anubis,SAMEA115083533,2,648,K636R,162.0
XM_017956103.1,TTLL10,Papio_anubis,SAMEA115083537,1,648,Q57P,162.0
XM_017956103.1,TTLL10,Papio_anubis,SAMEA115083537,1,648,Y162*,162.0
XM_017956103.1,TTLL10,Papio_anubis,SAMEA115083537,1,648,S202T,162.0
XM_017956103.1,TTLL10,Papio_anubis,SAMEA115083537,1,648,D277Y,162.0
XM_017956103.1,TTLL10,Papio_anubis,SAMEA115083537,1,648,D344N,162.0
XM_017956103.1,TTLL10,Papio_anubis,SAMEA115083537,1,648,Y362D,162.0
XM_017956103.1,TTLL10,Papio_anubis,SAMEA115083537,1,648,P399A,162.0
XM_017956103.1,TTLL10,Papio_anubis,SAMEA115083537,1,648,P430L,162.0
XM_017956103.1,TTLL10,Papio_anubis,SAMEA115083537,1,648,T439R,162.0
XM_017956103.1,TTLL10,Papio_anubis,SAMEA115083537,1,648,D623S,162.0
XM_017956103.1,TTLL10,Papio_anubis,SAMEA115083537,1,648,K636R,162.0
XM_017956103.1,TTLL10,Papio_anubis,SAMEA115083537,2,648,Q57P,162.0
XM_017956103.1,TTLL10,Papio_anubis,SAMEA115083537,2,648,Y162*,162.0
XM_017956103.1,TTLL10,Papio_anubis,SAMEA115083537,2,648,S202T,162.0
XM_017956103.1,TTLL10,Papio_anubis,SAMEA115083537,2,648,D277Y,162.0
XM_017956103.1,TTLL10,Papio_anubis,SAMEA115083537,2,648,D344H,162.0
XM_017956103.1,TTLL10,Papio_anubis,SAMEA115083537,2,648,Y362D,162.0
XM_017956103.1,TTLL10,Papio_anubis,SAMEA115083537,2,648,P399A,162.0
XM_017956103.1,TTLL10,Papio_anubis,SAMEA115083537,2,648,P430L,162.0
XM_017956103.1,TTLL10,Papio_anubis,SAMEA115083537,2,648,T439R,162.0
XM_017956103.1,TTLL10,Papio_anubis,SAMEA115083537,2,648,D623S,162.0
XM_017956103.1,TTLL10,Papio_anubis,SAMEA115083537,2,648,K636R,162.0
XM_017956103.1,TTLL10,Papio_anubis,SAMEA115083538,1,648,Q57P,162.0
XM_017956103.1,TTLL10,Papio_anubis,SAMEA115083538,1,648,Y162*,162.0
XM_017956103.1,TTLL10,Papio_anubis,SAMEA115083538,1,648,S202T,162.0
XM_017956103.1,TTLL10,Papio_anubis,SAMEA115083538,1,648,D277Y,162.0
XM_017956103.1,TTLL10,Papio_anubis,SAMEA115083538,1,648,D344H,162.0
XM_017956103.1,TTLL10,Papio_anubis,SAMEA115083538,1,648,Y362D,162.0
XM_017956103.1,TTLL10,Papio_anubis,SAMEA115083538,1,648,P399A,162.0
XM_017956103.1,TTLL10,Papio_anubis,SAMEA115083538,1,648,P430L,162.0
XM_017956103.1,TTLL10,Papio_anubis,SAMEA115083538,1,648,T439R,162.0
XM_017956103.1,TTLL10,Papio_anubis,SAMEA115083538,1,648,D623S,162.0
XM_017956103.1,TTLL10,Papio_anubis,SAMEA115083538,1,648,K636R,162.0
XM_017956103.1,TTLL10,Papio_anubis,SAMEA115083538,2,648,Q57P,162.0
XM_017956103.1,TTLL10,Papio_anubis,SAMEA115083538,2,648,Y162*,162.0
XM_017956103.1,TTLL10,Papio_anubis,SAMEA115083538,2,648,S202T,162.0
XM_017956103.1,TTLL10,Papio_anubis,SAMEA115083538,2,648,D277Y,162.0
XM_017956103.1,TTLL10,Papio_anubis,SAMEA115083538,2,648,D344H,162.0
XM_017956103.1,TTLL10,Papio_anubis,SAMEA115083538,2,648,Y362D,162.0
XM_017956103.1,TTLL10,Papio_anubis,SAMEA115083538,2,648,P399A,162.0
XM_017956103.1,TTLL10,Papio_anubis,SAMEA115083538,2,648,P430L,162.0
XM_017956103.1,TTLL10,Papio_anubis,SAMEA115083538,2,648,T439R,162.0
XM_017956103.1,TTLL10,Papio_anubis,SAMEA115083538,2,648,D623S,162.0
XM_017956103.1,TTLL10,Papio_anubis,SAMEA115083538,2,648,K636R,162.0
XM_017956103.1,TTLL10,Papio_anubis,SAMEA115083539,1,648,Q57P,162.0
XM_017956103.1,TTLL10,Papio_anubis,SAMEA115083539,1,648,Y162*,162.0
XM_017956103.1,TTLL10,Papio_anubis,SAMEA115083539,1,648,S202T,162.0
XM_017956103.1,TTLL10,Papio_anubis,SAMEA115083539,1,648,D277Y,162.0
XM_017956103.1,TTLL10,Papio_anubis,SAMEA115083539,1,648,D344N,162.0
XM_017956103.1,TTLL10,Papio_anubis,SAMEA115083539,1,648,Y362D,162.0
XM_017956103.1,TTLL10,Papio_anubis,SAMEA115083539,1,648,P399A,162.0
XM_017956103.1,TTLL10,Papio_anubis,SAMEA115083539,1,648,P430L,162.0
XM_017956103.1,TTLL10,Papio_anubis,SAMEA115083539,1,648,T439R,162.0
XM_017956103.1,TTLL10,Papio_anubis,SAMEA115083539,1,648,D623S,162.0
XM_017956103.1,TTLL10,Papio_anubis,SAMEA115083539,1,648,K636R,162.0
XM_017956103.1,TTLL10,Papio_anubis,SAMEA115083539,2,648,Q57P,162.0
XM_017956103.1,TTLL10,Papio_anubis,SAMEA115083539,2,648,Y162*,162.0
XM_017956103.1,TTLL10,Papio_anubis,SAMEA115083539,2,648,S202T,162.0
XM_017956103.1,TTLL10,Papio_anubis,SAMEA115083539,2,648,D277Y,162.0
XM_017956103.1,TTLL10,Papio_anubis,SAMEA115083539,2,648,D344H,162.0
XM_017956103.1,TTLL10,Papio_anubis,SAMEA115083539,2,648,Y362D,162.0
XM_017956103.1,TTLL10,Papio_anubis,SAMEA115083539,2,648,P399A,162.0
XM_017956103.1,TTLL10,Papio_anubis,SAMEA115083539,2,648,P430L,162.0
XM_017956103.1,TTLL10,Papio_anubis,SAMEA115083539,2,648,T439R,162.0
XM_017956103.1,TTLL10,Papio_anubis,SAMEA115083539,2,648,D623S,162.0
XM_017956103.1,TTLL10,Papio_anubis,SAMEA115083539,2,648,K636R,162.0
XM_017956103.1,TTLL10,Papio_anubis,SAMEA115083540,1,648,Q57P,162.0
XM_017956103.1,TTLL10,Papio_anubis,SAMEA115083540,1,648,Y162*,162.0
XM_017956103.1,TTLL10,Papio_anubis,SAMEA115083540,1,648,S202T,162.0
XM_017956103.1,TTLL10,Papio_anubis,SAMEA115083540,1,648,D277Y,162.0
XM_017956103.1,TTLL10,Papio_anubis,SAMEA115083540,1,648,D344H,162.0
XM_017956103.1,TTLL10,Papio_anubis,SAMEA115083540,1,648,Y362D,162.0
XM_017956103.1,TTLL10,Papio_anubis,SAMEA115083540,1,648,P399A,162.0
XM_017956103.1,TTLL10,Papio_anubis,SAMEA115083540,1,648,P430L,162.0
XM_017956103.1,TTLL10,Papio_anubis,SAMEA115083540,1,648,T439R,162.0
XM_017956103.1,TTLL10,Papio_anubis,SAMEA115083540,1,648,D623S,162.0
XM_017956103.1,TTLL10,Papio_anubis,SAMEA115083540,1,648,K636R,162.0
XM_017956103.1,TTLL10,Papio_anubis,SAMEA115083540,2,648,Q57P,162.0
XM_017956103.1,TTLL10,Papio_anubis,SAMEA115083540,2,648,Y162*,162.0
XM_017956103.1,TTLL10,Papio_anubis,SAMEA115083540,2,648,S202T,162.0
XM_017956103.1,TTLL10,Papio_anubis,SAMEA115083540,2,648,D344H,162.0
XM_017956103.1,TTLL10,Papio_anubis,SAMEA115083540,2,648,Y362D,162.0
XM_017956103.1,TTLL10,Papio_anubis,SAMEA115083540,2,648,P399T,162.0
XM_017956103.1,TTLL10,Papio_anubis,SAMEA115083540,2,648,P430L,162.0
XM_017956103.1,TTLL10,Papio_anubis,SAMEA115083540,2,648,T439R,162.0
XM_017956103.1,TTLL10,Papio_anubis,SAMEA115083540,2,648,D623S,162.0
XM_017956103.1,TTLL10,Papio_anubis,SAMEA115083540,2,648,K636R,162.0
XM_017956103.1,TTLL10,Papio_anubis,SAMEA115083541,1,648,Q57P,162.0
XM_017956103.1,TTLL10,Papio_anubis,SAMEA115083541,1,648,Y162*,162.0
XM_017956103.1,TTLL10,Papio_anubis,SAMEA115083541,1,648,S202T,162.0
XM_017956103.1,TTLL10,Papio_anubis,SAMEA115083541,1,648,D277Y,162.0
XM_017956103.1,TTLL10,Papio_anubis,SAMEA115083541,1,648,D344H,162.0
XM_017956103.1,TTLL10,Papio_anubis,SAMEA115083541,1,648,Y362D,162.0
XM_017956103.1,TTLL10,Papio_anubis,SAMEA115083541,1,648,P399A,162.0
XM_017956103.1,TTLL10,Papio_anubis,SAMEA115083541,1,648,P430L,162.0
XM_017956103.1,TTLL10,Papio_anubis,SAMEA115083541,1,648,T439R,162.0
XM_017956103.1,TTLL10,Papio_anubis,SAMEA115083541,1,648,D623S,162.0
XM_017956103.1,TTLL10,Papio_anubis,SAMEA115083541,1,648,K636R,162.0
XM_017956103.1,TTLL10,Papio_anubis,SAMEA115083541,2,648,Q57P,162.0
XM_017956103.1,TTLL10,Papio_anubis,SAMEA115083541,2,648,Y162*,162.0
XM_017956103.1,TTLL10,Papio_anubis,SAMEA115083541,2,648,S202T,162.0
XM_017956103.1,TTLL10,Papio_anubis,SAMEA115083541,2,648,D344H,162.0
XM_017956103.1,TTLL10,Papio_anubis,SAMEA115083541,2,648,Y362D,162.0
XM_017956103.1,TTLL10,Papio_anubis,SAMEA115083541,2,648,P399A,162.0
XM_017956103.1,TTLL10,Papio_anubis,SAMEA115083541,2,648,P430L,162.0
XM_017956103.1,TTLL10,Papio_anubis,SAMEA115083541,2,648,T439R,162.0
XM_017956103.1,TTLL10,Papio_anubis,SAMEA115083541,2,648,D623S,162.0
XM_017956103.1,TTLL10,Papio_anubis,SAMEA115083541,2,648,K636R,162.0
XM_017956103.1,TTLL10,Papio_anubis,SAMEA115083542,1,648,Q57P,162.0
XM_017956103.1,TTLL10,Papio_anubis,SAMEA115083542,1,648,Y162*,162.0
XM_017956103.1,TTLL10,Papio_anubis,SAMEA115083542,1,648,S202T,162.0
XM_017956103.1,TTLL10,Papio_anubis,SAMEA115083542,1,648,D277Y,162.0
XM_017956103.1,TTLL10,Papio_anubis,SAMEA115083542,1,648,D344N,162.0
XM_017956103.1,TTLL10,Papio_anubis,SAMEA115083542,1,648,Y362D,162.0
XM_017956103.1,TTLL10,Papio_anubis,SAMEA115083542,1,648,P399A,162.0
XM_017956103.1,TTLL10,Papio_anubis,SAMEA115083542,1,648,P430L,162.0
XM_017956103.1,TTLL10,Papio_anubis,SAMEA115083542,1,648,T439R,162.0
XM_017956103.1,TTLL10,Papio_anubis,SAMEA115083542,1,648,D623S,162.0
XM_017956103.1,TTLL10,Papio_anubis,SAMEA115083542,1,648,K636R,162.0
XM_017956103.1,TTLL10,Papio_anubis,SAMEA115083542,2,648,Q57P,162.0
XM_017956103.1,TTLL10,Papio_anubis,SAMEA115083542,2,648,Y162*,162.0
XM_017956103.1,TTLL10,Papio_anubis,SAMEA115083542,2,648,S202T,162.0
XM_017956103.1,TTLL10,Papio_anubis,SAMEA115083542,2,648,D277Y,162.0
XM_017956103.1,TTLL10,Papio_anubis,SAMEA115083542,2,648,D344H,162.0
XM_017956103.1,TTLL10,Papio_anubis,SAMEA115083542,2,648,Y362D,162.0
XM_017956103.1,TTLL10,Papio_anubis,SAMEA115083542,2,648,P399A,162.0
XM_017956103.1,TTLL10,Papio_anubis,SAMEA115083542,2,648,P430L,162.0
XM_017956103.1,TTLL10,Papio_anubis,SAMEA115083542,2,648,T439R,162.0
XM_017956103.1,TTLL10,Papio_anubis,SAMEA115083542,2,648,D623S,162.0
XM_017956103.1,TTLL10,Papio_anubis,SAMEA115083542,2,648,K636R,162.0
XM_017956103.1,TTLL10,Papio_anubis,SAMEA115083543,1,648,Q57P,162.0
XM_017956103.1,TTLL10,Papio_anubis,SAMEA115083543,1,648,Y162*,162.0
XM_017956103.1,TTLL10,Papio_anubis,SAMEA115083543,1,648,S202T,162.0
XM_017956103.1,TTLL10,Papio_anubis,SAMEA115083543,1,648,D277Y,162.0
XM_017956103.1,TTLL10,Papio_anubis,SAMEA115083543,1,648,D344H,162.0
XM_017956103.1,TTLL10,Papio_anubis,SAMEA115083543,1,648,Y362D,162.0
XM_017956103.1,TTLL10,Papio_anubis,SAMEA115083543,1,648,P399A,162.0
XM_017956103.1,TTLL10,Papio_anubis,SAMEA115083543,1,648,P430L,162.0
XM_017956103.1,TTLL10,Papio_anubis,SAMEA115083543,1,648,T439R,162.0
XM_017956103.1,TTLL10,Papio_anubis,SAMEA115083543,1,648,D623S,162.0
XM_017956103.1,TTLL10,Papio_anubis,SAMEA115083543,1,648,K636R,162.0
XM_017956103.1,TTLL10,Papio_anubis,SAMEA115083543,2,648,Q57P,162.0
XM_017956103.1,TTLL10,Papio_anubis,SAMEA115083543,2,648,Y162*,162.0
XM_017956103.1,TTLL10,Papio_anubis,SAMEA115083543,2,648,S202T,162.0
XM_017956103.1,TTLL10,Papio_anubis,SAMEA115083543,2,648,D277Y,162.0
XM_017956103.1,TTLL10,Papio_anubis,SAMEA115083543,2,648,D344H,162.0
XM_017956103.1,TTLL10,Papio_anubis,SAMEA115083543,2,648,Y362D,162.0
XM_017956103.1,TTLL10,Papio_anubis,SAMEA115083543,2,648,P399A,162.0
XM_017956103.1,TTLL10,Papio_anubis,SAMEA115083543,2,648,P430L,162.0
XM_017956103.1,TTLL10,Papio_anubis,SAMEA115083543,2,648,T439R,162.0
XM_017956103.1,TTLL10,Papio_anubis,SAMEA115083543,2,648,D623S,162.0
XM_017956103.1,TTLL10,Papio_anubis,SAMEA115083543,2,648,K636R,162.0
XM_017956103.1,TTLL10,Papio_anubis,SAMEA115083544,1,648,Q57P,162.0
XM_017956103.1,TTLL10,Papio_anubis,SAMEA115083544,1,648,Y162*,162.0
XM_017956103.1,TTLL10,Papio_anubis,SAMEA115083544,1,648,S202T,162.0
XM_017956103.1,TTLL10,Papio_anubis,SAMEA115083544,1,648,D277Y,162.0
XM_017956103.1,TTLL10,Papio_anubis,SAMEA115083544,1,648,D344N,162.0
XM_017956103.1,TTLL10,Papio_anubis,SAMEA115083544,1,648,Y362D,162.0
XM_017956103.1,TTLL10,Papio_anubis,SAMEA115083544,1,648,P399A,162.0
XM_017956103.1,TTLL10,Papio_anubis,SAMEA115083544,1,648,P430L,162.0
XM_017956103.1,TTLL10,Papio_anubis,SAMEA115083544,1,648,T439R,162.0
XM_017956103.1,TTLL10,Papio_anubis,SAMEA115083544,1,648,D623S,162.0
XM_017956103.1,TTLL10,Papio_anubis,SAMEA115083544,1,648,K636R,162.0
XM_017956103.1,TTLL10,Papio_anubis,SAMEA115083544,2,648,Q57P,162.0
XM_017956103.1,TTLL10,Papio_anubis,SAMEA115083544,2,648,Y162*,162.0
XM_017956103.1,TTLL10,Papio_anubis,SAMEA115083544,2,648,S202T,162.0
XM_017956103.1,TTLL10,Papio_anubis,SAMEA115083544,2,648,D277Y,162.0
XM_017956103.1,TTLL10,Papio_anubis,SAMEA115083544,2,648,D344H,162.0
XM_017956103.1,TTLL10,Papio_anubis,SAMEA115083544,2,648,Y362D,162.0
XM_017956103.1,TTLL10,Papio_anubis,SAMEA115083544,2,648,P399A,162.0
XM_017956103.1,TTLL10,Papio_anubis,SAMEA115083544,2,648,P430L,162.0
XM_017956103.1,TTLL10,Papio_anubis,SAMEA115083544,2,648,T439R,162.0
XM_017956103.1,TTLL10,Papio_anubis,SAMEA115083544,2,648,D623S,162.0
XM_017956103.1,TTLL10,Papio_anubis,SAMEA115083544,2,648,K636R,162.0
XM_017956103.1,TTLL10,Papio_anubis,SAMEA115083545,1,648,Q57P,162.0
XM_017956103.1,TTLL10,Papio_anubis,SAMEA115083545,1,648,Y162*,162.0
XM_017956103.1,TTLL10,Papio_anubis,SAMEA115083545,1,648,S202T,162.0
XM_017956103.1,TTLL10,Papio_anubis,SAMEA115083545,1,648,D277Y,162.0
XM_017956103.1,TTLL10,Papio_anubis,SAMEA115083545,1,648,D344H,162.0
XM_017956103.1,TTLL10,Papio_anubis,SAMEA115083545,1,648,Y362D,162.0
XM_017956103.1,TTLL10,Papio_anubis,SAMEA115083545,1,648,P399A,162.0
XM_017956103.1,TTLL10,Papio_anubis,SAMEA115083545,1,648,P430L,162.0
XM_017956103.1,TTLL10,Papio_anubis,SAMEA115083545,1,648,T439R,162.0
XM_017956103.1,TTLL10,Papio_anubis,SAMEA115083545,1,648,D623S,162.0
XM_017956103.1,TTLL10,Papio_anubis,SAMEA115083545,1,648,K636R,162.0
XM_017956103.1,TTLL10,Papio_anubis,SAMEA115083545,2,648,Q57P,162.0
XM_017956103.1,TTLL10,Papio_anubis,SAMEA115083545,2,648,E111K,162.0
XM_017956103.1,TTLL10,Papio_anubis,SAMEA115083545,2,648,Y162*,162.0
XM_017956103.1,TTLL10,Papio_anubis,SAMEA115083545,2,648,S202T,162.0
XM_017956103.1,TTLL10,Papio_anubis,SAMEA115083545,2,648,D277Y,162.0
XM_017956103.1,TTLL10,Papio_anubis,SAMEA115083545,2,648,D344H,162.0
XM_017956103.1,TTLL10,Papio_anubis,SAMEA115083545,2,648,Y362D,162.0
XM_017956103.1,TTLL10,Papio_anubis,SAMEA115083545,2,648,P399T,162.0
XM_017956103.1,TTLL10,Papio_anubis,SAMEA115083545,2,648,P430L,162.0
XM_017956103.1,TTLL10,Papio_anubis,SAMEA115083545,2,648,T439R,162.0
XM_017956103.1,TTLL10,Papio_anubis,SAMEA115083545,2,648,D623S,162.0
XM_017956103.1,TTLL10,Papio_anubis,SAMEA115083545,2,648,K636R,162.0
XM_017956103.1,TTLL10,Papio_anubis,SAMEA115083546,1,648,Q57P,162.0
XM_017956103.1,TTLL10,Papio_anubis,SAMEA115083546,1,648,Y162*,162.0
XM_017956103.1,TTLL10,Papio_anubis,SAMEA115083546,1,648,S202T,162.0
XM_017956103.1,TTLL10,Papio_anubis,SAMEA115083546,1,648,D277Y,162.0
XM_017956103.1,TTLL10,Papio_anubis,SAMEA115083546,1,648,D344H,162.0
XM_017956103.1,TTLL10,Papio_anubis,SAMEA115083546,1,648,Y362D,162.0
XM_017956103.1,TTLL10,Papio_anubis,SAMEA115083546,1,648,P399A,162.0
XM_017956103.1,TTLL10,Papio_anubis,SAMEA115083546,1,648,P430L,162.0
XM_017956103.1,TTLL10,Papio_anubis,SAMEA115083546,1,648,T439R,162.0
XM_017956103.1,TTLL10,Papio_anubis,SAMEA115083546,1,648,D623S,162.0
XM_017956103.1,TTLL10,Papio_anubis,SAMEA115083546,1,648,K636R,162.0
XM_017956103.1,TTLL10,Papio_anubis,SAMEA115083546,2,648,Q57P,162.0
XM_017956103.1,TTLL10,Papio_anubis,SAMEA115083546,2,648,E111K,162.0
XM_017956103.1,TTLL10,Papio_anubis,SAMEA115083546,2,648,Y162*,162.0
XM_017956103.1,TTLL10,Papio_anubis,SAMEA115083546,2,648,S202T,162.0
XM_017956103.1,TTLL10,Papio_anubis,SAMEA115083546,2,648,D277Y,162.0
XM_017956103.1,TTLL10,Papio_anubis,SAMEA115083546,2,648,D344H,162.0
XM_017956103.1,TTLL10,Papio_anubis,SAMEA115083546,2,648,Y362D,162.0
XM_017956103.1,TTLL10,Papio_anubis,SAMEA115083546,2,648,P399T,162.0
XM_017956103.1,TTLL10,Papio_anubis,SAMEA115083546,2,648,P430L,162.0
XM_017956103.1,TTLL10,Papio_anubis,SAMEA115083546,2,648,T439R,162.0
XM_017956103.1,TTLL10,Papio_anubis,SAMEA115083546,2,648,D623S,162.0
XM_017956103.1,TTLL10,Papio_anubis,SAMEA115083546,2,648,K636R,162.0
XM_017956103.1,TTLL10,Papio_anubis,SAMEA115083547,1,648,Q57P,162.0
XM_017956103.1,TTLL10,Papio_anubis,SAMEA115083547,1,648,Y162*,162.0
XM_017956103.1,TTLL10,Papio_anubis,SAMEA115083547,1,648,S202T,162.0
XM_017956103.1,TTLL10,Papio_anubis,SAMEA115083547,1,648,D277Y,162.0
XM_017956103.1,TTLL10,Papio_anubis,SAMEA115083547,1,648,D344N,162.0
XM_017956103.1,TTLL10,Papio_anubis,SAMEA115083547,1,648,Y362D,162.0
XM_017956103.1,TTLL10,Papio_anubis,SAMEA115083547,1,648,P399A,162.0
XM_017956103.1,TTLL10,Papio_anubis,SAMEA115083547,1,648,P430L,162.0
XM_017956103.1,TTLL10,Papio_anubis,SAMEA115083547,1,648,T439R,162.0
XM_017956103.1,TTLL10,Papio_anubis,SAMEA115083547,1,648,D623S,162.0
XM_017956103.1,TTLL10,Papio_anubis,SAMEA115083547,1,648,K636R,162.0
XM_017956103.1,TTLL10,Papio_anubis,SAMEA115083547,2,648,Q57P,162.0
XM_017956103.1,TTLL10,Papio_anubis,SAMEA115083547,2,648,Y162*,162.0
XM_017956103.1,TTLL10,Papio_anubis,SAMEA115083547,2,648,S202T,162.0
XM_017956103.1,TTLL10,Papio_anubis,SAMEA115083547,2,648,D277Y,162.0
XM_017956103.1,TTLL10,Papio_anubis,SAMEA115083547,2,648,D344N,162.0
XM_017956103.1,TTLL10,Papio_anubis,SAMEA115083547,2,648,Y362D,162.0
XM_017956103.1,TTLL10,Papio_anubis,SAMEA115083547,2,648,P399A,162.0
XM_017956103.1,TTLL10,Papio_anubis,SAMEA115083547,2,648,P430L,162.0
XM_017956103.1,TTLL10,Papio_anubis,SAMEA115083547,2,648,T439R,162.0
XM_017956103.1,TTLL10,Papio_anubis,SAMEA115083547,2,648,D623S,162.0
XM_017956103.1,TTLL10,Papio_anubis,SAMEA115083547,2,648,K636R,162.0
XM_017956103.1,TTLL10,Papio_anubis,SAMEA115083548,1,648,Q57P,162.0
XM_017956103.1,TTLL10,Papio_anubis,SAMEA115083548,1,648,Y162*,162.0
XM_017956103.1,TTLL10,Papio_anubis,SAMEA115083548,1,648,S202T,162.0
XM_017956103.1,TTLL10,Papio_anubis,SAMEA115083548,1,648,D277Y,162.0
XM_017956103.1,TTLL10,Papio_anubis,SAMEA115083548,1,648,D344H,162.0
XM_017956103.1,TTLL10,Papio_anubis,SAMEA115083548,1,648,Y362D,162.0
XM_017956103.1,TTLL10,Papio_anubis,SAMEA115083548,1,648,P399A,162.0
XM_017956103.1,TTLL10,Papio_anubis,SAMEA115083548,1,648,P430L,162.0
XM_017956103.1,TTLL10,Papio_anubis,SAMEA115083548,1,648,T439R,162.0
XM_017956103.1,TTLL10,Papio_anubis,SAMEA115083548,1,648,D623S,162.0
XM_017956103.1,TTLL10,Papio_anubis,SAMEA115083548,1,648,K636R,162.0
XM_017956103.1,TTLL10,Papio_anubis,SAMEA115083548,2,648,Q57P,162.0
XM_017956103.1,TTLL10,Papio_anubis,SAMEA115083548,2,648,Y162*,162.0
XM_017956103.1,TTLL10,Papio_anubis,SAMEA115083548,2,648,S202T,162.0
XM_017956103.1,TTLL10,Papio_anubis,SAMEA115083548,2,648,D277Y,162.0
XM_017956103.1,TTLL10,Papio_anubis,SAMEA115083548,2,648,D344H,162.0
XM_017956103.1,TTLL10,Papio_anubis,SAMEA115083548,2,648,Y362D,162.0
XM_017956103.1,TTLL10,Papio_anubis,SAMEA115083548,2,648,P399A,162.0
XM_017956103.1,TTLL10,Papio_anubis,SAMEA115083548,2,648,P430L,162.0
XM_017956103.1,TTLL10,Papio_anubis,SAMEA115083548,2,648,T439R,162.0
XM_017956103.1,TTLL10,Papio_anubis,SAMEA115083548,2,648,D623S,162.0
XM_017956103.1,TTLL10,Papio_anubis,SAMEA115083548,2,648,K636R,162.0
XM_017956103.1,TTLL10,Papio_anubis,SAMEA115083549,1,648,Q57P,162.0
XM_017956103.1,TTLL10,Papio_anubis,SAMEA115083549,1,648,Y162*,162.0
XM_017956103.1,TTLL10,Papio_anubis,SAMEA115083549,1,648,S202T,162.0
XM_017956103.1,TTLL10,Papio_anubis,SAMEA115083549,1,648,D277Y,162.0
XM_017956103.1,TTLL10,Papio_anubis,SAMEA115083549,1,648,D344H,162.0
XM_017956103.1,TTLL10,Papio_anubis,SAMEA115083549,1,648,Y362D,162.0
XM_017956103.1,TTLL10,Papio_anubis,SAMEA115083549,1,648,P399A,162.0
XM_017956103.1,TTLL10,Papio_anubis,SAMEA115083549,1,648,P430L,162.0
XM_017956103.1,TTLL10,Papio_anubis,SAMEA115083549,1,648,T439R,162.0
XM_017956103.1,TTLL10,Papio_anubis,SAMEA115083549,1,648,D623S,162.0
XM_017956103.1,TTLL10,Papio_anubis,SAMEA115083549,1,648,K636R,162.0
XM_017956103.1,TTLL10,Papio_anubis,SAMEA115083549,2,648,Q57P,162.0
XM_017956103.1,TTLL10,Papio_anubis,SAMEA115083549,2,648,Y162*,162.0
XM_017956103.1,TTLL10,Papio_anubis,SAMEA115083549,2,648,S202T,162.0
XM_017956103.1,TTLL10,Papio_anubis,SAMEA115083549,2,648,D344H,162.0
XM_017956103.1,TTLL10,Papio_anubis,SAMEA115083549,2,648,Y362D,162.0
XM_017956103.1,TTLL10,Papio_anubis,SAMEA115083549,2,648,P399A,162.0
XM_017956103.1,TTLL10,Papio_anubis,SAMEA115083549,2,648,P430L,162.0
XM_017956103.1,TTLL10,Papio_anubis,SAMEA115083549,2,648,T439R,162.0
XM_017956103.1,TTLL10,Papio_anubis,SAMEA115083549,2,648,D623S,162.0
XM_017956103.1,TTLL10,Papio_anubis,SAMEA115083549,2,648,K636R,162.0
XM_017956103.1,TTLL10,Papio_anubis,SAMN02199293,1,648,Q57P,162.0
XM_017956103.1,TTLL10,Papio_anubis,SAMN02199293,1,648,Y162*,162.0
XM_017956103.1,TTLL10,Papio_anubis,SAMN02199293,1,648,S202T,162.0
XM_017956103.1,TTLL10,Papio_anubis,SAMN02199293,1,648,D277Y,162.0
XM_017956103.1,TTLL10,Papio_anubis,SAMN02199293,1,648,P399A,162.0
XM_017956103.1,TTLL10,Papio_anubis,SAMN02199293,1,648,T439R,162.0
XM_017956103.1,TTLL10,Papio_anubis,SAMN02199293,1,648,D623S,162.0
XM_017956103.1,TTLL10,Papio_anubis,SAMN02199293,1,648,K636R,162.0
XM_017956103.1,TTLL10,Papio_anubis,SAMN02199293,2,648,Q57P,162.0
XM_017956103.1,TTLL10,Papio_anubis,SAMN02199293,2,648,Y162*,162.0
XM_017956103.1,TTLL10,Papio_anubis,SAMN02199293,2,648,S202T,162.0
XM_017956103.1,TTLL10,Papio_anubis,SAMN02199293,2,648,D277Y,162.0
XM_017956103.1,TTLL10,Papio_anubis,SAMN02199293,2,648,P399A,162.0
XM_017956103.1,TTLL10,Papio_anubis,SAMN02199293,2,648,T439R,162.0
XM_017956103.1,TTLL10,Papio_anubis,SAMN02199293,2,648,D623S,162.0
XM_017956103.1,TTLL10,Papio_anubis,SAMN02866410,1,648,Q57P,162.0
XM_017956103.1,TTLL10,Papio_anubis,SAMN02866410,1,648,Y162*,162.0
XM_017956103.1,TTLL10,Papio_anubis,SAMN02866410,1,648,S202T,162.0
XM_017956103.1,TTLL10,Papio_anubis,SAMN02866410,1,648,D277Y,162.0
XM_017956103.1,TTLL10,Papio_anubis,SAMN02866410,1,648,D344H,162.0
XM_017956103.1,TTLL10,Papio_anubis,SAMN02866410,1,648,P399A,162.0
XM_017956103.1,TTLL10,Papio_anubis,SAMN02866410,1,648,P430L,162.0
XM_017956103.1,TTLL10,Papio_anubis,SAMN02866410,1,648,T439R,162.0
XM_017956103.1,TTLL10,Papio_anubis,SAMN02866410,1,648,D623S,162.0
XM_017956103.1,TTLL10,Papio_anubis,SAMN02866410,1,648,K636R,162.0
XM_017956103.1,TTLL10,Papio_anubis,SAMN02866410,2,648,Q57P,162.0
XM_017956103.1,TTLL10,Papio_anubis,SAMN02866410,2,648,Y162*,162.0
XM_017956103.1,TTLL10,Papio_anubis,SAMN02866410,2,648,S202T,162.0
XM_017956103.1,TTLL10,Papio_anubis,SAMN02866410,2,648,D277Y,162.0
XM_017956103.1,TTLL10,Papio_anubis,SAMN02866410,2,648,D344H,162.0
XM_017956103.1,TTLL10,Papio_anubis,SAMN02866410,2,648,P399A,162.0
XM_017956103.1,TTLL10,Papio_anubis,SAMN02866410,2,648,P430L,162.0
XM_017956103.1,TTLL10,Papio_anubis,SAMN02866410,2,648,T439R,162.0
XM_017956103.1,TTLL10,Papio_anubis,SAMN02866410,2,648,D623S,162.0
XM_017956103.1,TTLL10,Papio_anubis,SAMN02866410,2,648,K636R,162.0
XM_017956103.1,TTLL10,Papio_anubis,SAMN02866411,1,648,Y162*,162.0
XM_017956103.1,TTLL10,Papio_anubis,SAMN02866411,1,648,S202T,162.0
XM_017956103.1,TTLL10,Papio_anubis,SAMN02866411,1,648,D277Y,162.0
XM_017956103.1,TTLL10,Papio_anubis,SAMN02866411,1,648,D344H,162.0
XM_017956103.1,TTLL10,Papio_anubis,SAMN02866411,1,648,P399A,162.0
XM_017956103.1,TTLL10,Papio_anubis,SAMN02866411,1,648,P430L,162.0
XM_017956103.1,TTLL10,Papio_anubis,SAMN02866411,1,648,T439R,162.0
XM_017956103.1,TTLL10,Papio_anubis,SAMN02866411,1,648,D623S,162.0
XM_017956103.1,TTLL10,Papio_anubis,SAMN02866411,1,648,K636R,162.0
XM_017956103.1,TTLL10,Papio_anubis,SAMN02866411,2,648,Y162*,162.0
XM_017956103.1,TTLL10,Papio_anubis,SAMN02866411,2,648,S202T,162.0
XM_017956103.1,TTLL10,Papio_anubis,SAMN02866411,2,648,D277Y,162.0
XM_017956103.1,TTLL10,Papio_anubis,SAMN02866411,2,648,D344H,162.0
XM_017956103.1,TTLL10,Papio_anubis,SAMN02866411,2,648,P399T,162.0
XM_017956103.1,TTLL10,Papio_anubis,SAMN02866411,2,648,P430L,162.0
XM_017956103.1,TTLL10,Papio_anubis,SAMN02866411,2,648,T439R,162.0
XM_017956103.1,TTLL10,Papio_anubis,SAMN02866411,2,648,D623S,162.0
XM_017956103.1,TTLL10,Papio_anubis,SAMN02866411,2,648,K636R,162.0
XM_017956103.1,TTLL10,Papio_anubis,SAMN03073707,1,648,Q57P,162.0
XM_017956103.1,TTLL10,Papio_anubis,SAMN03073707,1,648,Y162*,162.0
XM_017956103.1,TTLL10,Papio_anubis,SAMN03073707,1,648,S202T,162.0
XM_017956103.1,TTLL10,Papio_anubis,SAMN03073707,1,648,D277Y,162.0
XM_017956103.1,TTLL10,Papio_anubis,SAMN03073707,1,648,D344N,162.0
XM_017956103.1,TTLL10,Papio_anubis,SAMN03073707,1,648,Y362D,162.0
XM_017956103.1,TTLL10,Papio_anubis,SAMN03073707,1,648,P399A,162.0
XM_017956103.1,TTLL10,Papio_anubis,SAMN03073707,1,648,P430L,162.0
XM_017956103.1,TTLL10,Papio_anubis,SAMN03073707,1,648,T439R,162.0
XM_017956103.1,TTLL10,Papio_anubis,SAMN03073707,1,648,D623S,162.0
XM_017956103.1,TTLL10,Papio_anubis,SAMN03073707,1,648,K636R,162.0
XM_017956103.1,TTLL10,Papio_anubis,SAMN03073707,2,648,Q57P,162.0
XM_017956103.1,TTLL10,Papio_anubis,SAMN03073707,2,648,Y162*,162.0
XM_017956103.1,TTLL10,Papio_anubis,SAMN03073707,2,648,S202T,162.0
XM_017956103.1,TTLL10,Papio_anubis,SAMN03073707,2,648,D277Y,162.0
XM_017956103.1,TTLL10,Papio_anubis,SAMN03073707,2,648,D344H,162.0
XM_017956103.1,TTLL10,Papio_anubis,SAMN03073707,2,648,Y362D,162.0
XM_017956103.1,TTLL10,Papio_anubis,SAMN03073707,2,648,P399A,162.0
XM_017956103.1,TTLL10,Papio_anubis,SAMN03073707,2,648,P430L,162.0
XM_017956103.1,TTLL10,Papio_anubis,SAMN03073707,2,648,T439R,162.0
XM_017956103.1,TTLL10,Papio_anubis,SAMN03073707,2,648,D623S,162.0
XM_017956103.1,TTLL10,Papio_anubis,SAMN03073707,2,648,K636R,162.0
XM_017956103.1,TTLL10,Papio_anubis,SAMN03073708,1,648,Q57P,
XM_017956103.1,TTLL10,Papio_anubis,SAMN03073708,1,648,S202T,
XM_017956103.1,TTLL10,Papio_anubis,SAMN03073708,1,648,D277Y,
XM_017956103.1,TTLL10,Papio_anubis,SAMN03073708,1,648,P399A,
XM_017956103.1,TTLL10,Papio_anubis,SAMN03073708,1,648,P430L,
XM_017956103.1,TTLL10,Papio_anubis,SAMN03073708,1,648,T439R,
XM_017956103.1,TTLL10,Papio_anubis,SAMN03073708,1,648,D623S,
XM_017956103.1,TTLL10,Papio_anubis,SAMN03073708,2,648,Q57P,
XM_017956103.1,TTLL10,Papio_anubis,SAMN03073708,2,648,S202T,
XM_017956103.1,TTLL10,Papio_anubis,SAMN03073708,2,648,D277Y,
XM_017956103.1,TTLL10,Papio_anubis,SAMN03073708,2,648,P399A,
XM_017956103.1,TTLL10,Papio_anubis,SAMN03073708,2,648,P430L,
XM_017956103.1,TTLL10,Papio_anubis,SAMN03073708,2,648,T439R,
XM_017956103.1,TTLL10,Papio_anubis,SAMN03073708,2,648,D623S,
XM_017956103.1,TTLL10,Papio_anubis,SAMN43494759,1,648,Q57P,162.0
XM_017956103.1,TTLL10,Papio_anubis,SAMN43494759,1,648,Y162*,162.0
XM_017956103.1,TTLL10,Papio_anubis,SAMN43494759,1,648,S202T,162.0
XM_017956103.1,TTLL10,Papio_anubis,SAMN43494759,1,648,D277Y,162.0
XM_017956103.1,TTLL10,Papio_anubis,SAMN43494759,1,648,D344N,162.0
XM_017956103.1,TTLL10,Papio_anubis,SAMN43494759,1,648,Y362D,162.0
XM_017956103.1,TTLL10,Papio_anubis,SAMN43494759,1,648,P399A,162.0
XM_017956103.1,TTLL10,Papio_anubis,SAMN43494759,1,648,P430L,162.0
XM_017956103.1,TTLL10,Papio_anubis,SAMN43494759,1,648,T439R,162.0
XM_017956103.1,TTLL10,Papio_anubis,SAMN43494759,1,648,D623S,162.0
XM_017956103.1,TTLL10,Papio_anubis,SAMN43494759,1,648,K636R,162.0
XM_017956103.1,TTLL10,Papio_anubis,SAMN43494759,2,648,Q57P,162.0
XM_017956103.1,TTLL10,Papio_anubis,SAMN43494759,2,648,Y162*,162.0
XM_017956103.1,TTLL10,Papio_anubis,SAMN43494759,2,648,S202T,162.0
XM_017956103.1,TTLL10,Papio_anubis,SAMN43494759,2,648,D277Y,162.0
XM_017956103.1,TTLL10,Papio_anubis,SAMN43494759,2,648,D344N,162.0
XM_017956103.1,TTLL10,Papio_anubis,SAMN43494759,2,648,Y362D,162.0
XM_017956103.1,TTLL10,Papio_anubis,SAMN43494759,2,648,P399A,162.0
XM_017956103.1,TTLL10,Papio_anubis,SAMN43494759,2,648,P430L,162.0
XM_017956103.1,TTLL10,Papio_anubis,SAMN43494759,2,648,T439R,162.0
XM_017956103.1,TTLL10,Papio_anubis,SAMN43494759,2,648,D623S,162.0
XM_017956103.1,TTLL10,Papio_anubis,SAMN43494759,2,648,K636R,162.0
XM_017956103.1,TTLL10,Papio_anubis,SAMN43494760,1,648,Q57P,162.0
XM_017956103.1,TTLL10,Papio_anubis,SAMN43494760,1,648,Y162*,162.0
XM_017956103.1,TTLL10,Papio_anubis,SAMN43494760,1,648,S202T,162.0
XM_017956103.1,TTLL10,Papio_anubis,SAMN43494760,1,648,D277Y,162.0
XM_017956103.1,TTLL10,Papio_anubis,SAMN43494760,1,648,D344N,162.0
XM_017956103.1,TTLL10,Papio_anubis,SAMN43494760,1,648,Y362D,162.0
XM_017956103.1,TTLL10,Papio_anubis,SAMN43494760,1,648,P399A,162.0
XM_017956103.1,TTLL10,Papio_anubis,SAMN43494760,1,648,P430L,162.0
XM_017956103.1,TTLL10,Papio_anubis,SAMN43494760,1,648,T439R,162.0
XM_017956103.1,TTLL10,Papio_anubis,SAMN43494760,1,648,D623S,162.0
XM_017956103.1,TTLL10,Papio_anubis,SAMN43494760,1,648,K636R,162.0
XM_017956103.1,TTLL10,Papio_anubis,SAMN43494760,2,648,Q57P,162.0
XM_017956103.1,TTLL10,Papio_anubis,SAMN43494760,2,648,Y162*,162.0
XM_017956103.1,TTLL10,Papio_anubis,SAMN43494760,2,648,S202T,162.0
XM_017956103.1,TTLL10,Papio_anubis,SAMN43494760,2,648,D277Y,162.0
XM_017956103.1,TTLL10,Papio_anubis,SAMN43494760,2,648,D344H,162.0
XM_017956103.1,TTLL10,Papio_anubis,SAMN43494760,2,648,Y362D,162.0
XM_017956103.1,TTLL10,Papio_anubis,SAMN43494760,2,648,P399A,162.0
XM_017956103.1,TTLL10,Papio_anubis,SAMN43494760,2,648,P430L,162.0
XM_017956103.1,TTLL10,Papio_anubis,SAMN43494760,2,648,T439R,162.0
XM_017956103.1,TTLL10,Papio_anubis,SAMN43494760,2,648,D623S,162.0
XM_017956103.1,TTLL10,Papio_anubis,SAMN43494760,2,648,K636R,162.0
XM_017956103.1,TTLL10,Papio_anubis,SAMN43494761,1,648,Q57P,162.0
XM_017956103.1,TTLL10,Papio_anubis,SAMN43494761,1,648,Y162*,162.0
XM_017956103.1,TTLL10,Papio_anubis,SAMN43494761,1,648,S202T,162.0
XM_017956103.1,TTLL10,Papio_anubis,SAMN43494761,1,648,D277Y,162.0
XM_017956103.1,TTLL10,Papio_anubis,SAMN43494761,1,648,D344N,162.0
XM_017956103.1,TTLL10,Papio_anubis,SAMN43494761,1,648,Y362D,162.0
XM_017956103.1,TTLL10,Papio_anubis,SAMN43494761,1,648,P399A,162.0
XM_017956103.1,TTLL10,Papio_anubis,SAMN43494761,1,648,P430L,162.0
XM_017956103.1,TTLL10,Papio_anubis,SAMN43494761,1,648,T439R,162.0
XM_017956103.1,TTLL10,Papio_anubis,SAMN43494761,1,648,D623S,162.0
XM_017956103.1,TTLL10,Papio_anubis,SAMN43494761,1,648,K636R,162.0
XM_017956103.1,TTLL10,Papio_anubis,SAMN43494761,2,648,Q57P,162.0
XM_017956103.1,TTLL10,Papio_anubis,SAMN43494761,2,648,Y162*,162.0
XM_017956103.1,TTLL10,Papio_anubis,SAMN43494761,2,648,S202T,162.0
XM_017956103.1,TTLL10,Papio_anubis,SAMN43494761,2,648,D277Y,162.0
XM_017956103.1,TTLL10,Papio_anubis,SAMN43494761,2,648,D344N,162.0
XM_017956103.1,TTLL10,Papio_anubis,SAMN43494761,2,648,Y362D,162.0
XM_017956103.1,TTLL10,Papio_anubis,SAMN43494761,2,648,P399A,162.0
XM_017956103.1,TTLL10,Papio_anubis,SAMN43494761,2,648,P430L,162.0
XM_017956103.1,TTLL10,Papio_anubis,SAMN43494761,2,648,T439R,162.0
XM_017956103.1,TTLL10,Papio_anubis,SAMN43494761,2,648,D623S,162.0
XM_017956103.1,TTLL10,Papio_anubis,SAMN43494761,2,648,K636R,162.0
XM_017956103.1,TTLL10,Papio_anubis,SAMN43494762,1,648,Q57P,162.0
XM_017956103.1,TTLL10,Papio_anubis,SAMN43494762,1,648,Y162*,162.0
XM_017956103.1,TTLL10,Papio_anubis,SAMN43494762,1,648,S202T,162.0
XM_017956103.1,TTLL10,Papio_anubis,SAMN43494762,1,648,D277Y,162.0
XM_017956103.1,TTLL10,Papio_anubis,SAMN43494762,1,648,D344N,162.0
XM_017956103.1,TTLL10,Papio_anubis,SAMN43494762,1,648,Y362D,162.0
XM_017956103.1,TTLL10,Papio_anubis,SAMN43494762,1,648,P399A,162.0
XM_017956103.1,TTLL10,Papio_anubis,SAMN43494762,1,648,P430L,162.0
XM_017956103.1,TTLL10,Papio_anubis,SAMN43494762,1,648,T439R,162.0
XM_017956103.1,TTLL10,Papio_anubis,SAMN43494762,1,648,D623S,162.0
XM_017956103.1,TTLL10,Papio_anubis,SAMN43494762,1,648,K636R,162.0
XM_017956103.1,TTLL10,Papio_anubis,SAMN43494762,2,648,Q57P,162.0
XM_017956103.1,TTLL10,Papio_anubis,SAMN43494762,2,648,Y162*,162.0
XM_017956103.1,TTLL10,Papio_anubis,SAMN43494762,2,648,S202T,162.0
XM_017956103.1,TTLL10,Papio_anubis,SAMN43494762,2,648,D277Y,162.0
XM_017956103.1,TTLL10,Papio_anubis,SAMN43494762,2,648,D344H,162.0
XM_017956103.1,TTLL10,Papio_anubis,SAMN43494762,2,648,Y362D,162.0
XM_017956103.1,TTLL10,Papio_anubis,SAMN43494762,2,648,P399A,162.0
XM_017956103.1,TTLL10,Papio_anubis,SAMN43494762,2,648,P430L,162.0
XM_017956103.1,TTLL10,Papio_anubis,SAMN43494762,2,648,T439R,162.0
XM_017956103.1,TTLL10,Papio_anubis,SAMN43494762,2,648,D623S,162.0
XM_017956103.1,TTLL10,Papio_anubis,SAMN43494762,2,648,K636R,162.0
XM_017956103.1,TTLL10,Papio_anubis,SAMN43494763,1,648,Q57P,162.0
XM_017956103.1,TTLL10,Papio_anubis,SAMN43494763,1,648,Y162*,162.0
XM_017956103.1,TTLL10,Papio_anubis,SAMN43494763,1,648,S202T,162.0
XM_017956103.1,TTLL10,Papio_anubis,SAMN43494763,1,648,D277Y,162.0
XM_017956103.1,TTLL10,Papio_anubis,SAMN43494763,1,648,D344H,162.0
XM_017956103.1,TTLL10,Papio_anubis,SAMN43494763,1,648,Y362D,162.0
XM_017956103.1,TTLL10,Papio_anubis,SAMN43494763,1,648,P399A,162.0
XM_017956103.1,TTLL10,Papio_anubis,SAMN43494763,1,648,P430L,162.0
XM_017956103.1,TTLL10,Papio_anubis,SAMN43494763,1,648,T439R,162.0
XM_017956103.1,TTLL10,Papio_anubis,SAMN43494763,1,648,D623S,162.0
XM_017956103.1,TTLL10,Papio_anubis,SAMN43494763,1,648,K636R,162.0
XM_017956103.1,TTLL10,Papio_anubis,SAMN43494763,2,648,Q57P,162.0
XM_017956103.1,TTLL10,Papio_anubis,SAMN43494763,2,648,Y162*,162.0
XM_017956103.1,TTLL10,Papio_anubis,SAMN43494763,2,648,S202T,162.0
XM_017956103.1,TTLL10,Papio_anubis,SAMN43494763,2,648,D277Y,162.0
XM_017956103.1,TTLL10,Papio_anubis,SAMN43494763,2,648,D344H,162.0
XM_017956103.1,TTLL10,Papio_anubis,SAMN43494763,2,648,Y362D,162.0
XM_017956103.1,TTLL10,Papio_anubis,SAMN43494763,2,648,P399A,162.0
XM_017956103.1,TTLL10,Papio_anubis,SAMN43494763,2,648,P430L,162.0
XM_017956103.1,TTLL10,Papio_anubis,SAMN43494763,2,648,T439R,162.0
XM_017956103.1,TTLL10,Papio_anubis,SAMN43494763,2,648,D623S,162.0
XM_017956103.1,TTLL10,Papio_anubis,SAMN43494763,2,648,K636R,162.0
XM_017956103.1,TTLL10,Papio_anubis,SAMN43494764,1,648,Q57P,162.0
XM_017956103.1,TTLL10,Papio_anubis,SAMN43494764,1,648,Y162*,162.0
XM_017956103.1,TTLL10,Papio_anubis,SAMN43494764,1,648,S202T,162.0
XM_017956103.1,TTLL10,Papio_anubis,SAMN43494764,1,648,D277Y,162.0
XM_017956103.1,TTLL10,Papio_anubis,SAMN43494764,1,648,D344N,162.0
XM_017956103.1,TTLL10,Papio_anubis,SAMN43494764,1,648,Y362D,162.0
XM_017956103.1,TTLL10,Papio_anubis,SAMN43494764,1,648,P399A,162.0
XM_017956103.1,TTLL10,Papio_anubis,SAMN43494764,1,648,P430L,162.0
XM_017956103.1,TTLL10,Papio_anubis,SAMN43494764,1,648,T439R,162.0
XM_017956103.1,TTLL10,Papio_anubis,SAMN43494764,1,648,D623S,162.0
XM_017956103.1,TTLL10,Papio_anubis,SAMN43494764,1,648,K636R,162.0
XM_017956103.1,TTLL10,Papio_anubis,SAMN43494764,2,648,Q57P,162.0
XM_017956103.1,TTLL10,Papio_anubis,SAMN43494764,2,648,Y162*,162.0
XM_017956103.1,TTLL10,Papio_anubis,SAMN43494764,2,648,S202T,162.0
XM_017956103.1,TTLL10,Papio_anubis,SAMN43494764,2,648,D277Y,162.0
XM_017956103.1,TTLL10,Papio_anubis,SAMN43494764,2,648,D344H,162.0
XM_017956103.1,TTLL10,Papio_anubis,SAMN43494764,2,648,Y362D,162.0
XM_017956103.1,TTLL10,Papio_anubis,SAMN43494764,2,648,P399T,162.0
XM_017956103.1,TTLL10,Papio_anubis,SAMN43494764,2,648,P430L,162.0
XM_017956103.1,TTLL10,Papio_anubis,SAMN43494764,2,648,T439R,162.0
XM_017956103.1,TTLL10,Papio_anubis,SAMN43494764,2,648,D623S,162.0
XM_017956103.1,TTLL10,Papio_anubis,SAMN43494764,2,648,K636R,162.0
XM_017956103.1,TTLL10,Papio_anubis,SAMN43494765,1,648,Q57P,162.0
XM_017956103.1,TTLL10,Papio_anubis,SAMN43494765,1,648,Y162*,162.0
XM_017956103.1,TTLL10,Papio_anubis,SAMN43494765,1,648,S202T,162.0
XM_017956103.1,TTLL10,Papio_anubis,SAMN43494765,1,648,D277Y,162.0
XM_017956103.1,TTLL10,Papio_anubis,SAMN43494765,1,648,D344H,162.0
XM_017956103.1,TTLL10,Papio_anubis,SAMN43494765,1,648,Y362D,162.0
XM_017956103.1,TTLL10,Papio_anubis,SAMN43494765,1,648,P399A,162.0
XM_017956103.1,TTLL10,Papio_anubis,SAMN43494765,1,648,P430L,162.0
XM_017956103.1,TTLL10,Papio_anubis,SAMN43494765,1,648,T439R,162.0
XM_017956103.1,TTLL10,Papio_anubis,SAMN43494765,1,648,D623A,162.0
XM_017956103.1,TTLL10,Papio_anubis,SAMN43494765,1,648,K636R,162.0
XM_017956103.1,TTLL10,Papio_anubis,SAMN43494765,2,648,Q57P,162.0
XM_017956103.1,TTLL10,Papio_anubis,SAMN43494765,2,648,Y162*,162.0
XM_017956103.1,TTLL10,Papio_anubis,SAMN43494765,2,648,S202T,162.0
XM_017956103.1,TTLL10,Papio_anubis,SAMN43494765,2,648,D277Y,162.0
XM_017956103.1,TTLL10,Papio_anubis,SAMN43494765,2,648,D344H,162.0
XM_017956103.1,TTLL10,Papio_anubis,SAMN43494765,2,648,Y362D,162.0
XM_017956103.1,TTLL10,Papio_anubis,SAMN43494765,2,648,P399T,162.0
XM_017956103.1,TTLL10,Papio_anubis,SAMN43494765,2,648,P430L,162.0
XM_017956103.1,TTLL10,Papio_anubis,SAMN43494765,2,648,T439R,162.0
XM_017956103.1,TTLL10,Papio_anubis,SAMN43494765,2,648,D623A,162.0
XM_017956103.1,TTLL10,Papio_anubis,SAMN43494765,2,648,K636R,162.0
XM_017956103.1,TTLL10,Papio_anubis,SAMN43494766,1,648,Q57P,162.0
XM_017956103.1,TTLL10,Papio_anubis,SAMN43494766,1,648,Y162*,162.0
XM_017956103.1,TTLL10,Papio_anubis,SAMN43494766,1,648,S202T,162.0
XM_017956103.1,TTLL10,Papio_anubis,SAMN43494766,1,648,D277Y,162.0
XM_017956103.1,TTLL10,Papio_anubis,SAMN43494766,1,648,D344H,162.0
XM_017956103.1,TTLL10,Papio_anubis,SAMN43494766,1,648,Y362D,162.0
XM_017956103.1,TTLL10,Papio_anubis,SAMN43494766,1,648,P399A,162.0
XM_017956103.1,TTLL10,Papio_anubis,SAMN43494766,1,648,P430L,162.0
XM_017956103.1,TTLL10,Papio_anubis,SAMN43494766,1,648,T439R,162.0
XM_017956103.1,TTLL10,Papio_anubis,SAMN43494766,1,648,D623S,162.0
XM_017956103.1,TTLL10,Papio_anubis,SAMN43494766,1,648,K636R,162.0
XM_017956103.1,TTLL10,Papio_anubis,SAMN43494766,2,648,Q57P,162.0
XM_017956103.1,TTLL10,Papio_anubis,SAMN43494766,2,648,Y162*,162.0
XM_017956103.1,TTLL10,Papio_anubis,SAMN43494766,2,648,S202T,162.0
XM_017956103.1,TTLL10,Papio_anubis,SAMN43494766,2,648,D277Y,162.0
XM_017956103.1,TTLL10,Papio_anubis,SAMN43494766,2,648,D344H,162.0
XM_017956103.1,TTLL10,Papio_anubis,SAMN43494766,2,648,Y362D,162.0
XM_017956103.1,TTLL10,Papio_anubis,SAMN43494766,2,648,P399T,162.0
XM_017956103.1,TTLL10,Papio_anubis,SAMN43494766,2,648,P430L,162.0
XM_017956103.1,TTLL10,Papio_anubis,SAMN43494766,2,648,T439R,162.0
XM_017956103.1,TTLL10,Papio_anubis,SAMN43494766,2,648,D623S,162.0
XM_017956103.1,TTLL10,Papio_anubis,SAMN43494766,2,648,K636R,162.0
XM_017956103.1,TTLL10,Papio_anubis,SAMN43494767,1,648,Q57P,162.0
XM_017956103.1,TTLL10,Papio_anubis,SAMN43494767,1,648,Y162*,162.0
XM_017956103.1,TTLL10,Papio_anubis,SAMN43494767,1,648,S202T,162.0
XM_017956103.1,TTLL10,Papio_anubis,SAMN43494767,1,648,D277Y,162.0
XM_017956103.1,TTLL10,Papio_anubis,SAMN43494767,1,648,D344H,162.0
XM_017956103.1,TTLL10,Papio_anubis,SAMN43494767,1,648,Y362D,162.0
XM_017956103.1,TTLL10,Papio_anubis,SAMN43494767,1,648,P399A,162.0
XM_017956103.1,TTLL10,Papio_anubis,SAMN43494767,1,648,P430L,162.0
XM_017956103.1,TTLL10,Papio_anubis,SAMN43494767,1,648,T439R,162.0
XM_017956103.1,TTLL10,Papio_anubis,SAMN43494767,1,648,D623S,162.0
XM_017956103.1,TTLL10,Papio_anubis,SAMN43494767,1,648,K636R,162.0
XM_017956103.1,TTLL10,Papio_anubis,SAMN43494767,2,648,Q57P,162.0
XM_017956103.1,TTLL10,Papio_anubis,SAMN43494767,2,648,Y162*,162.0
XM_017956103.1,TTLL10,Papio_anubis,SAMN43494767,2,648,S202T,162.0
XM_017956103.1,TTLL10,Papio_anubis,SAMN43494767,2,648,D277Y,162.0
XM_017956103.1,TTLL10,Papio_anubis,SAMN43494767,2,648,D344H,162.0
XM_017956103.1,TTLL10,Papio_anubis,SAMN43494767,2,648,Y362D,162.0
XM_017956103.1,TTLL10,Papio_anubis,SAMN43494767,2,648,P399A,162.0
XM_017956103.1,TTLL10,Papio_anubis,SAMN43494767,2,648,P430L,162.0
XM_017956103.1,TTLL10,Papio_anubis,SAMN43494767,2,648,T439R,162.0
XM_017956103.1,TTLL10,Papio_anubis,SAMN43494767,2,648,D623S,162.0
XM_017956103.1,TTLL10,Papio_anubis,SAMN43494767,2,648,K636R,162.0
XM_017956103.1,TTLL10,Papio_papio,SAMEA112483028,1,648,E111K,
XM_017956103.1,TTLL10,Papio_papio,SAMEA112483028,1,648,D277Y,
XM_017956103.1,TTLL10,Papio_papio,SAMEA112483028,1,648,G292R,
XM_017956103.1,TTLL10,Papio_papio,SAMEA112483028,1,648,V434I,
XM_017956103.1,TTLL10,Papio_papio,SAMEA112483028,2,648,E111K,
XM_017956103.1,TTLL10,Papio_papio,SAMEA112483028,2,648,D277Y,
XM_017956103.1,TTLL10,Papio_papio,SAMEA112483028,2,648,G292R,
XM_017956103.1,TTLL10,Papio_papio,SAMEA112483028,2,648,V434I,
XM_017956103.1,TTLL10,Papio_papio,SAMEA112483029,1,648,E111K,
XM_017956103.1,TTLL10,Papio_papio,SAMEA112483029,1,648,D277Y,
XM_017956103.1,TTLL10,Papio_papio,SAMEA112483029,1,648,G292R,
XM_017956103.1,TTLL10,Papio_papio,SAMEA112483029,1,648,V434I,
XM_017956103.1,TTLL10,Papio_papio,SAMEA112483029,2,648,E111K,
XM_017956103.1,TTLL10,Papio_papio,SAMEA112483029,2,648,D277Y,
XM_017956103.1,TTLL10,Papio_papio,SAMEA112483029,2,648,G292R,
XM_017956103.1,TTLL10,Papio_papio,SAMEA112483029,2,648,V434I,
XM_017956103.1,TTLL10,Papio_papio,SAMEA112483030,1,648,D277Y,
XM_017956103.1,TTLL10,Papio_papio,SAMEA112483030,1,648,G292R,
XM_017956103.1,TTLL10,Papio_papio,SAMEA112483030,1,648,V434I,
XM_017956103.1,TTLL10,Papio_papio,SAMEA112483030,2,648,E111K,
XM_017956103.1,TTLL10,Papio_papio,SAMEA112483030,2,648,G292C,
XM_017956103.1,TTLL10,Papio_papio,SAMEA112483031,1,648,D277Y,
XM_017956103.1,TTLL10,Papio_papio,SAMEA112483031,1,648,G292R,
XM_017956103.1,TTLL10,Papio_papio,SAMEA112483031,1,648,V434I,
XM_017956103.1,TTLL10,Papio_papio,SAMEA112483031,2,648,E111K,
XM_017956103.1,TTLL10,Papio_papio,SAMEA112483031,2,648,G292R,
XM_017956103.1,TTLL10,Papio_papio,SAMEA112483032,1,648,D277Y,
XM_017956103.1,TTLL10,Papio_papio,SAMEA112483032,1,648,G292R,
XM_017956103.1,TTLL10,Papio_papio,SAMEA112483032,1,648,V434I,
XM_017956103.1,TTLL10,Papio_papio,SAMEA112483032,2,648,E111K,
XM_017956103.1,TTLL10,Papio_papio,SAMEA112483032,2,648,G292C,
XM_017956103.1,TTLL10,Papio_papio,SAMEA112483033,1,648,D277Y,
XM_017956103.1,TTLL10,Papio_papio,SAMEA112483033,1,648,G292R,
XM_017956103.1,TTLL10,Papio_papio,SAMEA112483033,1,648,V434I,
XM_017956103.1,TTLL10,Papio_papio,SAMEA112483033,2,648,E111K,
XM_017956103.1,TTLL10,Papio_papio,SAMEA112483033,2,648,G292C,
XM_017956103.1,TTLL10,Papio_papio,SAMEA112483034,1,648,D277Y,
XM_017956103.1,TTLL10,Papio_papio,SAMEA112483034,1,648,G292R,
XM_017956103.1,TTLL10,Papio_papio,SAMEA112483034,1,648,V434I,
XM_017956103.1,TTLL10,Papio_papio,SAMEA112483034,2,648,E111K,
XM_017956103.1,TTLL10,Papio_papio,SAMEA112483034,2,648,G292C,
XM_017956103.1,TTLL10,Papio_papio,SAMEA112483035,1,648,D277Y,
XM_017956103.1,TTLL10,Papio_papio,SAMEA112483035,1,648,G292R,
XM_017956103.1,TTLL10,Papio_papio,SAMEA112483035,1,648,V434I,
XM_017956103.1,TTLL10,Papio_papio,SAMEA112483035,2,648,E111K,
XM_017956103.1,TTLL10,Papio_papio,SAMEA112483035,2,648,G292C,
XM_017956103.1,TTLL10,Papio_papio,SAMEA112483036,1,648,G292R,
XM_017956103.1,TTLL10,Papio_papio,SAMEA112483036,2,648,G292C,
XM_017956103.1,TTLL10,Papio_papio,SAMEA112483037,1,648,D277Y,
XM_017956103.1,TTLL10,Papio_papio,SAMEA112483037,1,648,G292R,
XM_017956103.1,TTLL10,Papio_papio,SAMEA112483037,1,648,V434I,
XM_017956103.1,TTLL10,Papio_papio,SAMEA112483037,2,648,E111K,
XM_017956103.1,TTLL10,Papio_papio,SAMEA112483037,2,648,G292C,
XM_017956103.1,TTLL10,Papio_papio,SAMEA112483038,1,648,D277Y,
XM_017956103.1,TTLL10,Papio_papio,SAMEA112483038,1,648,G292R,
XM_017956103.1,TTLL10,Papio_papio,SAMEA112483038,1,648,V434I,
XM_017956103.1,TTLL10,Papio_papio,SAMEA112483038,2,648,E111K,
XM_017956103.1,TTLL10,Papio_papio,SAMEA112483038,2,648,G292C,
XM_017956103.1,TTLL10,Papio_papio,SAMEA112483039,1,648,D277Y,
XM_017956103.1,TTLL10,Papio_papio,SAMEA112483039,1,648,G292R,
XM_017956103.1,TTLL10,Papio_papio,SAMEA112483039,1,648,V434I,
XM_017956103.1,TTLL10,Papio_papio,SAMEA112483039,2,648,E111K,
XM_017956103.1,TTLL10,Papio_papio,SAMEA112483039,2,648,G292C,
XM_017956103.1,TTLL10,Papio_papio,SAMN02866416,1,648,D277Y,
XM_017956103.1,TTLL10,Papio_papio,SAMN02866416,1,648,G292R,
XM_017956103.1,TTLL10,Papio_papio,SAMN02866416,1,648,V434I,
XM_017956103.1,TTLL10,Papio_papio,SAMN02866416,2,648,E111K,
XM_017956103.1,TTLL10,Papio_papio,SAMN02866416,2,648,G292C,
XM_017956103.1,TTLL10,Papio_papio,SAMN03073711,1,648,D277Y,
XM_017956103.1,TTLL10,Papio_papio,SAMN03073711,1,648,V434I,
XM_017956103.1,TTLL10,Papio_papio,SAMN03073711,2,648,E111K,
XM_017956103.1,TTLL10,Papio_kindae,SAMEA112483216,1,648,R159W,
XM_017956103.1,TTLL10,Papio_kindae,SAMEA112483216,1,648,D277Y,
XM_017956103.1,TTLL10,Papio_kindae,SAMEA112483216,1,648,E278Q,
XM_017956103.1,TTLL10,Papio_kindae,SAMEA112483216,1,648,M363I,
XM_017956103.1,TTLL10,Papio_kindae,SAMEA112483216,1,648,V434I,
XM_017956103.1,TTLL10,Papio_kindae,SAMEA112483216,1,648,T439R,
XM_017956103.1,TTLL10,Papio_kindae,SAMEA112483216,1,648,K460N,
XM_017956103.1,TTLL10,Papio_kindae,SAMEA112483216,1,648,L513R,
XM_017956103.1,TTLL10,Papio_kindae,SAMEA112483216,1,648,S519R,
XM_017956103.1,TTLL10,Papio_kindae,SAMEA112483216,1,648,D623A,
XM_017956103.1,TTLL10,Papio_kindae,SAMEA112483216,1,648,G633E,
XM_017956103.1,TTLL10,Papio_kindae,SAMEA112483216,2,648,R159W,
XM_017956103.1,TTLL10,Papio_kindae,SAMEA112483216,2,648,E278Q,
XM_017956103.1,TTLL10,Papio_kindae,SAMEA112483216,2,648,M363I,
XM_017956103.1,TTLL10,Papio_kindae,SAMEA112483216,2,648,T439R,
XM_017956103.1,TTLL10,Papio_kindae,SAMEA112483216,2,648,K460N,
XM_017956103.1,TTLL10,Papio_kindae,SAMEA112483216,2,648,L513R,
XM_017956103.1,TTLL10,Papio_kindae,SAMEA112483216,2,648,S519R,
XM_017956103.1,TTLL10,Papio_kindae,SAMEA112483216,2,648,D623A,
XM_017956103.1,TTLL10,Papio_kindae,SAMEA112483216,2,648,G633E,
XM_017956103.1,TTLL10,Papio_kindae,SAMEA112483217,1,648,R159W,
XM_017956103.1,TTLL10,Papio_kindae,SAMEA112483217,1,648,D277Y,
XM_017956103.1,TTLL10,Papio_kindae,SAMEA112483217,1,648,E278Q,
XM_017956103.1,TTLL10,Papio_kindae,SAMEA112483217,1,648,M363I,
XM_017956103.1,TTLL10,Papio_kindae,SAMEA112483217,1,648,T439R,
XM_017956103.1,TTLL10,Papio_kindae,SAMEA112483217,1,648,K460N,
XM_017956103.1,TTLL10,Papio_kindae,SAMEA112483217,1,648,L513R,
XM_017956103.1,TTLL10,Papio_kindae,SAMEA112483217,1,648,S519R,
XM_017956103.1,TTLL10,Papio_kindae,SAMEA112483217,1,648,D623A,
XM_017956103.1,TTLL10,Papio_kindae,SAMEA112483217,1,648,G633E,
XM_017956103.1,TTLL10,Papio_kindae,SAMEA112483217,2,648,R159W,
XM_017956103.1,TTLL10,Papio_kindae,SAMEA112483217,2,648,D277Y,
XM_017956103.1,TTLL10,Papio_kindae,SAMEA112483217,2,648,E278Q,
XM_017956103.1,TTLL10,Papio_kindae,SAMEA112483217,2,648,M363I,
XM_017956103.1,TTLL10,Papio_kindae,SAMEA112483217,2,648,T439R,
XM_017956103.1,TTLL10,Papio_kindae,SAMEA112483217,2,648,K460N,
XM_017956103.1,TTLL10,Papio_kindae,SAMEA112483217,2,648,L513R,
XM_017956103.1,TTLL10,Papio_kindae,SAMEA112483217,2,648,S519R,
XM_017956103.1,TTLL10,Papio_kindae,SAMEA112483217,2,648,D623A,
XM_017956103.1,TTLL10,Papio_kindae,SAMEA112483217,2,648,G633E,
XM_017956103.1,TTLL10,Papio_kindae,SAMEA112483218,1,648,R159G,
XM_017956103.1,TTLL10,Papio_kindae,SAMEA112483218,1,648,D277Y,
XM_017956103.1,TTLL10,Papio_kindae,SAMEA112483218,1,648,E278Q,
XM_017956103.1,TTLL10,Papio_kindae,SAMEA112483218,1,648,M363I,
XM_017956103.1,TTLL10,Papio_kindae,SAMEA112483218,1,648,V434I,
XM_017956103.1,TTLL10,Papio_kindae,SAMEA112483218,1,648,T439R,
XM_017956103.1,TTLL10,Papio_kindae,SAMEA112483218,1,648,K460N,
XM_017956103.1,TTLL10,Papio_kindae,SAMEA112483218,1,648,L513R,
XM_017956103.1,TTLL10,Papio_kindae,SAMEA112483218,1,648,S519R,
XM_017956103.1,TTLL10,Papio_kindae,SAMEA112483218,1,648,D623A,
XM_017956103.1,TTLL10,Papio_kindae,SAMEA112483218,1,648,G633E,
XM_017956103.1,TTLL10,Papio_kindae,SAMEA112483218,2,648,R159W,
XM_017956103.1,TTLL10,Papio_kindae,SAMEA112483218,2,648,D277Y,
XM_017956103.1,TTLL10,Papio_kindae,SAMEA112483218,2,648,E278Q,
XM_017956103.1,TTLL10,Papio_kindae,SAMEA112483218,2,648,M363I,
XM_017956103.1,TTLL10,Papio_kindae,SAMEA112483218,2,648,V434I,
XM_017956103.1,TTLL10,Papio_kindae,SAMEA112483218,2,648,T439K,
XM_017956103.1,TTLL10,Papio_kindae,SAMEA112483218,2,648,K460N,
XM_017956103.1,TTLL10,Papio_kindae,SAMEA112483218,2,648,L513R,
XM_017956103.1,TTLL10,Papio_kindae,SAMEA112483218,2,648,S519R,
XM_017956103.1,TTLL10,Papio_kindae,SAMEA112483218,2,648,D623A,
XM_017956103.1,TTLL10,Papio_kindae,SAMEA112483218,2,648,G633E,
XM_017956103.1,TTLL10,Papio_kindae,SAMEA112483225,1,648,R159G,
XM_017956103.1,TTLL10,Papio_kindae,SAMEA112483225,1,648,D277Y,
XM_017956103.1,TTLL10,Papio_kindae,SAMEA112483225,1,648,E278Q,
XM_017956103.1,TTLL10,Papio_kindae,SAMEA112483225,1,648,M363I,
XM_017956103.1,TTLL10,Papio_kindae,SAMEA112483225,1,648,V434I,
XM_017956103.1,TTLL10,Papio_kindae,SAMEA112483225,1,648,T439R,
XM_017956103.1,TTLL10,Papio_kindae,SAMEA112483225,1,648,K460N,
XM_017956103.1,TTLL10,Papio_kindae,SAMEA112483225,1,648,L513P,
XM_017956103.1,TTLL10,Papio_kindae,SAMEA112483225,1,648,S519R,
XM_017956103.1,TTLL10,Papio_kindae,SAMEA112483225,1,648,D623V,
XM_017956103.1,TTLL10,Papio_kindae,SAMEA112483225,1,648,G633E,
XM_017956103.1,TTLL10,Papio_kindae,SAMEA112483225,2,648,R159G,
XM_017956103.1,TTLL10,Papio_kindae,SAMEA112483225,2,648,D277Y,
XM_017956103.1,TTLL10,Papio_kindae,SAMEA112483225,2,648,E278Q,
XM_017956103.1,TTLL10,Papio_kindae,SAMEA112483225,2,648,M363I,
XM_017956103.1,TTLL10,Papio_kindae,SAMEA112483225,2,648,V434I,
XM_017956103.1,TTLL10,Papio_kindae,SAMEA112483225,2,648,T439R,
XM_017956103.1,TTLL10,Papio_kindae,SAMEA112483225,2,648,K460N,
XM_017956103.1,TTLL10,Papio_kindae,SAMEA112483225,2,648,L513P,
XM_017956103.1,TTLL10,Papio_kindae,SAMEA112483225,2,648,S519R,
XM_017956103.1,TTLL10,Papio_kindae,SAMEA112483225,2,648,D623V,
XM_017956103.1,TTLL10,Papio_kindae,SAMEA112483225,2,648,G633E,
XM_017956103.1,TTLL10,Papio_kindae,SAMEA112483226,1,648,R159G,
XM_017956103.1,TTLL10,Papio_kindae,SAMEA112483226,1,648,D277Y,
XM_017956103.1,TTLL10,Papio_kindae,SAMEA112483226,1,648,E278Q,
XM_017956103.1,TTLL10,Papio_kindae,SAMEA112483226,1,648,M363I,
XM_017956103.1,TTLL10,Papio_kindae,SAMEA112483226,1,648,V434I,
XM_017956103.1,TTLL10,Papio_kindae,SAMEA112483226,1,648,T439R,
XM_017956103.1,TTLL10,Papio_kindae,SAMEA112483226,1,648,K460N,
XM_017956103.1,TTLL10,Papio_kindae,SAMEA112483226,1,648,L513R,
XM_017956103.1,TTLL10,Papio_kindae,SAMEA112483226,1,648,D623A,
XM_017956103.1,TTLL10,Papio_kindae,SAMEA112483226,1,648,G633E,
XM_017956103.1,TTLL10,Papio_kindae,SAMEA112483226,2,648,R159W,278.0
XM_017956103.1,TTLL10,Papio_kindae,SAMEA112483226,2,648,D277Y,278.0
XM_017956103.1,TTLL10,Papio_kindae,SAMEA112483226,2,648,E278*,278.0
XM_017956103.1,TTLL10,Papio_kindae,SAMEA112483226,2,648,M363I,278.0
XM_017956103.1,TTLL10,Papio_kindae,SAMEA112483226,2,648,V434I,278.0
XM_017956103.1,TTLL10,Papio_kindae,SAMEA112483226,2,648,T439R,278.0
XM_017956103.1,TTLL10,Papio_kindae,SAMEA112483226,2,648,K460N,278.0
XM_017956103.1,TTLL10,Papio_kindae,SAMEA112483226,2,648,L513P,278.0
XM_017956103.1,TTLL10,Papio_kindae,SAMEA112483226,2,648,D623V,278.0
XM_017956103.1,TTLL10,Papio_kindae,SAMEA112483226,2,648,G633E,278.0
XM_017956103.1,TTLL10,Papio_kindae,SAMEA112483227,1,648,R159W,
XM_017956103.1,TTLL10,Papio_kindae,SAMEA112483227,1,648,D277Y,
XM_017956103.1,TTLL10,Papio_kindae,SAMEA112483227,1,648,E278Q,
XM_017956103.1,TTLL10,Papio_kindae,SAMEA112483227,1,648,M363I,
XM_017956103.1,TTLL10,Papio_kindae,SAMEA112483227,1,648,V434I,
XM_017956103.1,TTLL10,Papio_kindae,SAMEA112483227,1,648,T439R,
XM_017956103.1,TTLL10,Papio_kindae,SAMEA112483227,1,648,K460N,
XM_017956103.1,TTLL10,Papio_kindae,SAMEA112483227,1,648,L513R,
XM_017956103.1,TTLL10,Papio_kindae,SAMEA112483227,1,648,S519R,
XM_017956103.1,TTLL10,Papio_kindae,SAMEA112483227,1,648,D623A,
XM_017956103.1,TTLL10,Papio_kindae,SAMEA112483227,1,648,G633E,
XM_017956103.1,TTLL10,Papio_kindae,SAMEA112483227,2,648,R159W,
XM_017956103.1,TTLL10,Papio_kindae,SAMEA112483227,2,648,D277Y,
XM_017956103.1,TTLL10,Papio_kindae,SAMEA112483227,2,648,E278Q,
XM_017956103.1,TTLL10,Papio_kindae,SAMEA112483227,2,648,M363I,
XM_017956103.1,TTLL10,Papio_kindae,SAMEA112483227,2,648,V434I,
XM_017956103.1,TTLL10,Papio_kindae,SAMEA112483227,2,648,T439R,
XM_017956103.1,TTLL10,Papio_kindae,SAMEA112483227,2,648,K460N,
XM_017956103.1,TTLL10,Papio_kindae,SAMEA112483227,2,648,L513R,
XM_017956103.1,TTLL10,Papio_kindae,SAMEA112483227,2,648,S519R,
XM_017956103.1,TTLL10,Papio_kindae,SAMEA112483227,2,648,D623A,
XM_017956103.1,TTLL10,Papio_kindae,SAMEA112483227,2,648,G633E,
XM_017956103.1,TTLL10,Papio_kindae,SAMEA112483243,1,648,R159G,
XM_017956103.1,TTLL10,Papio_kindae,SAMEA112483243,1,648,D277Y,
XM_017956103.1,TTLL10,Papio_kindae,SAMEA112483243,1,648,E278Q,
XM_017956103.1,TTLL10,Papio_kindae,SAMEA112483243,1,648,M363I,
XM_017956103.1,TTLL10,Papio_kindae,SAMEA112483243,1,648,V434I,
XM_017956103.1,TTLL10,Papio_kindae,SAMEA112483243,1,648,T439R,
XM_017956103.1,TTLL10,Papio_kindae,SAMEA112483243,1,648,K460N,
XM_017956103.1,TTLL10,Papio_kindae,SAMEA112483243,1,648,L513P,
XM_017956103.1,TTLL10,Papio_kindae,SAMEA112483243,1,648,S519R,
XM_017956103.1,TTLL10,Papio_kindae,SAMEA112483243,1,648,D623V,
XM_017956103.1,TTLL10,Papio_kindae,SAMEA112483243,1,648,G633E,
XM_017956103.1,TTLL10,Papio_kindae,SAMEA112483243,2,648,R159G,
XM_017956103.1,TTLL10,Papio_kindae,SAMEA112483243,2,648,D277Y,
XM_017956103.1,TTLL10,Papio_kindae,SAMEA112483243,2,648,E278Q,
XM_017956103.1,TTLL10,Papio_kindae,SAMEA112483243,2,648,M363I,
XM_017956103.1,TTLL10,Papio_kindae,SAMEA112483243,2,648,V434I,
XM_017956103.1,TTLL10,Papio_kindae,SAMEA112483243,2,648,T439R,
XM_017956103.1,TTLL10,Papio_kindae,SAMEA112483243,2,648,K460N,
XM_017956103.1,TTLL10,Papio_kindae,SAMEA112483243,2,648,L513P,
XM_017956103.1,TTLL10,Papio_kindae,SAMEA112483243,2,648,S519R,
XM_017956103.1,TTLL10,Papio_kindae,SAMEA112483243,2,648,D623V,
XM_017956103.1,TTLL10,Papio_kindae,SAMEA112483243,2,648,G633E,
XM_017956103.1,TTLL10,Papio_kindae,SAMEA112483244,1,648,R159G,
XM_017956103.1,TTLL10,Papio_kindae,SAMEA112483244,1,648,D277Y,
XM_017956103.1,TTLL10,Papio_kindae,SAMEA112483244,1,648,E278Q,
XM_017956103.1,TTLL10,Papio_kindae,SAMEA112483244,1,648,M363I,
XM_017956103.1,TTLL10,Papio_kindae,SAMEA112483244,1,648,V434I,
XM_017956103.1,TTLL10,Papio_kindae,SAMEA112483244,1,648,T439R,
XM_017956103.1,TTLL10,Papio_kindae,SAMEA112483244,1,648,K460N,
XM_017956103.1,TTLL10,Papio_kindae,SAMEA112483244,1,648,L513R,
XM_017956103.1,TTLL10,Papio_kindae,SAMEA112483244,1,648,S519R,
XM_017956103.1,TTLL10,Papio_kindae,SAMEA112483244,1,648,D623A,
XM_017956103.1,TTLL10,Papio_kindae,SAMEA112483244,1,648,G633E,
XM_017956103.1,TTLL10,Papio_kindae,SAMEA112483244,2,648,R159W,
XM_017956103.1,TTLL10,Papio_kindae,SAMEA112483244,2,648,D277Y,
XM_017956103.1,TTLL10,Papio_kindae,SAMEA112483244,2,648,E278Q,
XM_017956103.1,TTLL10,Papio_kindae,SAMEA112483244,2,648,M363I,
XM_017956103.1,TTLL10,Papio_kindae,SAMEA112483244,2,648,V434I,
XM_017956103.1,TTLL10,Papio_kindae,SAMEA112483244,2,648,T439R,
XM_017956103.1,TTLL10,Papio_kindae,SAMEA112483244,2,648,K460N,
XM_017956103.1,TTLL10,Papio_kindae,SAMEA112483244,2,648,L513R,
XM_017956103.1,TTLL10,Papio_kindae,SAMEA112483244,2,648,S519R,
XM_017956103.1,TTLL10,Papio_kindae,SAMEA112483244,2,648,D623A,
XM_017956103.1,TTLL10,Papio_kindae,SAMEA112483244,2,648,G633A,
XM_017956103.1,TTLL10,Papio_kindae,SAMEA112483245,1,648,R159G,
XM_017956103.1,TTLL10,Papio_kindae,SAMEA112483245,1,648,D277Y,
XM_017956103.1,TTLL10,Papio_kindae,SAMEA112483245,1,648,E278Q,
XM_017956103.1,TTLL10,Papio_kindae,SAMEA112483245,1,648,M363I,
XM_017956103.1,TTLL10,Papio_kindae,SAMEA112483245,1,648,V434I,
XM_017956103.1,TTLL10,Papio_kindae,SAMEA112483245,1,648,T439R,
XM_017956103.1,TTLL10,Papio_kindae,SAMEA112483245,1,648,K460N,
XM_017956103.1,TTLL10,Papio_kindae,SAMEA112483245,1,648,L513R,
XM_017956103.1,TTLL10,Papio_kindae,SAMEA112483245,1,648,S519R,
XM_017956103.1,TTLL10,Papio_kindae,SAMEA112483245,1,648,D623A,
XM_017956103.1,TTLL10,Papio_kindae,SAMEA112483245,1,648,G633E,
XM_017956103.1,TTLL10,Papio_kindae,SAMEA112483245,2,648,R159G,278.0
XM_017956103.1,TTLL10,Papio_kindae,SAMEA112483245,2,648,D277Y,278.0
XM_017956103.1,TTLL10,Papio_kindae,SAMEA112483245,2,648,E278*,278.0
XM_017956103.1,TTLL10,Papio_kindae,SAMEA112483245,2,648,M363I,278.0
XM_017956103.1,TTLL10,Papio_kindae,SAMEA112483245,2,648,V434I,278.0
XM_017956103.1,TTLL10,Papio_kindae,SAMEA112483245,2,648,T439R,278.0
XM_017956103.1,TTLL10,Papio_kindae,SAMEA112483245,2,648,K460N,278.0
XM_017956103.1,TTLL10,Papio_kindae,SAMEA112483245,2,648,L513P,278.0
XM_017956103.1,TTLL10,Papio_kindae,SAMEA112483245,2,648,S519R,278.0
XM_017956103.1,TTLL10,Papio_kindae,SAMEA112483245,2,648,D623V,278.0
XM_017956103.1,TTLL10,Papio_kindae,SAMEA112483245,2,648,G633E,278.0
XM_017956103.1,TTLL10,Papio_kindae,SAMEA112483246,1,648,R159G,
XM_017956103.1,TTLL10,Papio_kindae,SAMEA112483246,1,648,D277Y,
XM_017956103.1,TTLL10,Papio_kindae,SAMEA112483246,1,648,E278Q,
XM_017956103.1,TTLL10,Papio_kindae,SAMEA112483246,1,648,M363I,
XM_017956103.1,TTLL10,Papio_kindae,SAMEA112483246,1,648,V434I,
XM_017956103.1,TTLL10,Papio_kindae,SAMEA112483246,1,648,T439R,
XM_017956103.1,TTLL10,Papio_kindae,SAMEA112483246,1,648,K460N,
XM_017956103.1,TTLL10,Papio_kindae,SAMEA112483246,1,648,L513R,
XM_017956103.1,TTLL10,Papio_kindae,SAMEA112483246,1,648,D623A,
XM_017956103.1,TTLL10,Papio_kindae,SAMEA112483246,1,648,G633E,
XM_017956103.1,TTLL10,Papio_kindae,SAMEA112483246,2,648,R159W,
XM_017956103.1,TTLL10,Papio_kindae,SAMEA112483246,2,648,D277Y,
XM_017956103.1,TTLL10,Papio_kindae,SAMEA112483246,2,648,E278Q,
XM_017956103.1,TTLL10,Papio_kindae,SAMEA112483246,2,648,M363I,
XM_017956103.1,TTLL10,Papio_kindae,SAMEA112483246,2,648,V434I,
XM_017956103.1,TTLL10,Papio_kindae,SAMEA112483246,2,648,T439R,
XM_017956103.1,TTLL10,Papio_kindae,SAMEA112483246,2,648,K460N,
XM_017956103.1,TTLL10,Papio_kindae,SAMEA112483246,2,648,L513R,
XM_017956103.1,TTLL10,Papio_kindae,SAMEA112483246,2,648,D623A,
XM_017956103.1,TTLL10,Papio_kindae,SAMEA112483246,2,648,G633E,
XM_017956103.1,TTLL10,Papio_kindae,SAMEA112483247,1,648,R159G,
XM_017956103.1,TTLL10,Papio_kindae,SAMEA112483247,1,648,D277Y,
XM_017956103.1,TTLL10,Papio_kindae,SAMEA112483247,1,648,E278Q,
XM_017956103.1,TTLL10,Papio_kindae,SAMEA112483247,1,648,M363I,
XM_017956103.1,TTLL10,Papio_kindae,SAMEA112483247,1,648,V434I,
XM_017956103.1,TTLL10,Papio_kindae,SAMEA112483247,1,648,K460N,
XM_017956103.1,TTLL10,Papio_kindae,SAMEA112483247,1,648,L513R,
XM_017956103.1,TTLL10,Papio_kindae,SAMEA112483247,1,648,S519R,
XM_017956103.1,TTLL10,Papio_kindae,SAMEA112483247,1,648,D623A,
XM_017956103.1,TTLL10,Papio_kindae,SAMEA112483247,1,648,G633E,
XM_017956103.1,TTLL10,Papio_kindae,SAMEA112483247,2,648,R159W,
XM_017956103.1,TTLL10,Papio_kindae,SAMEA112483247,2,648,D277Y,
XM_017956103.1,TTLL10,Papio_kindae,SAMEA112483247,2,648,E278Q,
XM_017956103.1,TTLL10,Papio_kindae,SAMEA112483247,2,648,M363I,
XM_017956103.1,TTLL10,Papio_kindae,SAMEA112483247,2,648,K460N,
XM_017956103.1,TTLL10,Papio_kindae,SAMEA112483247,2,648,L513R,
XM_017956103.1,TTLL10,Papio_kindae,SAMEA112483247,2,648,S519R,
XM_017956103.1,TTLL10,Papio_kindae,SAMEA112483247,2,648,D623A,
XM_017956103.1,TTLL10,Papio_kindae,SAMEA112483247,2,648,G633E,
XM_017956103.1,TTLL10,Papio_kindae,SAMEA112483248,1,648,R159W,
XM_017956103.1,TTLL10,Papio_kindae,SAMEA112483248,1,648,D277Y,
XM_017956103.1,TTLL10,Papio_kindae,SAMEA112483248,1,648,E278Q,
XM_017956103.1,TTLL10,Papio_kindae,SAMEA112483248,1,648,M363I,
XM_017956103.1,TTLL10,Papio_kindae,SAMEA112483248,1,648,V434I,
XM_017956103.1,TTLL10,Papio_kindae,SAMEA112483248,1,648,T439R,
XM_017956103.1,TTLL10,Papio_kindae,SAMEA112483248,1,648,K460N,
XM_017956103.1,TTLL10,Papio_kindae,SAMEA112483248,1,648,D623A,
XM_017956103.1,TTLL10,Papio_kindae,SAMEA112483248,1,648,G633E,
XM_017956103.1,TTLL10,Papio_kindae,SAMEA112483248,2,648,R159W,
XM_017956103.1,TTLL10,Papio_kindae,SAMEA112483248,2,648,D277Y,
XM_017956103.1,TTLL10,Papio_kindae,SAMEA112483248,2,648,E278Q,
XM_017956103.1,TTLL10,Papio_kindae,SAMEA112483248,2,648,M363I,
XM_017956103.1,TTLL10,Papio_kindae,SAMEA112483248,2,648,V434I,
XM_017956103.1,TTLL10,Papio_kindae,SAMEA112483248,2,648,T439R,
XM_017956103.1,TTLL10,Papio_kindae,SAMEA112483248,2,648,K460N,
XM_017956103.1,TTLL10,Papio_kindae,SAMEA112483248,2,648,D623A,
XM_017956103.1,TTLL10,Papio_kindae,SAMEA112483248,2,648,G633E,
XM_017956103.1,TTLL10,Papio_kindae,SAMEA112483249,1,648,R159G,
XM_017956103.1,TTLL10,Papio_kindae,SAMEA112483249,1,648,D277Y,
XM_017956103.1,TTLL10,Papio_kindae,SAMEA112483249,1,648,E278Q,
XM_017956103.1,TTLL10,Papio_kindae,SAMEA112483249,1,648,M363I,
XM_017956103.1,TTLL10,Papio_kindae,SAMEA112483249,1,648,V434I,
XM_017956103.1,TTLL10,Papio_kindae,SAMEA112483249,1,648,T439R,
XM_017956103.1,TTLL10,Papio_kindae,SAMEA112483249,1,648,K460N,
XM_017956103.1,TTLL10,Papio_kindae,SAMEA112483249,1,648,L513R,
XM_017956103.1,TTLL10,Papio_kindae,SAMEA112483249,1,648,S519R,
XM_017956103.1,TTLL10,Papio_kindae,SAMEA112483249,1,648,D623A,
XM_017956103.1,TTLL10,Papio_kindae,SAMEA112483249,1,648,G633E,
XM_017956103.1,TTLL10,Papio_kindae,SAMEA112483249,2,648,R159W,
XM_017956103.1,TTLL10,Papio_kindae,SAMEA112483249,2,648,D277Y,
XM_017956103.1,TTLL10,Papio_kindae,SAMEA112483249,2,648,E278Q,
XM_017956103.1,TTLL10,Papio_kindae,SAMEA112483249,2,648,M363I,
XM_017956103.1,TTLL10,Papio_kindae,SAMEA112483249,2,648,V434I,
XM_017956103.1,TTLL10,Papio_kindae,SAMEA112483249,2,648,T439R,
XM_017956103.1,TTLL10,Papio_kindae,SAMEA112483249,2,648,K460N,
XM_017956103.1,TTLL10,Papio_kindae,SAMEA112483249,2,648,L513R,
XM_017956103.1,TTLL10,Papio_kindae,SAMEA112483249,2,648,S519R,
XM_017956103.1,TTLL10,Papio_kindae,SAMEA112483249,2,648,D623A,
XM_017956103.1,TTLL10,Papio_kindae,SAMEA112483249,2,648,G633E,
XM_017956103.1,TTLL10,Papio_kindae,SAMEA112483250,1,648,R159W,
XM_017956103.1,TTLL10,Papio_kindae,SAMEA112483250,1,648,D277Y,
XM_017956103.1,TTLL10,Papio_kindae,SAMEA112483250,1,648,E278Q,
XM_017956103.1,TTLL10,Papio_kindae,SAMEA112483250,1,648,M363I,
XM_017956103.1,TTLL10,Papio_kindae,SAMEA112483250,1,648,V434I,
XM_017956103.1,TTLL10,Papio_kindae,SAMEA112483250,1,648,T439R,
XM_017956103.1,TTLL10,Papio_kindae,SAMEA112483250,1,648,K460N,
XM_017956103.1,TTLL10,Papio_kindae,SAMEA112483250,1,648,L513R,
XM_017956103.1,TTLL10,Papio_kindae,SAMEA112483250,1,648,S519R,
XM_017956103.1,TTLL10,Papio_kindae,SAMEA112483250,1,648,D623A,
XM_017956103.1,TTLL10,Papio_kindae,SAMEA112483250,1,648,G633E,
XM_017956103.1,TTLL10,Papio_kindae,SAMEA112483250,2,648,R159W,
XM_017956103.1,TTLL10,Papio_kindae,SAMEA112483250,2,648,E278Q,
XM_017956103.1,TTLL10,Papio_kindae,SAMEA112483250,2,648,M363I,
XM_017956103.1,TTLL10,Papio_kindae,SAMEA112483250,2,648,V434I,
XM_017956103.1,TTLL10,Papio_kindae,SAMEA112483250,2,648,T439R,
XM_017956103.1,TTLL10,Papio_kindae,SAMEA112483250,2,648,K460N,
XM_017956103.1,TTLL10,Papio_kindae,SAMEA112483250,2,648,L513R,
XM_017956103.1,TTLL10,Papio_kindae,SAMEA112483250,2,648,S519R,
XM_017956103.1,TTLL10,Papio_kindae,SAMEA112483250,2,648,D623A,
XM_017956103.1,TTLL10,Papio_kindae,SAMEA112483250,2,648,G633E,
XM_017956103.1,TTLL10,Papio_kindae,SAMEA112483251,1,648,R159G,
XM_017956103.1,TTLL10,Papio_kindae,SAMEA112483251,1,648,D277Y,
XM_017956103.1,TTLL10,Papio_kindae,SAMEA112483251,1,648,E278Q,
XM_017956103.1,TTLL10,Papio_kindae,SAMEA112483251,1,648,M363I,
XM_017956103.1,TTLL10,Papio_kindae,SAMEA112483251,1,648,V434I,
XM_017956103.1,TTLL10,Papio_kindae,SAMEA112483251,1,648,T439R,
XM_017956103.1,TTLL10,Papio_kindae,SAMEA112483251,1,648,K460N,
XM_017956103.1,TTLL10,Papio_kindae,SAMEA112483251,1,648,L513R,
XM_017956103.1,TTLL10,Papio_kindae,SAMEA112483251,1,648,G633E,
XM_017956103.1,TTLL10,Papio_kindae,SAMEA112483251,2,648,R159G,278.0
XM_017956103.1,TTLL10,Papio_kindae,SAMEA112483251,2,648,D277Y,278.0
XM_017956103.1,TTLL10,Papio_kindae,SAMEA112483251,2,648,E278*,278.0
XM_017956103.1,TTLL10,Papio_kindae,SAMEA112483251,2,648,M363I,278.0
XM_017956103.1,TTLL10,Papio_kindae,SAMEA112483251,2,648,V434I,278.0
XM_017956103.1,TTLL10,Papio_kindae,SAMEA112483251,2,648,T439K,278.0
XM_017956103.1,TTLL10,Papio_kindae,SAMEA112483251,2,648,K460N,278.0
XM_017956103.1,TTLL10,Papio_kindae,SAMEA112483251,2,648,L513P,278.0
XM_017956103.1,TTLL10,Papio_kindae,SAMEA112483251,2,648,G633E,278.0
XM_017956103.1,TTLL10,Papio_kindae,SAMEA112483252,1,648,R159G,
XM_017956103.1,TTLL10,Papio_kindae,SAMEA112483252,1,648,D277Y,
XM_017956103.1,TTLL10,Papio_kindae,SAMEA112483252,1,648,E278Q,
XM_017956103.1,TTLL10,Papio_kindae,SAMEA112483252,1,648,M363I,
XM_017956103.1,TTLL10,Papio_kindae,SAMEA112483252,1,648,V434I,
XM_017956103.1,TTLL10,Papio_kindae,SAMEA112483252,1,648,T439K,
XM_017956103.1,TTLL10,Papio_kindae,SAMEA112483252,1,648,K460N,
XM_017956103.1,TTLL10,Papio_kindae,SAMEA112483252,1,648,L513R,
XM_017956103.1,TTLL10,Papio_kindae,SAMEA112483252,1,648,S519R,
XM_017956103.1,TTLL10,Papio_kindae,SAMEA112483252,1,648,D623A,
XM_017956103.1,TTLL10,Papio_kindae,SAMEA112483252,1,648,G633E,
XM_017956103.1,TTLL10,Papio_kindae,SAMEA112483252,2,648,R159G,
XM_017956103.1,TTLL10,Papio_kindae,SAMEA112483252,2,648,D277Y,
XM_017956103.1,TTLL10,Papio_kindae,SAMEA112483252,2,648,E278Q,
XM_017956103.1,TTLL10,Papio_kindae,SAMEA112483252,2,648,M363I,
XM_017956103.1,TTLL10,Papio_kindae,SAMEA112483252,2,648,V434I,
XM_017956103.1,TTLL10,Papio_kindae,SAMEA112483252,2,648,T439K,
XM_017956103.1,TTLL10,Papio_kindae,SAMEA112483252,2,648,K460N,
XM_017956103.1,TTLL10,Papio_kindae,SAMEA112483252,2,648,L513R,
XM_017956103.1,TTLL10,Papio_kindae,SAMEA112483252,2,648,S519R,
XM_017956103.1,TTLL10,Papio_kindae,SAMEA112483252,2,648,D623A,
XM_017956103.1,TTLL10,Papio_kindae,SAMEA112483252,2,648,G633E,
XM_017956103.1,TTLL10,Papio_kindae,SAMEA112483253,1,648,R159G,
XM_017956103.1,TTLL10,Papio_kindae,SAMEA112483253,1,648,D277Y,
XM_017956103.1,TTLL10,Papio_kindae,SAMEA112483253,1,648,E278Q,
XM_017956103.1,TTLL10,Papio_kindae,SAMEA112483253,1,648,M363I,
XM_017956103.1,TTLL10,Papio_kindae,SAMEA112483253,1,648,V434I,
XM_017956103.1,TTLL10,Papio_kindae,SAMEA112483253,1,648,T439R,
XM_017956103.1,TTLL10,Papio_kindae,SAMEA112483253,1,648,K460N,
XM_017956103.1,TTLL10,Papio_kindae,SAMEA112483253,1,648,L513R,
XM_017956103.1,TTLL10,Papio_kindae,SAMEA112483253,1,648,S519R,
XM_017956103.1,TTLL10,Papio_kindae,SAMEA112483253,1,648,D623A,
XM_017956103.1,TTLL10,Papio_kindae,SAMEA112483253,1,648,G633E,
XM_017956103.1,TTLL10,Papio_kindae,SAMEA112483253,2,648,R159W,
XM_017956103.1,TTLL10,Papio_kindae,SAMEA112483253,2,648,D277Y,
XM_017956103.1,TTLL10,Papio_kindae,SAMEA112483253,2,648,E278Q,
XM_017956103.1,TTLL10,Papio_kindae,SAMEA112483253,2,648,M363I,
XM_017956103.1,TTLL10,Papio_kindae,SAMEA112483253,2,648,T439R,
XM_017956103.1,TTLL10,Papio_kindae,SAMEA112483253,2,648,K460N,
XM_017956103.1,TTLL10,Papio_kindae,SAMEA112483253,2,648,L513R,
XM_017956103.1,TTLL10,Papio_kindae,SAMEA112483253,2,648,S519R,
XM_017956103.1,TTLL10,Papio_kindae,SAMEA112483253,2,648,D623A,
XM_017956103.1,TTLL10,Papio_kindae,SAMEA112483253,2,648,G633E,
XM_017956103.1,TTLL10,Papio_kindae,SAMEA112483254,1,648,R159G,
XM_017956103.1,TTLL10,Papio_kindae,SAMEA112483254,1,648,D277Y,
XM_017956103.1,TTLL10,Papio_kindae,SAMEA112483254,1,648,E278Q,
XM_017956103.1,TTLL10,Papio_kindae,SAMEA112483254,1,648,M363I,
XM_017956103.1,TTLL10,Papio_kindae,SAMEA112483254,1,648,V434I,
XM_017956103.1,TTLL10,Papio_kindae,SAMEA112483254,1,648,T439R,
XM_017956103.1,TTLL10,Papio_kindae,SAMEA112483254,1,648,K460N,
XM_017956103.1,TTLL10,Papio_kindae,SAMEA112483254,1,648,L513P,
XM_017956103.1,TTLL10,Papio_kindae,SAMEA112483254,1,648,S519R,
XM_017956103.1,TTLL10,Papio_kindae,SAMEA112483254,1,648,D623V,
XM_017956103.1,TTLL10,Papio_kindae,SAMEA112483254,1,648,G633E,
XM_017956103.1,TTLL10,Papio_kindae,SAMEA112483254,2,648,R159G,
XM_017956103.1,TTLL10,Papio_kindae,SAMEA112483254,2,648,D277Y,
XM_017956103.1,TTLL10,Papio_kindae,SAMEA112483254,2,648,E278Q,
XM_017956103.1,TTLL10,Papio_kindae,SAMEA112483254,2,648,M363I,
XM_017956103.1,TTLL10,Papio_kindae,SAMEA112483254,2,648,V434I,
XM_017956103.1,TTLL10,Papio_kindae,SAMEA112483254,2,648,T439R,
XM_017956103.1,TTLL10,Papio_kindae,SAMEA112483254,2,648,K460N,
XM_017956103.1,TTLL10,Papio_kindae,SAMEA112483254,2,648,L513P,
XM_017956103.1,TTLL10,Papio_kindae,SAMEA112483254,2,648,S519R,
XM_017956103.1,TTLL10,Papio_kindae,SAMEA112483254,2,648,D623V,
XM_017956103.1,TTLL10,Papio_kindae,SAMEA112483254,2,648,G633E,
XM_017956103.1,TTLL10,Papio_kindae,SAMEA112483255,1,648,R159W,
XM_017956103.1,TTLL10,Papio_kindae,SAMEA112483255,1,648,D277Y,
XM_017956103.1,TTLL10,Papio_kindae,SAMEA112483255,1,648,E278Q,
XM_017956103.1,TTLL10,Papio_kindae,SAMEA112483255,1,648,M363I,
XM_017956103.1,TTLL10,Papio_kindae,SAMEA112483255,1,648,V434I,
XM_017956103.1,TTLL10,Papio_kindae,SAMEA112483255,1,648,T439R,
XM_017956103.1,TTLL10,Papio_kindae,SAMEA112483255,1,648,K460N,
XM_017956103.1,TTLL10,Papio_kindae,SAMEA112483255,1,648,L513R,
XM_017956103.1,TTLL10,Papio_kindae,SAMEA112483255,1,648,S519R,
XM_017956103.1,TTLL10,Papio_kindae,SAMEA112483255,1,648,D623A,
XM_017956103.1,TTLL10,Papio_kindae,SAMEA112483255,1,648,G633E,
XM_017956103.1,TTLL10,Papio_kindae,SAMEA112483255,2,648,R159W,
XM_017956103.1,TTLL10,Papio_kindae,SAMEA112483255,2,648,D277Y,
XM_017956103.1,TTLL10,Papio_kindae,SAMEA112483255,2,648,E278Q,
XM_017956103.1,TTLL10,Papio_kindae,SAMEA112483255,2,648,M363I,
XM_017956103.1,TTLL10,Papio_kindae,SAMEA112483255,2,648,T439R,
XM_017956103.1,TTLL10,Papio_kindae,SAMEA112483255,2,648,K460N,
XM_017956103.1,TTLL10,Papio_kindae,SAMEA112483255,2,648,L513R,
XM_017956103.1,TTLL10,Papio_kindae,SAMEA112483255,2,648,S519R,
XM_017956103.1,TTLL10,Papio_kindae,SAMEA112483255,2,648,D623A,
XM_017956103.1,TTLL10,Papio_kindae,SAMEA112483255,2,648,G633E,
XM_017956103.1,TTLL10,Papio_kindae,SAMEA112483256,1,648,R159W,
XM_017956103.1,TTLL10,Papio_kindae,SAMEA112483256,1,648,D277Y,
XM_017956103.1,TTLL10,Papio_kindae,SAMEA112483256,1,648,E278Q,
XM_017956103.1,TTLL10,Papio_kindae,SAMEA112483256,1,648,M363I,
XM_017956103.1,TTLL10,Papio_kindae,SAMEA112483256,1,648,T439R,
XM_017956103.1,TTLL10,Papio_kindae,SAMEA112483256,1,648,K460N,
XM_017956103.1,TTLL10,Papio_kindae,SAMEA112483256,1,648,L513R,
XM_017956103.1,TTLL10,Papio_kindae,SAMEA112483256,1,648,S519R,
XM_017956103.1,TTLL10,Papio_kindae,SAMEA112483256,1,648,D623A,
XM_017956103.1,TTLL10,Papio_kindae,SAMEA112483256,1,648,G633E,
XM_017956103.1,TTLL10,Papio_kindae,SAMEA112483256,2,648,R159W,
XM_017956103.1,TTLL10,Papio_kindae,SAMEA112483256,2,648,D277Y,
XM_017956103.1,TTLL10,Papio_kindae,SAMEA112483256,2,648,E278Q,
XM_017956103.1,TTLL10,Papio_kindae,SAMEA112483256,2,648,M363I,
XM_017956103.1,TTLL10,Papio_kindae,SAMEA112483256,2,648,T439R,
XM_017956103.1,TTLL10,Papio_kindae,SAMEA112483256,2,648,K460N,
XM_017956103.1,TTLL10,Papio_kindae,SAMEA112483256,2,648,L513R,
XM_017956103.1,TTLL10,Papio_kindae,SAMEA112483256,2,648,S519R,
XM_017956103.1,TTLL10,Papio_kindae,SAMEA112483256,2,648,D623A,
XM_017956103.1,TTLL10,Papio_kindae,SAMEA112483256,2,648,G633E,
XM_017956103.1,TTLL10,Papio_kindae,SAMEA112483257,1,648,R159G,
XM_017956103.1,TTLL10,Papio_kindae,SAMEA112483257,1,648,D277Y,
XM_017956103.1,TTLL10,Papio_kindae,SAMEA112483257,1,648,E278Q,
XM_017956103.1,TTLL10,Papio_kindae,SAMEA112483257,1,648,M363I,
XM_017956103.1,TTLL10,Papio_kindae,SAMEA112483257,1,648,V434I,
XM_017956103.1,TTLL10,Papio_kindae,SAMEA112483257,1,648,T439R,
XM_017956103.1,TTLL10,Papio_kindae,SAMEA112483257,1,648,K460N,
XM_017956103.1,TTLL10,Papio_kindae,SAMEA112483257,1,648,L513R,
XM_017956103.1,TTLL10,Papio_kindae,SAMEA112483257,1,648,D623A,
XM_017956103.1,TTLL10,Papio_kindae,SAMEA112483257,1,648,G633E,
XM_017956103.1,TTLL10,Papio_kindae,SAMEA112483257,2,648,R159W,
XM_017956103.1,TTLL10,Papio_kindae,SAMEA112483257,2,648,D277Y,
XM_017956103.1,TTLL10,Papio_kindae,SAMEA112483257,2,648,E278Q,
XM_017956103.1,TTLL10,Papio_kindae,SAMEA112483257,2,648,M363I,
XM_017956103.1,TTLL10,Papio_kindae,SAMEA112483257,2,648,T439R,
XM_017956103.1,TTLL10,Papio_kindae,SAMEA112483257,2,648,K460N,
XM_017956103.1,TTLL10,Papio_kindae,SAMEA112483257,2,648,L513P,
XM_017956103.1,TTLL10,Papio_kindae,SAMEA112483257,2,648,D623V,
XM_017956103.1,TTLL10,Papio_kindae,SAMEA112483257,2,648,G633E,
XM_017956103.1,TTLL10,Papio_kindae,SAMEA112483258,1,648,R159G,
XM_017956103.1,TTLL10,Papio_kindae,SAMEA112483258,1,648,D277Y,
XM_017956103.1,TTLL10,Papio_kindae,SAMEA112483258,1,648,E278Q,
XM_017956103.1,TTLL10,Papio_kindae,SAMEA112483258,1,648,M363I,
XM_017956103.1,TTLL10,Papio_kindae,SAMEA112483258,1,648,V434I,
XM_017956103.1,TTLL10,Papio_kindae,SAMEA112483258,1,648,T439R,
XM_017956103.1,TTLL10,Papio_kindae,SAMEA112483258,1,648,K460N,
XM_017956103.1,TTLL10,Papio_kindae,SAMEA112483258,1,648,L513R,
XM_017956103.1,TTLL10,Papio_kindae,SAMEA112483258,1,648,S519R,
XM_017956103.1,TTLL10,Papio_kindae,SAMEA112483258,1,648,D623A,
XM_017956103.1,TTLL10,Papio_kindae,SAMEA112483258,1,648,G633E,
XM_017956103.1,TTLL10,Papio_kindae,SAMEA112483258,2,648,R159G,
XM_017956103.1,TTLL10,Papio_kindae,SAMEA112483258,2,648,D277Y,
XM_017956103.1,TTLL10,Papio_kindae,SAMEA112483258,2,648,E278Q,
XM_017956103.1,TTLL10,Papio_kindae,SAMEA112483258,2,648,M363I,
XM_017956103.1,TTLL10,Papio_kindae,SAMEA112483258,2,648,V434I,
XM_017956103.1,TTLL10,Papio_kindae,SAMEA112483258,2,648,T439R,
XM_017956103.1,TTLL10,Papio_kindae,SAMEA112483258,2,648,K460N,
XM_017956103.1,TTLL10,Papio_kindae,SAMEA112483258,2,648,L513P,
XM_017956103.1,TTLL10,Papio_kindae,SAMEA112483258,2,648,S519R,
XM_017956103.1,TTLL10,Papio_kindae,SAMEA112483258,2,648,D623V,
XM_017956103.1,TTLL10,Papio_kindae,SAMEA112483258,2,648,G633E,
XM_017956103.1,TTLL10,Papio_kindae,SAMEA112483259,1,648,R159G,
XM_017956103.1,TTLL10,Papio_kindae,SAMEA112483259,1,648,D277Y,
XM_017956103.1,TTLL10,Papio_kindae,SAMEA112483259,1,648,E278Q,
XM_017956103.1,TTLL10,Papio_kindae,SAMEA112483259,1,648,M363I,
XM_017956103.1,TTLL10,Papio_kindae,SAMEA112483259,1,648,V434I,
XM_017956103.1,TTLL10,Papio_kindae,SAMEA112483259,1,648,T439R,
XM_017956103.1,TTLL10,Papio_kindae,SAMEA112483259,1,648,K460N,
XM_017956103.1,TTLL10,Papio_kindae,SAMEA112483259,1,648,L513R,
XM_017956103.1,TTLL10,Papio_kindae,SAMEA112483259,1,648,S519R,
XM_017956103.1,TTLL10,Papio_kindae,SAMEA112483259,1,648,D623A,
XM_017956103.1,TTLL10,Papio_kindae,SAMEA112483259,1,648,G633E,
XM_017956103.1,TTLL10,Papio_kindae,SAMEA112483259,2,648,R159W,278.0
XM_017956103.1,TTLL10,Papio_kindae,SAMEA112483259,2,648,D277Y,278.0
XM_017956103.1,TTLL10,Papio_kindae,SAMEA112483259,2,648,E278*,278.0
XM_017956103.1,TTLL10,Papio_kindae,SAMEA112483259,2,648,M363I,278.0
XM_017956103.1,TTLL10,Papio_kindae,SAMEA112483259,2,648,V434I,278.0
XM_017956103.1,TTLL10,Papio_kindae,SAMEA112483259,2,648,T439R,278.0
XM_017956103.1,TTLL10,Papio_kindae,SAMEA112483259,2,648,K460N,278.0
XM_017956103.1,TTLL10,Papio_kindae,SAMEA112483259,2,648,L513P,278.0
XM_017956103.1,TTLL10,Papio_kindae,SAMEA112483259,2,648,S519R,278.0
XM_017956103.1,TTLL10,Papio_kindae,SAMEA112483259,2,648,D623V,278.0
XM_017956103.1,TTLL10,Papio_kindae,SAMEA112483259,2,648,G633E,278.0
XM_017956103.1,TTLL10,Papio_kindae,SAMEA112483260,1,648,R159G,
XM_017956103.1,TTLL10,Papio_kindae,SAMEA112483260,1,648,D277Y,
XM_017956103.1,TTLL10,Papio_kindae,SAMEA112483260,1,648,E278Q,
XM_017956103.1,TTLL10,Papio_kindae,SAMEA112483260,1,648,M363I,
XM_017956103.1,TTLL10,Papio_kindae,SAMEA112483260,1,648,V434I,
XM_017956103.1,TTLL10,Papio_kindae,SAMEA112483260,1,648,T439R,
XM_017956103.1,TTLL10,Papio_kindae,SAMEA112483260,1,648,K460N,
XM_017956103.1,TTLL10,Papio_kindae,SAMEA112483260,1,648,L513R,
XM_017956103.1,TTLL10,Papio_kindae,SAMEA112483260,1,648,S519R,
XM_017956103.1,TTLL10,Papio_kindae,SAMEA112483260,1,648,D623A,
XM_017956103.1,TTLL10,Papio_kindae,SAMEA112483260,1,648,G633E,
XM_017956103.1,TTLL10,Papio_kindae,SAMEA112483260,2,648,R159W,
XM_017956103.1,TTLL10,Papio_kindae,SAMEA112483260,2,648,D277Y,
XM_017956103.1,TTLL10,Papio_kindae,SAMEA112483260,2,648,E278Q,
XM_017956103.1,TTLL10,Papio_kindae,SAMEA112483260,2,648,M363I,
XM_017956103.1,TTLL10,Papio_kindae,SAMEA112483260,2,648,T439R,
XM_017956103.1,TTLL10,Papio_kindae,SAMEA112483260,2,648,K460N,
XM_017956103.1,TTLL10,Papio_kindae,SAMEA112483260,2,648,L513P,
XM_017956103.1,TTLL10,Papio_kindae,SAMEA112483260,2,648,S519R,
XM_017956103.1,TTLL10,Papio_kindae,SAMEA112483260,2,648,D623V,
XM_017956103.1,TTLL10,Papio_kindae,SAMEA112483260,2,648,G633E,
XM_017956103.1,TTLL10,Papio_kindae,SAMN03072185,1,648,R159G,
XM_017956103.1,TTLL10,Papio_kindae,SAMN03072185,1,648,D277Y,
XM_017956103.1,TTLL10,Papio_kindae,SAMN03072185,1,648,M363I,
XM_017956103.1,TTLL10,Papio_kindae,SAMN03072185,1,648,V434I,
XM_017956103.1,TTLL10,Papio_kindae,SAMN03072185,1,648,T439R,
XM_017956103.1,TTLL10,Papio_kindae,SAMN03072185,1,648,K460N,
XM_017956103.1,TTLL10,Papio_kindae,SAMN03072185,1,648,L513R,
XM_017956103.1,TTLL10,Papio_kindae,SAMN03072185,1,648,S519R,
XM_017956103.1,TTLL10,Papio_kindae,SAMN03072185,1,648,G633E,
XM_017956103.1,TTLL10,Papio_kindae,SAMN03072185,2,648,R159W,
XM_017956103.1,TTLL10,Papio_kindae,SAMN03072185,2,648,D277Y,
XM_017956103.1,TTLL10,Papio_kindae,SAMN03072185,2,648,M363I,
XM_017956103.1,TTLL10,Papio_kindae,SAMN03072185,2,648,T439R,
XM_017956103.1,TTLL10,Papio_kindae,SAMN03072185,2,648,K460N,
XM_017956103.1,TTLL10,Papio_kindae,SAMN03072185,2,648,L513R,
XM_017956103.1,TTLL10,Papio_kindae,SAMN03072185,2,648,S519R,
XM_017956103.1,TTLL10,Papio_kindae,SAMN03072185,2,648,G633E,
XM_017956103.1,TTLL10,Papio_kindae,SAMN03072806,1,648,R159G,
XM_017956103.1,TTLL10,Papio_kindae,SAMN03072806,1,648,D277Y,
XM_017956103.1,TTLL10,Papio_kindae,SAMN03072806,1,648,E278Q,
XM_017956103.1,TTLL10,Papio_kindae,SAMN03072806,1,648,M363I,
XM_017956103.1,TTLL10,Papio_kindae,SAMN03072806,1,648,V434I,
XM_017956103.1,TTLL10,Papio_kindae,SAMN03072806,1,648,T439R,
XM_017956103.1,TTLL10,Papio_kindae,SAMN03072806,1,648,K460N,
XM_017956103.1,TTLL10,Papio_kindae,SAMN03072806,1,648,L513R,
XM_017956103.1,TTLL10,Papio_kindae,SAMN03072806,1,648,S519R,
XM_017956103.1,TTLL10,Papio_kindae,SAMN03072806,1,648,D623A,
XM_017956103.1,TTLL10,Papio_kindae,SAMN03072806,1,648,G633E,
XM_017956103.1,TTLL10,Papio_kindae,SAMN03072806,2,648,R159W,
XM_017956103.1,TTLL10,Papio_kindae,SAMN03072806,2,648,D277Y,
XM_017956103.1,TTLL10,Papio_kindae,SAMN03072806,2,648,E278Q,
XM_017956103.1,TTLL10,Papio_kindae,SAMN03072806,2,648,M363I,
XM_017956103.1,TTLL10,Papio_kindae,SAMN03072806,2,648,V434I,
XM_017956103.1,TTLL10,Papio_kindae,SAMN03072806,2,648,T439R,
XM_017956103.1,TTLL10,Papio_kindae,SAMN03072806,2,648,K460N,
XM_017956103.1,TTLL10,Papio_kindae,SAMN03072806,2,648,L513P,
XM_017956103.1,TTLL10,Papio_kindae,SAMN03072806,2,648,S519R,
XM_017956103.1,TTLL10,Papio_kindae,SAMN03072806,2,648,D623V,
XM_017956103.1,TTLL10,Papio_kindae,SAMN03072806,2,648,G633E,
XM_017956103.1,TTLL10,Papio_kindae,SAMN03072807,1,648,R159G,
XM_017956103.1,TTLL10,Papio_kindae,SAMN03072807,1,648,D277Y,
XM_017956103.1,TTLL10,Papio_kindae,SAMN03072807,1,648,E278Q,
XM_017956103.1,TTLL10,Papio_kindae,SAMN03072807,1,648,M363I,
XM_017956103.1,TTLL10,Papio_kindae,SAMN03072807,1,648,V434I,
XM_017956103.1,TTLL10,Papio_kindae,SAMN03072807,1,648,T439R,
XM_017956103.1,TTLL10,Papio_kindae,SAMN03072807,1,648,K460N,
XM_017956103.1,TTLL10,Papio_kindae,SAMN03072807,1,648,L513P,
XM_017956103.1,TTLL10,Papio_kindae,SAMN03072807,1,648,S519R,
XM_017956103.1,TTLL10,Papio_kindae,SAMN03072807,1,648,D623V,
XM_017956103.1,TTLL10,Papio_kindae,SAMN03072807,1,648,G633E,
XM_017956103.1,TTLL10,Papio_kindae,SAMN03072807,2,648,R159G,278.0
XM_017956103.1,TTLL10,Papio_kindae,SAMN03072807,2,648,D277Y,278.0
XM_017956103.1,TTLL10,Papio_kindae,SAMN03072807,2,648,E278*,278.0
XM_017956103.1,TTLL10,Papio_kindae,SAMN03072807,2,648,M363I,278.0
XM_017956103.1,TTLL10,Papio_kindae,SAMN03072807,2,648,V434I,278.0
XM_017956103.1,TTLL10,Papio_kindae,SAMN03072807,2,648,T439R,278.0
XM_017956103.1,TTLL10,Papio_kindae,SAMN03072807,2,648,K460N,278.0
XM_017956103.1,TTLL10,Papio_kindae,SAMN03072807,2,648,L513P,278.0
XM_017956103.1,TTLL10,Papio_kindae,SAMN03072807,2,648,S519R,278.0
XM_017956103.1,TTLL10,Papio_kindae,SAMN03072807,2,648,D623V,278.0
XM_017956103.1,TTLL10,Papio_kindae,SAMN03072807,2,648,G633E,278.0
XM_017956103.1,TTLL10,Papio_cynocephalus,SAMEA112482966,1,648,S3N,
XM_017956103.1,TTLL10,Papio_cynocephalus,SAMEA112482966,1,648,R16G,
XM_017956103.1,TTLL10,Papio_cynocephalus,SAMEA112482966,1,648,R28S,
XM_017956103.1,TTLL10,Papio_cynocephalus,SAMEA112482966,1,648,M46L,
XM_017956103.1,TTLL10,Papio_cynocephalus,SAMEA112482966,1,648,T125R,
XM_017956103.1,TTLL10,Papio_cynocephalus,SAMEA112482966,1,648,D277Y,
XM_017956103.1,TTLL10,Papio_cynocephalus,SAMEA112482966,1,648,D344N,
XM_017956103.1,TTLL10,Papio_cynocephalus,SAMEA112482966,1,648,T439R,
XM_017956103.1,TTLL10,Papio_cynocephalus,SAMEA112482966,1,648,R574Y,
XM_017956103.1,TTLL10,Papio_cynocephalus,SAMEA112482966,1,648,L596M,
XM_017956103.1,TTLL10,Papio_cynocephalus,SAMEA112482966,2,648,S3N,
XM_017956103.1,TTLL10,Papio_cynocephalus,SAMEA112482966,2,648,R16G,
XM_017956103.1,TTLL10,Papio_cynocephalus,SAMEA112482966,2,648,R28S,
XM_017956103.1,TTLL10,Papio_cynocephalus,SAMEA112482966,2,648,M46L,
XM_017956103.1,TTLL10,Papio_cynocephalus,SAMEA112482966,2,648,T125R,
XM_017956103.1,TTLL10,Papio_cynocephalus,SAMEA112482966,2,648,D277Y,
XM_017956103.1,TTLL10,Papio_cynocephalus,SAMEA112482966,2,648,D344N,
XM_017956103.1,TTLL10,Papio_cynocephalus,SAMEA112482966,2,648,M363I,
XM_017956103.1,TTLL10,Papio_cynocephalus,SAMEA112482966,2,648,T439R,
XM_017956103.1,TTLL10,Papio_cynocephalus,SAMEA112482966,2,648,R574Y,
XM_017956103.1,TTLL10,Papio_cynocephalus,SAMEA112482966,2,648,L596M,
XM_017956103.1,TTLL10,Papio_cynocephalus,SAMEA112482967,1,648,S3N,
XM_017956103.1,TTLL10,Papio_cynocephalus,SAMEA112482967,1,648,R16G,
XM_017956103.1,TTLL10,Papio_cynocephalus,SAMEA112482967,1,648,R28S,
XM_017956103.1,TTLL10,Papio_cynocephalus,SAMEA112482967,1,648,M46L,
XM_017956103.1,TTLL10,Papio_cynocephalus,SAMEA112482967,1,648,T125R,
XM_017956103.1,TTLL10,Papio_cynocephalus,SAMEA112482967,1,648,D277Y,
XM_017956103.1,TTLL10,Papio_cynocephalus,SAMEA112482967,1,648,D344N,
XM_017956103.1,TTLL10,Papio_cynocephalus,SAMEA112482967,1,648,M363I,
XM_017956103.1,TTLL10,Papio_cynocephalus,SAMEA112482967,1,648,T439R,
XM_017956103.1,TTLL10,Papio_cynocephalus,SAMEA112482967,1,648,R574Y,
XM_017956103.1,TTLL10,Papio_cynocephalus,SAMEA112482967,1,648,L596M,
XM_017956103.1,TTLL10,Papio_cynocephalus,SAMEA112482967,2,648,S3N,
XM_017956103.1,TTLL10,Papio_cynocephalus,SAMEA112482967,2,648,R16G,
XM_017956103.1,TTLL10,Papio_cynocephalus,SAMEA112482967,2,648,R28S,
XM_017956103.1,TTLL10,Papio_cynocephalus,SAMEA112482967,2,648,M46L,
XM_017956103.1,TTLL10,Papio_cynocephalus,SAMEA112482967,2,648,T125R,
XM_017956103.1,TTLL10,Papio_cynocephalus,SAMEA112482967,2,648,D277Y,
XM_017956103.1,TTLL10,Papio_cynocephalus,SAMEA112482967,2,648,D344N,
XM_017956103.1,TTLL10,Papio_cynocephalus,SAMEA112482967,2,648,M363I,
XM_017956103.1,TTLL10,Papio_cynocephalus,SAMEA112482967,2,648,T439R,
XM_017956103.1,TTLL10,Papio_cynocephalus,SAMEA112482967,2,648,R574Y,
XM_017956103.1,TTLL10,Papio_cynocephalus,SAMEA112482967,2,648,L596M,
XM_017956103.1,TTLL10,Papio_cynocephalus,SAMEA112482968,1,648,S3N,
XM_017956103.1,TTLL10,Papio_cynocephalus,SAMEA112482968,1,648,R16G,
XM_017956103.1,TTLL10,Papio_cynocephalus,SAMEA112482968,1,648,R28S,
XM_017956103.1,TTLL10,Papio_cynocephalus,SAMEA112482968,1,648,M46L,
XM_017956103.1,TTLL10,Papio_cynocephalus,SAMEA112482968,1,648,T125R,
XM_017956103.1,TTLL10,Papio_cynocephalus,SAMEA112482968,1,648,D277Y,
XM_017956103.1,TTLL10,Papio_cynocephalus,SAMEA112482968,1,648,D344N,
XM_017956103.1,TTLL10,Papio_cynocephalus,SAMEA112482968,1,648,T439R,
XM_017956103.1,TTLL10,Papio_cynocephalus,SAMEA112482968,1,648,R574Y,
XM_017956103.1,TTLL10,Papio_cynocephalus,SAMEA112482968,1,648,L596M,
XM_017956103.1,TTLL10,Papio_cynocephalus,SAMEA112482968,2,648,S3N,
XM_017956103.1,TTLL10,Papio_cynocephalus,SAMEA112482968,2,648,R16G,
XM_017956103.1,TTLL10,Papio_cynocephalus,SAMEA112482968,2,648,R28S,
XM_017956103.1,TTLL10,Papio_cynocephalus,SAMEA112482968,2,648,M46L,
XM_017956103.1,TTLL10,Papio_cynocephalus,SAMEA112482968,2,648,T125R,
XM_017956103.1,TTLL10,Papio_cynocephalus,SAMEA112482968,2,648,D277Y,
XM_017956103.1,TTLL10,Papio_cynocephalus,SAMEA112482968,2,648,D344N,
XM_017956103.1,TTLL10,Papio_cynocephalus,SAMEA112482968,2,648,M363I,
XM_017956103.1,TTLL10,Papio_cynocephalus,SAMEA112482968,2,648,T439R,
XM_017956103.1,TTLL10,Papio_cynocephalus,SAMEA112482968,2,648,R574Y,
XM_017956103.1,TTLL10,Papio_cynocephalus,SAMEA112482968,2,648,L596M,
XM_017956103.1,TTLL10,Papio_cynocephalus,SAMEA112482969,1,648,S3N,
XM_017956103.1,TTLL10,Papio_cynocephalus,SAMEA112482969,1,648,R16G,
XM_017956103.1,TTLL10,Papio_cynocephalus,SAMEA112482969,1,648,R28S,
XM_017956103.1,TTLL10,Papio_cynocephalus,SAMEA112482969,1,648,M46L,
XM_017956103.1,TTLL10,Papio_cynocephalus,SAMEA112482969,1,648,T125R,
XM_017956103.1,TTLL10,Papio_cynocephalus,SAMEA112482969,1,648,D277Y,
XM_017956103.1,TTLL10,Papio_cynocephalus,SAMEA112482969,1,648,D344N,
XM_017956103.1,TTLL10,Papio_cynocephalus,SAMEA112482969,1,648,T439R,
XM_017956103.1,TTLL10,Papio_cynocephalus,SAMEA112482969,1,648,R574Y,
XM_017956103.1,TTLL10,Papio_cynocephalus,SAMEA112482969,1,648,L596M,
XM_017956103.1,TTLL10,Papio_cynocephalus,SAMEA112482969,2,648,S3N,
XM_017956103.1,TTLL10,Papio_cynocephalus,SAMEA112482969,2,648,R16G,
XM_017956103.1,TTLL10,Papio_cynocephalus,SAMEA112482969,2,648,R28S,
XM_017956103.1,TTLL10,Papio_cynocephalus,SAMEA112482969,2,648,M46L,
XM_017956103.1,TTLL10,Papio_cynocephalus,SAMEA112482969,2,648,T125R,
XM_017956103.1,TTLL10,Papio_cynocephalus,SAMEA112482969,2,648,D277Y,
XM_017956103.1,TTLL10,Papio_cynocephalus,SAMEA112482969,2,648,D344N,
XM_017956103.1,TTLL10,Papio_cynocephalus,SAMEA112482969,2,648,M363I,
XM_017956103.1,TTLL10,Papio_cynocephalus,SAMEA112482969,2,648,T439R,
XM_017956103.1,TTLL10,Papio_cynocephalus,SAMEA112482969,2,648,R574Y,
XM_017956103.1,TTLL10,Papio_cynocephalus,SAMEA112482969,2,648,L596M,
XM_017956103.1,TTLL10,Papio_cynocephalus,SAMEA112482970,1,648,S3N,
XM_017956103.1,TTLL10,Papio_cynocephalus,SAMEA112482970,1,648,R16G,
XM_017956103.1,TTLL10,Papio_cynocephalus,SAMEA112482970,1,648,R28S,
XM_017956103.1,TTLL10,Papio_cynocephalus,SAMEA112482970,1,648,M46L,
XM_017956103.1,TTLL10,Papio_cynocephalus,SAMEA112482970,1,648,T125R,
XM_017956103.1,TTLL10,Papio_cynocephalus,SAMEA112482970,1,648,D277Y,
XM_017956103.1,TTLL10,Papio_cynocephalus,SAMEA112482970,1,648,D344N,
XM_017956103.1,TTLL10,Papio_cynocephalus,SAMEA112482970,1,648,M363I,
XM_017956103.1,TTLL10,Papio_cynocephalus,SAMEA112482970,1,648,T439R,
XM_017956103.1,TTLL10,Papio_cynocephalus,SAMEA112482970,1,648,R574Y,
XM_017956103.1,TTLL10,Papio_cynocephalus,SAMEA112482970,1,648,L596M,
XM_017956103.1,TTLL10,Papio_cynocephalus,SAMEA112482970,2,648,S3N,
XM_017956103.1,TTLL10,Papio_cynocephalus,SAMEA112482970,2,648,R16G,
XM_017956103.1,TTLL10,Papio_cynocephalus,SAMEA112482970,2,648,R28S,
XM_017956103.1,TTLL10,Papio_cynocephalus,SAMEA112482970,2,648,M46L,
XM_017956103.1,TTLL10,Papio_cynocephalus,SAMEA112482970,2,648,T125R,
XM_017956103.1,TTLL10,Papio_cynocephalus,SAMEA112482970,2,648,D277Y,
XM_017956103.1,TTLL10,Papio_cynocephalus,SAMEA112482970,2,648,D344N,
XM_017956103.1,TTLL10,Papio_cynocephalus,SAMEA112482970,2,648,M363I,
XM_017956103.1,TTLL10,Papio_cynocephalus,SAMEA112482970,2,648,T439R,
XM_017956103.1,TTLL10,Papio_cynocephalus,SAMEA112482970,2,648,R574Y,
XM_017956103.1,TTLL10,Papio_cynocephalus,SAMEA112482970,2,648,L596M,
XM_017956103.1,TTLL10,Papio_cynocephalus,SAMEA112482976,1,648,S3N,
XM_017956103.1,TTLL10,Papio_cynocephalus,SAMEA112482976,1,648,R16G,
XM_017956103.1,TTLL10,Papio_cynocephalus,SAMEA112482976,1,648,R28S,
XM_017956103.1,TTLL10,Papio_cynocephalus,SAMEA112482976,1,648,M46L,
XM_017956103.1,TTLL10,Papio_cynocephalus,SAMEA112482976,1,648,T125R,
XM_017956103.1,TTLL10,Papio_cynocephalus,SAMEA112482976,1,648,D277Y,
XM_017956103.1,TTLL10,Papio_cynocephalus,SAMEA112482976,1,648,D344N,
XM_017956103.1,TTLL10,Papio_cynocephalus,SAMEA112482976,1,648,M363I,
XM_017956103.1,TTLL10,Papio_cynocephalus,SAMEA112482976,1,648,T439R,
XM_017956103.1,TTLL10,Papio_cynocephalus,SAMEA112482976,1,648,R574Y,
XM_017956103.1,TTLL10,Papio_cynocephalus,SAMEA112482976,1,648,L596M,
XM_017956103.1,TTLL10,Papio_cynocephalus,SAMEA112482976,2,648,S3N,
XM_017956103.1,TTLL10,Papio_cynocephalus,SAMEA112482976,2,648,R16G,
XM_017956103.1,TTLL10,Papio_cynocephalus,SAMEA112482976,2,648,R28S,
XM_017956103.1,TTLL10,Papio_cynocephalus,SAMEA112482976,2,648,M46L,
XM_017956103.1,TTLL10,Papio_cynocephalus,SAMEA112482976,2,648,T125R,
XM_017956103.1,TTLL10,Papio_cynocephalus,SAMEA112482976,2,648,D277Y,
XM_017956103.1,TTLL10,Papio_cynocephalus,SAMEA112482976,2,648,D344N,
XM_017956103.1,TTLL10,Papio_cynocephalus,SAMEA112482976,2,648,M363I,
XM_017956103.1,TTLL10,Papio_cynocephalus,SAMEA112482976,2,648,T439R,
XM_017956103.1,TTLL10,Papio_cynocephalus,SAMEA112482976,2,648,R574Y,
XM_017956103.1,TTLL10,Papio_cynocephalus,SAMEA112482976,2,648,L596M,
XM_017956103.1,TTLL10,Papio_cynocephalus,SAMEA112482977,1,648,S3N,
XM_017956103.1,TTLL10,Papio_cynocephalus,SAMEA112482977,1,648,R16G,
XM_017956103.1,TTLL10,Papio_cynocephalus,SAMEA112482977,1,648,R28S,
XM_017956103.1,TTLL10,Papio_cynocephalus,SAMEA112482977,1,648,M46L,
XM_017956103.1,TTLL10,Papio_cynocephalus,SAMEA112482977,1,648,T125R,
XM_017956103.1,TTLL10,Papio_cynocephalus,SAMEA112482977,1,648,D277Y,
XM_017956103.1,TTLL10,Papio_cynocephalus,SAMEA112482977,1,648,D344N,
XM_017956103.1,TTLL10,Papio_cynocephalus,SAMEA112482977,1,648,T439R,
XM_017956103.1,TTLL10,Papio_cynocephalus,SAMEA112482977,1,648,R574Y,
XM_017956103.1,TTLL10,Papio_cynocephalus,SAMEA112482977,1,648,L596M,
XM_017956103.1,TTLL10,Papio_cynocephalus,SAMEA112482977,2,648,S3N,
XM_017956103.1,TTLL10,Papio_cynocephalus,SAMEA112482977,2,648,R16G,
XM_017956103.1,TTLL10,Papio_cynocephalus,SAMEA112482977,2,648,R28S,
XM_017956103.1,TTLL10,Papio_cynocephalus,SAMEA112482977,2,648,M46L,
XM_017956103.1,TTLL10,Papio_cynocephalus,SAMEA112482977,2,648,T125R,
XM_017956103.1,TTLL10,Papio_cynocephalus,SAMEA112482977,2,648,D277Y,
XM_017956103.1,TTLL10,Papio_cynocephalus,SAMEA112482977,2,648,D344N,
XM_017956103.1,TTLL10,Papio_cynocephalus,SAMEA112482977,2,648,M363I,
XM_017956103.1,TTLL10,Papio_cynocephalus,SAMEA112482977,2,648,T439R,
XM_017956103.1,TTLL10,Papio_cynocephalus,SAMEA112482977,2,648,R574Y,
XM_017956103.1,TTLL10,Papio_cynocephalus,SAMEA112482977,2,648,L596M,
XM_017956103.1,TTLL10,Papio_cynocephalus,SAMEA112482978,1,648,S3N,
XM_017956103.1,TTLL10,Papio_cynocephalus,SAMEA112482978,1,648,R16G,
XM_017956103.1,TTLL10,Papio_cynocephalus,SAMEA112482978,1,648,R28S,
XM_017956103.1,TTLL10,Papio_cynocephalus,SAMEA112482978,1,648,M46L,
XM_017956103.1,TTLL10,Papio_cynocephalus,SAMEA112482978,1,648,T125R,
XM_017956103.1,TTLL10,Papio_cynocephalus,SAMEA112482978,1,648,D277Y,
XM_017956103.1,TTLL10,Papio_cynocephalus,SAMEA112482978,1,648,D344N,
XM_017956103.1,TTLL10,Papio_cynocephalus,SAMEA112482978,1,648,M363I,
XM_017956103.1,TTLL10,Papio_cynocephalus,SAMEA112482978,1,648,T439R,
XM_017956103.1,TTLL10,Papio_cynocephalus,SAMEA112482978,1,648,R574Y,
XM_017956103.1,TTLL10,Papio_cynocephalus,SAMEA112482978,1,648,L596M,
XM_017956103.1,TTLL10,Papio_cynocephalus,SAMEA112482978,2,648,S3N,
XM_017956103.1,TTLL10,Papio_cynocephalus,SAMEA112482978,2,648,R16G,
XM_017956103.1,TTLL10,Papio_cynocephalus,SAMEA112482978,2,648,R28S,
XM_017956103.1,TTLL10,Papio_cynocephalus,SAMEA112482978,2,648,M46L,
XM_017956103.1,TTLL10,Papio_cynocephalus,SAMEA112482978,2,648,T125R,
XM_017956103.1,TTLL10,Papio_cynocephalus,SAMEA112482978,2,648,D277Y,
XM_017956103.1,TTLL10,Papio_cynocephalus,SAMEA112482978,2,648,D344N,
XM_017956103.1,TTLL10,Papio_cynocephalus,SAMEA112482978,2,648,M363I,
XM_017956103.1,TTLL10,Papio_cynocephalus,SAMEA112482978,2,648,T439R,
XM_017956103.1,TTLL10,Papio_cynocephalus,SAMEA112482978,2,648,R574Y,
XM_017956103.1,TTLL10,Papio_cynocephalus,SAMEA112482978,2,648,L596M,
XM_017956103.1,TTLL10,Papio_cynocephalus,SAMEA112482979,1,648,S3N,
XM_017956103.1,TTLL10,Papio_cynocephalus,SAMEA112482979,1,648,R16G,
XM_017956103.1,TTLL10,Papio_cynocephalus,SAMEA112482979,1,648,R28S,
XM_017956103.1,TTLL10,Papio_cynocephalus,SAMEA112482979,1,648,M46L,
XM_017956103.1,TTLL10,Papio_cynocephalus,SAMEA112482979,1,648,T125R,
XM_017956103.1,TTLL10,Papio_cynocephalus,SAMEA112482979,1,648,D277Y,
XM_017956103.1,TTLL10,Papio_cynocephalus,SAMEA112482979,1,648,D344N,
XM_017956103.1,TTLL10,Papio_cynocephalus,SAMEA112482979,1,648,M363I,
XM_017956103.1,TTLL10,Papio_cynocephalus,SAMEA112482979,1,648,T439R,
XM_017956103.1,TTLL10,Papio_cynocephalus,SAMEA112482979,1,648,R574Y,
XM_017956103.1,TTLL10,Papio_cynocephalus,SAMEA112482979,1,648,L596M,
XM_017956103.1,TTLL10,Papio_cynocephalus,SAMEA112482979,2,648,S3N,
XM_017956103.1,TTLL10,Papio_cynocephalus,SAMEA112482979,2,648,R28S,
XM_017956103.1,TTLL10,Papio_cynocephalus,SAMEA112482979,2,648,M46L,
XM_017956103.1,TTLL10,Papio_cynocephalus,SAMEA112482979,2,648,T125R,
XM_017956103.1,TTLL10,Papio_cynocephalus,SAMEA112482979,2,648,D344N,
XM_017956103.1,TTLL10,Papio_cynocephalus,SAMEA112482979,2,648,M363I,
XM_017956103.1,TTLL10,Papio_cynocephalus,SAMEA112482979,2,648,T439R,
XM_017956103.1,TTLL10,Papio_cynocephalus,SAMEA112482979,2,648,R574Y,
XM_017956103.1,TTLL10,Papio_cynocephalus,SAMEA112482979,2,648,L596M,
XM_017956103.1,TTLL10,Papio_cynocephalus,SAMEA112482980,1,648,S3N,
XM_017956103.1,TTLL10,Papio_cynocephalus,SAMEA112482980,1,648,R16G,
XM_017956103.1,TTLL10,Papio_cynocephalus,SAMEA112482980,1,648,R28S,
XM_017956103.1,TTLL10,Papio_cynocephalus,SAMEA112482980,1,648,M46L,
XM_017956103.1,TTLL10,Papio_cynocephalus,SAMEA112482980,1,648,T125R,
XM_017956103.1,TTLL10,Papio_cynocephalus,SAMEA112482980,1,648,D277Y,
XM_017956103.1,TTLL10,Papio_cynocephalus,SAMEA112482980,1,648,D344N,
XM_017956103.1,TTLL10,Papio_cynocephalus,SAMEA112482980,1,648,M363I,
XM_017956103.1,TTLL10,Papio_cynocephalus,SAMEA112482980,1,648,T439R,
XM_017956103.1,TTLL10,Papio_cynocephalus,SAMEA112482980,1,648,R574Y,
XM_017956103.1,TTLL10,Papio_cynocephalus,SAMEA112482980,1,648,L596M,
XM_017956103.1,TTLL10,Papio_cynocephalus,SAMEA112482980,2,648,S3N,
XM_017956103.1,TTLL10,Papio_cynocephalus,SAMEA112482980,2,648,R16G,
XM_017956103.1,TTLL10,Papio_cynocephalus,SAMEA112482980,2,648,R28S,
XM_017956103.1,TTLL10,Papio_cynocephalus,SAMEA112482980,2,648,M46L,
XM_017956103.1,TTLL10,Papio_cynocephalus,SAMEA112482980,2,648,A107T,
XM_017956103.1,TTLL10,Papio_cynocephalus,SAMEA112482980,2,648,T125R,
XM_017956103.1,TTLL10,Papio_cynocephalus,SAMEA112482980,2,648,E168D,
XM_017956103.1,TTLL10,Papio_cynocephalus,SAMEA112482980,2,648,D277Y,
XM_017956103.1,TTLL10,Papio_cynocephalus,SAMEA112482980,2,648,D344N,
XM_017956103.1,TTLL10,Papio_cynocephalus,SAMEA112482980,2,648,M363I,
XM_017956103.1,TTLL10,Papio_cynocephalus,SAMEA112482980,2,648,T439R,
XM_017956103.1,TTLL10,Papio_cynocephalus,SAMEA112482980,2,648,R574Y,
XM_017956103.1,TTLL10,Papio_cynocephalus,SAMEA112482980,2,648,L596M,
XM_017956103.1,TTLL10,Papio_cynocephalus,SAMEA112482981,1,648,S3N,
XM_017956103.1,TTLL10,Papio_cynocephalus,SAMEA112482981,1,648,R16G,
XM_017956103.1,TTLL10,Papio_cynocephalus,SAMEA112482981,1,648,R28S,
XM_017956103.1,TTLL10,Papio_cynocephalus,SAMEA112482981,1,648,M46L,
XM_017956103.1,TTLL10,Papio_cynocephalus,SAMEA112482981,1,648,T125R,
XM_017956103.1,TTLL10,Papio_cynocephalus,SAMEA112482981,1,648,D277Y,
XM_017956103.1,TTLL10,Papio_cynocephalus,SAMEA112482981,1,648,D344N,
XM_017956103.1,TTLL10,Papio_cynocephalus,SAMEA112482981,1,648,M363I,
XM_017956103.1,TTLL10,Papio_cynocephalus,SAMEA112482981,1,648,T439R,
XM_017956103.1,TTLL10,Papio_cynocephalus,SAMEA112482981,1,648,R574Y,
XM_017956103.1,TTLL10,Papio_cynocephalus,SAMEA112482981,1,648,L596M,
XM_017956103.1,TTLL10,Papio_cynocephalus,SAMEA112482981,2,648,S3N,
XM_017956103.1,TTLL10,Papio_cynocephalus,SAMEA112482981,2,648,R16G,
XM_017956103.1,TTLL10,Papio_cynocephalus,SAMEA112482981,2,648,R28S,
XM_017956103.1,TTLL10,Papio_cynocephalus,SAMEA112482981,2,648,M46L,
XM_017956103.1,TTLL10,Papio_cynocephalus,SAMEA112482981,2,648,T125R,
XM_017956103.1,TTLL10,Papio_cynocephalus,SAMEA112482981,2,648,D277Y,
XM_017956103.1,TTLL10,Papio_cynocephalus,SAMEA112482981,2,648,D344N,
XM_017956103.1,TTLL10,Papio_cynocephalus,SAMEA112482981,2,648,M363I,
XM_017956103.1,TTLL10,Papio_cynocephalus,SAMEA112482981,2,648,T439K,
XM_017956103.1,TTLL10,Papio_cynocephalus,SAMEA112482981,2,648,R574Y,
XM_017956103.1,TTLL10,Papio_cynocephalus,SAMEA112482981,2,648,L596M,
XM_017956103.1,TTLL10,Papio_cynocephalus,SAMEA112482982,1,648,S3N,
XM_017956103.1,TTLL10,Papio_cynocephalus,SAMEA112482982,1,648,R16G,
XM_017956103.1,TTLL10,Papio_cynocephalus,SAMEA112482982,1,648,R28S,
XM_017956103.1,TTLL10,Papio_cynocephalus,SAMEA112482982,1,648,M46L,
XM_017956103.1,TTLL10,Papio_cynocephalus,SAMEA112482982,1,648,T125R,
XM_017956103.1,TTLL10,Papio_cynocephalus,SAMEA112482982,1,648,D277Y,
XM_017956103.1,TTLL10,Papio_cynocephalus,SAMEA112482982,1,648,D344N,
XM_017956103.1,TTLL10,Papio_cynocephalus,SAMEA112482982,1,648,M363I,
XM_017956103.1,TTLL10,Papio_cynocephalus,SAMEA112482982,1,648,T439R,
XM_017956103.1,TTLL10,Papio_cynocephalus,SAMEA112482982,1,648,R574Y,
XM_017956103.1,TTLL10,Papio_cynocephalus,SAMEA112482982,1,648,L596M,
XM_017956103.1,TTLL10,Papio_cynocephalus,SAMEA112482982,2,648,S3N,
XM_017956103.1,TTLL10,Papio_cynocephalus,SAMEA112482982,2,648,T15I,
XM_017956103.1,TTLL10,Papio_cynocephalus,SAMEA112482982,2,648,R16G,
XM_017956103.1,TTLL10,Papio_cynocephalus,SAMEA112482982,2,648,R28S,
XM_017956103.1,TTLL10,Papio_cynocephalus,SAMEA112482982,2,648,M46L,
XM_017956103.1,TTLL10,Papio_cynocephalus,SAMEA112482982,2,648,E111K,
XM_017956103.1,TTLL10,Papio_cynocephalus,SAMEA112482982,2,648,T125R,
XM_017956103.1,TTLL10,Papio_cynocephalus,SAMEA112482982,2,648,D277Y,
XM_017956103.1,TTLL10,Papio_cynocephalus,SAMEA112482982,2,648,D344N,
XM_017956103.1,TTLL10,Papio_cynocephalus,SAMEA112482982,2,648,M363I,
XM_017956103.1,TTLL10,Papio_cynocephalus,SAMEA112482982,2,648,T439R,
XM_017956103.1,TTLL10,Papio_cynocephalus,SAMEA112482982,2,648,R574Y,
XM_017956103.1,TTLL10,Papio_cynocephalus,SAMEA112482982,2,648,L596M,
XM_017956103.1,TTLL10,Papio_cynocephalus,SAMEA112482983,1,648,S3N,
XM_017956103.1,TTLL10,Papio_cynocephalus,SAMEA112482983,1,648,R16G,
XM_017956103.1,TTLL10,Papio_cynocephalus,SAMEA112482983,1,648,R28S,
XM_017956103.1,TTLL10,Papio_cynocephalus,SAMEA112482983,1,648,M46L,
XM_017956103.1,TTLL10,Papio_cynocephalus,SAMEA112482983,1,648,T125R,
XM_017956103.1,TTLL10,Papio_cynocephalus,SAMEA112482983,1,648,D277Y,
XM_017956103.1,TTLL10,Papio_cynocephalus,SAMEA112482983,1,648,D344N,
XM_017956103.1,TTLL10,Papio_cynocephalus,SAMEA112482983,1,648,M363I,
XM_017956103.1,TTLL10,Papio_cynocephalus,SAMEA112482983,1,648,T439R,
XM_017956103.1,TTLL10,Papio_cynocephalus,SAMEA112482983,1,648,R574Y,
XM_017956103.1,TTLL10,Papio_cynocephalus,SAMEA112482983,1,648,L596M,
XM_017956103.1,TTLL10,Papio_cynocephalus,SAMEA112482983,2,648,S3N,
XM_017956103.1,TTLL10,Papio_cynocephalus,SAMEA112482983,2,648,T15I,
XM_017956103.1,TTLL10,Papio_cynocephalus,SAMEA112482983,2,648,R16G,
XM_017956103.1,TTLL10,Papio_cynocephalus,SAMEA112482983,2,648,R28S,
XM_017956103.1,TTLL10,Papio_cynocephalus,SAMEA112482983,2,648,M46L,
XM_017956103.1,TTLL10,Papio_cynocephalus,SAMEA112482983,2,648,T125R,
XM_017956103.1,TTLL10,Papio_cynocephalus,SAMEA112482983,2,648,D277Y,
XM_017956103.1,TTLL10,Papio_cynocephalus,SAMEA112482983,2,648,D344N,
XM_017956103.1,TTLL10,Papio_cynocephalus,SAMEA112482983,2,648,M363I,
XM_017956103.1,TTLL10,Papio_cynocephalus,SAMEA112482983,2,648,T439R,
XM_017956103.1,TTLL10,Papio_cynocephalus,SAMEA112482983,2,648,R574Y,
XM_017956103.1,TTLL10,Papio_cynocephalus,SAMEA112482983,2,648,L596M,
XM_017956103.1,TTLL10,Papio_cynocephalus,SAMEA112482984,1,648,S3N,
XM_017956103.1,TTLL10,Papio_cynocephalus,SAMEA112482984,1,648,R16G,
XM_017956103.1,TTLL10,Papio_cynocephalus,SAMEA112482984,1,648,R28S,
XM_017956103.1,TTLL10,Papio_cynocephalus,SAMEA112482984,1,648,M46L,
XM_017956103.1,TTLL10,Papio_cynocephalus,SAMEA112482984,1,648,T125R,
XM_017956103.1,TTLL10,Papio_cynocephalus,SAMEA112482984,1,648,D277Y,
XM_017956103.1,TTLL10,Papio_cynocephalus,SAMEA112482984,1,648,D344N,
XM_017956103.1,TTLL10,Papio_cynocephalus,SAMEA112482984,1,648,M363I,
XM_017956103.1,TTLL10,Papio_cynocephalus,SAMEA112482984,1,648,T439R,
XM_017956103.1,TTLL10,Papio_cynocephalus,SAMEA112482984,1,648,R574Y,
XM_017956103.1,TTLL10,Papio_cynocephalus,SAMEA112482984,1,648,L596M,
XM_017956103.1,TTLL10,Papio_cynocephalus,SAMEA112482984,2,648,S3N,
XM_017956103.1,TTLL10,Papio_cynocephalus,SAMEA112482984,2,648,T15I,
XM_017956103.1,TTLL10,Papio_cynocephalus,SAMEA112482984,2,648,R16G,
XM_017956103.1,TTLL10,Papio_cynocephalus,SAMEA112482984,2,648,R28S,
XM_017956103.1,TTLL10,Papio_cynocephalus,SAMEA112482984,2,648,M46L,
XM_017956103.1,TTLL10,Papio_cynocephalus,SAMEA112482984,2,648,T125R,
XM_017956103.1,TTLL10,Papio_cynocephalus,SAMEA112482984,2,648,D277Y,
XM_017956103.1,TTLL10,Papio_cynocephalus,SAMEA112482984,2,648,D344N,
XM_017956103.1,TTLL10,Papio_cynocephalus,SAMEA112482984,2,648,M363I,
XM_017956103.1,TTLL10,Papio_cynocephalus,SAMEA112482984,2,648,T439R,
XM_017956103.1,TTLL10,Papio_cynocephalus,SAMEA112482984,2,648,R574Y,
XM_017956103.1,TTLL10,Papio_cynocephalus,SAMEA112482984,2,648,L596M,
XM_017956103.1,TTLL10,Papio_cynocephalus,SAMEA112482985,1,648,S3N,
XM_017956103.1,TTLL10,Papio_cynocephalus,SAMEA112482985,1,648,R16G,
XM_017956103.1,TTLL10,Papio_cynocephalus,SAMEA112482985,1,648,R28S,
XM_017956103.1,TTLL10,Papio_cynocephalus,SAMEA112482985,1,648,M46L,
XM_017956103.1,TTLL10,Papio_cynocephalus,SAMEA112482985,1,648,T125R,
XM_017956103.1,TTLL10,Papio_cynocephalus,SAMEA112482985,1,648,D277Y,
XM_017956103.1,TTLL10,Papio_cynocephalus,SAMEA112482985,1,648,D344N,
XM_017956103.1,TTLL10,Papio_cynocephalus,SAMEA112482985,1,648,M363I,
XM_017956103.1,TTLL10,Papio_cynocephalus,SAMEA112482985,1,648,T439R,
XM_017956103.1,TTLL10,Papio_cynocephalus,SAMEA112482985,1,648,R574Y,
XM_017956103.1,TTLL10,Papio_cynocephalus,SAMEA112482985,1,648,L596M,
XM_017956103.1,TTLL10,Papio_cynocephalus,SAMEA112482985,2,648,S3N,
XM_017956103.1,TTLL10,Papio_cynocephalus,SAMEA112482985,2,648,R16G,
XM_017956103.1,TTLL10,Papio_cynocephalus,SAMEA112482985,2,648,R28S,
XM_017956103.1,TTLL10,Papio_cynocephalus,SAMEA112482985,2,648,M46L,
XM_017956103.1,TTLL10,Papio_cynocephalus,SAMEA112482985,2,648,T125R,
XM_017956103.1,TTLL10,Papio_cynocephalus,SAMEA112482985,2,648,D277Y,
XM_017956103.1,TTLL10,Papio_cynocephalus,SAMEA112482985,2,648,D344N,
XM_017956103.1,TTLL10,Papio_cynocephalus,SAMEA112482985,2,648,M363I,
XM_017956103.1,TTLL10,Papio_cynocephalus,SAMEA112482985,2,648,T439R,
XM_017956103.1,TTLL10,Papio_cynocephalus,SAMEA112482985,2,648,R574Y,
XM_017956103.1,TTLL10,Papio_cynocephalus,SAMEA112482985,2,648,L596M,
XM_017956103.1,TTLL10,Papio_cynocephalus,SAMEA112482986,1,648,S3N,
XM_017956103.1,TTLL10,Papio_cynocephalus,SAMEA112482986,1,648,R16G,
XM_017956103.1,TTLL10,Papio_cynocephalus,SAMEA112482986,1,648,R28S,
XM_017956103.1,TTLL10,Papio_cynocephalus,SAMEA112482986,1,648,M46L,
XM_017956103.1,TTLL10,Papio_cynocephalus,SAMEA112482986,1,648,T125R,
XM_017956103.1,TTLL10,Papio_cynocephalus,SAMEA112482986,1,648,D277Y,
XM_017956103.1,TTLL10,Papio_cynocephalus,SAMEA112482986,1,648,D344N,
XM_017956103.1,TTLL10,Papio_cynocephalus,SAMEA112482986,1,648,T439R,
XM_017956103.1,TTLL10,Papio_cynocephalus,SAMEA112482986,1,648,R574Y,
XM_017956103.1,TTLL10,Papio_cynocephalus,SAMEA112482986,1,648,L596M,
XM_017956103.1,TTLL10,Papio_cynocephalus,SAMEA112482986,2,648,S3N,
XM_017956103.1,TTLL10,Papio_cynocephalus,SAMEA112482986,2,648,R16G,
XM_017956103.1,TTLL10,Papio_cynocephalus,SAMEA112482986,2,648,R28S,
XM_017956103.1,TTLL10,Papio_cynocephalus,SAMEA112482986,2,648,M46L,
XM_017956103.1,TTLL10,Papio_cynocephalus,SAMEA112482986,2,648,T125R,
XM_017956103.1,TTLL10,Papio_cynocephalus,SAMEA112482986,2,648,D277Y,
XM_017956103.1,TTLL10,Papio_cynocephalus,SAMEA112482986,2,648,D344H,
XM_017956103.1,TTLL10,Papio_cynocephalus,SAMEA112482986,2,648,M363I,
XM_017956103.1,TTLL10,Papio_cynocephalus,SAMEA112482986,2,648,T439R,
XM_017956103.1,TTLL10,Papio_cynocephalus,SAMEA112482986,2,648,R574Y,
XM_017956103.1,TTLL10,Papio_cynocephalus,SAMEA112482986,2,648,L596M,
XM_017956103.1,TTLL10,Papio_cynocephalus,SAMEA112482987,1,648,S3N,
XM_017956103.1,TTLL10,Papio_cynocephalus,SAMEA112482987,1,648,R16G,
XM_017956103.1,TTLL10,Papio_cynocephalus,SAMEA112482987,1,648,R28S,
XM_017956103.1,TTLL10,Papio_cynocephalus,SAMEA112482987,1,648,M46L,
XM_017956103.1,TTLL10,Papio_cynocephalus,SAMEA112482987,1,648,T125R,
XM_017956103.1,TTLL10,Papio_cynocephalus,SAMEA112482987,1,648,D277Y,
XM_017956103.1,TTLL10,Papio_cynocephalus,SAMEA112482987,1,648,D344N,
XM_017956103.1,TTLL10,Papio_cynocephalus,SAMEA112482987,1,648,M363I,
XM_017956103.1,TTLL10,Papio_cynocephalus,SAMEA112482987,1,648,T439R,
XM_017956103.1,TTLL10,Papio_cynocephalus,SAMEA112482987,1,648,R574Y,
XM_017956103.1,TTLL10,Papio_cynocephalus,SAMEA112482987,1,648,L596M,
XM_017956103.1,TTLL10,Papio_cynocephalus,SAMEA112482987,2,648,S3N,
XM_017956103.1,TTLL10,Papio_cynocephalus,SAMEA112482987,2,648,R16G,
XM_017956103.1,TTLL10,Papio_cynocephalus,SAMEA112482987,2,648,R28S,
XM_017956103.1,TTLL10,Papio_cynocephalus,SAMEA112482987,2,648,M46L,
XM_017956103.1,TTLL10,Papio_cynocephalus,SAMEA112482987,2,648,T125R,
XM_017956103.1,TTLL10,Papio_cynocephalus,SAMEA112482987,2,648,D277Y,
XM_017956103.1,TTLL10,Papio_cynocephalus,SAMEA112482987,2,648,D344N,
XM_017956103.1,TTLL10,Papio_cynocephalus,SAMEA112482987,2,648,M363I,
XM_017956103.1,TTLL10,Papio_cynocephalus,SAMEA112482987,2,648,T439R,
XM_017956103.1,TTLL10,Papio_cynocephalus,SAMEA112482987,2,648,R574Y,
XM_017956103.1,TTLL10,Papio_cynocephalus,SAMEA112482987,2,648,L596M,
XM_017956103.1,TTLL10,Papio_cynocephalus,SAMEA112482988,1,648,S3N,
XM_017956103.1,TTLL10,Papio_cynocephalus,SAMEA112482988,1,648,R16G,
XM_017956103.1,TTLL10,Papio_cynocephalus,SAMEA112482988,1,648,R28S,
XM_017956103.1,TTLL10,Papio_cynocephalus,SAMEA112482988,1,648,M46L,
XM_017956103.1,TTLL10,Papio_cynocephalus,SAMEA112482988,1,648,T125R,
XM_017956103.1,TTLL10,Papio_cynocephalus,SAMEA112482988,1,648,D277Y,
XM_017956103.1,TTLL10,Papio_cynocephalus,SAMEA112482988,1,648,D344N,
XM_017956103.1,TTLL10,Papio_cynocephalus,SAMEA112482988,1,648,M363I,
XM_017956103.1,TTLL10,Papio_cynocephalus,SAMEA112482988,1,648,T439R,
XM_017956103.1,TTLL10,Papio_cynocephalus,SAMEA112482988,1,648,R574Y,
XM_017956103.1,TTLL10,Papio_cynocephalus,SAMEA112482988,1,648,L596M,
XM_017956103.1,TTLL10,Papio_cynocephalus,SAMEA112482988,2,648,S3N,
XM_017956103.1,TTLL10,Papio_cynocephalus,SAMEA112482988,2,648,R16G,
XM_017956103.1,TTLL10,Papio_cynocephalus,SAMEA112482988,2,648,R28S,
XM_017956103.1,TTLL10,Papio_cynocephalus,SAMEA112482988,2,648,M46L,
XM_017956103.1,TTLL10,Papio_cynocephalus,SAMEA112482988,2,648,T125R,
XM_017956103.1,TTLL10,Papio_cynocephalus,SAMEA112482988,2,648,D277Y,
XM_017956103.1,TTLL10,Papio_cynocephalus,SAMEA112482988,2,648,D344N,
XM_017956103.1,TTLL10,Papio_cynocephalus,SAMEA112482988,2,648,M363I,
XM_017956103.1,TTLL10,Papio_cynocephalus,SAMEA112482988,2,648,T439R,
XM_017956103.1,TTLL10,Papio_cynocephalus,SAMEA112482988,2,648,R574Y,
XM_017956103.1,TTLL10,Papio_cynocephalus,SAMEA112482988,2,648,L596M,
XM_017956103.1,TTLL10,Papio_cynocephalus,SAMEA112482989,1,648,S3N,
XM_017956103.1,TTLL10,Papio_cynocephalus,SAMEA112482989,1,648,R16G,
XM_017956103.1,TTLL10,Papio_cynocephalus,SAMEA112482989,1,648,R28S,
XM_017956103.1,TTLL10,Papio_cynocephalus,SAMEA112482989,1,648,M46L,
XM_017956103.1,TTLL10,Papio_cynocephalus,SAMEA112482989,1,648,T125R,
XM_017956103.1,TTLL10,Papio_cynocephalus,SAMEA112482989,1,648,D277Y,
XM_017956103.1,TTLL10,Papio_cynocephalus,SAMEA112482989,1,648,D344N,
XM_017956103.1,TTLL10,Papio_cynocephalus,SAMEA112482989,1,648,M363I,
XM_017956103.1,TTLL10,Papio_cynocephalus,SAMEA112482989,1,648,T439R,
XM_017956103.1,TTLL10,Papio_cynocephalus,SAMEA112482989,1,648,R574Y,
XM_017956103.1,TTLL10,Papio_cynocephalus,SAMEA112482989,1,648,L596M,
XM_017956103.1,TTLL10,Papio_cynocephalus,SAMEA112482989,2,648,S3N,
XM_017956103.1,TTLL10,Papio_cynocephalus,SAMEA112482989,2,648,R16G,
XM_017956103.1,TTLL10,Papio_cynocephalus,SAMEA112482989,2,648,R28S,
XM_017956103.1,TTLL10,Papio_cynocephalus,SAMEA112482989,2,648,M46L,
XM_017956103.1,TTLL10,Papio_cynocephalus,SAMEA112482989,2,648,A107T,
XM_017956103.1,TTLL10,Papio_cynocephalus,SAMEA112482989,2,648,T125R,
XM_017956103.1,TTLL10,Papio_cynocephalus,SAMEA112482989,2,648,E168D,
XM_017956103.1,TTLL10,Papio_cynocephalus,SAMEA112482989,2,648,D277Y,
XM_017956103.1,TTLL10,Papio_cynocephalus,SAMEA112482989,2,648,D344N,
XM_017956103.1,TTLL10,Papio_cynocephalus,SAMEA112482989,2,648,M363I,
XM_017956103.1,TTLL10,Papio_cynocephalus,SAMEA112482989,2,648,T439R,
XM_017956103.1,TTLL10,Papio_cynocephalus,SAMEA112482989,2,648,R574Y,
XM_017956103.1,TTLL10,Papio_cynocephalus,SAMEA112482989,2,648,L596V,
XM_017956103.1,TTLL10,Papio_cynocephalus,SAMEA112482990,1,648,S3N,
XM_017956103.1,TTLL10,Papio_cynocephalus,SAMEA112482990,1,648,R16G,
XM_017956103.1,TTLL10,Papio_cynocephalus,SAMEA112482990,1,648,R28S,
XM_017956103.1,TTLL10,Papio_cynocephalus,SAMEA112482990,1,648,M46L,
XM_017956103.1,TTLL10,Papio_cynocephalus,SAMEA112482990,1,648,T125R,
XM_017956103.1,TTLL10,Papio_cynocephalus,SAMEA112482990,1,648,D277Y,
XM_017956103.1,TTLL10,Papio_cynocephalus,SAMEA112482990,1,648,D344N,
XM_017956103.1,TTLL10,Papio_cynocephalus,SAMEA112482990,1,648,M363I,
XM_017956103.1,TTLL10,Papio_cynocephalus,SAMEA112482990,1,648,T439R,
XM_017956103.1,TTLL10,Papio_cynocephalus,SAMEA112482990,1,648,R574Y,
XM_017956103.1,TTLL10,Papio_cynocephalus,SAMEA112482990,1,648,L596M,
XM_017956103.1,TTLL10,Papio_cynocephalus,SAMEA112482990,2,648,S3N,
XM_017956103.1,TTLL10,Papio_cynocephalus,SAMEA112482990,2,648,R16G,
XM_017956103.1,TTLL10,Papio_cynocephalus,SAMEA112482990,2,648,R28S,
XM_017956103.1,TTLL10,Papio_cynocephalus,SAMEA112482990,2,648,M46L,
XM_017956103.1,TTLL10,Papio_cynocephalus,SAMEA112482990,2,648,T125R,
XM_017956103.1,TTLL10,Papio_cynocephalus,SAMEA112482990,2,648,D277Y,
XM_017956103.1,TTLL10,Papio_cynocephalus,SAMEA112482990,2,648,D344N,
XM_017956103.1,TTLL10,Papio_cynocephalus,SAMEA112482990,2,648,M363I,
XM_017956103.1,TTLL10,Papio_cynocephalus,SAMEA112482990,2,648,T439R,
XM_017956103.1,TTLL10,Papio_cynocephalus,SAMEA112482990,2,648,R574Y,
XM_017956103.1,TTLL10,Papio_cynocephalus,SAMEA112482990,2,648,L596M,
XM_017956103.1,TTLL10,Papio_cynocephalus,SAMEA112483021,1,648,S3N,
XM_017956103.1,TTLL10,Papio_cynocephalus,SAMEA112483021,1,648,R16G,
XM_017956103.1,TTLL10,Papio_cynocephalus,SAMEA112483021,1,648,R28S,
XM_017956103.1,TTLL10,Papio_cynocephalus,SAMEA112483021,1,648,M46L,
XM_017956103.1,TTLL10,Papio_cynocephalus,SAMEA112483021,1,648,T125R,
XM_017956103.1,TTLL10,Papio_cynocephalus,SAMEA112483021,1,648,D277Y,
XM_017956103.1,TTLL10,Papio_cynocephalus,SAMEA112483021,1,648,D344N,
XM_017956103.1,TTLL10,Papio_cynocephalus,SAMEA112483021,1,648,M363I,
XM_017956103.1,TTLL10,Papio_cynocephalus,SAMEA112483021,1,648,T439R,
XM_017956103.1,TTLL10,Papio_cynocephalus,SAMEA112483021,1,648,R574Y,
XM_017956103.1,TTLL10,Papio_cynocephalus,SAMEA112483021,1,648,L596M,
XM_017956103.1,TTLL10,Papio_cynocephalus,SAMEA112483021,2,648,S3N,
XM_017956103.1,TTLL10,Papio_cynocephalus,SAMEA112483021,2,648,R16G,
XM_017956103.1,TTLL10,Papio_cynocephalus,SAMEA112483021,2,648,R28S,
XM_017956103.1,TTLL10,Papio_cynocephalus,SAMEA112483021,2,648,M46L,
XM_017956103.1,TTLL10,Papio_cynocephalus,SAMEA112483021,2,648,A107T,
XM_017956103.1,TTLL10,Papio_cynocephalus,SAMEA112483021,2,648,T125R,
XM_017956103.1,TTLL10,Papio_cynocephalus,SAMEA112483021,2,648,E168D,
XM_017956103.1,TTLL10,Papio_cynocephalus,SAMEA112483021,2,648,D277Y,
XM_017956103.1,TTLL10,Papio_cynocephalus,SAMEA112483021,2,648,D344N,
XM_017956103.1,TTLL10,Papio_cynocephalus,SAMEA112483021,2,648,M363I,
XM_017956103.1,TTLL10,Papio_cynocephalus,SAMEA112483021,2,648,T439R,
XM_017956103.1,TTLL10,Papio_cynocephalus,SAMEA112483021,2,648,R574Y,
XM_017956103.1,TTLL10,Papio_cynocephalus,SAMEA112483021,2,648,L596V,
XM_017956103.1,TTLL10,Papio_cynocephalus,SAMEA112483022,1,648,S3N,
XM_017956103.1,TTLL10,Papio_cynocephalus,SAMEA112483022,1,648,R16G,
XM_017956103.1,TTLL10,Papio_cynocephalus,SAMEA112483022,1,648,R28S,
XM_017956103.1,TTLL10,Papio_cynocephalus,SAMEA112483022,1,648,M46L,
XM_017956103.1,TTLL10,Papio_cynocephalus,SAMEA112483022,1,648,T125R,
XM_017956103.1,TTLL10,Papio_cynocephalus,SAMEA112483022,1,648,D277Y,
XM_017956103.1,TTLL10,Papio_cynocephalus,SAMEA112483022,1,648,D344N,
XM_017956103.1,TTLL10,Papio_cynocephalus,SAMEA112483022,1,648,M363I,
XM_017956103.1,TTLL10,Papio_cynocephalus,SAMEA112483022,1,648,T439R,
XM_017956103.1,TTLL10,Papio_cynocephalus,SAMEA112483022,1,648,R574Y,
XM_017956103.1,TTLL10,Papio_cynocephalus,SAMEA112483022,1,648,L596M,
XM_017956103.1,TTLL10,Papio_cynocephalus,SAMEA112483022,2,648,S3N,
XM_017956103.1,TTLL10,Papio_cynocephalus,SAMEA112483022,2,648,R16G,
XM_017956103.1,TTLL10,Papio_cynocephalus,SAMEA112483022,2,648,R28S,
XM_017956103.1,TTLL10,Papio_cynocephalus,SAMEA112483022,2,648,M46L,
XM_017956103.1,TTLL10,Papio_cynocephalus,SAMEA112483022,2,648,D277Y,
XM_017956103.1,TTLL10,Papio_cynocephalus,SAMEA112483022,2,648,D344N,
XM_017956103.1,TTLL10,Papio_cynocephalus,SAMEA112483022,2,648,M363I,
XM_017956103.1,TTLL10,Papio_cynocephalus,SAMEA112483022,2,648,T439R,
XM_017956103.1,TTLL10,Papio_cynocephalus,SAMEA112483022,2,648,R574Y,
XM_017956103.1,TTLL10,Papio_cynocephalus,SAMEA112483022,2,648,L596V,
XM_017956103.1,TTLL10,Papio_cynocephalus,SAMEA112483023,1,648,R16G,
XM_017956103.1,TTLL10,Papio_cynocephalus,SAMEA112483023,1,648,R28S,
XM_017956103.1,TTLL10,Papio_cynocephalus,SAMEA112483023,1,648,M46L,
XM_017956103.1,TTLL10,Papio_cynocephalus,SAMEA112483023,1,648,T125R,
XM_017956103.1,TTLL10,Papio_cynocephalus,SAMEA112483023,1,648,D277Y,
XM_017956103.1,TTLL10,Papio_cynocephalus,SAMEA112483023,1,648,D344N,
XM_017956103.1,TTLL10,Papio_cynocephalus,SAMEA112483023,1,648,M363I,
XM_017956103.1,TTLL10,Papio_cynocephalus,SAMEA112483023,1,648,T439R,
XM_017956103.1,TTLL10,Papio_cynocephalus,SAMEA112483023,1,648,R574Y,
XM_017956103.1,TTLL10,Papio_cynocephalus,SAMEA112483023,1,648,L596M,
XM_017956103.1,TTLL10,Papio_cynocephalus,SAMEA112483023,2,648,R16G,
XM_017956103.1,TTLL10,Papio_cynocephalus,SAMEA112483023,2,648,R28S,
XM_017956103.1,TTLL10,Papio_cynocephalus,SAMEA112483023,2,648,M46L,
XM_017956103.1,TTLL10,Papio_cynocephalus,SAMEA112483023,2,648,A107T,
XM_017956103.1,TTLL10,Papio_cynocephalus,SAMEA112483023,2,648,T125R,
XM_017956103.1,TTLL10,Papio_cynocephalus,SAMEA112483023,2,648,E168D,
XM_017956103.1,TTLL10,Papio_cynocephalus,SAMEA112483023,2,648,D277Y,
XM_017956103.1,TTLL10,Papio_cynocephalus,SAMEA112483023,2,648,D344N,
XM_017956103.1,TTLL10,Papio_cynocephalus,SAMEA112483023,2,648,M363I,
XM_017956103.1,TTLL10,Papio_cynocephalus,SAMEA112483023,2,648,T439R,
XM_017956103.1,TTLL10,Papio_cynocephalus,SAMEA112483023,2,648,R574Y,
XM_017956103.1,TTLL10,Papio_cynocephalus,SAMEA112483023,2,648,L596M,
XM_017956103.1,TTLL10,Papio_cynocephalus,SAMEA112483024,1,648,S3N,
XM_017956103.1,TTLL10,Papio_cynocephalus,SAMEA112483024,1,648,R16G,
XM_017956103.1,TTLL10,Papio_cynocephalus,SAMEA112483024,1,648,R28S,
XM_017956103.1,TTLL10,Papio_cynocephalus,SAMEA112483024,1,648,M46L,
XM_017956103.1,TTLL10,Papio_cynocephalus,SAMEA112483024,1,648,T125R,
XM_017956103.1,TTLL10,Papio_cynocephalus,SAMEA112483024,1,648,D277Y,
XM_017956103.1,TTLL10,Papio_cynocephalus,SAMEA112483024,1,648,D344N,
XM_017956103.1,TTLL10,Papio_cynocephalus,SAMEA112483024,1,648,M363I,
XM_017956103.1,TTLL10,Papio_cynocephalus,SAMEA112483024,1,648,T439R,
XM_017956103.1,TTLL10,Papio_cynocephalus,SAMEA112483024,1,648,R574Y,
XM_017956103.1,TTLL10,Papio_cynocephalus,SAMEA112483024,1,648,L596M,
XM_017956103.1,TTLL10,Papio_cynocephalus,SAMEA112483024,2,648,R16G,
XM_017956103.1,TTLL10,Papio_cynocephalus,SAMEA112483024,2,648,R28S,
XM_017956103.1,TTLL10,Papio_cynocephalus,SAMEA112483024,2,648,M46L,
XM_017956103.1,TTLL10,Papio_cynocephalus,SAMEA112483024,2,648,A107T,
XM_017956103.1,TTLL10,Papio_cynocephalus,SAMEA112483024,2,648,T125R,
XM_017956103.1,TTLL10,Papio_cynocephalus,SAMEA112483024,2,648,E168D,
XM_017956103.1,TTLL10,Papio_cynocephalus,SAMEA112483024,2,648,D277Y,
XM_017956103.1,TTLL10,Papio_cynocephalus,SAMEA112483024,2,648,D344N,
XM_017956103.1,TTLL10,Papio_cynocephalus,SAMEA112483024,2,648,M363I,
XM_017956103.1,TTLL10,Papio_cynocephalus,SAMEA112483024,2,648,T439R,
XM_017956103.1,TTLL10,Papio_cynocephalus,SAMEA112483024,2,648,R574Y,
XM_017956103.1,TTLL10,Papio_cynocephalus,SAMEA112483024,2,648,L596V,
XM_017956103.1,TTLL10,Papio_cynocephalus,SAMEA112483025,1,648,S3N,
XM_017956103.1,TTLL10,Papio_cynocephalus,SAMEA112483025,1,648,R16G,
XM_017956103.1,TTLL10,Papio_cynocephalus,SAMEA112483025,1,648,R28S,
XM_017956103.1,TTLL10,Papio_cynocephalus,SAMEA112483025,1,648,M46L,
XM_017956103.1,TTLL10,Papio_cynocephalus,SAMEA112483025,1,648,T125R,
XM_017956103.1,TTLL10,Papio_cynocephalus,SAMEA112483025,1,648,D277Y,
XM_017956103.1,TTLL10,Papio_cynocephalus,SAMEA112483025,1,648,D344N,
XM_017956103.1,TTLL10,Papio_cynocephalus,SAMEA112483025,1,648,M363I,
XM_017956103.1,TTLL10,Papio_cynocephalus,SAMEA112483025,1,648,T439R,
XM_017956103.1,TTLL10,Papio_cynocephalus,SAMEA112483025,1,648,R574Y,
XM_017956103.1,TTLL10,Papio_cynocephalus,SAMEA112483025,1,648,L596M,
XM_017956103.1,TTLL10,Papio_cynocephalus,SAMEA112483025,2,648,S3N,
XM_017956103.1,TTLL10,Papio_cynocephalus,SAMEA112483025,2,648,R16G,
XM_017956103.1,TTLL10,Papio_cynocephalus,SAMEA112483025,2,648,R28S,
XM_017956103.1,TTLL10,Papio_cynocephalus,SAMEA112483025,2,648,M46L,
XM_017956103.1,TTLL10,Papio_cynocephalus,SAMEA112483025,2,648,T125R,
XM_017956103.1,TTLL10,Papio_cynocephalus,SAMEA112483025,2,648,D277Y,
XM_017956103.1,TTLL10,Papio_cynocephalus,SAMEA112483025,2,648,D344N,
XM_017956103.1,TTLL10,Papio_cynocephalus,SAMEA112483025,2,648,M363I,
XM_017956103.1,TTLL10,Papio_cynocephalus,SAMEA112483025,2,648,T439R,
XM_017956103.1,TTLL10,Papio_cynocephalus,SAMEA112483025,2,648,R574Y,
XM_017956103.1,TTLL10,Papio_cynocephalus,SAMEA112483025,2,648,L596V,
XM_017956103.1,TTLL10,Papio_cynocephalus,SAMEA112483212,1,648,S3N,
XM_017956103.1,TTLL10,Papio_cynocephalus,SAMEA112483212,1,648,R16G,
XM_017956103.1,TTLL10,Papio_cynocephalus,SAMEA112483212,1,648,R28S,
XM_017956103.1,TTLL10,Papio_cynocephalus,SAMEA112483212,1,648,M46L,
XM_017956103.1,TTLL10,Papio_cynocephalus,SAMEA112483212,1,648,T125R,
XM_017956103.1,TTLL10,Papio_cynocephalus,SAMEA112483212,1,648,D277Y,
XM_017956103.1,TTLL10,Papio_cynocephalus,SAMEA112483212,1,648,D344N,
XM_017956103.1,TTLL10,Papio_cynocephalus,SAMEA112483212,1,648,M363I,
XM_017956103.1,TTLL10,Papio_cynocephalus,SAMEA112483212,1,648,T439R,
XM_017956103.1,TTLL10,Papio_cynocephalus,SAMEA112483212,1,648,R574Y,
XM_017956103.1,TTLL10,Papio_cynocephalus,SAMEA112483212,2,648,S3N,
XM_017956103.1,TTLL10,Papio_cynocephalus,SAMEA112483212,2,648,R16G,
XM_017956103.1,TTLL10,Papio_cynocephalus,SAMEA112483212,2,648,R28S,
XM_017956103.1,TTLL10,Papio_cynocephalus,SAMEA112483212,2,648,M46L,
XM_017956103.1,TTLL10,Papio_cynocephalus,SAMEA112483212,2,648,T125R,
XM_017956103.1,TTLL10,Papio_cynocephalus,SAMEA112483212,2,648,D277Y,
XM_017956103.1,TTLL10,Papio_cynocephalus,SAMEA112483212,2,648,D344N,
XM_017956103.1,TTLL10,Papio_cynocephalus,SAMEA112483212,2,648,M363I,
XM_017956103.1,TTLL10,Papio_cynocephalus,SAMEA112483212,2,648,T439R,
XM_017956103.1,TTLL10,Papio_cynocephalus,SAMEA112483212,2,648,R574Y,
XM_017956103.1,TTLL10,Papio_cynocephalus,SAMEA112483213,1,648,S3N,
XM_017956103.1,TTLL10,Papio_cynocephalus,SAMEA112483213,1,648,R16G,
XM_017956103.1,TTLL10,Papio_cynocephalus,SAMEA112483213,1,648,R28S,
XM_017956103.1,TTLL10,Papio_cynocephalus,SAMEA112483213,1,648,M46L,
XM_017956103.1,TTLL10,Papio_cynocephalus,SAMEA112483213,1,648,T125R,
XM_017956103.1,TTLL10,Papio_cynocephalus,SAMEA112483213,1,648,D277Y,
XM_017956103.1,TTLL10,Papio_cynocephalus,SAMEA112483213,1,648,D344N,
XM_017956103.1,TTLL10,Papio_cynocephalus,SAMEA112483213,1,648,M363I,
XM_017956103.1,TTLL10,Papio_cynocephalus,SAMEA112483213,1,648,T439R,
XM_017956103.1,TTLL10,Papio_cynocephalus,SAMEA112483213,1,648,R574Y,
XM_017956103.1,TTLL10,Papio_cynocephalus,SAMEA112483213,1,648,L596M,
XM_017956103.1,TTLL10,Papio_cynocephalus,SAMEA112483213,2,648,S3N,
XM_017956103.1,TTLL10,Papio_cynocephalus,SAMEA112483213,2,648,R16G,
XM_017956103.1,TTLL10,Papio_cynocephalus,SAMEA112483213,2,648,R28S,
XM_017956103.1,TTLL10,Papio_cynocephalus,SAMEA112483213,2,648,M46L,
XM_017956103.1,TTLL10,Papio_cynocephalus,SAMEA112483213,2,648,T125R,
XM_017956103.1,TTLL10,Papio_cynocephalus,SAMEA112483213,2,648,D277Y,
XM_017956103.1,TTLL10,Papio_cynocephalus,SAMEA112483213,2,648,D344N,
XM_017956103.1,TTLL10,Papio_cynocephalus,SAMEA112483213,2,648,M363I,
XM_017956103.1,TTLL10,Papio_cynocephalus,SAMEA112483213,2,648,T439R,
XM_017956103.1,TTLL10,Papio_cynocephalus,SAMEA112483213,2,648,R574Y,
XM_017956103.1,TTLL10,Papio_cynocephalus,SAMEA112483213,2,648,L596M,
XM_017956103.1,TTLL10,Papio_cynocephalus,SAMEA112483214,1,648,S3N,
XM_017956103.1,TTLL10,Papio_cynocephalus,SAMEA112483214,1,648,R16G,
XM_017956103.1,TTLL10,Papio_cynocephalus,SAMEA112483214,1,648,R28S,
XM_017956103.1,TTLL10,Papio_cynocephalus,SAMEA112483214,1,648,M46L,
XM_017956103.1,TTLL10,Papio_cynocephalus,SAMEA112483214,1,648,T125R,
XM_017956103.1,TTLL10,Papio_cynocephalus,SAMEA112483214,1,648,D277Y,
XM_017956103.1,TTLL10,Papio_cynocephalus,SAMEA112483214,1,648,D344N,
XM_017956103.1,TTLL10,Papio_cynocephalus,SAMEA112483214,1,648,M363I,
XM_017956103.1,TTLL10,Papio_cynocephalus,SAMEA112483214,1,648,T439R,
XM_017956103.1,TTLL10,Papio_cynocephalus,SAMEA112483214,1,648,R574Y,
XM_017956103.1,TTLL10,Papio_cynocephalus,SAMEA112483214,1,648,L596M,
XM_017956103.1,TTLL10,Papio_cynocephalus,SAMEA112483214,2,648,S3N,
XM_017956103.1,TTLL10,Papio_cynocephalus,SAMEA112483214,2,648,R16G,
XM_017956103.1,TTLL10,Papio_cynocephalus,SAMEA112483214,2,648,R28S,
XM_017956103.1,TTLL10,Papio_cynocephalus,SAMEA112483214,2,648,M46L,
XM_017956103.1,TTLL10,Papio_cynocephalus,SAMEA112483214,2,648,A107T,
XM_017956103.1,TTLL10,Papio_cynocephalus,SAMEA112483214,2,648,T125R,
XM_017956103.1,TTLL10,Papio_cynocephalus,SAMEA112483214,2,648,E168D,
XM_017956103.1,TTLL10,Papio_cynocephalus,SAMEA112483214,2,648,D277Y,
XM_017956103.1,TTLL10,Papio_cynocephalus,SAMEA112483214,2,648,D344N,
XM_017956103.1,TTLL10,Papio_cynocephalus,SAMEA112483214,2,648,M363I,
XM_017956103.1,TTLL10,Papio_cynocephalus,SAMEA112483214,2,648,T439R,
XM_017956103.1,TTLL10,Papio_cynocephalus,SAMEA112483214,2,648,R574Y,
XM_017956103.1,TTLL10,Papio_cynocephalus,SAMEA112483214,2,648,L596M,
XM_017956103.1,TTLL10,Papio_cynocephalus,SAMEA112483215,1,648,S3N,
XM_017956103.1,TTLL10,Papio_cynocephalus,SAMEA112483215,1,648,R16G,
XM_017956103.1,TTLL10,Papio_cynocephalus,SAMEA112483215,1,648,R28S,
XM_017956103.1,TTLL10,Papio_cynocephalus,SAMEA112483215,1,648,M46L,
XM_017956103.1,TTLL10,Papio_cynocephalus,SAMEA112483215,1,648,T125R,
XM_017956103.1,TTLL10,Papio_cynocephalus,SAMEA112483215,1,648,D277Y,
XM_017956103.1,TTLL10,Papio_cynocephalus,SAMEA112483215,1,648,D344N,
XM_017956103.1,TTLL10,Papio_cynocephalus,SAMEA112483215,1,648,M363I,
XM_017956103.1,TTLL10,Papio_cynocephalus,SAMEA112483215,1,648,T439R,
XM_017956103.1,TTLL10,Papio_cynocephalus,SAMEA112483215,1,648,R574Y,
XM_017956103.1,TTLL10,Papio_cynocephalus,SAMEA112483215,1,648,L596M,
XM_017956103.1,TTLL10,Papio_cynocephalus,SAMEA112483215,2,648,S3N,
XM_017956103.1,TTLL10,Papio_cynocephalus,SAMEA112483215,2,648,R16G,
XM_017956103.1,TTLL10,Papio_cynocephalus,SAMEA112483215,2,648,R28S,
XM_017956103.1,TTLL10,Papio_cynocephalus,SAMEA112483215,2,648,M46L,
XM_017956103.1,TTLL10,Papio_cynocephalus,SAMEA112483215,2,648,T125R,
XM_017956103.1,TTLL10,Papio_cynocephalus,SAMEA112483215,2,648,D277Y,
XM_017956103.1,TTLL10,Papio_cynocephalus,SAMEA112483215,2,648,D344N,
XM_017956103.1,TTLL10,Papio_cynocephalus,SAMEA112483215,2,648,M363I,
XM_017956103.1,TTLL10,Papio_cynocephalus,SAMEA112483215,2,648,T439R,
XM_017956103.1,TTLL10,Papio_cynocephalus,SAMEA112483215,2,648,R574Y,
XM_017956103.1,TTLL10,Papio_cynocephalus,SAMEA112483215,2,648,L596M,
XM_017956103.1,TTLL10,Papio_cynocephalus,SAMEA112483219,1,648,S3N,
XM_017956103.1,TTLL10,Papio_cynocephalus,SAMEA112483219,1,648,R16G,
XM_017956103.1,TTLL10,Papio_cynocephalus,SAMEA112483219,1,648,R28S,
XM_017956103.1,TTLL10,Papio_cynocephalus,SAMEA112483219,1,648,M46L,
XM_017956103.1,TTLL10,Papio_cynocephalus,SAMEA112483219,1,648,T125R,
XM_017956103.1,TTLL10,Papio_cynocephalus,SAMEA112483219,1,648,D277Y,
XM_017956103.1,TTLL10,Papio_cynocephalus,SAMEA112483219,1,648,D344N,
XM_017956103.1,TTLL10,Papio_cynocephalus,SAMEA112483219,1,648,M363I,
XM_017956103.1,TTLL10,Papio_cynocephalus,SAMEA112483219,1,648,T439R,
XM_017956103.1,TTLL10,Papio_cynocephalus,SAMEA112483219,1,648,R574Y,
XM_017956103.1,TTLL10,Papio_cynocephalus,SAMEA112483219,1,648,L596M,
XM_017956103.1,TTLL10,Papio_cynocephalus,SAMEA112483219,2,648,S3N,
XM_017956103.1,TTLL10,Papio_cynocephalus,SAMEA112483219,2,648,R16G,
XM_017956103.1,TTLL10,Papio_cynocephalus,SAMEA112483219,2,648,R28S,
XM_017956103.1,TTLL10,Papio_cynocephalus,SAMEA112483219,2,648,M46L,
XM_017956103.1,TTLL10,Papio_cynocephalus,SAMEA112483219,2,648,D277Y,
XM_017956103.1,TTLL10,Papio_cynocephalus,SAMEA112483219,2,648,D344N,
XM_017956103.1,TTLL10,Papio_cynocephalus,SAMEA112483219,2,648,M363I,
XM_017956103.1,TTLL10,Papio_cynocephalus,SAMEA112483219,2,648,T439R,
XM_017956103.1,TTLL10,Papio_cynocephalus,SAMEA112483219,2,648,R574Y,
XM_017956103.1,TTLL10,Papio_cynocephalus,SAMEA112483219,2,648,L596V,
XM_017956103.1,TTLL10,Papio_cynocephalus,SAMEA112483220,1,648,S3N,
XM_017956103.1,TTLL10,Papio_cynocephalus,SAMEA112483220,1,648,R16G,
XM_017956103.1,TTLL10,Papio_cynocephalus,SAMEA112483220,1,648,R28S,
XM_017956103.1,TTLL10,Papio_cynocephalus,SAMEA112483220,1,648,M46L,
XM_017956103.1,TTLL10,Papio_cynocephalus,SAMEA112483220,1,648,T125R,
XM_017956103.1,TTLL10,Papio_cynocephalus,SAMEA112483220,1,648,D277Y,
XM_017956103.1,TTLL10,Papio_cynocephalus,SAMEA112483220,1,648,D344N,
XM_017956103.1,TTLL10,Papio_cynocephalus,SAMEA112483220,1,648,M363I,
XM_017956103.1,TTLL10,Papio_cynocephalus,SAMEA112483220,1,648,T439R,
XM_017956103.1,TTLL10,Papio_cynocephalus,SAMEA112483220,1,648,R574Y,
XM_017956103.1,TTLL10,Papio_cynocephalus,SAMEA112483220,1,648,L596M,
XM_017956103.1,TTLL10,Papio_cynocephalus,SAMEA112483220,2,648,R16G,
XM_017956103.1,TTLL10,Papio_cynocephalus,SAMEA112483220,2,648,R28S,
XM_017956103.1,TTLL10,Papio_cynocephalus,SAMEA112483220,2,648,M46L,
XM_017956103.1,TTLL10,Papio_cynocephalus,SAMEA112483220,2,648,A107T,
XM_017956103.1,TTLL10,Papio_cynocephalus,SAMEA112483220,2,648,T125R,
XM_017956103.1,TTLL10,Papio_cynocephalus,SAMEA112483220,2,648,E168D,
XM_017956103.1,TTLL10,Papio_cynocephalus,SAMEA112483220,2,648,D277Y,
XM_017956103.1,TTLL10,Papio_cynocephalus,SAMEA112483220,2,648,D344N,
XM_017956103.1,TTLL10,Papio_cynocephalus,SAMEA112483220,2,648,M363I,
XM_017956103.1,TTLL10,Papio_cynocephalus,SAMEA112483220,2,648,T439R,
XM_017956103.1,TTLL10,Papio_cynocephalus,SAMEA112483220,2,648,R574Y,
XM_017956103.1,TTLL10,Papio_cynocephalus,SAMEA112483220,2,648,L596M,
XM_017956103.1,TTLL10,Papio_cynocephalus,SAMEA112483221,1,648,S3N,
XM_017956103.1,TTLL10,Papio_cynocephalus,SAMEA112483221,1,648,R16G,
XM_017956103.1,TTLL10,Papio_cynocephalus,SAMEA112483221,1,648,R28S,
XM_017956103.1,TTLL10,Papio_cynocephalus,SAMEA112483221,1,648,M46L,
XM_017956103.1,TTLL10,Papio_cynocephalus,SAMEA112483221,1,648,T125R,
XM_017956103.1,TTLL10,Papio_cynocephalus,SAMEA112483221,1,648,D277Y,
XM_017956103.1,TTLL10,Papio_cynocephalus,SAMEA112483221,1,648,D344N,
XM_017956103.1,TTLL10,Papio_cynocephalus,SAMEA112483221,1,648,M363I,
XM_017956103.1,TTLL10,Papio_cynocephalus,SAMEA112483221,1,648,T439R,
XM_017956103.1,TTLL10,Papio_cynocephalus,SAMEA112483221,1,648,R574Y,
XM_017956103.1,TTLL10,Papio_cynocephalus,SAMEA112483221,1,648,L596M,
XM_017956103.1,TTLL10,Papio_cynocephalus,SAMEA112483221,2,648,S3N,
XM_017956103.1,TTLL10,Papio_cynocephalus,SAMEA112483221,2,648,R16G,
XM_017956103.1,TTLL10,Papio_cynocephalus,SAMEA112483221,2,648,R28S,
XM_017956103.1,TTLL10,Papio_cynocephalus,SAMEA112483221,2,648,M46L,
XM_017956103.1,TTLL10,Papio_cynocephalus,SAMEA112483221,2,648,A107T,
XM_017956103.1,TTLL10,Papio_cynocephalus,SAMEA112483221,2,648,T125R,
XM_017956103.1,TTLL10,Papio_cynocephalus,SAMEA112483221,2,648,E168D,
XM_017956103.1,TTLL10,Papio_cynocephalus,SAMEA112483221,2,648,D277Y,
XM_017956103.1,TTLL10,Papio_cynocephalus,SAMEA112483221,2,648,D344N,
XM_017956103.1,TTLL10,Papio_cynocephalus,SAMEA112483221,2,648,M363I,
XM_017956103.1,TTLL10,Papio_cynocephalus,SAMEA112483221,2,648,T439R,
XM_017956103.1,TTLL10,Papio_cynocephalus,SAMEA112483221,2,648,R574Y,
XM_017956103.1,TTLL10,Papio_cynocephalus,SAMEA112483221,2,648,L596V,
XM_017956103.1,TTLL10,Papio_cynocephalus,SAMEA112483222,1,648,S3N,
XM_017956103.1,TTLL10,Papio_cynocephalus,SAMEA112483222,1,648,R16G,
XM_017956103.1,TTLL10,Papio_cynocephalus,SAMEA112483222,1,648,R28S,
XM_017956103.1,TTLL10,Papio_cynocephalus,SAMEA112483222,1,648,M46L,
XM_017956103.1,TTLL10,Papio_cynocephalus,SAMEA112483222,1,648,T125R,
XM_017956103.1,TTLL10,Papio_cynocephalus,SAMEA112483222,1,648,D277Y,
XM_017956103.1,TTLL10,Papio_cynocephalus,SAMEA112483222,1,648,D344N,
XM_017956103.1,TTLL10,Papio_cynocephalus,SAMEA112483222,1,648,M363I,
XM_017956103.1,TTLL10,Papio_cynocephalus,SAMEA112483222,1,648,T439R,
XM_017956103.1,TTLL10,Papio_cynocephalus,SAMEA112483222,1,648,R574Y,
XM_017956103.1,TTLL10,Papio_cynocephalus,SAMEA112483222,1,648,L596M,
XM_017956103.1,TTLL10,Papio_cynocephalus,SAMEA112483222,2,648,S3N,
XM_017956103.1,TTLL10,Papio_cynocephalus,SAMEA112483222,2,648,R16G,
XM_017956103.1,TTLL10,Papio_cynocephalus,SAMEA112483222,2,648,R28S,
XM_017956103.1,TTLL10,Papio_cynocephalus,SAMEA112483222,2,648,M46L,
XM_017956103.1,TTLL10,Papio_cynocephalus,SAMEA112483222,2,648,T125R,
XM_017956103.1,TTLL10,Papio_cynocephalus,SAMEA112483222,2,648,D277Y,
XM_017956103.1,TTLL10,Papio_cynocephalus,SAMEA112483222,2,648,D344N,
XM_017956103.1,TTLL10,Papio_cynocephalus,SAMEA112483222,2,648,M363I,
XM_017956103.1,TTLL10,Papio_cynocephalus,SAMEA112483222,2,648,T439R,
XM_017956103.1,TTLL10,Papio_cynocephalus,SAMEA112483222,2,648,R574Y,
XM_017956103.1,TTLL10,Papio_cynocephalus,SAMEA112483222,2,648,L596V,
XM_017956103.1,TTLL10,Papio_cynocephalus,SAMEA112483223,1,648,S3N,
XM_017956103.1,TTLL10,Papio_cynocephalus,SAMEA112483223,1,648,R16G,
XM_017956103.1,TTLL10,Papio_cynocephalus,SAMEA112483223,1,648,R28S,
XM_017956103.1,TTLL10,Papio_cynocephalus,SAMEA112483223,1,648,M46L,
XM_017956103.1,TTLL10,Papio_cynocephalus,SAMEA112483223,1,648,T125R,
XM_017956103.1,TTLL10,Papio_cynocephalus,SAMEA112483223,1,648,D277Y,
XM_017956103.1,TTLL10,Papio_cynocephalus,SAMEA112483223,1,648,D344N,
XM_017956103.1,TTLL10,Papio_cynocephalus,SAMEA112483223,1,648,M363I,
XM_017956103.1,TTLL10,Papio_cynocephalus,SAMEA112483223,1,648,T439R,
XM_017956103.1,TTLL10,Papio_cynocephalus,SAMEA112483223,1,648,R574Y,
XM_017956103.1,TTLL10,Papio_cynocephalus,SAMEA112483223,1,648,L596M,
XM_017956103.1,TTLL10,Papio_cynocephalus,SAMEA112483223,2,648,S3N,
XM_017956103.1,TTLL10,Papio_cynocephalus,SAMEA112483223,2,648,R16G,
XM_017956103.1,TTLL10,Papio_cynocephalus,SAMEA112483223,2,648,R28S,
XM_017956103.1,TTLL10,Papio_cynocephalus,SAMEA112483223,2,648,M46L,
XM_017956103.1,TTLL10,Papio_cynocephalus,SAMEA112483223,2,648,T125R,
XM_017956103.1,TTLL10,Papio_cynocephalus,SAMEA112483223,2,648,D277Y,
XM_017956103.1,TTLL10,Papio_cynocephalus,SAMEA112483223,2,648,D344N,
XM_017956103.1,TTLL10,Papio_cynocephalus,SAMEA112483223,2,648,M363I,
XM_017956103.1,TTLL10,Papio_cynocephalus,SAMEA112483223,2,648,T439R,
XM_017956103.1,TTLL10,Papio_cynocephalus,SAMEA112483223,2,648,R574Y,
XM_017956103.1,TTLL10,Papio_cynocephalus,SAMEA112483223,2,648,L596V,
XM_017956103.1,TTLL10,Papio_cynocephalus,SAMEA112483224,1,648,S3N,
XM_017956103.1,TTLL10,Papio_cynocephalus,SAMEA112483224,1,648,R16G,
XM_017956103.1,TTLL10,Papio_cynocephalus,SAMEA112483224,1,648,R28S,
XM_017956103.1,TTLL10,Papio_cynocephalus,SAMEA112483224,1,648,M46L,
XM_017956103.1,TTLL10,Papio_cynocephalus,SAMEA112483224,1,648,T125R,
XM_017956103.1,TTLL10,Papio_cynocephalus,SAMEA112483224,1,648,D277Y,
XM_017956103.1,TTLL10,Papio_cynocephalus,SAMEA112483224,1,648,D344N,
XM_017956103.1,TTLL10,Papio_cynocephalus,SAMEA112483224,1,648,M363I,
XM_017956103.1,TTLL10,Papio_cynocephalus,SAMEA112483224,1,648,T439R,
XM_017956103.1,TTLL10,Papio_cynocephalus,SAMEA112483224,1,648,R574Y,
XM_017956103.1,TTLL10,Papio_cynocephalus,SAMEA112483224,1,648,L596M,
XM_017956103.1,TTLL10,Papio_cynocephalus,SAMEA112483224,2,648,S3N,
XM_017956103.1,TTLL10,Papio_cynocephalus,SAMEA112483224,2,648,R16G,
XM_017956103.1,TTLL10,Papio_cynocephalus,SAMEA112483224,2,648,R28S,
XM_017956103.1,TTLL10,Papio_cynocephalus,SAMEA112483224,2,648,M46L,
XM_017956103.1,TTLL10,Papio_cynocephalus,SAMEA112483224,2,648,A107T,
XM_017956103.1,TTLL10,Papio_cynocephalus,SAMEA112483224,2,648,T125R,
XM_017956103.1,TTLL10,Papio_cynocephalus,SAMEA112483224,2,648,E168D,
XM_017956103.1,TTLL10,Papio_cynocephalus,SAMEA112483224,2,648,D277Y,
XM_017956103.1,TTLL10,Papio_cynocephalus,SAMEA112483224,2,648,D344N,
XM_017956103.1,TTLL10,Papio_cynocephalus,SAMEA112483224,2,648,M363I,
XM_017956103.1,TTLL10,Papio_cynocephalus,SAMEA112483224,2,648,T439R,
XM_017956103.1,TTLL10,Papio_cynocephalus,SAMEA112483224,2,648,R574Y,
XM_017956103.1,TTLL10,Papio_cynocephalus,SAMEA112483224,2,648,L596M,
XM_017956103.1,TTLL10,Papio_cynocephalus,SAMEA112483228,1,648,S3N,
XM_017956103.1,TTLL10,Papio_cynocephalus,SAMEA112483228,1,648,R16G,
XM_017956103.1,TTLL10,Papio_cynocephalus,SAMEA112483228,1,648,R28S,
XM_017956103.1,TTLL10,Papio_cynocephalus,SAMEA112483228,1,648,M46L,
XM_017956103.1,TTLL10,Papio_cynocephalus,SAMEA112483228,1,648,T125R,
XM_017956103.1,TTLL10,Papio_cynocephalus,SAMEA112483228,1,648,D277Y,
XM_017956103.1,TTLL10,Papio_cynocephalus,SAMEA112483228,1,648,D344N,
XM_017956103.1,TTLL10,Papio_cynocephalus,SAMEA112483228,1,648,M363I,
XM_017956103.1,TTLL10,Papio_cynocephalus,SAMEA112483228,1,648,T439R,
XM_017956103.1,TTLL10,Papio_cynocephalus,SAMEA112483228,1,648,R574Y,
XM_017956103.1,TTLL10,Papio_cynocephalus,SAMEA112483228,1,648,L596M,
XM_017956103.1,TTLL10,Papio_cynocephalus,SAMEA112483228,2,648,S3N,
XM_017956103.1,TTLL10,Papio_cynocephalus,SAMEA112483228,2,648,R16G,
XM_017956103.1,TTLL10,Papio_cynocephalus,SAMEA112483228,2,648,R28S,
XM_017956103.1,TTLL10,Papio_cynocephalus,SAMEA112483228,2,648,M46L,
XM_017956103.1,TTLL10,Papio_cynocephalus,SAMEA112483228,2,648,T125R,
XM_017956103.1,TTLL10,Papio_cynocephalus,SAMEA112483228,2,648,D277Y,
XM_017956103.1,TTLL10,Papio_cynocephalus,SAMEA112483228,2,648,D344N,
XM_017956103.1,TTLL10,Papio_cynocephalus,SAMEA112483228,2,648,M363I,
XM_017956103.1,TTLL10,Papio_cynocephalus,SAMEA112483228,2,648,T439R,
XM_017956103.1,TTLL10,Papio_cynocephalus,SAMEA112483228,2,648,R574Y,
XM_017956103.1,TTLL10,Papio_cynocephalus,SAMEA112483228,2,648,L596M,
XM_017956103.1,TTLL10,Papio_cynocephalus,SAMEA112483229,1,648,S3N,
XM_017956103.1,TTLL10,Papio_cynocephalus,SAMEA112483229,1,648,R16G,
XM_017956103.1,TTLL10,Papio_cynocephalus,SAMEA112483229,1,648,R28S,
XM_017956103.1,TTLL10,Papio_cynocephalus,SAMEA112483229,1,648,M46L,
XM_017956103.1,TTLL10,Papio_cynocephalus,SAMEA112483229,1,648,T125R,
XM_017956103.1,TTLL10,Papio_cynocephalus,SAMEA112483229,1,648,D277Y,
XM_017956103.1,TTLL10,Papio_cynocephalus,SAMEA112483229,1,648,D344N,
XM_017956103.1,TTLL10,Papio_cynocephalus,SAMEA112483229,1,648,M363I,
XM_017956103.1,TTLL10,Papio_cynocephalus,SAMEA112483229,1,648,T439R,
XM_017956103.1,TTLL10,Papio_cynocephalus,SAMEA112483229,1,648,R574Y,
XM_017956103.1,TTLL10,Papio_cynocephalus,SAMEA112483229,1,648,L596M,
XM_017956103.1,TTLL10,Papio_cynocephalus,SAMEA112483229,2,648,S3N,
XM_017956103.1,TTLL10,Papio_cynocephalus,SAMEA112483229,2,648,R16G,
XM_017956103.1,TTLL10,Papio_cynocephalus,SAMEA112483229,2,648,R28S,
XM_017956103.1,TTLL10,Papio_cynocephalus,SAMEA112483229,2,648,M46L,
XM_017956103.1,TTLL10,Papio_cynocephalus,SAMEA112483229,2,648,T125R,
XM_017956103.1,TTLL10,Papio_cynocephalus,SAMEA112483229,2,648,D277Y,
XM_017956103.1,TTLL10,Papio_cynocephalus,SAMEA112483229,2,648,D344N,
XM_017956103.1,TTLL10,Papio_cynocephalus,SAMEA112483229,2,648,M363I,
XM_017956103.1,TTLL10,Papio_cynocephalus,SAMEA112483229,2,648,T439R,
XM_017956103.1,TTLL10,Papio_cynocephalus,SAMEA112483229,2,648,R574Y,
XM_017956103.1,TTLL10,Papio_cynocephalus,SAMEA112483229,2,648,L596V,
XM_017956103.1,TTLL10,Papio_cynocephalus,SAMEA112483230,1,648,R16G,
XM_017956103.1,TTLL10,Papio_cynocephalus,SAMEA112483230,1,648,R28S,
XM_017956103.1,TTLL10,Papio_cynocephalus,SAMEA112483230,1,648,M46L,
XM_017956103.1,TTLL10,Papio_cynocephalus,SAMEA112483230,1,648,T125R,
XM_017956103.1,TTLL10,Papio_cynocephalus,SAMEA112483230,1,648,D277Y,
XM_017956103.1,TTLL10,Papio_cynocephalus,SAMEA112483230,1,648,D344N,
XM_017956103.1,TTLL10,Papio_cynocephalus,SAMEA112483230,1,648,M363I,
XM_017956103.1,TTLL10,Papio_cynocephalus,SAMEA112483230,1,648,T439R,
XM_017956103.1,TTLL10,Papio_cynocephalus,SAMEA112483230,1,648,R574Y,
XM_017956103.1,TTLL10,Papio_cynocephalus,SAMEA112483230,1,648,L596M,
XM_017956103.1,TTLL10,Papio_cynocephalus,SAMEA112483230,2,648,R16G,
XM_017956103.1,TTLL10,Papio_cynocephalus,SAMEA112483230,2,648,R28S,
XM_017956103.1,TTLL10,Papio_cynocephalus,SAMEA112483230,2,648,M46L,
XM_017956103.1,TTLL10,Papio_cynocephalus,SAMEA112483230,2,648,A107T,
XM_017956103.1,TTLL10,Papio_cynocephalus,SAMEA112483230,2,648,T125R,
XM_017956103.1,TTLL10,Papio_cynocephalus,SAMEA112483230,2,648,E168D,
XM_017956103.1,TTLL10,Papio_cynocephalus,SAMEA112483230,2,648,D277Y,
XM_017956103.1,TTLL10,Papio_cynocephalus,SAMEA112483230,2,648,D344N,
XM_017956103.1,TTLL10,Papio_cynocephalus,SAMEA112483230,2,648,M363I,
XM_017956103.1,TTLL10,Papio_cynocephalus,SAMEA112483230,2,648,T439R,
XM_017956103.1,TTLL10,Papio_cynocephalus,SAMEA112483230,2,648,R574Y,
XM_017956103.1,TTLL10,Papio_cynocephalus,SAMEA112483230,2,648,L596M,
XM_017956103.1,TTLL10,Papio_cynocephalus,SAMEA112483231,1,648,S3N,
XM_017956103.1,TTLL10,Papio_cynocephalus,SAMEA112483231,1,648,R16G,
XM_017956103.1,TTLL10,Papio_cynocephalus,SAMEA112483231,1,648,R28S,
XM_017956103.1,TTLL10,Papio_cynocephalus,SAMEA112483231,1,648,M46L,
XM_017956103.1,TTLL10,Papio_cynocephalus,SAMEA112483231,1,648,T125R,
XM_017956103.1,TTLL10,Papio_cynocephalus,SAMEA112483231,1,648,D277Y,
XM_017956103.1,TTLL10,Papio_cynocephalus,SAMEA112483231,1,648,D344N,
XM_017956103.1,TTLL10,Papio_cynocephalus,SAMEA112483231,1,648,M363I,
XM_017956103.1,TTLL10,Papio_cynocephalus,SAMEA112483231,1,648,T439R,
XM_017956103.1,TTLL10,Papio_cynocephalus,SAMEA112483231,1,648,R574Y,
XM_017956103.1,TTLL10,Papio_cynocephalus,SAMEA112483231,1,648,L596M,
XM_017956103.1,TTLL10,Papio_cynocephalus,SAMEA112483231,2,648,S3N,
XM_017956103.1,TTLL10,Papio_cynocephalus,SAMEA112483231,2,648,R16G,
XM_017956103.1,TTLL10,Papio_cynocephalus,SAMEA112483231,2,648,R28S,
XM_017956103.1,TTLL10,Papio_cynocephalus,SAMEA112483231,2,648,M46L,
XM_017956103.1,TTLL10,Papio_cynocephalus,SAMEA112483231,2,648,T125R,
XM_017956103.1,TTLL10,Papio_cynocephalus,SAMEA112483231,2,648,D277Y,
XM_017956103.1,TTLL10,Papio_cynocephalus,SAMEA112483231,2,648,D344N,
XM_017956103.1,TTLL10,Papio_cynocephalus,SAMEA112483231,2,648,M363I,
XM_017956103.1,TTLL10,Papio_cynocephalus,SAMEA112483231,2,648,T439R,
XM_017956103.1,TTLL10,Papio_cynocephalus,SAMEA112483231,2,648,R574Y,
XM_017956103.1,TTLL10,Papio_cynocephalus,SAMEA112483231,2,648,L596M,
XM_017956103.1,TTLL10,Papio_cynocephalus,SAMEA112483232,1,648,S3N,
XM_017956103.1,TTLL10,Papio_cynocephalus,SAMEA112483232,1,648,R16G,
XM_017956103.1,TTLL10,Papio_cynocephalus,SAMEA112483232,1,648,R28S,
XM_017956103.1,TTLL10,Papio_cynocephalus,SAMEA112483232,1,648,M46L,
XM_017956103.1,TTLL10,Papio_cynocephalus,SAMEA112483232,1,648,A107T,
XM_017956103.1,TTLL10,Papio_cynocephalus,SAMEA112483232,1,648,T125R,
XM_017956103.1,TTLL10,Papio_cynocephalus,SAMEA112483232,1,648,E168D,
XM_017956103.1,TTLL10,Papio_cynocephalus,SAMEA112483232,1,648,D277Y,
XM_017956103.1,TTLL10,Papio_cynocephalus,SAMEA112483232,1,648,D344N,
XM_017956103.1,TTLL10,Papio_cynocephalus,SAMEA112483232,1,648,M363I,
XM_017956103.1,TTLL10,Papio_cynocephalus,SAMEA112483232,1,648,T439R,
XM_017956103.1,TTLL10,Papio_cynocephalus,SAMEA112483232,1,648,R574Y,
XM_017956103.1,TTLL10,Papio_cynocephalus,SAMEA112483232,1,648,L596M,
XM_017956103.1,TTLL10,Papio_cynocephalus,SAMEA112483232,2,648,R16G,
XM_017956103.1,TTLL10,Papio_cynocephalus,SAMEA112483232,2,648,R28S,
XM_017956103.1,TTLL10,Papio_cynocephalus,SAMEA112483232,2,648,M46L,
XM_017956103.1,TTLL10,Papio_cynocephalus,SAMEA112483232,2,648,A107T,
XM_017956103.1,TTLL10,Papio_cynocephalus,SAMEA112483232,2,648,T125R,
XM_017956103.1,TTLL10,Papio_cynocephalus,SAMEA112483232,2,648,E168D,
XM_017956103.1,TTLL10,Papio_cynocephalus,SAMEA112483232,2,648,D277Y,
XM_017956103.1,TTLL10,Papio_cynocephalus,SAMEA112483232,2,648,D344N,
XM_017956103.1,TTLL10,Papio_cynocephalus,SAMEA112483232,2,648,M363I,
XM_017956103.1,TTLL10,Papio_cynocephalus,SAMEA112483232,2,648,T439R,
XM_017956103.1,TTLL10,Papio_cynocephalus,SAMEA112483232,2,648,R574Y,
XM_017956103.1,TTLL10,Papio_cynocephalus,SAMEA112483232,2,648,L596M,
XM_017956103.1,TTLL10,Papio_cynocephalus,SAMEA112483233,1,648,S3N,
XM_017956103.1,TTLL10,Papio_cynocephalus,SAMEA112483233,1,648,R16G,
XM_017956103.1,TTLL10,Papio_cynocephalus,SAMEA112483233,1,648,R28S,
XM_017956103.1,TTLL10,Papio_cynocephalus,SAMEA112483233,1,648,M46L,
XM_017956103.1,TTLL10,Papio_cynocephalus,SAMEA112483233,1,648,T125R,
XM_017956103.1,TTLL10,Papio_cynocephalus,SAMEA112483233,1,648,D277Y,
XM_017956103.1,TTLL10,Papio_cynocephalus,SAMEA112483233,1,648,D344N,
XM_017956103.1,TTLL10,Papio_cynocephalus,SAMEA112483233,1,648,M363I,
XM_017956103.1,TTLL10,Papio_cynocephalus,SAMEA112483233,1,648,T439R,
XM_017956103.1,TTLL10,Papio_cynocephalus,SAMEA112483233,1,648,R574Y,
XM_017956103.1,TTLL10,Papio_cynocephalus,SAMEA112483233,1,648,L596M,
XM_017956103.1,TTLL10,Papio_cynocephalus,SAMEA112483233,2,648,S3N,
XM_017956103.1,TTLL10,Papio_cynocephalus,SAMEA112483233,2,648,R16G,
XM_017956103.1,TTLL10,Papio_cynocephalus,SAMEA112483233,2,648,R28S,
XM_017956103.1,TTLL10,Papio_cynocephalus,SAMEA112483233,2,648,M46L,
XM_017956103.1,TTLL10,Papio_cynocephalus,SAMEA112483233,2,648,D277Y,
XM_017956103.1,TTLL10,Papio_cynocephalus,SAMEA112483233,2,648,D344N,
XM_017956103.1,TTLL10,Papio_cynocephalus,SAMEA112483233,2,648,M363I,
XM_017956103.1,TTLL10,Papio_cynocephalus,SAMEA112483233,2,648,T439R,
XM_017956103.1,TTLL10,Papio_cynocephalus,SAMEA112483233,2,648,R574Y,
XM_017956103.1,TTLL10,Papio_cynocephalus,SAMEA112483233,2,648,L596M,
XM_017956103.1,TTLL10,Papio_cynocephalus,SAMEA112483234,1,648,R16G,
XM_017956103.1,TTLL10,Papio_cynocephalus,SAMEA112483234,1,648,R28S,
XM_017956103.1,TTLL10,Papio_cynocephalus,SAMEA112483234,1,648,M46L,
XM_017956103.1,TTLL10,Papio_cynocephalus,SAMEA112483234,1,648,A107T,
XM_017956103.1,TTLL10,Papio_cynocephalus,SAMEA112483234,1,648,T125R,
XM_017956103.1,TTLL10,Papio_cynocephalus,SAMEA112483234,1,648,E168D,
XM_017956103.1,TTLL10,Papio_cynocephalus,SAMEA112483234,1,648,D277Y,
XM_017956103.1,TTLL10,Papio_cynocephalus,SAMEA112483234,1,648,D344N,
XM_017956103.1,TTLL10,Papio_cynocephalus,SAMEA112483234,1,648,M363I,
XM_017956103.1,TTLL10,Papio_cynocephalus,SAMEA112483234,1,648,T439R,
XM_017956103.1,TTLL10,Papio_cynocephalus,SAMEA112483234,1,648,R574Y,
XM_017956103.1,TTLL10,Papio_cynocephalus,SAMEA112483234,1,648,L596M,
XM_017956103.1,TTLL10,Papio_cynocephalus,SAMEA112483234,2,648,R16G,
XM_017956103.1,TTLL10,Papio_cynocephalus,SAMEA112483234,2,648,R28S,
XM_017956103.1,TTLL10,Papio_cynocephalus,SAMEA112483234,2,648,M46L,
XM_017956103.1,TTLL10,Papio_cynocephalus,SAMEA112483234,2,648,A107T,
XM_017956103.1,TTLL10,Papio_cynocephalus,SAMEA112483234,2,648,T125R,
XM_017956103.1,TTLL10,Papio_cynocephalus,SAMEA112483234,2,648,E168D,
XM_017956103.1,TTLL10,Papio_cynocephalus,SAMEA112483234,2,648,D277Y,
XM_017956103.1,TTLL10,Papio_cynocephalus,SAMEA112483234,2,648,D344N,
XM_017956103.1,TTLL10,Papio_cynocephalus,SAMEA112483234,2,648,M363I,
XM_017956103.1,TTLL10,Papio_cynocephalus,SAMEA112483234,2,648,T439R,
XM_017956103.1,TTLL10,Papio_cynocephalus,SAMEA112483234,2,648,R574Y,
XM_017956103.1,TTLL10,Papio_cynocephalus,SAMEA112483234,2,648,L596M,
XM_017956103.1,TTLL10,Papio_cynocephalus,SAMEA112483235,1,648,S3N,
XM_017956103.1,TTLL10,Papio_cynocephalus,SAMEA112483235,1,648,R16G,
XM_017956103.1,TTLL10,Papio_cynocephalus,SAMEA112483235,1,648,R28S,
XM_017956103.1,TTLL10,Papio_cynocephalus,SAMEA112483235,1,648,M46L,
XM_017956103.1,TTLL10,Papio_cynocephalus,SAMEA112483235,1,648,T125R,
XM_017956103.1,TTLL10,Papio_cynocephalus,SAMEA112483235,1,648,D277Y,
XM_017956103.1,TTLL10,Papio_cynocephalus,SAMEA112483235,1,648,D344N,
XM_017956103.1,TTLL10,Papio_cynocephalus,SAMEA112483235,1,648,M363I,
XM_017956103.1,TTLL10,Papio_cynocephalus,SAMEA112483235,1,648,T439R,
XM_017956103.1,TTLL10,Papio_cynocephalus,SAMEA112483235,1,648,R574Y,
XM_017956103.1,TTLL10,Papio_cynocephalus,SAMEA112483235,1,648,L596M,
XM_017956103.1,TTLL10,Papio_cynocephalus,SAMEA112483235,2,648,S3N,
XM_017956103.1,TTLL10,Papio_cynocephalus,SAMEA112483235,2,648,R16G,
XM_017956103.1,TTLL10,Papio_cynocephalus,SAMEA112483235,2,648,R28S,
XM_017956103.1,TTLL10,Papio_cynocephalus,SAMEA112483235,2,648,M46L,
XM_017956103.1,TTLL10,Papio_cynocephalus,SAMEA112483235,2,648,T125R,
XM_017956103.1,TTLL10,Papio_cynocephalus,SAMEA112483235,2,648,D277Y,
XM_017956103.1,TTLL10,Papio_cynocephalus,SAMEA112483235,2,648,D344N,
XM_017956103.1,TTLL10,Papio_cynocephalus,SAMEA112483235,2,648,M363I,
XM_017956103.1,TTLL10,Papio_cynocephalus,SAMEA112483235,2,648,T439R,
XM_017956103.1,TTLL10,Papio_cynocephalus,SAMEA112483235,2,648,R574Y,
XM_017956103.1,TTLL10,Papio_cynocephalus,SAMEA112483235,2,648,L596M,
XM_017956103.1,TTLL10,Papio_cynocephalus,SAMEA112483236,1,648,S3N,
XM_017956103.1,TTLL10,Papio_cynocephalus,SAMEA112483236,1,648,R16G,
XM_017956103.1,TTLL10,Papio_cynocephalus,SAMEA112483236,1,648,R28S,
XM_017956103.1,TTLL10,Papio_cynocephalus,SAMEA112483236,1,648,M46L,
XM_017956103.1,TTLL10,Papio_cynocephalus,SAMEA112483236,1,648,T125R,
XM_017956103.1,TTLL10,Papio_cynocephalus,SAMEA112483236,1,648,D277Y,
XM_017956103.1,TTLL10,Papio_cynocephalus,SAMEA112483236,1,648,D344N,
XM_017956103.1,TTLL10,Papio_cynocephalus,SAMEA112483236,1,648,M363I,
XM_017956103.1,TTLL10,Papio_cynocephalus,SAMEA112483236,1,648,T439R,
XM_017956103.1,TTLL10,Papio_cynocephalus,SAMEA112483236,1,648,R574Y,
XM_017956103.1,TTLL10,Papio_cynocephalus,SAMEA112483236,1,648,L596M,
XM_017956103.1,TTLL10,Papio_cynocephalus,SAMEA112483236,2,648,S3N,
XM_017956103.1,TTLL10,Papio_cynocephalus,SAMEA112483236,2,648,R16G,
XM_017956103.1,TTLL10,Papio_cynocephalus,SAMEA112483236,2,648,R28S,
XM_017956103.1,TTLL10,Papio_cynocephalus,SAMEA112483236,2,648,M46L,
XM_017956103.1,TTLL10,Papio_cynocephalus,SAMEA112483236,2,648,T125R,
XM_017956103.1,TTLL10,Papio_cynocephalus,SAMEA112483236,2,648,D277Y,
XM_017956103.1,TTLL10,Papio_cynocephalus,SAMEA112483236,2,648,D344N,
XM_017956103.1,TTLL10,Papio_cynocephalus,SAMEA112483236,2,648,M363I,
XM_017956103.1,TTLL10,Papio_cynocephalus,SAMEA112483236,2,648,T439R,
XM_017956103.1,TTLL10,Papio_cynocephalus,SAMEA112483236,2,648,R574Y,
XM_017956103.1,TTLL10,Papio_cynocephalus,SAMEA112483236,2,648,L596V,
XM_017956103.1,TTLL10,Papio_cynocephalus,SAMEA112483237,1,648,S3N,
XM_017956103.1,TTLL10,Papio_cynocephalus,SAMEA112483237,1,648,R16G,
XM_017956103.1,TTLL10,Papio_cynocephalus,SAMEA112483237,1,648,R28S,
XM_017956103.1,TTLL10,Papio_cynocephalus,SAMEA112483237,1,648,M46L,
XM_017956103.1,TTLL10,Papio_cynocephalus,SAMEA112483237,1,648,T125R,
XM_017956103.1,TTLL10,Papio_cynocephalus,SAMEA112483237,1,648,D277Y,
XM_017956103.1,TTLL10,Papio_cynocephalus,SAMEA112483237,1,648,D344N,
XM_017956103.1,TTLL10,Papio_cynocephalus,SAMEA112483237,1,648,M363I,
XM_017956103.1,TTLL10,Papio_cynocephalus,SAMEA112483237,1,648,T439R,
XM_017956103.1,TTLL10,Papio_cynocephalus,SAMEA112483237,1,648,R574Y,
XM_017956103.1,TTLL10,Papio_cynocephalus,SAMEA112483237,1,648,L596M,
XM_017956103.1,TTLL10,Papio_cynocephalus,SAMEA112483237,2,648,S3N,
XM_017956103.1,TTLL10,Papio_cynocephalus,SAMEA112483237,2,648,R16G,
XM_017956103.1,TTLL10,Papio_cynocephalus,SAMEA112483237,2,648,R28S,
XM_017956103.1,TTLL10,Papio_cynocephalus,SAMEA112483237,2,648,M46L,
XM_017956103.1,TTLL10,Papio_cynocephalus,SAMEA112483237,2,648,T125R,
XM_017956103.1,TTLL10,Papio_cynocephalus,SAMEA112483237,2,648,D277Y,
XM_017956103.1,TTLL10,Papio_cynocephalus,SAMEA112483237,2,648,D344N,
XM_017956103.1,TTLL10,Papio_cynocephalus,SAMEA112483237,2,648,M363I,
XM_017956103.1,TTLL10,Papio_cynocephalus,SAMEA112483237,2,648,T439R,
XM_017956103.1,TTLL10,Papio_cynocephalus,SAMEA112483237,2,648,R574Y,
XM_017956103.1,TTLL10,Papio_cynocephalus,SAMEA112483237,2,648,L596M,
XM_017956103.1,TTLL10,Papio_cynocephalus,SAMEA112483238,1,648,S3N,
XM_017956103.1,TTLL10,Papio_cynocephalus,SAMEA112483238,1,648,R16G,
XM_017956103.1,TTLL10,Papio_cynocephalus,SAMEA112483238,1,648,R28S,
XM_017956103.1,TTLL10,Papio_cynocephalus,SAMEA112483238,1,648,M46L,
XM_017956103.1,TTLL10,Papio_cynocephalus,SAMEA112483238,1,648,T125R,
XM_017956103.1,TTLL10,Papio_cynocephalus,SAMEA112483238,1,648,D277Y,
XM_017956103.1,TTLL10,Papio_cynocephalus,SAMEA112483238,1,648,D344N,
XM_017956103.1,TTLL10,Papio_cynocephalus,SAMEA112483238,1,648,M363I,
XM_017956103.1,TTLL10,Papio_cynocephalus,SAMEA112483238,1,648,T439R,
XM_017956103.1,TTLL10,Papio_cynocephalus,SAMEA112483238,1,648,R574Y,
XM_017956103.1,TTLL10,Papio_cynocephalus,SAMEA112483238,1,648,L596M,
XM_017956103.1,TTLL10,Papio_cynocephalus,SAMEA112483238,2,648,S3N,
XM_017956103.1,TTLL10,Papio_cynocephalus,SAMEA112483238,2,648,R16G,
XM_017956103.1,TTLL10,Papio_cynocephalus,SAMEA112483238,2,648,R28S,
XM_017956103.1,TTLL10,Papio_cynocephalus,SAMEA112483238,2,648,M46L,
XM_017956103.1,TTLL10,Papio_cynocephalus,SAMEA112483238,2,648,D277Y,
XM_017956103.1,TTLL10,Papio_cynocephalus,SAMEA112483238,2,648,D344N,
XM_017956103.1,TTLL10,Papio_cynocephalus,SAMEA112483238,2,648,M363I,
XM_017956103.1,TTLL10,Papio_cynocephalus,SAMEA112483238,2,648,T439R,
XM_017956103.1,TTLL10,Papio_cynocephalus,SAMEA112483238,2,648,R574Y,
XM_017956103.1,TTLL10,Papio_cynocephalus,SAMEA112483238,2,648,L596M,
XM_017956103.1,TTLL10,Papio_cynocephalus,SAMEA112483239,1,648,S3N,
XM_017956103.1,TTLL10,Papio_cynocephalus,SAMEA112483239,1,648,R16G,
XM_017956103.1,TTLL10,Papio_cynocephalus,SAMEA112483239,1,648,R28S,
XM_017956103.1,TTLL10,Papio_cynocephalus,SAMEA112483239,1,648,M46L,
XM_017956103.1,TTLL10,Papio_cynocephalus,SAMEA112483239,1,648,T125R,
XM_017956103.1,TTLL10,Papio_cynocephalus,SAMEA112483239,1,648,D277Y,
XM_017956103.1,TTLL10,Papio_cynocephalus,SAMEA112483239,1,648,D344N,
XM_017956103.1,TTLL10,Papio_cynocephalus,SAMEA112483239,1,648,M363I,
XM_017956103.1,TTLL10,Papio_cynocephalus,SAMEA112483239,1,648,T439R,
XM_017956103.1,TTLL10,Papio_cynocephalus,SAMEA112483239,1,648,R574Y,
XM_017956103.1,TTLL10,Papio_cynocephalus,SAMEA112483239,1,648,L596M,
XM_017956103.1,TTLL10,Papio_cynocephalus,SAMEA112483239,2,648,S3N,
XM_017956103.1,TTLL10,Papio_cynocephalus,SAMEA112483239,2,648,R16G,
XM_017956103.1,TTLL10,Papio_cynocephalus,SAMEA112483239,2,648,R28S,
XM_017956103.1,TTLL10,Papio_cynocephalus,SAMEA112483239,2,648,M46L,
XM_017956103.1,TTLL10,Papio_cynocephalus,SAMEA112483239,2,648,T125R,
XM_017956103.1,TTLL10,Papio_cynocephalus,SAMEA112483239,2,648,D277Y,
XM_017956103.1,TTLL10,Papio_cynocephalus,SAMEA112483239,2,648,D344N,
XM_017956103.1,TTLL10,Papio_cynocephalus,SAMEA112483239,2,648,M363I,
XM_017956103.1,TTLL10,Papio_cynocephalus,SAMEA112483239,2,648,T439R,
XM_017956103.1,TTLL10,Papio_cynocephalus,SAMEA112483239,2,648,R574Y,
XM_017956103.1,TTLL10,Papio_cynocephalus,SAMEA112483239,2,648,L596V,
XM_017956103.1,TTLL10,Papio_cynocephalus,SAMEA112483240,1,648,S3N,
XM_017956103.1,TTLL10,Papio_cynocephalus,SAMEA112483240,1,648,R16G,
XM_017956103.1,TTLL10,Papio_cynocephalus,SAMEA112483240,1,648,R28S,
XM_017956103.1,TTLL10,Papio_cynocephalus,SAMEA112483240,1,648,M46L,
XM_017956103.1,TTLL10,Papio_cynocephalus,SAMEA112483240,1,648,T125R,
XM_017956103.1,TTLL10,Papio_cynocephalus,SAMEA112483240,1,648,D277Y,
XM_017956103.1,TTLL10,Papio_cynocephalus,SAMEA112483240,1,648,D344N,
XM_017956103.1,TTLL10,Papio_cynocephalus,SAMEA112483240,1,648,M363I,
XM_017956103.1,TTLL10,Papio_cynocephalus,SAMEA112483240,1,648,T439R,
XM_017956103.1,TTLL10,Papio_cynocephalus,SAMEA112483240,1,648,R574Y,
XM_017956103.1,TTLL10,Papio_cynocephalus,SAMEA112483240,1,648,L596M,
XM_017956103.1,TTLL10,Papio_cynocephalus,SAMEA112483240,2,648,S3N,
XM_017956103.1,TTLL10,Papio_cynocephalus,SAMEA112483240,2,648,R16G,
XM_017956103.1,TTLL10,Papio_cynocephalus,SAMEA112483240,2,648,R28S,
XM_017956103.1,TTLL10,Papio_cynocephalus,SAMEA112483240,2,648,M46L,
XM_017956103.1,TTLL10,Papio_cynocephalus,SAMEA112483240,2,648,T125R,
XM_017956103.1,TTLL10,Papio_cynocephalus,SAMEA112483240,2,648,D277Y,
XM_017956103.1,TTLL10,Papio_cynocephalus,SAMEA112483240,2,648,D344N,
XM_017956103.1,TTLL10,Papio_cynocephalus,SAMEA112483240,2,648,M363I,
XM_017956103.1,TTLL10,Papio_cynocephalus,SAMEA112483240,2,648,T439R,
XM_017956103.1,TTLL10,Papio_cynocephalus,SAMEA112483240,2,648,R574Y,
XM_017956103.1,TTLL10,Papio_cynocephalus,SAMEA112483240,2,648,L596M,
XM_017956103.1,TTLL10,Papio_cynocephalus,SAMEA112483241,1,648,S3N,
XM_017956103.1,TTLL10,Papio_cynocephalus,SAMEA112483241,1,648,R16G,
XM_017956103.1,TTLL10,Papio_cynocephalus,SAMEA112483241,1,648,R28S,
XM_017956103.1,TTLL10,Papio_cynocephalus,SAMEA112483241,1,648,M46L,
XM_017956103.1,TTLL10,Papio_cynocephalus,SAMEA112483241,1,648,T125R,
XM_017956103.1,TTLL10,Papio_cynocephalus,SAMEA112483241,1,648,D277Y,
XM_017956103.1,TTLL10,Papio_cynocephalus,SAMEA112483241,1,648,D344N,
XM_017956103.1,TTLL10,Papio_cynocephalus,SAMEA112483241,1,648,M363I,
XM_017956103.1,TTLL10,Papio_cynocephalus,SAMEA112483241,1,648,T439R,
XM_017956103.1,TTLL10,Papio_cynocephalus,SAMEA112483241,1,648,R574Y,
XM_017956103.1,TTLL10,Papio_cynocephalus,SAMEA112483241,1,648,L596M,
XM_017956103.1,TTLL10,Papio_cynocephalus,SAMEA112483241,2,648,S3N,
XM_017956103.1,TTLL10,Papio_cynocephalus,SAMEA112483241,2,648,R16G,
XM_017956103.1,TTLL10,Papio_cynocephalus,SAMEA112483241,2,648,R28S,
XM_017956103.1,TTLL10,Papio_cynocephalus,SAMEA112483241,2,648,M46L,
XM_017956103.1,TTLL10,Papio_cynocephalus,SAMEA112483241,2,648,T125R,
XM_017956103.1,TTLL10,Papio_cynocephalus,SAMEA112483241,2,648,D277Y,
XM_017956103.1,TTLL10,Papio_cynocephalus,SAMEA112483241,2,648,D344N,
XM_017956103.1,TTLL10,Papio_cynocephalus,SAMEA112483241,2,648,M363I,
XM_017956103.1,TTLL10,Papio_cynocephalus,SAMEA112483241,2,648,T439R,
XM_017956103.1,TTLL10,Papio_cynocephalus,SAMEA112483241,2,648,R574Y,
XM_017956103.1,TTLL10,Papio_cynocephalus,SAMEA112483241,2,648,L596V,
XM_017956103.1,TTLL10,Papio_cynocephalus,SAMEA112483242,1,648,S3N,
XM_017956103.1,TTLL10,Papio_cynocephalus,SAMEA112483242,1,648,R16G,
XM_017956103.1,TTLL10,Papio_cynocephalus,SAMEA112483242,1,648,R28S,
XM_017956103.1,TTLL10,Papio_cynocephalus,SAMEA112483242,1,648,M46L,
XM_017956103.1,TTLL10,Papio_cynocephalus,SAMEA112483242,1,648,T125R,
XM_017956103.1,TTLL10,Papio_cynocephalus,SAMEA112483242,1,648,D277Y,
XM_017956103.1,TTLL10,Papio_cynocephalus,SAMEA112483242,1,648,D344N,
XM_017956103.1,TTLL10,Papio_cynocephalus,SAMEA112483242,1,648,M363I,
XM_017956103.1,TTLL10,Papio_cynocephalus,SAMEA112483242,1,648,T439R,
XM_017956103.1,TTLL10,Papio_cynocephalus,SAMEA112483242,1,648,R574Y,
XM_017956103.1,TTLL10,Papio_cynocephalus,SAMEA112483242,1,648,L596M,
XM_017956103.1,TTLL10,Papio_cynocephalus,SAMEA112483242,2,648,S3N,
XM_017956103.1,TTLL10,Papio_cynocephalus,SAMEA112483242,2,648,R16G,
XM_017956103.1,TTLL10,Papio_cynocephalus,SAMEA112483242,2,648,R28S,
XM_017956103.1,TTLL10,Papio_cynocephalus,SAMEA112483242,2,648,M46L,
XM_017956103.1,TTLL10,Papio_cynocephalus,SAMEA112483242,2,648,D277Y,
XM_017956103.1,TTLL10,Papio_cynocephalus,SAMEA112483242,2,648,D344N,
XM_017956103.1,TTLL10,Papio_cynocephalus,SAMEA112483242,2,648,M363I,
XM_017956103.1,TTLL10,Papio_cynocephalus,SAMEA112483242,2,648,T439R,
XM_017956103.1,TTLL10,Papio_cynocephalus,SAMEA112483242,2,648,R574Y,
XM_017956103.1,TTLL10,Papio_cynocephalus,SAMEA112483242,2,648,L596V,
XM_017956103.1,TTLL10,Papio_cynocephalus,SAMEA115083518,1,648,S3N,
XM_017956103.1,TTLL10,Papio_cynocephalus,SAMEA115083518,1,648,R16G,
XM_017956103.1,TTLL10,Papio_cynocephalus,SAMEA115083518,1,648,R28S,
XM_017956103.1,TTLL10,Papio_cynocephalus,SAMEA115083518,1,648,M46L,
XM_017956103.1,TTLL10,Papio_cynocephalus,SAMEA115083518,1,648,T125R,
XM_017956103.1,TTLL10,Papio_cynocephalus,SAMEA115083518,1,648,D277Y,
XM_017956103.1,TTLL10,Papio_cynocephalus,SAMEA115083518,1,648,D344N,
XM_017956103.1,TTLL10,Papio_cynocephalus,SAMEA115083518,1,648,M363I,
XM_017956103.1,TTLL10,Papio_cynocephalus,SAMEA115083518,1,648,T439R,
XM_017956103.1,TTLL10,Papio_cynocephalus,SAMEA115083518,1,648,R574Y,
XM_017956103.1,TTLL10,Papio_cynocephalus,SAMEA115083518,1,648,L596M,
XM_017956103.1,TTLL10,Papio_cynocephalus,SAMEA115083518,2,648,S3N,
XM_017956103.1,TTLL10,Papio_cynocephalus,SAMEA115083518,2,648,R16G,
XM_017956103.1,TTLL10,Papio_cynocephalus,SAMEA115083518,2,648,R28S,
XM_017956103.1,TTLL10,Papio_cynocephalus,SAMEA115083518,2,648,M46L,
XM_017956103.1,TTLL10,Papio_cynocephalus,SAMEA115083518,2,648,A107T,
XM_017956103.1,TTLL10,Papio_cynocephalus,SAMEA115083518,2,648,T125R,
XM_017956103.1,TTLL10,Papio_cynocephalus,SAMEA115083518,2,648,E168D,
XM_017956103.1,TTLL10,Papio_cynocephalus,SAMEA115083518,2,648,D277Y,
XM_017956103.1,TTLL10,Papio_cynocephalus,SAMEA115083518,2,648,D344N,
XM_017956103.1,TTLL10,Papio_cynocephalus,SAMEA115083518,2,648,M363I,
XM_017956103.1,TTLL10,Papio_cynocephalus,SAMEA115083518,2,648,T439R,
XM_017956103.1,TTLL10,Papio_cynocephalus,SAMEA115083518,2,648,R574Y,
XM_017956103.1,TTLL10,Papio_cynocephalus,SAMEA115083518,2,648,L596M,
XM_017956103.1,TTLL10,Papio_cynocephalus,SAMEA115083525,1,648,R16G,
XM_017956103.1,TTLL10,Papio_cynocephalus,SAMEA115083525,1,648,R28S,
XM_017956103.1,TTLL10,Papio_cynocephalus,SAMEA115083525,1,648,M46L,
XM_017956103.1,TTLL10,Papio_cynocephalus,SAMEA115083525,1,648,T125R,
XM_017956103.1,TTLL10,Papio_cynocephalus,SAMEA115083525,1,648,D277Y,
XM_017956103.1,TTLL10,Papio_cynocephalus,SAMEA115083525,1,648,D344N,
XM_017956103.1,TTLL10,Papio_cynocephalus,SAMEA115083525,1,648,M363I,
XM_017956103.1,TTLL10,Papio_cynocephalus,SAMEA115083525,1,648,T439R,
XM_017956103.1,TTLL10,Papio_cynocephalus,SAMEA115083525,1,648,R574Y,
XM_017956103.1,TTLL10,Papio_cynocephalus,SAMEA115083525,1,648,L596M,
XM_017956103.1,TTLL10,Papio_cynocephalus,SAMEA115083525,2,648,R16G,
XM_017956103.1,TTLL10,Papio_cynocephalus,SAMEA115083525,2,648,R28S,
XM_017956103.1,TTLL10,Papio_cynocephalus,SAMEA115083525,2,648,M46L,
XM_017956103.1,TTLL10,Papio_cynocephalus,SAMEA115083525,2,648,A107T,
XM_017956103.1,TTLL10,Papio_cynocephalus,SAMEA115083525,2,648,T125R,
XM_017956103.1,TTLL10,Papio_cynocephalus,SAMEA115083525,2,648,E168D,
XM_017956103.1,TTLL10,Papio_cynocephalus,SAMEA115083525,2,648,D277Y,
XM_017956103.1,TTLL10,Papio_cynocephalus,SAMEA115083525,2,648,D344N,
XM_017956103.1,TTLL10,Papio_cynocephalus,SAMEA115083525,2,648,M363I,
XM_017956103.1,TTLL10,Papio_cynocephalus,SAMEA115083525,2,648,T439R,
XM_017956103.1,TTLL10,Papio_cynocephalus,SAMEA115083525,2,648,R574Y,
XM_017956103.1,TTLL10,Papio_cynocephalus,SAMEA115083525,2,648,L596M,
XM_017956103.1,TTLL10,Papio_cynocephalus,SAMEA115083534,1,648,S3N,
XM_017956103.1,TTLL10,Papio_cynocephalus,SAMEA115083534,1,648,T15I,
XM_017956103.1,TTLL10,Papio_cynocephalus,SAMEA115083534,1,648,R16G,
XM_017956103.1,TTLL10,Papio_cynocephalus,SAMEA115083534,1,648,R28S,
XM_017956103.1,TTLL10,Papio_cynocephalus,SAMEA115083534,1,648,M46L,
XM_017956103.1,TTLL10,Papio_cynocephalus,SAMEA115083534,1,648,T125R,
XM_017956103.1,TTLL10,Papio_cynocephalus,SAMEA115083534,1,648,D277Y,
XM_017956103.1,TTLL10,Papio_cynocephalus,SAMEA115083534,1,648,D344N,
XM_017956103.1,TTLL10,Papio_cynocephalus,SAMEA115083534,1,648,M363I,
XM_017956103.1,TTLL10,Papio_cynocephalus,SAMEA115083534,1,648,T439R,
XM_017956103.1,TTLL10,Papio_cynocephalus,SAMEA115083534,1,648,R574Y,
XM_017956103.1,TTLL10,Papio_cynocephalus,SAMEA115083534,1,648,L596M,
XM_017956103.1,TTLL10,Papio_cynocephalus,SAMEA115083534,2,648,S3N,
XM_017956103.1,TTLL10,Papio_cynocephalus,SAMEA115083534,2,648,T15I,
XM_017956103.1,TTLL10,Papio_cynocephalus,SAMEA115083534,2,648,R16G,
XM_017956103.1,TTLL10,Papio_cynocephalus,SAMEA115083534,2,648,R28S,
XM_017956103.1,TTLL10,Papio_cynocephalus,SAMEA115083534,2,648,M46L,
XM_017956103.1,TTLL10,Papio_cynocephalus,SAMEA115083534,2,648,T125R,
XM_017956103.1,TTLL10,Papio_cynocephalus,SAMEA115083534,2,648,D277Y,
XM_017956103.1,TTLL10,Papio_cynocephalus,SAMEA115083534,2,648,D344N,
XM_017956103.1,TTLL10,Papio_cynocephalus,SAMEA115083534,2,648,M363I,
XM_017956103.1,TTLL10,Papio_cynocephalus,SAMEA115083534,2,648,T439R,
XM_017956103.1,TTLL10,Papio_cynocephalus,SAMEA115083534,2,648,R574Y,
XM_017956103.1,TTLL10,Papio_cynocephalus,SAMEA115083534,2,648,L596M,
XM_017956103.1,TTLL10,Papio_cynocephalus,SAMEA115083535,1,648,S3N,
XM_017956103.1,TTLL10,Papio_cynocephalus,SAMEA115083535,1,648,R16G,
XM_017956103.1,TTLL10,Papio_cynocephalus,SAMEA115083535,1,648,R28S,
XM_017956103.1,TTLL10,Papio_cynocephalus,SAMEA115083535,1,648,M46L,
XM_017956103.1,TTLL10,Papio_cynocephalus,SAMEA115083535,1,648,T125R,
XM_017956103.1,TTLL10,Papio_cynocephalus,SAMEA115083535,1,648,D277Y,
XM_017956103.1,TTLL10,Papio_cynocephalus,SAMEA115083535,1,648,D344N,
XM_017956103.1,TTLL10,Papio_cynocephalus,SAMEA115083535,1,648,M363I,
XM_017956103.1,TTLL10,Papio_cynocephalus,SAMEA115083535,1,648,T439R,
XM_017956103.1,TTLL10,Papio_cynocephalus,SAMEA115083535,1,648,R574Y,
XM_017956103.1,TTLL10,Papio_cynocephalus,SAMEA115083535,1,648,L596M,
XM_017956103.1,TTLL10,Papio_cynocephalus,SAMEA115083535,2,648,S3N,
XM_017956103.1,TTLL10,Papio_cynocephalus,SAMEA115083535,2,648,T15I,
XM_017956103.1,TTLL10,Papio_cynocephalus,SAMEA115083535,2,648,R16G,
XM_017956103.1,TTLL10,Papio_cynocephalus,SAMEA115083535,2,648,R28S,
XM_017956103.1,TTLL10,Papio_cynocephalus,SAMEA115083535,2,648,M46L,
XM_017956103.1,TTLL10,Papio_cynocephalus,SAMEA115083535,2,648,T125R,
XM_017956103.1,TTLL10,Papio_cynocephalus,SAMEA115083535,2,648,D277Y,
XM_017956103.1,TTLL10,Papio_cynocephalus,SAMEA115083535,2,648,D344N,
XM_017956103.1,TTLL10,Papio_cynocephalus,SAMEA115083535,2,648,M363I,
XM_017956103.1,TTLL10,Papio_cynocephalus,SAMEA115083535,2,648,T439R,
XM_017956103.1,TTLL10,Papio_cynocephalus,SAMEA115083535,2,648,R574Y,
XM_017956103.1,TTLL10,Papio_cynocephalus,SAMEA115083535,2,648,L596M,
XM_017956103.1,TTLL10,Papio_cynocephalus,SAMEA115083536,1,648,S3N,
XM_017956103.1,TTLL10,Papio_cynocephalus,SAMEA115083536,1,648,R16G,
XM_017956103.1,TTLL10,Papio_cynocephalus,SAMEA115083536,1,648,R28S,
XM_017956103.1,TTLL10,Papio_cynocephalus,SAMEA115083536,1,648,M46L,
XM_017956103.1,TTLL10,Papio_cynocephalus,SAMEA115083536,1,648,T125R,
XM_017956103.1,TTLL10,Papio_cynocephalus,SAMEA115083536,1,648,D277Y,
XM_017956103.1,TTLL10,Papio_cynocephalus,SAMEA115083536,1,648,D344N,
XM_017956103.1,TTLL10,Papio_cynocephalus,SAMEA115083536,1,648,T439R,
XM_017956103.1,TTLL10,Papio_cynocephalus,SAMEA115083536,1,648,R574Y,
XM_017956103.1,TTLL10,Papio_cynocephalus,SAMEA115083536,1,648,L596M,
XM_017956103.1,TTLL10,Papio_cynocephalus,SAMEA115083536,2,648,S3N,
XM_017956103.1,TTLL10,Papio_cynocephalus,SAMEA115083536,2,648,R16G,
XM_017956103.1,TTLL10,Papio_cynocephalus,SAMEA115083536,2,648,R28S,
XM_017956103.1,TTLL10,Papio_cynocephalus,SAMEA115083536,2,648,M46L,
XM_017956103.1,TTLL10,Papio_cynocephalus,SAMEA115083536,2,648,T125R,
XM_017956103.1,TTLL10,Papio_cynocephalus,SAMEA115083536,2,648,D277Y,
XM_017956103.1,TTLL10,Papio_cynocephalus,SAMEA115083536,2,648,D344H,
XM_017956103.1,TTLL10,Papio_cynocephalus,SAMEA115083536,2,648,M363I,
XM_017956103.1,TTLL10,Papio_cynocephalus,SAMEA115083536,2,648,T439R,
XM_017956103.1,TTLL10,Papio_cynocephalus,SAMEA115083536,2,648,R574Y,
XM_017956103.1,TTLL10,Papio_cynocephalus,SAMEA115083536,2,648,L596M,
XM_017956103.1,TTLL10,Papio_cynocephalus,SAMEA115083550,1,648,S3N,
XM_017956103.1,TTLL10,Papio_cynocephalus,SAMEA115083550,1,648,R16G,
XM_017956103.1,TTLL10,Papio_cynocephalus,SAMEA115083550,1,648,R28S,
XM_017956103.1,TTLL10,Papio_cynocephalus,SAMEA115083550,1,648,M46L,
XM_017956103.1,TTLL10,Papio_cynocephalus,SAMEA115083550,1,648,T125R,
XM_017956103.1,TTLL10,Papio_cynocephalus,SAMEA115083550,1,648,D277Y,
XM_017956103.1,TTLL10,Papio_cynocephalus,SAMEA115083550,1,648,D344N,
XM_017956103.1,TTLL10,Papio_cynocephalus,SAMEA115083550,1,648,M363I,
XM_017956103.1,TTLL10,Papio_cynocephalus,SAMEA115083550,1,648,T439R,
XM_017956103.1,TTLL10,Papio_cynocephalus,SAMEA115083550,1,648,R574Y,
XM_017956103.1,TTLL10,Papio_cynocephalus,SAMEA115083550,1,648,L596M,
XM_017956103.1,TTLL10,Papio_cynocephalus,SAMEA115083550,2,648,S3N,
XM_017956103.1,TTLL10,Papio_cynocephalus,SAMEA115083550,2,648,R16G,
XM_017956103.1,TTLL10,Papio_cynocephalus,SAMEA115083550,2,648,R28S,
XM_017956103.1,TTLL10,Papio_cynocephalus,SAMEA115083550,2,648,M46L,
XM_017956103.1,TTLL10,Papio_cynocephalus,SAMEA115083550,2,648,T125R,
XM_017956103.1,TTLL10,Papio_cynocephalus,SAMEA115083550,2,648,D277Y,
XM_017956103.1,TTLL10,Papio_cynocephalus,SAMEA115083550,2,648,D344N,
XM_017956103.1,TTLL10,Papio_cynocephalus,SAMEA115083550,2,648,M363I,
XM_017956103.1,TTLL10,Papio_cynocephalus,SAMEA115083550,2,648,T439R,
XM_017956103.1,TTLL10,Papio_cynocephalus,SAMEA115083550,2,648,R574Y,
XM_017956103.1,TTLL10,Papio_cynocephalus,SAMEA115083550,2,648,L596V,
XM_017956103.1,TTLL10,Papio_cynocephalus,SAMEA115083551,1,648,S3N,
XM_017956103.1,TTLL10,Papio_cynocephalus,SAMEA115083551,1,648,R16G,
XM_017956103.1,TTLL10,Papio_cynocephalus,SAMEA115083551,1,648,R28S,
XM_017956103.1,TTLL10,Papio_cynocephalus,SAMEA115083551,1,648,M46L,
XM_017956103.1,TTLL10,Papio_cynocephalus,SAMEA115083551,1,648,T125R,
XM_017956103.1,TTLL10,Papio_cynocephalus,SAMEA115083551,1,648,D277Y,
XM_017956103.1,TTLL10,Papio_cynocephalus,SAMEA115083551,1,648,D344N,
XM_017956103.1,TTLL10,Papio_cynocephalus,SAMEA115083551,1,648,M363I,
XM_017956103.1,TTLL10,Papio_cynocephalus,SAMEA115083551,1,648,T439R,
XM_017956103.1,TTLL10,Papio_cynocephalus,SAMEA115083551,1,648,R574Y,
XM_017956103.1,TTLL10,Papio_cynocephalus,SAMEA115083551,1,648,L596M,
XM_017956103.1,TTLL10,Papio_cynocephalus,SAMEA115083551,2,648,S3N,
XM_017956103.1,TTLL10,Papio_cynocephalus,SAMEA115083551,2,648,R16G,
XM_017956103.1,TTLL10,Papio_cynocephalus,SAMEA115083551,2,648,R28S,
XM_017956103.1,TTLL10,Papio_cynocephalus,SAMEA115083551,2,648,M46L,
XM_017956103.1,TTLL10,Papio_cynocephalus,SAMEA115083551,2,648,T125R,
XM_017956103.1,TTLL10,Papio_cynocephalus,SAMEA115083551,2,648,D277Y,
XM_017956103.1,TTLL10,Papio_cynocephalus,SAMEA115083551,2,648,D344N,
XM_017956103.1,TTLL10,Papio_cynocephalus,SAMEA115083551,2,648,M363I,
XM_017956103.1,TTLL10,Papio_cynocephalus,SAMEA115083551,2,648,T439R,
XM_017956103.1,TTLL10,Papio_cynocephalus,SAMEA115083551,2,648,R574Y,
XM_017956103.1,TTLL10,Papio_cynocephalus,SAMEA115083551,2,648,L596V,
XM_017956103.1,TTLL10,Papio_cynocephalus,SAMEA115083552,1,648,S3N,
XM_017956103.1,TTLL10,Papio_cynocephalus,SAMEA115083552,1,648,R16G,
XM_017956103.1,TTLL10,Papio_cynocephalus,SAMEA115083552,1,648,R28S,
XM_017956103.1,TTLL10,Papio_cynocephalus,SAMEA115083552,1,648,M46L,
XM_017956103.1,TTLL10,Papio_cynocephalus,SAMEA115083552,1,648,T125R,
XM_017956103.1,TTLL10,Papio_cynocephalus,SAMEA115083552,1,648,D277Y,
XM_017956103.1,TTLL10,Papio_cynocephalus,SAMEA115083552,1,648,D344N,
XM_017956103.1,TTLL10,Papio_cynocephalus,SAMEA115083552,1,648,M363I,
XM_017956103.1,TTLL10,Papio_cynocephalus,SAMEA115083552,1,648,T439R,
XM_017956103.1,TTLL10,Papio_cynocephalus,SAMEA115083552,1,648,R574Y,
XM_017956103.1,TTLL10,Papio_cynocephalus,SAMEA115083552,1,648,L596M,
XM_017956103.1,TTLL10,Papio_cynocephalus,SAMEA115083552,2,648,S3N,
XM_017956103.1,TTLL10,Papio_cynocephalus,SAMEA115083552,2,648,R16G,
XM_017956103.1,TTLL10,Papio_cynocephalus,SAMEA115083552,2,648,R28S,
XM_017956103.1,TTLL10,Papio_cynocephalus,SAMEA115083552,2,648,M46L,
XM_017956103.1,TTLL10,Papio_cynocephalus,SAMEA115083552,2,648,D277Y,
XM_017956103.1,TTLL10,Papio_cynocephalus,SAMEA115083552,2,648,D344N,
XM_017956103.1,TTLL10,Papio_cynocephalus,SAMEA115083552,2,648,M363I,
XM_017956103.1,TTLL10,Papio_cynocephalus,SAMEA115083552,2,648,T439R,
XM_017956103.1,TTLL10,Papio_cynocephalus,SAMEA115083552,2,648,R574Y,
XM_017956103.1,TTLL10,Papio_cynocephalus,SAMEA115083552,2,648,L596M,
XM_017956103.1,TTLL10,Papio_cynocephalus,SAMEA115083553,1,648,S3N,
XM_017956103.1,TTLL10,Papio_cynocephalus,SAMEA115083553,1,648,R16G,
XM_017956103.1,TTLL10,Papio_cynocephalus,SAMEA115083553,1,648,R28S,
XM_017956103.1,TTLL10,Papio_cynocephalus,SAMEA115083553,1,648,M46L,
XM_017956103.1,TTLL10,Papio_cynocephalus,SAMEA115083553,1,648,T125R,
XM_017956103.1,TTLL10,Papio_cynocephalus,SAMEA115083553,1,648,D277Y,
XM_017956103.1,TTLL10,Papio_cynocephalus,SAMEA115083553,1,648,D344N,
XM_017956103.1,TTLL10,Papio_cynocephalus,SAMEA115083553,1,648,M363I,
XM_017956103.1,TTLL10,Papio_cynocephalus,SAMEA115083553,1,648,T439R,
XM_017956103.1,TTLL10,Papio_cynocephalus,SAMEA115083553,1,648,R574Y,
XM_017956103.1,TTLL10,Papio_cynocephalus,SAMEA115083553,1,648,L596M,
XM_017956103.1,TTLL10,Papio_cynocephalus,SAMEA115083553,2,648,S3N,
XM_017956103.1,TTLL10,Papio_cynocephalus,SAMEA115083553,2,648,R16G,
XM_017956103.1,TTLL10,Papio_cynocephalus,SAMEA115083553,2,648,R28S,
XM_017956103.1,TTLL10,Papio_cynocephalus,SAMEA115083553,2,648,M46L,
XM_017956103.1,TTLL10,Papio_cynocephalus,SAMEA115083553,2,648,T125R,
XM_017956103.1,TTLL10,Papio_cynocephalus,SAMEA115083553,2,648,D277Y,
XM_017956103.1,TTLL10,Papio_cynocephalus,SAMEA115083553,2,648,D344N,
XM_017956103.1,TTLL10,Papio_cynocephalus,SAMEA115083553,2,648,M363I,
XM_017956103.1,TTLL10,Papio_cynocephalus,SAMEA115083553,2,648,T439R,
XM_017956103.1,TTLL10,Papio_cynocephalus,SAMEA115083553,2,648,R574Y,
XM_017956103.1,TTLL10,Papio_cynocephalus,SAMEA115083553,2,648,L596V,
XM_017956103.1,TTLL10,Papio_cynocephalus,SAMEA115083554,1,648,S3N,
XM_017956103.1,TTLL10,Papio_cynocephalus,SAMEA115083554,1,648,R16G,
XM_017956103.1,TTLL10,Papio_cynocephalus,SAMEA115083554,1,648,R28S,
XM_017956103.1,TTLL10,Papio_cynocephalus,SAMEA115083554,1,648,M46L,
XM_017956103.1,TTLL10,Papio_cynocephalus,SAMEA115083554,1,648,T125R,
XM_017956103.1,TTLL10,Papio_cynocephalus,SAMEA115083554,1,648,D277Y,
XM_017956103.1,TTLL10,Papio_cynocephalus,SAMEA115083554,1,648,D344N,
XM_017956103.1,TTLL10,Papio_cynocephalus,SAMEA115083554,1,648,M363I,
XM_017956103.1,TTLL10,Papio_cynocephalus,SAMEA115083554,1,648,T439R,
XM_017956103.1,TTLL10,Papio_cynocephalus,SAMEA115083554,1,648,R574Y,
XM_017956103.1,TTLL10,Papio_cynocephalus,SAMEA115083554,1,648,L596M,
XM_017956103.1,TTLL10,Papio_cynocephalus,SAMEA115083554,2,648,S3N,
XM_017956103.1,TTLL10,Papio_cynocephalus,SAMEA115083554,2,648,R16G,
XM_017956103.1,TTLL10,Papio_cynocephalus,SAMEA115083554,2,648,R28S,
XM_017956103.1,TTLL10,Papio_cynocephalus,SAMEA115083554,2,648,M46L,
XM_017956103.1,TTLL10,Papio_cynocephalus,SAMEA115083554,2,648,T125R,
XM_017956103.1,TTLL10,Papio_cynocephalus,SAMEA115083554,2,648,D277Y,
XM_017956103.1,TTLL10,Papio_cynocephalus,SAMEA115083554,2,648,D344N,
XM_017956103.1,TTLL10,Papio_cynocephalus,SAMEA115083554,2,648,M363I,
XM_017956103.1,TTLL10,Papio_cynocephalus,SAMEA115083554,2,648,T439R,
XM_017956103.1,TTLL10,Papio_cynocephalus,SAMEA115083554,2,648,R574Y,
XM_017956103.1,TTLL10,Papio_cynocephalus,SAMEA115083554,2,648,L596V,
XM_017956103.1,TTLL10,Papio_cynocephalus,SAMN02866414,1,648,S3N,
XM_017956103.1,TTLL10,Papio_cynocephalus,SAMN02866414,1,648,R16G,
XM_017956103.1,TTLL10,Papio_cynocephalus,SAMN02866414,1,648,R28S,
XM_017956103.1,TTLL10,Papio_cynocephalus,SAMN02866414,1,648,M46L,
XM_017956103.1,TTLL10,Papio_cynocephalus,SAMN02866414,1,648,D277Y,
XM_017956103.1,TTLL10,Papio_cynocephalus,SAMN02866414,1,648,D344N,
XM_017956103.1,TTLL10,Papio_cynocephalus,SAMN02866414,1,648,L596M,
XM_017956103.1,TTLL10,Papio_cynocephalus,SAMN02866414,2,648,S3N,
XM_017956103.1,TTLL10,Papio_cynocephalus,SAMN02866414,2,648,R16G,
XM_017956103.1,TTLL10,Papio_cynocephalus,SAMN02866414,2,648,R28S,
XM_017956103.1,TTLL10,Papio_cynocephalus,SAMN02866414,2,648,M46L,
XM_017956103.1,TTLL10,Papio_cynocephalus,SAMN02866414,2,648,E168D,
XM_017956103.1,TTLL10,Papio_cynocephalus,SAMN02866414,2,648,D277Y,
XM_017956103.1,TTLL10,Papio_cynocephalus,SAMN02866414,2,648,D344N,
XM_017956103.1,TTLL10,Papio_cynocephalus,SAMN02866414,2,648,L596M,
XM_017956103.1,TTLL10,Papio_cynocephalus,SAMN02866415,1,648,S3N,
XM_017956103.1,TTLL10,Papio_cynocephalus,SAMN02866415,1,648,M46L,
XM_017956103.1,TTLL10,Papio_cynocephalus,SAMN02866415,1,648,D277Y,
XM_017956103.1,TTLL10,Papio_cynocephalus,SAMN02866415,1,648,D344N,
XM_017956103.1,TTLL10,Papio_cynocephalus,SAMN02866415,1,648,M363I,
XM_017956103.1,TTLL10,Papio_cynocephalus,SAMN02866415,1,648,T439R,
XM_017956103.1,TTLL10,Papio_cynocephalus,SAMN02866415,1,648,L596V,
XM_017956103.1,TTLL10,Papio_cynocephalus,SAMN02866415,2,648,S3N,
XM_017956103.1,TTLL10,Papio_cynocephalus,SAMN02866415,2,648,M46L,
XM_017956103.1,TTLL10,Papio_cynocephalus,SAMN02866415,2,648,D277Y,
XM_017956103.1,TTLL10,Papio_cynocephalus,SAMN02866415,2,648,D344N,
XM_017956103.1,TTLL10,Papio_cynocephalus,SAMN02866415,2,648,M363I,
XM_017956103.1,TTLL10,Papio_cynocephalus,SAMN02866415,2,648,T439R,
XM_017956103.1,TTLL10,Papio_cynocephalus,SAMN02866415,2,648,L596V,
XM_017956103.1,TTLL10,Papio_cynocephalus,SAMN04455161,1,648,S3N,
XM_017956103.1,TTLL10,Papio_cynocephalus,SAMN04455161,1,648,R16G,
XM_017956103.1,TTLL10,Papio_cynocephalus,SAMN04455161,1,648,R28S,
XM_017956103.1,TTLL10,Papio_cynocephalus,SAMN04455161,1,648,M46L,
XM_017956103.1,TTLL10,Papio_cynocephalus,SAMN04455161,1,648,T125R,
XM_017956103.1,TTLL10,Papio_cynocephalus,SAMN04455161,1,648,D277Y,
XM_017956103.1,TTLL10,Papio_cynocephalus,SAMN04455161,1,648,D344N,
XM_017956103.1,TTLL10,Papio_cynocephalus,SAMN04455161,1,648,M363I,
XM_017956103.1,TTLL10,Papio_cynocephalus,SAMN04455161,1,648,T439R,
XM_017956103.1,TTLL10,Papio_cynocephalus,SAMN04455161,1,648,R574Y,
XM_017956103.1,TTLL10,Papio_cynocephalus,SAMN04455161,1,648,L596M,
XM_017956103.1,TTLL10,Papio_cynocephalus,SAMN04455161,2,648,S3N,
XM_017956103.1,TTLL10,Papio_cynocephalus,SAMN04455161,2,648,R16G,
XM_017956103.1,TTLL10,Papio_cynocephalus,SAMN04455161,2,648,R28S,
XM_017956103.1,TTLL10,Papio_cynocephalus,SAMN04455161,2,648,M46L,
XM_017956103.1,TTLL10,Papio_cynocephalus,SAMN04455161,2,648,A107T,
XM_017956103.1,TTLL10,Papio_cynocephalus,SAMN04455161,2,648,T125R,
XM_017956103.1,TTLL10,Papio_cynocephalus,SAMN04455161,2,648,E168D,
XM_017956103.1,TTLL10,Papio_cynocephalus,SAMN04455161,2,648,D277Y,
XM_017956103.1,TTLL10,Papio_cynocephalus,SAMN04455161,2,648,D344N,
XM_017956103.1,TTLL10,Papio_cynocephalus,SAMN04455161,2,648,M363I,
XM_017956103.1,TTLL10,Papio_cynocephalus,SAMN04455161,2,648,T439R,
XM_017956103.1,TTLL10,Papio_cynocephalus,SAMN04455161,2,648,R574Y,
XM_017956103.1,TTLL10,Papio_cynocephalus,SAMN04455161,2,648,L596M,
XM_017956103.1,TTLL10,Papio_cynocephalus,SAMN20814897,1,648,S3N,
XM_017956103.1,TTLL10,Papio_cynocephalus,SAMN20814897,1,648,R16G,
XM_017956103.1,TTLL10,Papio_cynocephalus,SAMN20814897,1,648,R28S,
XM_017956103.1,TTLL10,Papio_cynocephalus,SAMN20814897,1,648,T125R,
XM_017956103.1,TTLL10,Papio_cynocephalus,SAMN20814897,1,648,D277Y,
XM_017956103.1,TTLL10,Papio_cynocephalus,SAMN20814897,1,648,D344N,
XM_017956103.1,TTLL10,Papio_cynocephalus,SAMN20814897,2,648,S3N,
XM_017956103.1,TTLL10,Papio_cynocephalus,SAMN20814897,2,648,R16G,
XM_017956103.1,TTLL10,Papio_cynocephalus,SAMN20814897,2,648,R28S,
XM_017956103.1,TTLL10,Papio_cynocephalus,SAMN20814897,2,648,D277Y,
XM_017956103.1,TTLL10,Papio_cynocephalus,SAMN20814897,2,648,D344N,
XM_017956103.1,TTLL10,Papio_cynocephalus,SAMN20814898,1,648,S3N,
XM_017956103.1,TTLL10,Papio_cynocephalus,SAMN20814898,1,648,R16G,
XM_017956103.1,TTLL10,Papio_cynocephalus,SAMN20814898,1,648,R28S,
XM_017956103.1,TTLL10,Papio_cynocephalus,SAMN20814898,1,648,M46L,
XM_017956103.1,TTLL10,Papio_cynocephalus,SAMN20814898,1,648,T125R,
XM_017956103.1,TTLL10,Papio_cynocephalus,SAMN20814898,1,648,D277Y,
XM_017956103.1,TTLL10,Papio_cynocephalus,SAMN20814898,1,648,D344N,
XM_017956103.1,TTLL10,Papio_cynocephalus,SAMN20814898,1,648,M363I,
XM_017956103.1,TTLL10,Papio_cynocephalus,SAMN20814898,1,648,T439R,
XM_017956103.1,TTLL10,Papio_cynocephalus,SAMN20814898,1,648,R574Y,
XM_017956103.1,TTLL10,Papio_cynocephalus,SAMN20814898,1,648,L596M,
XM_017956103.1,TTLL10,Papio_cynocephalus,SAMN20814898,2,648,S3N,
XM_017956103.1,TTLL10,Papio_cynocephalus,SAMN20814898,2,648,R16G,
XM_017956103.1,TTLL10,Papio_cynocephalus,SAMN20814898,2,648,R28S,
XM_017956103.1,TTLL10,Papio_cynocephalus,SAMN20814898,2,648,M46L,
XM_017956103.1,TTLL10,Papio_cynocephalus,SAMN20814898,2,648,T125R,
XM_017956103.1,TTLL10,Papio_cynocephalus,SAMN20814898,2,648,D277Y,
XM_017956103.1,TTLL10,Papio_cynocephalus,SAMN20814898,2,648,D344N,
XM_017956103.1,TTLL10,Papio_cynocephalus,SAMN20814898,2,648,M363I,
XM_017956103.1,TTLL10,Papio_cynocephalus,SAMN20814898,2,648,T439R,
XM_017956103.1,TTLL10,Papio_cynocephalus,SAMN20814898,2,648,R574Y,
XM_017956103.1,TTLL10,Papio_cynocephalus,SAMN20814898,2,648,L596M,
XM_017956103.1,TTLL10,Papio_cynocephalus,SAMN20814899,1,648,S3N,
XM_017956103.1,TTLL10,Papio_cynocephalus,SAMN20814899,1,648,R16G,
XM_017956103.1,TTLL10,Papio_cynocephalus,SAMN20814899,1,648,M46L,
XM_017956103.1,TTLL10,Papio_cynocephalus,SAMN20814899,1,648,T125R,
XM_017956103.1,TTLL10,Papio_cynocephalus,SAMN20814899,1,648,D277Y,
XM_017956103.1,TTLL10,Papio_cynocephalus,SAMN20814899,1,648,D344N,
XM_017956103.1,TTLL10,Papio_cynocephalus,SAMN20814899,1,648,T439R,
XM_017956103.1,TTLL10,Papio_cynocephalus,SAMN20814899,2,648,S3N,
XM_017956103.1,TTLL10,Papio_cynocephalus,SAMN20814899,2,648,R16G,
XM_017956103.1,TTLL10,Papio_cynocephalus,SAMN20814899,2,648,M46L,
XM_017956103.1,TTLL10,Papio_cynocephalus,SAMN20814899,2,648,D277Y,
XM_017956103.1,TTLL10,Papio_cynocephalus,SAMN20814899,2,648,D344N,
XM_017956103.1,TTLL10,Papio_cynocephalus,SAMN20814899,2,648,T439R,
XM_017956103.1,TTLL10,Papio_cynocephalus,SAMN20814900,1,648,S3N,
XM_017956103.1,TTLL10,Papio_cynocephalus,SAMN20814900,1,648,R16G,
XM_017956103.1,TTLL10,Papio_cynocephalus,SAMN20814900,1,648,M46L,
XM_017956103.1,TTLL10,Papio_cynocephalus,SAMN20814900,1,648,T125R,
XM_017956103.1,TTLL10,Papio_cynocephalus,SAMN20814900,1,648,D277Y,
XM_017956103.1,TTLL10,Papio_cynocephalus,SAMN20814900,1,648,T439R,
XM_017956103.1,TTLL10,Papio_cynocephalus,SAMN20814900,1,648,R574Y,
XM_017956103.1,TTLL10,Papio_cynocephalus,SAMN20814900,1,648,L596V,
XM_017956103.1,TTLL10,Papio_cynocephalus,SAMN20814900,2,648,S3N,
XM_017956103.1,TTLL10,Papio_cynocephalus,SAMN20814900,2,648,R16G,
XM_017956103.1,TTLL10,Papio_cynocephalus,SAMN20814900,2,648,M46L,
XM_017956103.1,TTLL10,Papio_cynocephalus,SAMN20814900,2,648,T125R,
XM_017956103.1,TTLL10,Papio_cynocephalus,SAMN20814900,2,648,D277Y,
XM_017956103.1,TTLL10,Papio_cynocephalus,SAMN20814900,2,648,T439R,
XM_017956103.1,TTLL10,Papio_cynocephalus,SAMN20814900,2,648,R574Y,
XM_017956103.1,TTLL10,Papio_cynocephalus,SAMN20814900,2,648,L596V,
XM_017956103.1,TTLL10,Papio_cynocephalus,SAMN20814901,1,648,R16G,
XM_017956103.1,TTLL10,Papio_cynocephalus,SAMN20814901,1,648,R28S,
XM_017956103.1,TTLL10,Papio_cynocephalus,SAMN20814901,1,648,M46L,
XM_017956103.1,TTLL10,Papio_cynocephalus,SAMN20814901,1,648,T125R,
XM_017956103.1,TTLL10,Papio_cynocephalus,SAMN20814901,1,648,D277Y,
XM_017956103.1,TTLL10,Papio_cynocephalus,SAMN20814901,1,648,D344N,
XM_017956103.1,TTLL10,Papio_cynocephalus,SAMN20814901,1,648,M363I,
XM_017956103.1,TTLL10,Papio_cynocephalus,SAMN20814901,1,648,T439R,
XM_017956103.1,TTLL10,Papio_cynocephalus,SAMN20814901,1,648,R574Y,
XM_017956103.1,TTLL10,Papio_cynocephalus,SAMN20814901,1,648,L596M,
XM_017956103.1,TTLL10,Papio_cynocephalus,SAMN20814901,2,648,R16G,
XM_017956103.1,TTLL10,Papio_cynocephalus,SAMN20814901,2,648,R28S,
XM_017956103.1,TTLL10,Papio_cynocephalus,SAMN20814901,2,648,M46L,
XM_017956103.1,TTLL10,Papio_cynocephalus,SAMN20814901,2,648,T125R,
XM_017956103.1,TTLL10,Papio_cynocephalus,SAMN20814901,2,648,D277Y,
XM_017956103.1,TTLL10,Papio_cynocephalus,SAMN20814901,2,648,D344N,
XM_017956103.1,TTLL10,Papio_cynocephalus,SAMN20814901,2,648,M363I,
XM_017956103.1,TTLL10,Papio_cynocephalus,SAMN20814901,2,648,T439R,
XM_017956103.1,TTLL10,Papio_cynocephalus,SAMN20814901,2,648,R574Y,
XM_017956103.1,TTLL10,Papio_cynocephalus,SAMN20814901,2,648,L596V,
XM_017956103.1,TTLL10,Papio_cynocephalus,SAMN20814902,1,648,S3N,
XM_017956103.1,TTLL10,Papio_cynocephalus,SAMN20814902,1,648,R16G,
XM_017956103.1,TTLL10,Papio_cynocephalus,SAMN20814902,1,648,R28S,
XM_017956103.1,TTLL10,Papio_cynocephalus,SAMN20814902,1,648,M46L,
XM_017956103.1,TTLL10,Papio_cynocephalus,SAMN20814902,1,648,T125R,
XM_017956103.1,TTLL10,Papio_cynocephalus,SAMN20814902,1,648,D277Y,
XM_017956103.1,TTLL10,Papio_cynocephalus,SAMN20814902,1,648,M363I,
XM_017956103.1,TTLL10,Papio_cynocephalus,SAMN20814902,1,648,T439R,
XM_017956103.1,TTLL10,Papio_cynocephalus,SAMN20814902,1,648,R574Y,
XM_017956103.1,TTLL10,Papio_cynocephalus,SAMN20814902,1,648,L596M,
XM_017956103.1,TTLL10,Papio_cynocephalus,SAMN20814902,2,648,S3N,
XM_017956103.1,TTLL10,Papio_cynocephalus,SAMN20814902,2,648,R16G,
XM_017956103.1,TTLL10,Papio_cynocephalus,SAMN20814902,2,648,R28S,
XM_017956103.1,TTLL10,Papio_cynocephalus,SAMN20814902,2,648,M46L,
XM_017956103.1,TTLL10,Papio_cynocephalus,SAMN20814902,2,648,A107T,
XM_017956103.1,TTLL10,Papio_cynocephalus,SAMN20814902,2,648,T125R,
XM_017956103.1,TTLL10,Papio_cynocephalus,SAMN20814902,2,648,E168D,
XM_017956103.1,TTLL10,Papio_cynocephalus,SAMN20814902,2,648,D277Y,
XM_017956103.1,TTLL10,Papio_cynocephalus,SAMN20814902,2,648,M363I,
XM_017956103.1,TTLL10,Papio_cynocephalus,SAMN20814902,2,648,T439R,
XM_017956103.1,TTLL10,Papio_cynocephalus,SAMN20814902,2,648,R574Y,
XM_017956103.1,TTLL10,Papio_cynocephalus,SAMN20814902,2,648,L596M,
XM_017956103.1,TTLL10,Papio_cynocephalus,SAMN20814903,1,648,R16G,
XM_017956103.1,TTLL10,Papio_cynocephalus,SAMN20814903,1,648,R28S,
XM_017956103.1,TTLL10,Papio_cynocephalus,SAMN20814903,1,648,M46L,
XM_017956103.1,TTLL10,Papio_cynocephalus,SAMN20814903,1,648,A107T,
XM_017956103.1,TTLL10,Papio_cynocephalus,SAMN20814903,1,648,E168D,
XM_017956103.1,TTLL10,Papio_cynocephalus,SAMN20814903,1,648,D344N,
XM_017956103.1,TTLL10,Papio_cynocephalus,SAMN20814903,1,648,M363I,
XM_017956103.1,TTLL10,Papio_cynocephalus,SAMN20814903,1,648,R574Y,
XM_017956103.1,TTLL10,Papio_cynocephalus,SAMN20814903,1,648,L596M,
XM_017956103.1,TTLL10,Papio_cynocephalus,SAMN20814903,2,648,R16G,
XM_017956103.1,TTLL10,Papio_cynocephalus,SAMN20814903,2,648,R28S,
XM_017956103.1,TTLL10,Papio_cynocephalus,SAMN20814903,2,648,M46L,
XM_017956103.1,TTLL10,Papio_cynocephalus,SAMN20814903,2,648,A107T,
XM_017956103.1,TTLL10,Papio_cynocephalus,SAMN20814903,2,648,E168D,
XM_017956103.1,TTLL10,Papio_cynocephalus,SAMN20814903,2,648,D344N,
XM_017956103.1,TTLL10,Papio_cynocephalus,SAMN20814903,2,648,M363I,
XM_017956103.1,TTLL10,Papio_cynocephalus,SAMN20814903,2,648,R574Y,
XM_017956103.1,TTLL10,Papio_cynocephalus,SAMN20814903,2,648,L596M,
XM_017956103.1,TTLL10,Papio_cynocephalus,SAMN20814904,1,648,S3N,
XM_017956103.1,TTLL10,Papio_cynocephalus,SAMN20814904,1,648,R16G,
XM_017956103.1,TTLL10,Papio_cynocephalus,SAMN20814904,1,648,R28S,
XM_017956103.1,TTLL10,Papio_cynocephalus,SAMN20814904,1,648,M46L,
XM_017956103.1,TTLL10,Papio_cynocephalus,SAMN20814904,1,648,T125R,
XM_017956103.1,TTLL10,Papio_cynocephalus,SAMN20814904,1,648,D277Y,
XM_017956103.1,TTLL10,Papio_cynocephalus,SAMN20814904,1,648,D344N,
XM_017956103.1,TTLL10,Papio_cynocephalus,SAMN20814904,1,648,M363I,
XM_017956103.1,TTLL10,Papio_cynocephalus,SAMN20814904,1,648,R574Y,
XM_017956103.1,TTLL10,Papio_cynocephalus,SAMN20814904,1,648,L596M,
XM_017956103.1,TTLL10,Papio_cynocephalus,SAMN20814904,2,648,S3N,
XM_017956103.1,TTLL10,Papio_cynocephalus,SAMN20814904,2,648,R16G,
XM_017956103.1,TTLL10,Papio_cynocephalus,SAMN20814904,2,648,R28S,
XM_017956103.1,TTLL10,Papio_cynocephalus,SAMN20814904,2,648,M46L,
XM_017956103.1,TTLL10,Papio_cynocephalus,SAMN20814904,2,648,A107T,
XM_017956103.1,TTLL10,Papio_cynocephalus,SAMN20814904,2,648,T125R,
XM_017956103.1,TTLL10,Papio_cynocephalus,SAMN20814904,2,648,E168D,
XM_017956103.1,TTLL10,Papio_cynocephalus,SAMN20814904,2,648,D277Y,
XM_017956103.1,TTLL10,Papio_cynocephalus,SAMN20814904,2,648,D344N,
XM_017956103.1,TTLL10,Papio_cynocephalus,SAMN20814904,2,648,M363I,
XM_017956103.1,TTLL10,Papio_cynocephalus,SAMN20814904,2,648,R574Y,
XM_017956103.1,TTLL10,Papio_cynocephalus,SAMN20814904,2,648,L596M,
XM_017956103.1,TTLL10,Papio_cynocephalus,SAMN20814905,1,648,S3N,
XM_017956103.1,TTLL10,Papio_cynocephalus,SAMN20814905,1,648,T125R,
XM_017956103.1,TTLL10,Papio_cynocephalus,SAMN20814905,1,648,D344N,
XM_017956103.1,TTLL10,Papio_cynocephalus,SAMN20814905,1,648,M363I,
XM_017956103.1,TTLL10,Papio_cynocephalus,SAMN20814905,1,648,T439R,
XM_017956103.1,TTLL10,Papio_cynocephalus,SAMN20814905,1,648,R574Y,
XM_017956103.1,TTLL10,Papio_cynocephalus,SAMN20814905,1,648,L596M,
XM_017956103.1,TTLL10,Papio_cynocephalus,SAMN20814905,2,648,S3N,
XM_017956103.1,TTLL10,Papio_cynocephalus,SAMN20814905,2,648,T125R,
XM_017956103.1,TTLL10,Papio_cynocephalus,SAMN20814905,2,648,D344N,
XM_017956103.1,TTLL10,Papio_cynocephalus,SAMN20814905,2,648,M363I,
XM_017956103.1,TTLL10,Papio_cynocephalus,SAMN20814905,2,648,T439R,
XM_017956103.1,TTLL10,Papio_cynocephalus,SAMN20814905,2,648,R574Y,
XM_017956103.1,TTLL10,Papio_cynocephalus,SAMN20814905,2,648,L596M,
XM_017956103.1,TTLL10,Papio_cynocephalus,SAMN20814906,1,648,S3N,
XM_017956103.1,TTLL10,Papio_cynocephalus,SAMN20814906,1,648,R16G,
XM_017956103.1,TTLL10,Papio_cynocephalus,SAMN20814906,1,648,R28S,
XM_017956103.1,TTLL10,Papio_cynocephalus,SAMN20814906,1,648,M46L,
XM_017956103.1,TTLL10,Papio_cynocephalus,SAMN20814906,1,648,T125R,
XM_017956103.1,TTLL10,Papio_cynocephalus,SAMN20814906,1,648,D277Y,
XM_017956103.1,TTLL10,Papio_cynocephalus,SAMN20814906,1,648,D344N,
XM_017956103.1,TTLL10,Papio_cynocephalus,SAMN20814906,1,648,M363I,
XM_017956103.1,TTLL10,Papio_cynocephalus,SAMN20814906,1,648,T439R,
XM_017956103.1,TTLL10,Papio_cynocephalus,SAMN20814906,1,648,R574Y,
XM_017956103.1,TTLL10,Papio_cynocephalus,SAMN20814906,1,648,L596M,
XM_017956103.1,TTLL10,Papio_cynocephalus,SAMN20814906,2,648,S3N,
XM_017956103.1,TTLL10,Papio_cynocephalus,SAMN20814906,2,648,R16G,
XM_017956103.1,TTLL10,Papio_cynocephalus,SAMN20814906,2,648,R28S,
XM_017956103.1,TTLL10,Papio_cynocephalus,SAMN20814906,2,648,M46L,
XM_017956103.1,TTLL10,Papio_cynocephalus,SAMN20814906,2,648,T125R,
XM_017956103.1,TTLL10,Papio_cynocephalus,SAMN20814906,2,648,D277Y,
XM_017956103.1,TTLL10,Papio_cynocephalus,SAMN20814906,2,648,D344N,
XM_017956103.1,TTLL10,Papio_cynocephalus,SAMN20814906,2,648,M363I,
XM_017956103.1,TTLL10,Papio_cynocephalus,SAMN20814906,2,648,T439R,
XM_017956103.1,TTLL10,Papio_cynocephalus,SAMN20814906,2,648,R574Y,
XM_017956103.1,TTLL10,Papio_cynocephalus,SAMN20814906,2,648,L596V,
XM_017956103.1,TTLL10,Papio_cynocephalus,SAMN20814945,1,648,S3N,
XM_017956103.1,TTLL10,Papio_cynocephalus,SAMN20814945,1,648,R16G,
XM_017956103.1,TTLL10,Papio_cynocephalus,SAMN20814945,1,648,R28S,
XM_017956103.1,TTLL10,Papio_cynocephalus,SAMN20814945,1,648,M46L,
XM_017956103.1,TTLL10,Papio_cynocephalus,SAMN20814945,1,648,T125R,
XM_017956103.1,TTLL10,Papio_cynocephalus,SAMN20814945,1,648,D277Y,
XM_017956103.1,TTLL10,Papio_cynocephalus,SAMN20814945,1,648,D344N,
XM_017956103.1,TTLL10,Papio_cynocephalus,SAMN20814945,1,648,T439R,
XM_017956103.1,TTLL10,Papio_cynocephalus,SAMN20814945,1,648,R574Y,
XM_017956103.1,TTLL10,Papio_cynocephalus,SAMN20814945,1,648,L596M,
XM_017956103.1,TTLL10,Papio_cynocephalus,SAMN20814945,2,648,S3N,
XM_017956103.1,TTLL10,Papio_cynocephalus,SAMN20814945,2,648,R16G,
XM_017956103.1,TTLL10,Papio_cynocephalus,SAMN20814945,2,648,R28S,
XM_017956103.1,TTLL10,Papio_cynocephalus,SAMN20814945,2,648,M46L,
XM_017956103.1,TTLL10,Papio_cynocephalus,SAMN20814945,2,648,A107T,
XM_017956103.1,TTLL10,Papio_cynocephalus,SAMN20814945,2,648,T125R,
XM_017956103.1,TTLL10,Papio_cynocephalus,SAMN20814945,2,648,E168D,
XM_017956103.1,TTLL10,Papio_cynocephalus,SAMN20814945,2,648,D277Y,
XM_017956103.1,TTLL10,Papio_cynocephalus,SAMN20814945,2,648,D344N,
XM_017956103.1,TTLL10,Papio_cynocephalus,SAMN20814945,2,648,M363I,
XM_017956103.1,TTLL10,Papio_cynocephalus,SAMN20814945,2,648,T439R,
XM_017956103.1,TTLL10,Papio_cynocephalus,SAMN20814945,2,648,R574Y,
XM_017956103.1,TTLL10,Papio_cynocephalus,SAMN20814945,2,648,L596M,
XM_017956103.1,TTLL10,Papio_cynocephalus,SAMN20814949,1,648,S3N,
XM_017956103.1,TTLL10,Papio_cynocephalus,SAMN20814949,1,648,R16G,
XM_017956103.1,TTLL10,Papio_cynocephalus,SAMN20814949,1,648,R28S,
XM_017956103.1,TTLL10,Papio_cynocephalus,SAMN20814949,1,648,M46L,
XM_017956103.1,TTLL10,Papio_cynocephalus,SAMN20814949,1,648,T125R,
XM_017956103.1,TTLL10,Papio_cynocephalus,SAMN20814949,1,648,D277Y,
XM_017956103.1,TTLL10,Papio_cynocephalus,SAMN20814949,1,648,D344H,
XM_017956103.1,TTLL10,Papio_cynocephalus,SAMN20814949,1,648,T439R,
XM_017956103.1,TTLL10,Papio_cynocephalus,SAMN20814949,1,648,R574Y,
XM_017956103.1,TTLL10,Papio_cynocephalus,SAMN20814949,2,648,S3N,
XM_017956103.1,TTLL10,Papio_cynocephalus,SAMN20814949,2,648,R16G,
XM_017956103.1,TTLL10,Papio_cynocephalus,SAMN20814949,2,648,R28S,
XM_017956103.1,TTLL10,Papio_cynocephalus,SAMN20814949,2,648,M46L,
XM_017956103.1,TTLL10,Papio_cynocephalus,SAMN20814949,2,648,T125R,
XM_017956103.1,TTLL10,Papio_cynocephalus,SAMN20814949,2,648,D277Y,
XM_017956103.1,TTLL10,Papio_cynocephalus,SAMN20814949,2,648,D344H,
XM_017956103.1,TTLL10,Papio_cynocephalus,SAMN20814949,2,648,T439R,
XM_017956103.1,TTLL10,Papio_cynocephalus,SAMN20814949,2,648,R574Y,
XM_017956103.1,TTLL10,Papio_cynocephalus,SAMN20815227,1,648,S3N,
XM_017956103.1,TTLL10,Papio_cynocephalus,SAMN20815227,1,648,R16G,
XM_017956103.1,TTLL10,Papio_cynocephalus,SAMN20815227,1,648,R28S,
XM_017956103.1,TTLL10,Papio_cynocephalus,SAMN20815227,1,648,M46L,
XM_017956103.1,TTLL10,Papio_cynocephalus,SAMN20815227,1,648,T125R,
XM_017956103.1,TTLL10,Papio_cynocephalus,SAMN20815227,1,648,D277Y,
XM_017956103.1,TTLL10,Papio_cynocephalus,SAMN20815227,1,648,D344N,
XM_017956103.1,TTLL10,Papio_cynocephalus,SAMN20815227,1,648,T439R,
XM_017956103.1,TTLL10,Papio_cynocephalus,SAMN20815227,1,648,R574Y,
XM_017956103.1,TTLL10,Papio_cynocephalus,SAMN20815227,2,648,S3N,
XM_017956103.1,TTLL10,Papio_cynocephalus,SAMN20815227,2,648,R16G,
XM_017956103.1,TTLL10,Papio_cynocephalus,SAMN20815227,2,648,R28S,
XM_017956103.1,TTLL10,Papio_cynocephalus,SAMN20815227,2,648,M46L,
XM_017956103.1,TTLL10,Papio_cynocephalus,SAMN20815227,2,648,A107T,
XM_017956103.1,TTLL10,Papio_cynocephalus,SAMN20815227,2,648,T125R,
XM_017956103.1,TTLL10,Papio_cynocephalus,SAMN20815227,2,648,E168D,
XM_017956103.1,TTLL10,Papio_cynocephalus,SAMN20815227,2,648,D277Y,
XM_017956103.1,TTLL10,Papio_cynocephalus,SAMN20815227,2,648,D344H,
XM_017956103.1,TTLL10,Papio_cynocephalus,SAMN20815227,2,648,M363I,
XM_017956103.1,TTLL10,Papio_cynocephalus,SAMN20815227,2,648,T439R,
XM_017956103.1,TTLL10,Papio_cynocephalus,SAMN20815227,2,648,R574Y,
XM_017956103.1,TTLL10,Papio_cynocephalus,SAMN20815322,1,648,S3N,
XM_017956103.1,TTLL10,Papio_cynocephalus,SAMN20815322,1,648,R16G,
XM_017956103.1,TTLL10,Papio_cynocephalus,SAMN20815322,1,648,R28S,
XM_017956103.1,TTLL10,Papio_cynocephalus,SAMN20815322,1,648,M46L,
XM_017956103.1,TTLL10,Papio_cynocephalus,SAMN20815322,1,648,T125R,
XM_017956103.1,TTLL10,Papio_cynocephalus,SAMN20815322,1,648,D277Y,
XM_017956103.1,TTLL10,Papio_cynocephalus,SAMN20815322,1,648,D344N,
XM_017956103.1,TTLL10,Papio_cynocephalus,SAMN20815322,1,648,M363I,
XM_017956103.1,TTLL10,Papio_cynocephalus,SAMN20815322,1,648,T439R,
XM_017956103.1,TTLL10,Papio_cynocephalus,SAMN20815322,1,648,R574Y,
XM_017956103.1,TTLL10,Papio_cynocephalus,SAMN20815322,1,648,L596M,
XM_017956103.1,TTLL10,Papio_cynocephalus,SAMN20815322,2,648,S3N,
XM_017956103.1,TTLL10,Papio_cynocephalus,SAMN20815322,2,648,R16G,
XM_017956103.1,TTLL10,Papio_cynocephalus,SAMN20815322,2,648,R28S,
XM_017956103.1,TTLL10,Papio_cynocephalus,SAMN20815322,2,648,M46L,
XM_017956103.1,TTLL10,Papio_cynocephalus,SAMN20815322,2,648,T125R,
XM_017956103.1,TTLL10,Papio_cynocephalus,SAMN20815322,2,648,D277Y,
XM_017956103.1,TTLL10,Papio_cynocephalus,SAMN20815322,2,648,D344N,
XM_017956103.1,TTLL10,Papio_cynocephalus,SAMN20815322,2,648,M363I,
XM_017956103.1,TTLL10,Papio_cynocephalus,SAMN20815322,2,648,T439R,
XM_017956103.1,TTLL10,Papio_cynocephalus,SAMN20815322,2,648,L596M,
XM_017956103.1,TTLL10,Papio_cynocephalus,SAMN20815323,1,648,S3N,
XM_017956103.1,TTLL10,Papio_cynocephalus,SAMN20815323,1,648,R16G,
XM_017956103.1,TTLL10,Papio_cynocephalus,SAMN20815323,1,648,R28S,
XM_017956103.1,TTLL10,Papio_cynocephalus,SAMN20815323,1,648,M46L,
XM_017956103.1,TTLL10,Papio_cynocephalus,SAMN20815323,1,648,T125R,
XM_017956103.1,TTLL10,Papio_cynocephalus,SAMN20815323,1,648,D277Y,
XM_017956103.1,TTLL10,Papio_cynocephalus,SAMN20815323,1,648,D344N,
XM_017956103.1,TTLL10,Papio_cynocephalus,SAMN20815323,1,648,M363I,
XM_017956103.1,TTLL10,Papio_cynocephalus,SAMN20815323,1,648,T439R,
XM_017956103.1,TTLL10,Papio_cynocephalus,SAMN20815323,1,648,R574Y,
XM_017956103.1,TTLL10,Papio_cynocephalus,SAMN20815323,1,648,L596M,
XM_017956103.1,TTLL10,Papio_cynocephalus,SAMN20815323,2,648,S3N,
XM_017956103.1,TTLL10,Papio_cynocephalus,SAMN20815323,2,648,R16G,
XM_017956103.1,TTLL10,Papio_cynocephalus,SAMN20815323,2,648,R28S,
XM_017956103.1,TTLL10,Papio_cynocephalus,SAMN20815323,2,648,M46L,
XM_017956103.1,TTLL10,Papio_cynocephalus,SAMN20815323,2,648,A107T,
XM_017956103.1,TTLL10,Papio_cynocephalus,SAMN20815323,2,648,T125R,
XM_017956103.1,TTLL10,Papio_cynocephalus,SAMN20815323,2,648,E168D,
XM_017956103.1,TTLL10,Papio_cynocephalus,SAMN20815323,2,648,D277Y,
XM_017956103.1,TTLL10,Papio_cynocephalus,SAMN20815323,2,648,D344N,
XM_017956103.1,TTLL10,Papio_cynocephalus,SAMN20815323,2,648,M363I,
XM_017956103.1,TTLL10,Papio_cynocephalus,SAMN20815323,2,648,T439R,
XM_017956103.1,TTLL10,Papio_cynocephalus,SAMN20815323,2,648,L596M,
XM_017956103.1,TTLL10,Papio_cynocephalus,SAMN20815324,1,648,S3N,
XM_017956103.1,TTLL10,Papio_cynocephalus,SAMN20815324,1,648,R16G,
XM_017956103.1,TTLL10,Papio_cynocephalus,SAMN20815324,1,648,R28S,
XM_017956103.1,TTLL10,Papio_cynocephalus,SAMN20815324,1,648,M46L,
XM_017956103.1,TTLL10,Papio_cynocephalus,SAMN20815324,1,648,T125R,
XM_017956103.1,TTLL10,Papio_cynocephalus,SAMN20815324,1,648,D277Y,
XM_017956103.1,TTLL10,Papio_cynocephalus,SAMN20815324,1,648,D344N,
XM_017956103.1,TTLL10,Papio_cynocephalus,SAMN20815324,1,648,M363I,
XM_017956103.1,TTLL10,Papio_cynocephalus,SAMN20815324,1,648,T439R,
XM_017956103.1,TTLL10,Papio_cynocephalus,SAMN20815324,1,648,R574Y,
XM_017956103.1,TTLL10,Papio_cynocephalus,SAMN20815324,1,648,L596M,
XM_017956103.1,TTLL10,Papio_cynocephalus,SAMN20815324,2,648,S3N,
XM_017956103.1,TTLL10,Papio_cynocephalus,SAMN20815324,2,648,R16G,
XM_017956103.1,TTLL10,Papio_cynocephalus,SAMN20815324,2,648,R28S,
XM_017956103.1,TTLL10,Papio_cynocephalus,SAMN20815324,2,648,M46L,
XM_017956103.1,TTLL10,Papio_cynocephalus,SAMN20815324,2,648,T125R,
XM_017956103.1,TTLL10,Papio_cynocephalus,SAMN20815324,2,648,D277Y,
XM_017956103.1,TTLL10,Papio_cynocephalus,SAMN20815324,2,648,D344N,
XM_017956103.1,TTLL10,Papio_cynocephalus,SAMN20815324,2,648,M363I,
XM_017956103.1,TTLL10,Papio_cynocephalus,SAMN20815324,2,648,T439R,
XM_017956103.1,TTLL10,Papio_cynocephalus,SAMN20815324,2,648,L596M,
XM_017956103.1,TTLL10,Papio_cynocephalus,SAMN20815325,1,648,S3N,
XM_017956103.1,TTLL10,Papio_cynocephalus,SAMN20815325,1,648,R16G,
XM_017956103.1,TTLL10,Papio_cynocephalus,SAMN20815325,1,648,R28S,
XM_017956103.1,TTLL10,Papio_cynocephalus,SAMN20815325,1,648,M46L,
XM_017956103.1,TTLL10,Papio_cynocephalus,SAMN20815325,1,648,T125R,
XM_017956103.1,TTLL10,Papio_cynocephalus,SAMN20815325,1,648,D277Y,
XM_017956103.1,TTLL10,Papio_cynocephalus,SAMN20815325,1,648,D344N,
XM_017956103.1,TTLL10,Papio_cynocephalus,SAMN20815325,1,648,M363I,
XM_017956103.1,TTLL10,Papio_cynocephalus,SAMN20815325,1,648,T439R,
XM_017956103.1,TTLL10,Papio_cynocephalus,SAMN20815325,1,648,R574Y,
XM_017956103.1,TTLL10,Papio_cynocephalus,SAMN20815325,1,648,L596M,
XM_017956103.1,TTLL10,Papio_cynocephalus,SAMN20815325,2,648,S3N,
XM_017956103.1,TTLL10,Papio_cynocephalus,SAMN20815325,2,648,R16G,
XM_017956103.1,TTLL10,Papio_cynocephalus,SAMN20815325,2,648,R28S,
XM_017956103.1,TTLL10,Papio_cynocephalus,SAMN20815325,2,648,M46L,
XM_017956103.1,TTLL10,Papio_cynocephalus,SAMN20815325,2,648,A107T,
XM_017956103.1,TTLL10,Papio_cynocephalus,SAMN20815325,2,648,T125R,
XM_017956103.1,TTLL10,Papio_cynocephalus,SAMN20815325,2,648,E168D,
XM_017956103.1,TTLL10,Papio_cynocephalus,SAMN20815325,2,648,D277Y,
XM_017956103.1,TTLL10,Papio_cynocephalus,SAMN20815325,2,648,D344N,
XM_017956103.1,TTLL10,Papio_cynocephalus,SAMN20815325,2,648,M363I,
XM_017956103.1,TTLL10,Papio_cynocephalus,SAMN20815325,2,648,T439R,
XM_017956103.1,TTLL10,Papio_cynocephalus,SAMN20815325,2,648,R574Y,
XM_017956103.1,TTLL10,Papio_cynocephalus,SAMN20815325,2,648,L596M,
XM_017956103.1,TTLL10,Papio_ursinus,SAMEA112483159,1,648,E74D,
XM_017956103.1,TTLL10,Papio_ursinus,SAMEA112483159,1,648,S202T,
XM_017956103.1,TTLL10,Papio_ursinus,SAMEA112483159,1,648,M363I,
XM_017956103.1,TTLL10,Papio_ursinus,SAMEA112483159,1,648,L596M,
XM_017956103.1,TTLL10,Papio_ursinus,SAMEA112483159,2,648,E74D,
XM_017956103.1,TTLL10,Papio_ursinus,SAMEA112483159,2,648,S202T,
XM_017956103.1,TTLL10,Papio_ursinus,SAMEA112483159,2,648,M363I,
XM_017956103.1,TTLL10,Papio_ursinus,SAMEA112483159,2,648,L596M,
XM_017956103.1,TTLL10,Papio_ursinus,SAMEA112483160,1,648,E74D,
XM_017956103.1,TTLL10,Papio_ursinus,SAMEA112483160,1,648,S202T,
XM_017956103.1,TTLL10,Papio_ursinus,SAMEA112483160,1,648,M363I,
XM_017956103.1,TTLL10,Papio_ursinus,SAMEA112483160,1,648,L596M,
XM_017956103.1,TTLL10,Papio_ursinus,SAMEA112483160,2,648,E74D,
XM_017956103.1,TTLL10,Papio_ursinus,SAMEA112483160,2,648,S202T,
XM_017956103.1,TTLL10,Papio_ursinus,SAMEA112483160,2,648,M363I,
XM_017956103.1,TTLL10,Papio_ursinus,SAMEA112483160,2,648,L596M,
XM_017956103.1,TTLL10,Papio_ursinus,SAMEA112483161,1,648,E74D,
XM_017956103.1,TTLL10,Papio_ursinus,SAMEA112483161,1,648,S202T,
XM_017956103.1,TTLL10,Papio_ursinus,SAMEA112483161,1,648,M363I,
XM_017956103.1,TTLL10,Papio_ursinus,SAMEA112483161,1,648,L596M,
XM_017956103.1,TTLL10,Papio_ursinus,SAMEA112483161,2,648,E74D,
XM_017956103.1,TTLL10,Papio_ursinus,SAMEA112483161,2,648,S202T,
XM_017956103.1,TTLL10,Papio_ursinus,SAMEA112483161,2,648,M363I,
XM_017956103.1,TTLL10,Papio_ursinus,SAMEA112483161,2,648,L596M,
XM_017956103.1,TTLL10,Papio_ursinus,SAMEA112483162,1,648,E74D,
XM_017956103.1,TTLL10,Papio_ursinus,SAMEA112483162,1,648,S202T,
XM_017956103.1,TTLL10,Papio_ursinus,SAMEA112483162,1,648,M363I,
XM_017956103.1,TTLL10,Papio_ursinus,SAMEA112483162,1,648,L596M,
XM_017956103.1,TTLL10,Papio_ursinus,SAMEA112483162,2,648,E74D,
XM_017956103.1,TTLL10,Papio_ursinus,SAMEA112483162,2,648,S202T,
XM_017956103.1,TTLL10,Papio_ursinus,SAMEA112483162,2,648,M363I,
XM_017956103.1,TTLL10,Papio_ursinus,SAMEA112483162,2,648,L596M,
XM_017956103.1,TTLL10,Papio_ursinus,SAMEA13927195,1,648,E74D,
XM_017956103.1,TTLL10,Papio_ursinus,SAMEA13927195,1,648,S202T,
XM_017956103.1,TTLL10,Papio_ursinus,SAMEA13927195,1,648,M363I,
XM_017956103.1,TTLL10,Papio_ursinus,SAMEA13927195,1,648,L596M,
XM_017956103.1,TTLL10,Papio_ursinus,SAMEA13927195,2,648,E74D,
XM_017956103.1,TTLL10,Papio_ursinus,SAMEA13927195,2,648,K213N,
XM_017956103.1,TTLL10,Papio_ursinus,SAMEA13927195,2,648,M363I,
XM_017956103.1,TTLL10,Papio_ursinus,SAMEA13927195,2,648,L596M,
XM_017956103.1,TTLL10,Papio_ursinus,SAMN02866412,1,648,E74D,
XM_017956103.1,TTLL10,Papio_ursinus,SAMN02866412,1,648,S202T,
XM_017956103.1,TTLL10,Papio_ursinus,SAMN02866412,1,648,L596M,
XM_017956103.1,TTLL10,Papio_ursinus,SAMN02866412,2,648,E74D,
XM_017956103.1,TTLL10,Papio_ursinus,SAMN02866412,2,648,S202T,
XM_017956103.1,TTLL10,Papio_ursinus,SAMN02866412,2,648,L596V,
XM_017956103.1,TTLL10,Papio_ursinus,SAMN02866413,1,648,L596M,
XM_017956103.1,TTLL10,Papio_ursinus,SAMN02866413,2,648,L596M,
