gene_name,n_lof_variants,most_common_type,mean_af
A1BG,60,Frameshift,1.5435032347930734e-05
A1CF,47,Frameshift,6.242547202538919e-06
A2M,92,Frameshift,0.0015039175178000704
A2ML1,153,Frameshift,0.000331910688458599
A3GALT2,58,Frameshift,0.00029084930605331315
A4GALT,53,Frameshift,1.2366379980838503e-05
A4GNT,16,Frameshift,0.0001606593045930458
AAAS,79,Frameshift,1.2953530946772738e-05
AACS,78,Frameshift,1.3171529922010545e-05
AADAC,31,Frameshift,0.000123516077551727
AADACL2,42,In-frame stop codon,2.327059130313817e-05
AADACL3,44,Frameshift,0.01781273835452582
AADACL4,24,Frameshift,1.9468725951617844e-05
AADAT,21,Frameshift,1.74049435459231e-05
AAED1,25,Frameshift,3.41218078306594e-05
AAGAB,40,Frameshift,0.00010685513472583137
AAK1,18,In-frame stop codon,1.2336389610393218e-05
AAMDC,29,Frameshift,0.023912753661755392
AAMP,25,Frameshift,5.621126373081791e-06
AANAT,16,Frameshift,9.533457904459174e-06
AAR2,35,Frameshift,6.393696941596663e-05
AARD,9,Frameshift,0.00011383438780261315
AARS,61,Frameshift,3.7269315293944014e-05
AARS2,75,Frameshift,9.130799011395784e-06
AARSD1,42,Frameshift,3.1719018629161526e-05
AASDH,124,Frameshift,6.346886434683603e-05
AASDHPPT,36,Frameshift,1.1064883547810866e-05
AASS,61,Frameshift,1.4534986005526662e-05
AATF,49,Frameshift,1.6514521416115184e-05
AATK,65,Frameshift,1.4587014216996866e-05
AATK-AS1,7,Splice acceptor,0.0004117071403933681
ABAT,36,In-frame stop codon,1.6499922065784998e-05
ABCA1,106,Frameshift,1.429618286759893e-05
ABCA10,176,Frameshift,0.001791753303402295
ABCA12,142,Frameshift,0.0028642361126602726
ABCA13,451,Frameshift,2.640885094829218e-05
ABCA2,69,Frameshift,0.0001471752287735388
ABCA3,66,In-frame stop codon,8.96560037656714e-06
ABCA4,174,Frameshift,1.4508763168842374e-05
ABCA5,150,Frameshift,1.9985495245462488e-05
ABCA6,164,Frameshift,2.0407244881736355e-05
ABCA7,260,Frameshift,0.0003107281143444019
ABCA8,196,Frameshift,0.00010857858760143659
ABCA9,185,Frameshift,2.270534814008968e-05
ABCB1,44,In-frame stop codon,7.148628901947176e-06
ABCB10,60,Frameshift,2.6831065612224266e-05
ABCB11,65,In-frame stop codon,9.436747844602436e-06
ABCB4,63,Frameshift,2.9530444750600365e-05
ABCB5,160,Frameshift,0.001736698317697423
ABCB6,101,Frameshift,1.7159433210679575e-05
ABCB7,4,Splice donor,0.002638112528101268
ABCB8,80,Frameshift,1.0919036678463528e-05
ABCB9,50,Frameshift,2.356924358080954e-05
ABCC1,72,Frameshift,1.1534671801824789e-05
ABCC10,116,In-frame stop codon,1.4149885512092585e-05
ABCC11,124,Frameshift,0.00011882023123830513
ABCC12,154,Frameshift,0.00023571394483024673
ABCC2,160,Frameshift,1.9015885447233373e-05
ABCC3,139,Frameshift,4.014729250370595e-05
ABCC4,71,Frameshift,1.634277205034625e-05
ABCC5,53,In-frame stop codon,3.257125406583668e-05
ABCC6,132,Frameshift,4.315601575631847e-05
ABCC8,90,In-frame stop codon,7.4153148907131725e-06
ABCC9,87,Frameshift,3.355178858669556e-05
ABCD1,12,In-frame stop codon,8.174621971489413e-06
ABCD2,31,In-frame stop codon,8.563847611034435e-06
ABCD3,39,Splice acceptor,7.843715556739969e-06
ABCD4,74,In-frame stop codon,1.0968723682102954e-05
ABCE1,31,Splice acceptor,8.670664098854865e-05
ABCF1,78,Frameshift,0.009217217528887963
ABCF2,20,In-frame stop codon,9.380344225830206e-06
ABCF3,27,In-frame stop codon,8.450697789608793e-06
ABCG1,47,Frameshift,1.8597923858737757e-05
ABCG2,100,Frameshift,2.2201556494929378e-05
ABCG4,50,Frameshift,7.918559720390998e-06
ABCG5,70,Frameshift,2.460716155952959e-05
ABCG8,66,In-frame stop codon,3.881092430178943e-05
ABHD1,78,Frameshift,1.891328259281665e-05
ABHD10,20,In-frame stop codon,2.691398222993153e-05
ABHD11,26,Frameshift,9.394505913570185e-06
ABHD12,62,In-frame stop codon,0.007861553347928117
ABHD12B,51,Frameshift,0.00016281362572424262
ABHD13,7,Frameshift,1.6271887868661822e-05
ABHD14A,36,Frameshift,9.721154022435824e-06
ABHD14B,32,Frameshift,0.0002852178364785287
ABHD15,59,Frameshift,0.00010605301767323956
ABHD16A,49,Frameshift,1.4374239122741187e-05
ABHD16B,42,Frameshift,0.00011293186781812333
ABHD17A,28,Frameshift,7.690448881446817e-06
ABHD17B,14,Frameshift,7.20059108431399e-06
ABHD17C,13,In-frame stop codon,7.202023455566562e-06
ABHD2,16,Frameshift,9.709157937285367e-06
ABHD3,51,Frameshift,1.1266170012305858e-05
ABHD4,32,In-frame stop codon,2.974431740964831e-05
ABHD5,27,In-frame stop codon,6.164161748705913e-06
ABHD6,19,Frameshift,8.200387784016181e-06
ABHD8,17,Frameshift,2.0130649086904795e-05
ABI1,18,Splice acceptor,7.074021528703014e-06
ABI2,22,Splice acceptor,7.572830295121385e-06
ABI3,34,Frameshift,5.549106340424684e-06
ABI3BP,158,Frameshift,0.0012208179044816052
ABL1,15,Frameshift,7.247632928824536e-06
ABL2,65,Frameshift,2.432941880809287e-05
ABLIM1,32,Frameshift,9.48140053381051e-05
ABLIM2,41,Frameshift,1.1998434255474063e-05
ABLIM3,33,Splice donor,0.00017879425830893769
ABO,9,Splice acceptor,1.78389468499849e-05
ABR,50,Frameshift,3.529617143113656e-05
ABRA,31,Frameshift,1.26083925608337e-05
ABRACL,9,Frameshift,9.761720670301742e-06
ABT1,28,Frameshift,1.1496500574974526e-05
ABTB1,39,Frameshift,0.00011761828731237295
ABTB2,44,Frameshift,1.3491135299893691e-05
AC002365.1,11,In-frame stop codon,2.504430367712593e-05
AC002472.13,50,In-frame stop codon,2.2086164303831342e-05
AC004166.6,6,Splice donor,0.0005228240436068536
AC004381.6,50,Frameshift,1.9663859507861363e-05
AC004980.11,1,Splice acceptor,0.000326797385620915
AC006024.4,1,Splice donor,3.188572157387922e-05
AC006116.20,11,Frameshift,2.316394976455541e-05
AC006153.3,1,Splice acceptor,0.042487409957289474
AC006547.14,35,Frameshift,2.083467623615736e-05
AC007000.12,2,Splice acceptor,4.9565269690654334e-05
AC010731.4,2,Splice donor,8.021476165520487e-06
AC012313.1,32,Frameshift,4.2987571689794056e-05
AC018720.10,15,Splice acceptor,3.396987124407758e-05
AC034228.7,2,Splice donor,7.971634680133379e-05
AC074212.3,27,Frameshift,3.0976075518448845e-05
AC079354.1,87,Frameshift,0.00014023665829835988
AC092835.2,1,Splice donor,3.1861339450710506e-05
AC093323.3,1,Splice acceptor,0.005160879260911118
AC104389.28,3,Splice donor,1.2859178944602983e-05
AC104809.3,125,Frameshift,0.00013004248800605204
AC114783.1,41,Frameshift,0.0019231580720881147
AC131097.4,16,Frameshift,8.089193639109653e-05
AC138647.1,21,Frameshift,6.0432961804131205e-05
ACAA1,47,Frameshift,1.3384398541594855e-05
ACAA2,53,Frameshift,0.0002460259477158712
ACACA,54,In-frame stop codon,7.8942515794587e-06
ACACB,175,Frameshift,1.3281169885594867e-05
ACAD10,130,Frameshift,2.4582033383917083e-05
ACAD11,74,Frameshift,0.00036839408094901965
ACAD8,68,Frameshift,3.12838333226313e-05
ACAD9,47,Frameshift,8.188993807690383e-06
ACADL,55,Frameshift,4.285283152659639e-05
ACADM,60,Frameshift,1.3751130052506071e-05
ACADS,33,Frameshift,1.2742404509096935e-05
ACADSB,47,Frameshift,2.4764920808822243e-05
ACADVL,91,Frameshift,7.736678213331234e-06
ACAN,56,Frameshift,5.9437594322572364e-05
ACAP1,39,Frameshift,1.4034100541484438e-05
ACAP2,35,Splice donor,0.0005322607743994303
ACAP3,35,Frameshift,7.2068607002417234e-06
ACAT1,50,Frameshift,8.972887406463382e-06
ACAT2,39,Frameshift,7.359256845577023e-06
ACBD3,23,Frameshift,2.2191669066796915e-05
ACBD4,37,In-frame stop codon,6.638537915596676e-05
ACBD5,25,Splice donor,1.1407594620946402e-05
ACBD6,27,Frameshift,7.234626580784137e-06
ACBD7,7,In-frame stop codon,0.00015671063225373546
ACCS,41,Frameshift,8.762577477770521e-06
ACCSL,59,Frameshift,6.310794101633779e-05
ACD,73,Frameshift,9.880002319455016e-06
ACE,135,In-frame stop codon,0.0001044581462272179
ACE2,10,In-frame stop codon,5.408885709480993e-06
ACER1,24,Frameshift,9.60714495679888e-06
ACER2,28,Frameshift,9.15343170611091e-06
ACER3,18,Frameshift,7.402548964617459e-06
ACHE,14,Frameshift,9.2933528981913e-06
ACIN1,33,Frameshift,2.2418749931620978e-05
ACKR2,27,Frameshift,5.091250426954458e-05
ACKR3,5,In-frame stop codon,9.585806337986936e-06
ACKR4,38,Frameshift,1.711546877043514e-05
ACLY,39,In-frame stop codon,0.00021956303961355298
ACMSD,35,Frameshift,1.0779767762931652e-05
ACN9,21,In-frame stop codon,3.4336660933627026e-05
ACO1,76,Frameshift,1.3444810149500767e-05
ACO2,25,Frameshift,6.792867860377008e-06
ACOT1,38,Frameshift,4.504402007054187e-05
ACOT11,70,Frameshift,1.4700722677649422e-05
ACOT12,48,Frameshift,1.7850244784905958e-05
ACOT13,30,Frameshift,6.252321295263789e-05
ACOT2,47,Frameshift,1.9627176404845267e-05
ACOT4,52,Frameshift,0.0019319367758433464
ACOT6,17,Frameshift,1.1628945255337697e-05
ACOT7,25,Frameshift,7.656117805019553e-06
ACOT8,43,Frameshift,0.0003992517332329587
ACOT9,31,Frameshift,9.019758069874104e-06
ACOX1,27,Frameshift,9.582349512199148e-06
ACOX2,68,Frameshift,4.083904463924137e-05
ACOX3,66,Frameshift,2.1946762949934417e-05
ACOXL,67,Frameshift,0.00021043846462364557
ACP1,41,Frameshift,6.450954409925537e-06
ACP2,49,Frameshift,1.281287406830126e-05
ACP5,16,Frameshift,6.743366223358856e-06
ACP6,48,In-frame stop codon,0.0062727950528883095
ACPL2,24,Frameshift,2.8059237318200448e-05
ACPP,56,In-frame stop codon,3.8362733223415004e-05
ACPT,60,Frameshift,9.249041715543303e-06
ACR,29,Frameshift,7.106902481721421e-05
ACRBP,46,In-frame stop codon,1.7573599096047723e-05
ACRC,4,Splice donor,1.7742045629135873e-05
ACRV1,34,Frameshift,2.2235166018715166e-05
ACSBG1,48,Frameshift,1.0265742892473279e-05
ACSBG2,63,Frameshift,2.8953531037684023e-05
ACSF2,39,Frameshift,2.6555069561121975e-05
ACSF3,96,Frameshift,2.318088867181127e-05
ACSL1,37,In-frame stop codon,1.1105596355473555e-05
ACSL3,27,In-frame stop codon,0.00036694101785580377
ACSL4,6,In-frame stop codon,9.095630592648038e-05
ACSL5,47,Frameshift,8.13712159260728e-06
ACSL6,47,Frameshift,0.014990380467525766
ACSM1,72,In-frame stop codon,2.2782379882924298e-05
ACSM2A,88,In-frame stop codon,0.0003829023777400105
ACSM2B,87,In-frame stop codon,0.0038576717256620765
ACSM3,64,Frameshift,0.0001833599228096205
ACSM4,59,In-frame stop codon,0.0007702580619102465
ACSM5,72,Frameshift,4.0290748373020084e-05
ACSS1,42,In-frame stop codon,1.833607940354046e-05
ACSS2,57,In-frame stop codon,0.0002634538153222991
ACSS3,53,Frameshift,9.640308779729248e-06
ACTA1,28,Frameshift,7.847006196516217e-06
ACTA2,13,Frameshift,4.610487194804468e-06
ACTB,11,Frameshift,2.166971567643763e-06
ACTBL2,45,In-frame stop codon,1.7444073648012908e-05
ACTC1,10,Splice acceptor,1.043393606799106e-05
ACTG1,16,In-frame stop codon,2.738833817368265e-06
ACTG2,19,Frameshift,6.86725666151287e-06
ACTL10,29,Frameshift,1.1309920891756405e-05
ACTL6A,7,Splice donor,6.611437792274597e-06
ACTL6B,27,Frameshift,1.1359689936870655e-05
ACTL7A,37,Frameshift,1.4655789760501831e-05
ACTL7B,23,In-frame stop codon,0.004294692410965095
ACTL8,19,Frameshift,5.32074248225464e-06
ACTL9,20,Frameshift,6.183794551385063e-06
ACTN1,27,Frameshift,6.49852393631931e-05
ACTN2,18,In-frame stop codon,1.9019760123784264e-05
ACTN3,102,Frameshift,0.0053129534301341414
ACTN4,16,Frameshift,1.4579986411114735e-05
ACTR10,30,Frameshift,1.052543802585795e-05
ACTR1A,7,Splice acceptor,3.5066210380771515e-06
ACTR1B,30,Frameshift,1.109228214936359e-05
ACTR2,10,Frameshift,2.422798650931512e-06
ACTR3,8,In-frame stop codon,4.511283089837725e-06
ACTR3B,9,Frameshift,1.9993410386402015e-06
ACTR3C,34,Frameshift,0.0014684466252489618
ACTR5,51,Frameshift,1.0525870483811098e-05
ACTR6,44,Frameshift,3.745615253536612e-05
ACTR8,63,In-frame stop codon,1.241353048546735e-05
ACTRT1,20,Frameshift,0.00010137168075501765
ACTRT2,20,Frameshift,1.0776880844947996e-05
ACTRT3,22,In-frame stop codon,7.5013794884988906e-06
ACVR1,20,Frameshift,7.570482584676491e-06
ACVR1B,19,Frameshift,7.33918760110318e-06
ACVR1C,16,In-frame stop codon,1.0680760499634657e-05
ACVR2A,7,Frameshift,6.35433188338606e-06
ACVR2B,9,Frameshift,1.6794656045533276e-05
ACVRL1,24,In-frame stop codon,1.0850869910221946e-05
ACY1,56,Frameshift,1.265020908972479e-05
ACY3,35,Frameshift,7.182464465963094e-06
ACYP1,11,Frameshift,1.5246834222070256e-05
ACYP2,28,In-frame stop codon,3.180613811432578e-05
ADA,44,Frameshift,2.1997110520870582e-05
ADAD1,32,Frameshift,3.278105390843515e-05
ADAD2,76,Frameshift,1.360530312172801e-05
ADAM10,29,Splice acceptor,1.4773472510577552e-05
ADAM11,39,In-frame stop codon,1.1915158028039061e-05
ADAM12,46,Frameshift,1.0338082046338724e-05
ADAM15,101,Frameshift,1.3113155079452035e-05
ADAM17,31,Frameshift,1.5717844972362047e-05
ADAM18,90,In-frame stop codon,4.0401411712290354e-05
ADAM19,57,Frameshift,1.7652847891429898e-05
ADAM2,96,Frameshift,0.00010315908437391555
ADAM20,43,Frameshift,3.639476028438977e-05
ADAM21,58,Frameshift,3.537472303731624e-05
ADAM22,52,Frameshift,1.9495795661006498e-05
ADAM23,25,Frameshift,4.4522571590075555e-05
ADAM28,108,Frameshift,1.5620901353122995e-05
ADAM29,75,Frameshift,3.839384605971359e-05
ADAM30,69,Frameshift,1.114818230820183e-05
ADAM32,101,Frameshift,7.178272685636078e-05
ADAM33,87,Frameshift,0.0005081951595409121
ADAM7,91,Frameshift,4.6023139540523914e-05
ADAM8,110,Frameshift,5.57086430009086e-05
ADAM9,38,Frameshift,9.727062483908774e-06
ADAMDEC1,52,Frameshift,1.7835295471810665e-05
ADAMTS1,53,Frameshift,0.02331216156683587
ADAMTS10,38,Frameshift,1.0250424650101392e-05
ADAMTS12,100,Frameshift,0.006715713218025077
ADAMTS13,102,Frameshift,9.727475650961886e-06
ADAMTS14,88,Frameshift,9.650841386400333e-06
ADAMTS15,52,Frameshift,8.596221762513982e-06
ADAMTS16,52,Frameshift,9.148036622210851e-06
ADAMTS17,69,In-frame stop codon,0.00020456266330773495
ADAMTS18,111,In-frame stop codon,1.0191519250467825e-05
ADAMTS19,66,Frameshift,2.4854966613081067e-05
ADAMTS2,40,Frameshift,1.2993611985130953e-05
ADAMTS20,184,Frameshift,1.2694757333465358e-05
ADAMTS3,57,In-frame stop codon,7.335726954567969e-06
ADAMTS4,49,Frameshift,1.0835607705322129e-05
ADAMTS5,47,Frameshift,7.902524762800987e-06
ADAMTS6,21,In-frame stop codon,6.2916040735578626e-06
ADAMTS7,130,Frameshift,4.6994748117928715e-05
ADAMTS8,83,Frameshift,4.610253497022829e-05
ADAMTS9,64,In-frame stop codon,7.110599371945395e-06
ADAMTSL1,107,Frameshift,0.0057189707854933495
ADAMTSL2,37,Frameshift,0.0001325473056909201
ADAMTSL3,100,In-frame stop codon,7.511566624141209e-06
ADAMTSL4,142,Frameshift,4.950395520303219e-05
ADAMTSL5,68,Frameshift,1.431223960778521e-05
ADAP1,39,Frameshift,0.0001703833369039876
ADAP2,40,Frameshift,2.442193684017631e-05
ADAR,55,Frameshift,6.369640773251284e-05
ADARB1,16,Frameshift,7.54141983598626e-06
ADARB2,28,Frameshift,9.636281482234105e-06
ADAT1,56,In-frame stop codon,1.5120919736317836e-05
ADAT2,26,In-frame stop codon,9.245464247049602e-06
ADAT3,32,Frameshift,1.41728347437885e-05
ADC,35,Frameshift,1.8156944003484815e-05
ADCK1,44,Frameshift,1.0893121872020614e-05
ADCK2,64,Frameshift,0.00010776687630904072
ADCK3,77,Frameshift,1.3267611052299553e-05
ADCK4,60,Frameshift,0.00010446220554844288
ADCK5,45,Frameshift,0.012009400007110472
ADCY1,22,Frameshift,7.739941204347748e-06
ADCY10,141,Frameshift,1.1993910652727937e-05
ADCY2,37,Frameshift,0.0002329406287175283
ADCY3,66,Frameshift,7.848515106072388e-06
ADCY4,93,In-frame stop codon,6.541340267130342e-05
ADCY5,36,Frameshift,3.9267805040896835e-05
ADCY6,44,Frameshift,4.818641595268627e-06
ADCY7,70,Frameshift,1.0840554801559418e-05
ADCY8,38,In-frame stop codon,7.107478875335358e-06
ADCY9,34,Frameshift,1.2782685330160749e-05
ADCYAP1,9,Frameshift,6.658449315105124e-06
ADCYAP1R1,41,In-frame stop codon,1.1019897026438197e-05
ADD1,28,Frameshift,4.064166753643372e-05
ADD2,26,Frameshift,7.955359458165406e-06
ADD3,16,Frameshift,2.372854552405933e-05
ADGB,134,Frameshift,1.65239246237127e-05
ADH1A,44,Frameshift,2.1185571120375064e-05
ADH1B,31,Frameshift,1.2073468099865211e-05
ADH1C,23,Frameshift,0.04281003413454277
ADH4,50,Frameshift,0.003959116913464179
ADH5,46,Frameshift,1.0897740920848987e-05
ADH6,43,Frameshift,0.00012244753254047472
ADH7,37,Frameshift,3.7216266888715234e-05
ADHFE1,41,Frameshift,7.014897986533626e-05
ADI1,26,Frameshift,1.5749818497139577e-05
ADIG,29,Frameshift,1.6632456428283745e-05
ADIPOQ,27,In-frame stop codon,8.272298786038137e-06
ADIPOR1,9,Frameshift,8.424467480354317e-06
ADIPOR2,18,Frameshift,8.536294706314207e-06
ADIRF,12,Frameshift,6.210672486202416e-06
ADK,29,Splice acceptor,9.31146298613194e-06
ADM,24,Frameshift,0.0001873371506766439
ADM2,36,Frameshift,3.090630821317392e-05
ADM5,9,Frameshift,1.8425078320887845e-05
ADNP,13,Frameshift,9.522229612168894e-06
ADNP2,35,Frameshift,0.00010735099821459504
ADO,5,Frameshift,5.726484279490312e-05
ADORA1,16,Frameshift,4.826825786912623e-06
ADORA2A,14,Frameshift,8.254862091788307e-06
ADORA2B,27,Frameshift,1.2262353124136786e-05
ADORA3,43,Frameshift,2.0772727653189805e-05
ADPGK,35,Frameshift,9.79434965229477e-06
ADPRH,22,In-frame stop codon,0.00015608274484633968
ADPRHL1,46,Frameshift,3.825437356808548e-05
ADPRHL2,26,Frameshift,1.016809880067618e-05
ADPRM,32,Frameshift,1.0663706065118003e-05
ADRA1A,63,Frameshift,5.3058325749539294e-05
ADRA1B,16,Frameshift,2.624986777513027e-05
ADRA1D,44,Frameshift,1.2094200490088217e-05
ADRA2A,32,Frameshift,3.4934679009359516e-05
ADRA2B,40,Frameshift,3.454244617501753e-05
ADRA2C,10,In-frame stop codon,3.77057166250817e-05
ADRB1,21,Frameshift,6.097150438472329e-05
ADRB2,9,Frameshift,2.0835328919484178e-05
ADRB3,45,Frameshift,3.980975964673992e-05
ADRBK1,25,Frameshift,2.038784604443772e-05
ADRBK2,25,In-frame stop codon,1.1846547616077474e-05
ADRM1,6,Frameshift,0.001041570408562343
ADSL,41,In-frame stop codon,8.018075784085037e-06
ADSS,10,In-frame stop codon,4.100919453402751e-06
ADSSL1,55,Frameshift,0.003086015960527035
ADTRP,27,In-frame stop codon,0.000121191802854727
AEBP1,97,Frameshift,6.22814736312393e-05
AEBP2,24,Frameshift,2.6635695656609813e-05
AEN,39,In-frame stop codon,1.7910949918050377e-05
AES,40,Frameshift,0.002071325407553192
AFAP1,52,Frameshift,6.317613191372789e-06
AFAP1L1,52,In-frame stop codon,1.1097045832167865e-05
AFAP1L2,41,Frameshift,0.0013211194734814745
AFF1,50,Frameshift,1.344100024520241e-05
AFF2,19,Splice donor,8.13114715318367e-06
AFF3,29,Frameshift,0.0007718696345048368
AFF4,18,Frameshift,3.970281789129418e-05
AFG3L2,41,In-frame stop codon,1.0678937344095837e-05
AFM,67,Frameshift,3.7368079958007316e-05
AFMID,52,Frameshift,3.9475199874104556e-05
AFP,51,Frameshift,7.35748207647207e-05
AFTPH,12,Frameshift,5.394915195451519e-06
AGA,36,Frameshift,6.6333977572676346e-06
AGAP1,45,Frameshift,0.003962806953033498
AGAP2,30,In-frame stop codon,7.496168286321856e-06
AGAP3,60,Frameshift,0.04526560786510695
AGAP4,22,Frameshift,0.0004838159271723196
AGAP5,65,Frameshift,0.00011920570210414633
AGAP6,88,Frameshift,0.0030415370259968626
AGAP9,6,Splice acceptor,0.0002547823312939353
AGBL1,109,In-frame stop codon,8.692604279608833e-05
AGBL2,82,Frameshift,0.0003585495334511576
AGBL3,88,Frameshift,2.2835850763595607e-05
AGBL4,35,In-frame stop codon,1.612697185398512e-05
AGBL5,84,Frameshift,1.1049057902894053e-05
AGER,88,Frameshift,0.00010195600348941393
AGFG1,16,Splice acceptor,8.760044352360312e-06
AGFG2,34,Frameshift,1.4892263915062038e-05
AGGF1,46,Frameshift,8.746578577014351e-06
AGK,50,Frameshift,1.3482919547864108e-05
AGL,139,Frameshift,0.0033871721374436445
AGMAT,41,Frameshift,2.6447869115585848e-05
AGMO,80,Frameshift,8.671431117305843e-05
AGO1,8,Frameshift,2.9999606824267987e-06
AGO2,8,Frameshift,1.1465281404433761e-05
AGO3,17,Frameshift,2.8219171892972357e-06
AGO4,22,In-frame stop codon,7.947419342471861e-06
AGPAT1,5,Frameshift,8.805789645709644e-06
AGPAT2,31,Frameshift,2.32346868906056e-05
AGPAT3,2,Frameshift,1.3947257743650892e-05
AGPAT4,24,In-frame stop codon,1.621697825381452e-05
AGPAT5,33,In-frame stop codon,8.942367815799557e-06
AGPAT6,14,Frameshift,3.128768094326222e-06
AGPAT9,54,Frameshift,2.129743428050583e-05
AGPS,18,Frameshift,0.00025555201415943386
AGR2,26,Frameshift,5.973912376003304e-06
AGR3,34,Splice donor,9.014245724942184e-05
AGRN,103,Frameshift,2.701756908593364e-05
AGRP,12,In-frame stop codon,1.1677903686248733e-05
AGT,26,In-frame stop codon,9.973779263592743e-06
AGTPBP1,48,Frameshift,2.2002189168953072e-05
AGTR1,26,Frameshift,9.864528212346749e-06
AGTR2,16,Frameshift,7.492052041619863e-05
AGTRAP,35,In-frame stop codon,5.1644109496180435e-05
AGXT,33,Frameshift,1.5163400309966833e-05
AGXT2,68,Frameshift,0.00019372854003661569
AHCTF1,51,Frameshift,0.0001556578244019865
AHCY,17,Frameshift,5.8563917104668746e-06
AHCYL1,9,In-frame stop codon,3.104031792539336e-06
AHCYL2,30,Frameshift,2.5867716097417676e-05
AHDC1,13,Frameshift,5.3882474215560995e-05
AHI1,142,Frameshift,1.78007715618064e-05
AHNAK,103,Frameshift,8.570817889135115e-06
AHNAK2,555,Frameshift,2.048954991416503e-05
AHR,20,Frameshift,5.4862631117162155e-06
AHRR,68,Frameshift,1.5205431001271302e-05
AHSA1,19,Frameshift,0.026899266705238508
AHSG,29,Frameshift,1.824124578410885e-05
AHSP,17,Frameshift,1.2655258607718258e-05
AICDA,21,Splice acceptor,1.3768956030948366e-05
AIDA,19,In-frame stop codon,9.314424842990436e-06
AIF1,19,Frameshift,2.4266559690028825e-05
AIF1L,27,Frameshift,0.00010623602105248197
AIFM1,6,In-frame stop codon,4.913560001180159e-05
AIFM2,36,Frameshift,2.1217674115890757e-05
AIFM3,64,Frameshift,1.541715081858349e-05
AIG1,32,Frameshift,9.658399057504746e-06
AIM1,151,Frameshift,1.7641775546479274e-05
AIM1L,102,Frameshift,2.6363327456310553e-05
AIM2,42,Frameshift,0.0005000850467800006
AIMP1,30,Frameshift,1.1843817252486495e-05
AIMP2,19,Frameshift,6.554525160916984e-05
AIP,11,In-frame stop codon,1.9092446928256098e-05
AIPL1,31,In-frame stop codon,2.426492710362915e-05
AIRE,82,Frameshift,6.023370490478191e-05
AJAP1,3,Frameshift,2.7678994883668678e-05
AJUBA,20,Frameshift,5.720488618624876e-05
AK1,14,Frameshift,5.345419547678332e-05
AK2,36,In-frame stop codon,6.060259888413848e-05
AK3,24,Frameshift,9.3661168746045e-06
AK4,17,In-frame stop codon,1.0842140038882053e-05
AK5,21,Frameshift,1.0559925535039656e-05
AK7,71,Frameshift,9.983497519822053e-06
AK8,45,In-frame stop codon,1.8143175768561875e-05
AK9,180,Frameshift,0.003222572274603321
AKAP1,36,Frameshift,0.0005855699899606543
AKAP10,28,In-frame stop codon,4.855431367230992e-06
AKAP11,35,In-frame stop codon,6.8166089925614605e-06
AKAP12,49,Frameshift,6.080770988628941e-06
AKAP13,69,Frameshift,9.781783024901997e-05
AKAP14,7,Frameshift,1.3786449243905737e-05
AKAP17A,27,In-frame stop codon,7.3519186549532254e-06
AKAP3,39,Frameshift,0.006994034144006225
AKAP4,4,Frameshift,4.260191374562456e-06
AKAP5,7,Frameshift,1.5163910043560866e-05
AKAP6,53,Frameshift,8.074546581838527e-06
AKAP7,57,Frameshift,1.7351313837424104e-05
AKAP8,25,Frameshift,1.1065048770189788e-05
AKAP8L,25,Frameshift,9.43644639039927e-06
AKAP9,216,Frameshift,1.2925911818905752e-05
AKIP1,37,Frameshift,1.6475917809430863e-05
AKIRIN1,10,Frameshift,2.1445257595112567e-05
AKIRIN2,6,Frameshift,4.03808845400943e-06
AKNA,65,Frameshift,9.044802867595287e-05
AKNAD1,102,Frameshift,0.00010559025236994247
AKR1A1,38,Frameshift,1.635144480018721e-05
AKR1B1,26,Frameshift,8.885104665057226e-06
AKR1B10,37,Frameshift,2.8261388689069018e-05
AKR1B15,58,Frameshift,8.928053442558721e-06
AKR1C1,55,In-frame stop codon,3.473226882660769e-05
AKR1C2,39,In-frame stop codon,3.613670095862553e-05
AKR1C3,71,Frameshift,0.011700655188484873
AKR1C4,44,In-frame stop codon,1.0634433219396219e-05
AKR1D1,31,In-frame stop codon,1.0449855616929462e-05
AKR1E2,49,Frameshift,0.0019727224271215357
AKR7A2,37,Frameshift,1.490048178750876e-05
AKR7A3,50,Frameshift,3.828778673189084e-05
AKR7L,7,In-frame stop codon,0.004797140737580839
AKT1,9,Frameshift,9.814850103447429e-06
AKT1S1,17,Frameshift,1.009383777171594e-05
AKT2,23,In-frame stop codon,9.421347793127326e-06
AKT3,17,Splice donor,0.00011184373126576778
AKTIP,16,Frameshift,1.1068034206063488e-05
ALAD,24,Frameshift,7.4855608277650675e-06
ALAS1,31,Frameshift,1.5564496716373076e-05
ALAS2,2,Start codon lost,0.001409272739819514
ALB,28,Frameshift,1.1374970769147814e-05
ALCAM,20,Frameshift,1.0443662790366208e-05
ALDH16A1,82,Frameshift,1.004982233493086e-05
ALDH18A1,27,Frameshift,6.926945864088916e-06
ALDH1A1,14,Splice acceptor,0.00019913535419299622
ALDH1A2,27,Frameshift,0.004251216123515656
ALDH1A3,28,Frameshift,4.0822945057516344e-05
ALDH1B1,45,Frameshift,0.0003255979623035008
ALDH1L1,67,Frameshift,4.0739649483547636e-05
ALDH1L2,73,Frameshift,2.4822314975585467e-05
ALDH2,36,In-frame stop codon,1.9223725732017676e-05
ALDH3A1,60,Frameshift,2.2952639525797523e-05
ALDH3A2,52,Frameshift,0.011933349233796601
ALDH3B1,57,Frameshift,0.04217022256744982
ALDH3B2,40,In-frame stop codon,2.8178529682069182e-05
ALDH4A1,69,Frameshift,1.0355324833893059e-05
ALDH5A1,48,Frameshift,1.724282109650609e-05
ALDH6A1,46,Frameshift,8.687889641881878e-06
ALDH7A1,68,Frameshift,4.315977235450708e-05
ALDH8A1,42,Frameshift,9.702600954234166e-06
ALDH9A1,44,Frameshift,0.00018558501087917453
ALDOA,39,Frameshift,1.2662515446533207e-05
ALDOB,29,Frameshift,1.22198991626014e-05
ALDOC,26,Frameshift,6.6191134774779345e-06
ALG1,70,In-frame stop codon,5.6382814966759994e-05
ALG10,38,Frameshift,2.708405720267776e-05
ALG10B,52,Frameshift,3.599194111120067e-05
ALG11,40,Frameshift,6.394412907514673e-06
ALG12,53,Frameshift,1.1783801318870156e-05
ALG13,15,Frameshift,5.38480721607687e-05
ALG14,18,Frameshift,1.238603366821174e-05
ALG1L2,20,Splice donor,0.011103339288267119
ALG2,41,Frameshift,9.764293611017157e-06
ALG3,50,In-frame stop codon,9.662787404163024e-06
ALG5,14,In-frame stop codon,9.392513015049413e-06
ALG6,43,Frameshift,1.2628051648157214e-05
ALG8,71,Frameshift,1.7899997261478075e-05
ALG9,22,Frameshift,4.739953721481188e-06
ALK,114,Frameshift,0.00890911017859248
ALKBH1,29,Frameshift,1.7750429946556735e-05
ALKBH2,32,Frameshift,1.3251495633272709e-05
ALKBH3,49,Frameshift,4.2525964267069956e-05
ALKBH4,17,Frameshift,7.884495796258792e-06
ALKBH5,4,Frameshift,3.020070657847465e-06
ALKBH6,22,In-frame stop codon,4.5455330541703625e-05
ALKBH7,30,Frameshift,1.2055230092972532e-05
ALKBH8,47,Frameshift,1.4267432839733433e-05
ALLC,49,Frameshift,3.510066545213347e-05
ALMS1,298,Frameshift,1.3673382832117418e-05
ALOX12,59,In-frame stop codon,1.0096281458708243e-05
ALOX12B,49,Frameshift,8.458763615498038e-06
ALOX15,83,Frameshift,1.8267863039350878e-05
ALOX15B,74,Frameshift,3.063273797846713e-05
ALOX5,38,In-frame stop codon,6.939287911569418e-06
ALOX5AP,8,Frameshift,8.95367402416483e-06
ALOXE3,68,In-frame stop codon,1.0014518570410638e-05
ALPI,55,In-frame stop codon,2.347617064508737e-05
ALPK1,112,Frameshift,2.7763310608814082e-05
ALPK2,140,Frameshift,2.8638137701027975e-05
ALPK3,120,Frameshift,2.493826894816969e-05
ALPL,48,Frameshift,1.4732261088972967e-05
ALPP,60,Frameshift,1.511170308119972e-05
ALPPL2,50,Frameshift,2.119331593920051e-05
ALS2,79,Frameshift,1.1428720215844647e-05
ALS2CL,103,In-frame stop codon,3.062743625824533e-05
ALS2CR12,65,Frameshift,2.4829722170177505e-05
ALX1,7,Frameshift,1.1948083216335967e-05
ALX3,17,Frameshift,2.8158748838760556e-05
ALX4,21,Frameshift,1.3848204236112975e-05
ALYREF,5,Frameshift,1.8722219835366604e-05
AMACR,29,In-frame stop codon,0.015131834144153516
AMBN,29,Frameshift,1.563375068150316e-05
AMBP,44,Frameshift,1.7039496976155965e-05
AMBRA1,29,Frameshift,1.3567110245194398e-05
AMD1,18,Frameshift,9.317498617034464e-06
AMDHD1,39,Frameshift,3.1024528418854944e-05
AMDHD2,65,Frameshift,2.623289751258584e-05
AMELX,5,Frameshift,5.524846262976257e-06
AMELY,10,In-frame stop codon,2.8822051366790585e-05
AMER1,15,In-frame stop codon,7.91978276478411e-06
AMER2,22,Frameshift,1.7136731850084403e-05
AMER3,47,Frameshift,1.4220594781262358e-05
AMFR,32,In-frame stop codon,8.223131927703265e-06
AMH,74,Frameshift,1.7600848945162613e-05
AMHR2,61,Frameshift,9.52095742661665e-06
AMICA1,28,Frameshift,6.350168970010532e-05
AMIGO1,5,Frameshift,2.4046378574023333e-06
AMIGO2,9,Frameshift,7.081678450881859e-06
AMIGO3,49,Frameshift,9.962227509566423e-06
AMMECR1,5,Frameshift,1.917792657453955e-05
AMMECR1L,4,Splice acceptor,3.1077251192119896e-06
AMN,45,Frameshift,1.0178472277880852e-05
AMN1,17,Frameshift,1.6992189512495258e-05
AMOT,9,In-frame stop codon,3.7682988661070615e-06
AMOTL1,45,Frameshift,6.9420701706289685e-06
AMOTL2,34,Frameshift,6.881505481274352e-06
AMPD1,77,Frameshift,0.0011518802227524205
AMPD2,73,Frameshift,9.433944255301646e-05
AMPD3,61,Frameshift,1.4828086757501227e-05
AMPH,38,Frameshift,9.640440478698762e-06
AMT,24,Frameshift,9.427257922205186e-06
AMTN,30,Frameshift,6.974539020098775e-06
AMY1A,16,In-frame stop codon,3.8314823715843025e-05
AMY1B,10,In-frame stop codon,5.791885665834487e-05
AMY1C,22,In-frame stop codon,0.0004102611543800977
AMY2A,56,In-frame stop codon,1.8003498107830532e-05
AMY2B,62,In-frame stop codon,1.2104855452445934e-05
AMZ1,96,Frameshift,0.00027944706318157585
AMZ2,64,Frameshift,8.680459533470335e-05
ANAPC1,62,Frameshift,0.005282174450894328
ANAPC10,17,Frameshift,6.689953566832846e-06
ANAPC11,20,Frameshift,6.807705216114229e-05
ANAPC13,8,Frameshift,9.460189067313776e-06
ANAPC15,15,Frameshift,1.0612184013386381e-05
ANAPC16,10,Frameshift,7.984491061026108e-06
ANAPC2,10,Frameshift,5.220365221616578e-06
ANAPC4,40,Frameshift,1.043644547005134e-05
ANAPC5,64,Frameshift,1.1956687488238417e-05
ANAPC7,22,In-frame stop codon,9.215385232465254e-06
ANG,10,Frameshift,3.513014805025139e-05
ANGEL1,56,In-frame stop codon,3.588842707424949e-05
ANGEL2,36,Frameshift,2.0285817028044557e-05
ANGPT1,19,Start codon lost,8.410570284578073e-06
ANGPT2,20,Frameshift,1.0581827640151982e-05
ANGPT4,38,In-frame stop codon,3.348272592610432e-05
ANGPTL1,49,Frameshift,1.5724811327274844e-05
ANGPTL2,19,In-frame stop codon,4.789608963653314e-06
ANGPTL3,55,Frameshift,1.789994900577955e-05
ANGPTL4,48,In-frame stop codon,2.6966495540451205e-05
ANGPTL5,46,Frameshift,6.737486030383194e-05
ANGPTL6,41,Frameshift,3.316042430221591e-05
ANGPTL7,28,In-frame stop codon,2.0403668661673493e-05
ANHX,18,Frameshift,3.096642177653359e-05
ANK1,35,Frameshift,0.0002006948359022301
ANK2,63,Frameshift,1.0551426912184692e-05
ANK3,58,Frameshift,1.528862333023616e-05
ANKAR,136,Frameshift,1.8164982378204172e-05
ANKDD1A,59,Frameshift,4.29964006938702e-05
ANKDD1B,39,Frameshift,0.016464575482554557
ANKEF1,58,Frameshift,1.4748215202892255e-05
ANKFN1,83,Frameshift,1.4504356130233773e-05
ANKFY1,39,Frameshift,8.664747399040757e-06
ANKH,25,Frameshift,6.698384299207403e-06
ANKHD1,44,Frameshift,2.4781056127975442e-05
ANKIB1,34,Frameshift,6.203122083114325e-06
ANKK1,64,In-frame stop codon,7.963274755872999e-05
ANKLE1,150,Frameshift,0.0034200901292628736
ANKLE2,92,Frameshift,1.3166360089704705e-05
ANKMY1,129,Frameshift,0.0009727431181510637
ANKMY2,30,Frameshift,1.0696701661669209e-05
ANKRA2,32,Frameshift,1.1473265834572618e-05
ANKRD1,38,Frameshift,1.3606519188587842e-05
ANKRD10,23,Frameshift,9.831886931328675e-06
ANKRD11,30,Frameshift,1.8559496100282606e-05
ANKRD12,71,Frameshift,9.559688560893222e-06
ANKRD13A,25,In-frame stop codon,6.107372726946095e-06
ANKRD13B,26,Frameshift,8.623745902968465e-06
ANKRD13C,10,Frameshift,1.0316674736375583e-05
ANKRD13D,29,Frameshift,8.316355442010283e-06
ANKRD16,43,Frameshift,1.393694557268668e-05
ANKRD17,19,Frameshift,0.0002494230686450738
ANKRD18A,74,In-frame stop codon,1.1819931567228556e-05
ANKRD18B,88,Frameshift,8.61197803751041e-05
ANKRD2,44,Frameshift,1.1909347451838809e-05
ANKRD20A1,70,Frameshift,0.0004861682493435717
ANKRD22,24,Frameshift,2.0144403410890805e-05
ANKRD23,60,Frameshift,2.242913122314728e-05
ANKRD24,108,Frameshift,3.213546254998063e-05
ANKRD26,163,Frameshift,1.70918130935347e-05
ANKRD27,120,Frameshift,2.085024811000509e-05
ANKRD28,19,Frameshift,8.367087211156028e-06
ANKRD29,28,Frameshift,8.301766578694591e-06
ANKRD30A,177,Frameshift,0.00045103569029849476
ANKRD30B,153,Frameshift,0.0010672614770051256
ANKRD30BL,34,Frameshift,0.001618766127259003
ANKRD31,139,Frameshift,1.6729880737337128e-05
ANKRD32,74,Frameshift,1.986061771391044e-05
ANKRD33,55,In-frame stop codon,2.3388763550030786e-05
ANKRD33B,17,Frameshift,1.4587070516652704e-05
ANKRD34A,6,Frameshift,1.641038318265123e-05
ANKRD34B,38,In-frame stop codon,1.229595945188183e-05
ANKRD34C,9,In-frame stop codon,1.151274212707728e-05
ANKRD35,114,Frameshift,4.356622194862628e-05
ANKRD36,383,Frameshift,0.002338715667433179
ANKRD36B,21,Splice acceptor,1.6685074353236862e-05
ANKRD36C,174,Frameshift,0.004306988396060513
ANKRD37,16,Frameshift,1.9938394783927016e-05
ANKRD39,17,In-frame stop codon,9.573633802589179e-06
ANKRD40,18,Frameshift,8.524390727932917e-06
ANKRD42,55,Frameshift,5.0206972969324155e-05
ANKRD44,39,Frameshift,0.0014486192295585973
ANKRD45,23,Frameshift,9.75598671664144e-06
ANKRD46,13,Splice acceptor,0.0008191424846205592
ANKRD49,29,Frameshift,0.000216700090521794
ANKRD50,31,Frameshift,8.633735514996382e-06
ANKRD52,7,Frameshift,1.1408631822672016e-05
ANKRD53,59,Frameshift,2.1978788650129806e-05
ANKRD54,23,In-frame stop codon,4.162139207119652e-05
ANKRD55,53,Frameshift,1.566755804366619e-05
ANKRD6,61,Frameshift,7.005764273002753e-06
ANKRD60,27,Frameshift,7.037139696739104e-05
ANKRD61,35,Frameshift,3.2295977743486084e-05
ANKRD62,40,Frameshift,1.8531418040017858e-05
ANKRD63,10,Frameshift,3.891215084303905e-05
ANKRD65,53,Frameshift,2.489498728263099e-05
ANKRD66,21,Splice acceptor,0.0007283144453463549
ANKRD7,33,Frameshift,1.5549965574683265e-05
ANKRD9,14,Frameshift,3.8663436887693705e-05
ANKS1A,32,Frameshift,4.172944447217016e-06
ANKS1B,50,Frameshift,0.000248671415680434
ANKS3,62,In-frame stop codon,1.1108596114929775e-05
ANKS4B,31,Frameshift,8.523072228069814e-06
ANKS6,52,Frameshift,8.054911322244047e-05
ANKUB1,27,In-frame stop codon,5.036356018342827e-05
ANKZF1,104,Frameshift,1.2928168013008188e-05
ANLN,53,In-frame stop codon,0.0005472185868409953
ANO1,52,Frameshift,1.5503808254143156e-05
ANO10,78,Frameshift,1.7254210099915172e-05
ANO2,98,Frameshift,1.6024825605626085e-05
ANO3,76,In-frame stop codon,1.9360994255031842e-05
ANO4,75,Frameshift,1.5027084334963966e-05
ANO5,88,In-frame stop codon,2.2563509982014786e-05
ANO6,106,In-frame stop codon,2.3957453032410324e-05
ANO7,145,Frameshift,0.0002487609248480063
ANO8,48,Frameshift,7.471424387829323e-05
ANO9,83,Frameshift,2.6424957493619794e-05
ANP32A,3,Frameshift,0.00015198875963352038
ANP32B,2,Frameshift,3.1643566862856783e-06
ANP32D,9,Frameshift,9.30062492256517e-06
ANP32E,18,Frameshift,0.0004336764136067527
ANPEP,54,Frameshift,9.399337511950635e-06
ANTXR1,27,Frameshift,3.3778966560910744e-05
ANTXR2,48,Frameshift,3.809779406363339e-05
ANTXRL,63,Frameshift,2.4940179970290767e-05
ANXA1,34,Frameshift,1.763196798858217e-05
ANXA10,43,Frameshift,1.8308078382934215e-05
ANXA11,60,Frameshift,1.2616331072709504e-05
ANXA13,40,Frameshift,1.2476087226053812e-05
ANXA2,34,Frameshift,0.0028773093293566736
ANXA2R,18,In-frame stop codon,1.14208802009695e-05
ANXA3,39,Frameshift,2.0252296343821e-05
ANXA4,35,Frameshift,1.4722795709819954e-05
ANXA5,43,Frameshift,2.6220058651853966e-05
ANXA6,49,Frameshift,5.8377395787216e-06
ANXA7,41,In-frame stop codon,2.5506032450101264e-05
ANXA8L1,4,Frameshift,2.4600871693770583e-06
ANXA9,45,In-frame stop codon,0.0005694173602312048
AOAH,65,In-frame stop codon,0.03108865595420484
AOC1,51,Frameshift,4.097837182570648e-05
AOC2,88,Frameshift,3.190140693054916e-05
AOC3,68,Frameshift,1.7524901832480686e-05
AOX1,106,In-frame stop codon,1.9289451711454717e-05
AP000322.53,10,Frameshift,0.00035653531995042195
AP1AR,19,Frameshift,6.2230194359265234e-06
AP1B1,33,Frameshift,6.891695098751147e-06
AP1G1,20,Splice donor,0.0005193850475065425
AP1G2,109,Frameshift,2.9436624900912938e-05
AP1M1,23,Splice acceptor,9.754968319715511e-05
AP1M2,57,Frameshift,0.0032680940590140268
AP1S1,25,Frameshift,3.102504945254863e-05
AP1S2,4,Frameshift,1.662129539381175e-05
AP1S3,30,Frameshift,0.007003044560959306
AP2A1,19,Frameshift,5.452294009533932e-06
AP2A2,34,Frameshift,1.67832558855775e-05
AP2B1,21,Splice acceptor,6.982789550816358e-06
AP2M1,21,Splice donor,8.05066043400467e-06
AP2S1,8,Frameshift,3.3471519844871975e-06
AP3B1,38,Frameshift,7.683981753675792e-06
AP3B2,47,Frameshift,0.00011412421033330263
AP3D1,34,In-frame stop codon,9.733737215863398e-06
AP3M1,24,Frameshift,6.827328303048288e-06
AP3M2,37,Frameshift,7.2287523615527775e-06
AP3S1,31,Frameshift,0.0006506779009737016
AP3S2,17,Splice donor,1.328410747880109e-05
AP4B1,59,Frameshift,1.1643124768391413e-05
AP4E1,46,Frameshift,1.3508322386343055e-05
AP4M1,69,Frameshift,1.0858547701247718e-05
AP4S1,45,Frameshift,0.0005074608094254682
AP5B1,53,Frameshift,8.799428793783282e-06
AP5M1,45,Frameshift,9.473286773444883e-06
AP5S1,14,Frameshift,8.409210366765308e-06
AP5Z1,119,Frameshift,1.4495973989019558e-05
APAF1,80,Frameshift,1.0023152731928942e-05
APBA1,24,Frameshift,8.06612443275581e-06
APBA2,19,In-frame stop codon,0.0002318755883304345
APBA3,64,Frameshift,3.1490155065417014e-05
APBB1,21,In-frame stop codon,7.409476626969534e-06
APBB1IP,32,Frameshift,2.7118235459823805e-05
APBB2,35,Frameshift,2.6508311024486908e-05
APBB3,41,Frameshift,8.474916953008908e-06
APC,48,Frameshift,1.2054210647457441e-05
APC2,70,Frameshift,2.2555478450693906e-05
APCDD1,24,In-frame stop codon,9.622253066313319e-05
APCDD1L,35,Frameshift,1.5709025087174063e-05
APCS,17,In-frame stop codon,2.645999368428944e-05
APEH,69,Frameshift,1.215334623433428e-05
APEX1,42,Frameshift,1.1939824336023809e-05
APEX2,5,Frameshift,3.288294400513608e-06
APH1A,6,Frameshift,0.0005765866944146046
APH1B,47,In-frame stop codon,1.2296360436981252e-05
API5,15,Frameshift,1.1329892466469661e-05
APIP,40,Frameshift,8.379321248954898e-05
APITD1,27,Frameshift,2.509630476525192e-05
APLF,59,Frameshift,0.0002091275711583006
APLN,5,Frameshift,3.3059046991126434e-05
APLNR,9,Frameshift,6.640735383567506e-06
APLP1,31,In-frame stop codon,1.5042210575748014e-05
APLP2,36,Frameshift,1.4074806081290536e-05
APMAP,45,Frameshift,7.137828078985461e-06
APOA1,20,In-frame stop codon,1.9531716758711187e-05
APOA1BP,42,In-frame stop codon,2.1471493095431408e-05
APOA2,19,In-frame stop codon,2.7551513595330017e-05
APOA4,30,In-frame stop codon,1.2645335778587755e-05
APOA5,35,Frameshift,1.2415974324915894e-05
APOB,172,Frameshift,1.0577877175806804e-05
APOBEC1,33,Frameshift,0.00023683955010025512
APOBEC2,14,In-frame stop codon,9.465685073193595e-06
APOBEC3A,16,Frameshift,1.818379621338008e-05
APOBEC3B,49,In-frame stop codon,0.0001814172320714077
APOBEC3C,11,Frameshift,1.0136109768306895e-05
APOBEC3D,47,In-frame stop codon,1.4659479369858336e-05
APOBEC3F,35,In-frame stop codon,1.0354089948689223e-05
APOBEC3G,47,In-frame stop codon,2.33976931112207e-05
APOBEC3H,26,Frameshift,3.807445148512079e-05
APOBEC4,22,Frameshift,1.0154889751627095e-05
APOBR,137,Frameshift,0.001913711950230908
APOC1,24,Frameshift,0.0002029424061575343
APOC2,10,Frameshift,1.6736285793690082e-05
APOC3,18,In-frame stop codon,0.0001284647780310681
APOC4,17,In-frame stop codon,3.367373127511804e-05
APOD,18,Frameshift,1.2409152221171158e-05
APOE,27,In-frame stop codon,8.319269309295994e-06
APOF,25,Frameshift,2.0557859036921224e-05
APOH,39,Frameshift,1.9919858765995605e-05
APOL1,64,Frameshift,3.5722827990914555e-05
APOL2,50,Frameshift,2.4088451795143456e-05
APOL3,59,Frameshift,0.00028753928832779286
APOL4,49,In-frame stop codon,0.014830981782982195
APOL5,34,Frameshift,0.00012403351902330373
APOL6,24,Frameshift,1.3155902837702514e-05
APOLD1,28,Frameshift,9.361898770375899e-05
APOM,15,Frameshift,9.668070288114496e-06
APOO,9,Frameshift,9.311004612911906e-06
APOOL,17,Splice acceptor,1.6551156192906893e-05
APOPT1,33,Frameshift,1.44339664416446e-05
APP,26,In-frame stop codon,1.009114143378711e-05
APPBP2,9,In-frame stop codon,4.976051127487436e-06
APPL1,45,Frameshift,1.630275057361297e-05
APPL2,86,Frameshift,3.5078044655023865e-05
APRT,62,Frameshift,8.586346850815598e-06
APTX,42,In-frame stop codon,2.2243669376607007e-05
AQP1,39,Frameshift,0.0066148103112937595
AQP10,27,Frameshift,1.1378439606456115e-05
AQP11,24,Frameshift,1.2968954725328973e-05
AQP12A,20,Frameshift,0.00048489737148841113
AQP12B,26,Frameshift,0.006792798809531671
AQP2,29,In-frame stop codon,8.862487363618122e-06
AQP3,14,Frameshift,1.2675610214545243e-05
AQP4,11,Frameshift,7.958445972876391e-06
AQP5,16,Frameshift,2.823928252166063e-05
AQP6,27,Frameshift,2.0311999892393647e-05
AQP7,85,Frameshift,0.003300353812615385
AQP8,16,Frameshift,5.970379578075157e-05
AQP9,19,Frameshift,8.174878716015851e-06
AQPEP,99,Frameshift,8.649010298152482e-05
AQR,50,Frameshift,8.077806047371482e-06
AR,35,Frameshift,0.00030786038145673444
ARAF,13,Frameshift,1.5697015548902107e-05
ARAP1,75,Frameshift,0.006366537569988574
ARAP2,90,Frameshift,8.369338305124051e-06
ARAP3,71,Frameshift,1.1646151645527212e-05
ARC,7,In-frame stop codon,3.516642039795407e-06
ARCN1,11,Frameshift,1.623798841990325e-05
AREG,12,Frameshift,2.931557229937452e-05
AREL1,45,Frameshift,5.723390123642109e-06
ARF1,9,Splice donor,2.6959754404337367e-06
ARF3,2,In-frame stop codon,4.06968060328478e-06
ARF4,3,In-frame stop codon,1.1949525593633674e-05
ARF5,3,Frameshift,1.3286400910411415e-05
ARF6,1,Stop codon lost,4.110827920743238e-06
ARFGAP1,57,In-frame stop codon,1.405028494390547e-05
ARFGAP2,37,Frameshift,1.2494161216856882e-05
ARFGAP3,59,Frameshift,1.0324562256344778e-05
ARFGEF1,44,Frameshift,1.994822289415576e-05
ARFGEF2,31,In-frame stop codon,7.275908140481539e-06
ARFIP1,19,Frameshift,4.8576832436461154e-06
ARFIP2,19,In-frame stop codon,6.279334028411193e-06
ARFRP1,26,Frameshift,0.02901651778869061
ARG1,29,Frameshift,1.0305406579072537e-05
ARG2,32,Frameshift,1.274918429220498e-05
ARGFX,33,Frameshift,0.0002120181415642207
ARGLU1,4,In-frame stop codon,4.0259317326202096e-06
ARHGAP1,16,Frameshift,6.039365993616824e-06
ARHGAP10,77,Frameshift,9.893751527037528e-06
ARHGAP11A,71,Frameshift,1.7067198975006872e-05
ARHGAP11B,26,Frameshift,2.2488317265033417e-05
ARHGAP12,44,In-frame stop codon,8.302111954347124e-06
ARHGAP15,47,Frameshift,1.3935578013493634e-05
ARHGAP17,38,Frameshift,0.0002231924290064495
ARHGAP18,44,Frameshift,8.43939549792554e-06
ARHGAP19,51,Frameshift,1.6686303565629318e-05
ARHGAP20,45,Frameshift,6.6549238988102485e-06
ARHGAP21,60,Frameshift,1.3929111769535703e-05
ARHGAP22,66,Frameshift,2.6668189631427575e-05
ARHGAP23,60,Frameshift,5.853638025283585e-05
ARHGAP24,51,Frameshift,9.125219265336839e-06
ARHGAP25,33,In-frame stop codon,1.2669218612168536e-05
ARHGAP26,31,Frameshift,1.2931926106313762e-05
ARHGAP27,57,Frameshift,9.231226568563732e-06
ARHGAP28,70,Frameshift,4.103149636666058e-05
ARHGAP29,42,Frameshift,1.3255055929257278e-05
ARHGAP30,32,Frameshift,7.245352105322719e-06
ARHGAP31,29,Frameshift,5.801055146045568e-06
ARHGAP32,48,Frameshift,6.4518403318677536e-06
ARHGAP33,66,Frameshift,9.05292081338707e-06
ARHGAP35,14,Frameshift,1.1973889201776384e-05
ARHGAP36,9,Frameshift,6.110688481087224e-06
ARHGAP39,43,Frameshift,1.4777020109129517e-05
ARHGAP4,23,Frameshift,0.0007574029092877801
ARHGAP40,50,Frameshift,3.803633346910722e-05
ARHGAP42,16,Frameshift,1.2446096344715181e-05
ARHGAP44,29,Frameshift,2.1531339747561394e-05
ARHGAP5,23,In-frame stop codon,3.5266475313824586e-05
ARHGAP6,31,Frameshift,5.5398825469044234e-05
ARHGAP8,145,Frameshift,3.74882525302405e-05
ARHGAP9,77,Frameshift,0.010108713546316303
ARHGDIA,56,Frameshift,3.355467455683081e-05
ARHGDIB,16,In-frame stop codon,7.299483489866457e-06
ARHGDIG,21,Splice donor,4.993007691209794e-05
ARHGEF1,63,Frameshift,1.2833421148054836e-05
ARHGEF10,99,In-frame stop codon,3.009989034351951e-05
ARHGEF10L,61,Frameshift,1.6655800108393906e-05
ARHGEF11,45,Frameshift,7.339601895479174e-06
ARHGEF12,24,In-frame stop codon,6.366791772510353e-06
ARHGEF15,63,Frameshift,1.1566104761083472e-05
ARHGEF16,67,Frameshift,2.4517650872016313e-05
ARHGEF17,52,Frameshift,9.009297836213449e-06
ARHGEF18,54,Frameshift,9.183351052630452e-06
ARHGEF19,82,In-frame stop codon,2.890038105628216e-05
ARHGEF2,24,In-frame stop codon,1.571698957572779e-05
ARHGEF25,57,Frameshift,5.8296139414677006e-05
ARHGEF26,86,Frameshift,1.5344873117388018e-05
ARHGEF28,142,Frameshift,1.4821655033709737e-05
ARHGEF3,40,Frameshift,1.5074107835555569e-05
ARHGEF33,41,Frameshift,1.5434249449534317e-05
ARHGEF35,27,In-frame stop codon,0.00014706973501460213
ARHGEF37,57,Frameshift,0.00012251380916057363
ARHGEF38,61,Frameshift,9.693688897189596e-05
ARHGEF39,47,Frameshift,1.1004667404318e-05
ARHGEF4,98,Frameshift,2.081353462828297e-05
ARHGEF40,94,Frameshift,1.780333482000327e-05
ARHGEF5,111,Frameshift,0.002580489956845928
ARHGEF6,14,In-frame stop codon,9.885658459795926e-06
ARHGEF7,27,Frameshift,1.2441447442969996e-05
ARHGEF9,6,Frameshift,1.9227986627093095e-05
ARID1A,35,Frameshift,3.4930534266405394e-05
ARID1B,58,Frameshift,2.4956228611927223e-05
ARID2,40,Frameshift,7.643912805455982e-06
ARID3A,18,Frameshift,0.0002278183150370085
ARID3B,27,Frameshift,2.10793462357937e-05
ARID3C,45,Frameshift,2.7412536272530168e-05
ARID4A,23,Frameshift,0.00018776119707817124
ARID4B,38,Frameshift,0.0028660163758835538
ARID5A,12,Frameshift,4.210971407987846e-06
ARID5B,10,Frameshift,1.3981026763074298e-05
ARIH1,6,In-frame stop codon,4.674461534120936e-06
ARIH2,11,Frameshift,6.150211933993992e-06
ARL1,12,Frameshift,1.5730540133253618e-05
ARL10,23,Frameshift,1.2696509220863686e-05
ARL11,21,In-frame stop codon,0.00046624963826051314
ARL13A,23,Frameshift,2.908426471879862e-05
ARL13B,53,Frameshift,0.008799402312555408
ARL14,26,Frameshift,9.078847181871584e-06
ARL14EP,13,Frameshift,4.908660854026709e-06
ARL14EPL,15,Frameshift,2.4433531580872573e-05
ARL15,26,In-frame stop codon,8.216146649050919e-06
ARL16,28,Frameshift,1.6487338135697173e-05
ARL17A,10,Frameshift,7.852113867172462e-05
ARL17B,3,Frameshift,2.4457870608410088e-05
ARL2,13,In-frame stop codon,9.530262157006132e-06
ARL2BP,19,Frameshift,1.3073929218917012e-05
ARL3,12,Frameshift,1.2826144034032667e-05
ARL4A,2,Frameshift,4.013019380397959e-06
ARL4C,2,Frameshift,2.0708735773098524e-06
ARL4D,5,In-frame stop codon,4.1023972597146665e-06
ARL5A,15,Frameshift,7.133583657198734e-06
ARL5B,10,In-frame stop codon,4.831508198759342e-06
ARL5C,9,Frameshift,1.1392533248421614e-05
ARL6,14,Frameshift,1.0541838642240862e-05
ARL6IP1,21,Frameshift,8.200832189073892e-06
ARL6IP4,50,Frameshift,7.772859053307175e-05
ARL6IP5,18,Frameshift,0.00025852463003399215
ARL6IP6,20,Frameshift,1.3251049367893612e-05
ARL8A,5,In-frame stop codon,2.3868760843711843e-06
ARL8B,10,Splice donor,8.382566884560224e-06
ARL9,10,Frameshift,1.0059207083693898e-05
ARMC1,12,Splice acceptor,5.120867530166906e-06
ARMC10,35,Frameshift,1.770314697535327e-05
ARMC12,22,In-frame stop codon,1.4670211233888652e-05
ARMC2,62,Frameshift,0.005636246162622863
ARMC3,83,Frameshift,1.5419620408492984e-05
ARMC4,103,Frameshift,0.001183265984122506
ARMC5,45,In-frame stop codon,7.873698073996195e-05
ARMC6,54,Frameshift,0.013730315504791186
ARMC7,21,Frameshift,1.5387075601923322e-05
ARMC8,18,Frameshift,6.454544148256503e-06
ARMC9,68,Frameshift,1.0477058615363676e-05
ARMCX1,4,In-frame stop codon,7.332249199227033e-06
ARMCX2,5,Frameshift,4.37542030827047e-06
ARMCX3,4,Frameshift,5.984080272649574e-06
ARMCX4,51,Frameshift,0.001305997240532497
ARMCX5,8,In-frame stop codon,9.839165120790039e-06
ARMCX6,5,Frameshift,0.00020664046973560852
ARMS2,14,Frameshift,0.009407447995420664
ARNT,21,Splice acceptor,1.0305255492919353e-05
ARNT2,13,Splice acceptor,1.2550499112206578e-05
ARNTL,23,Frameshift,7.850563315405347e-06
ARNTL2,58,Frameshift,8.604034335972409e-05
ARPC1A,13,Splice donor,8.764960720775259e-06
ARPC1B,25,Frameshift,9.707984303532065e-06
ARPC2,11,Splice acceptor,9.922167598749014e-06
ARPC3,16,Frameshift,8.763208562817443e-06
ARPC4,11,Frameshift,1.1732099320002035e-05
ARPC5,11,Frameshift,0.003970935095925192
ARPC5L,5,Frameshift,2.5355525330545487e-05
ARPP19,6,Splice acceptor,1.5147247927146245e-05
ARPP21,40,In-frame stop codon,7.988260935201584e-06
ARR3,9,In-frame stop codon,1.203523924805753e-05
ARRB1,17,Splice acceptor,7.503536649252319e-06
ARRB2,28,Frameshift,6.251816828962448e-05
ARRDC1,50,Frameshift,1.3522260554306641e-05
ARRDC2,51,Frameshift,2.5471161662164176e-05
ARRDC3,6,Frameshift,4.020469272705206e-06
ARRDC4,35,Frameshift,1.3649512426291428e-05
ARRDC5,26,Frameshift,7.716846931636924e-06
ARSA,46,Frameshift,2.6521636618975776e-05
ARSB,40,Frameshift,1.0756339772270117e-05
ARSD,21,Frameshift,2.175122146973656e-05
ARSE,17,In-frame stop codon,0.0003315446451403487
ARSF,44,Frameshift,1.9875315011156234e-05
ARSG,38,Frameshift,1.3523596064400546e-05
ARSH,46,Frameshift,1.2774084214381218e-05
ARSI,39,In-frame stop codon,9.759463299484759e-06
ARSJ,52,Frameshift,1.3420986592373978e-05
ARSK,59,Frameshift,0.00017993922058587666
ART1,47,Frameshift,3.461838155769964e-05
ART3,42,In-frame stop codon,1.543497928311112e-05
ART4,18,Frameshift,4.7348519157049464e-05
ART5,37,Frameshift,8.53984482546361e-05
ARTN,15,Frameshift,6.613250311225619e-06
ARV1,31,Frameshift,2.7070092688344908e-05
ARVCF,68,Frameshift,1.4793095803339256e-05
ARX,7,Frameshift,6.321827339327429e-06
AS3MT,51,Frameshift,1.1123663863747506e-05
ASAH1,53,Frameshift,1.5004610937321021e-05
ASAH2,26,Frameshift,0.0001901753473758912
ASAH2B,7,Start codon lost,0.033303901120021254
ASAP1,28,Splice acceptor,1.2077108193445291e-05
ASAP2,24,Frameshift,7.248884652487909e-06
ASAP3,60,Frameshift,1.4144341598512811e-05
ASB1,21,Frameshift,1.6825197590788206e-05
ASB10,57,Frameshift,0.00803210452948887
ASB11,40,Frameshift,2.6364886050915656e-05
ASB12,21,Frameshift,1.766672700390367e-05
ASB13,31,In-frame stop codon,2.7576809571289958e-05
ASB14,71,Frameshift,1.4811478059454146e-05
ASB15,69,Frameshift,0.0004593770759789606
ASB16,72,Frameshift,6.654740286546676e-05
ASB17,28,Frameshift,2.718836215546001e-05
ASB18,55,Frameshift,3.42730179277019e-05
ASB2,57,Frameshift,1.8605987300574753e-05
ASB4,49,Frameshift,1.0591458555503582e-05
ASB5,29,In-frame stop codon,1.3737358254696084e-05
ASB6,33,Frameshift,0.00010080281336061726
ASB7,5,In-frame stop codon,1.0569394690253596e-05
ASB8,31,Frameshift,1.759850411734116e-05
ASB9,6,In-frame stop codon,3.130643482528241e-05
ASCC1,52,Frameshift,0.0007785808538411632
ASCC2,59,Frameshift,0.0020608651142800753
ASCC3,133,In-frame stop codon,1.506939350887984e-05
ASCL1,14,Frameshift,2.976756963372242e-05
ASCL2,6,Frameshift,7.91413326663021e-06
ASCL3,9,Frameshift,0.00015824353409331994
ASCL4,18,Frameshift,0.0011375491349900147
ASCL5,4,Frameshift,6.389898408479708e-05
ASF1A,4,Frameshift,1.0974426610775006e-05
ASF1B,20,Frameshift,6.617816444851011e-06
ASGR1,39,In-frame stop codon,9.47545548801634e-06
ASGR2,33,In-frame stop codon,1.6205629187975407e-05
ASH1L,34,Frameshift,9.806722432048153e-06
ASH2L,14,Frameshift,9.166961997637259e-06
ASIC1,35,Frameshift,1.0867120437971217e-05
ASIC2,21,Frameshift,4.366316797523457e-05
ASIC3,59,Frameshift,3.418872631364989e-05
ASIC4,49,Frameshift,2.4807306177135442e-05
ASIC5,53,Frameshift,1.578106901293302e-05
ASIP,10,Frameshift,1.3895877764816932e-05
ASL,34,In-frame stop codon,1.0144593298720853e-05
ASMT,49,In-frame stop codon,3.916279984187555e-05
ASMTL,71,Frameshift,0.0016677847880227933
ASNA1,8,Frameshift,1.0847471342321438e-05
ASNS,45,Frameshift,8.608600058723126e-06
ASNSD1,69,Frameshift,1.625561058758545e-05
ASPA,19,In-frame stop codon,1.0478118514821199e-05
ASPDH,30,Frameshift,2.9784457380106735e-05
ASPG,53,In-frame stop codon,2.8683787998633097e-05
ASPH,99,Frameshift,2.968825281205053e-05
ASPHD1,26,Frameshift,1.2046240924665864e-05
ASPHD2,15,Frameshift,1.2780079147640212e-05
ASPM,267,Frameshift,1.824408721307825e-05
ASPN,58,Frameshift,3.0283122226560603e-05
ASPRV1,17,Frameshift,8.906671794837552e-06
ASPSCR1,74,Frameshift,0.00010977247978131085
ASRGL1,41,Frameshift,2.3028762629459583e-05
ASS1,34,Frameshift,7.877686730791705e-06
ASTE1,70,Frameshift,0.0018419397773423842
ASTL,30,Frameshift,0.00024108450221574027
ASTN1,21,In-frame stop codon,3.2638718957042274e-06
ASTN2,54,Frameshift,1.3626014059276063e-05
ASUN,21,Frameshift,5.579727834073907e-06
ASXL1,186,Frameshift,9.665473035401202e-06
ASXL2,27,Frameshift,9.639535008767013e-06
ASXL3,59,Frameshift,0.0006300985436913747
ASZ1,44,Frameshift,7.786670161589103e-06
ATAD1,23,Frameshift,4.049039928380133e-06
ATAD2,68,Frameshift,4.282456768189948e-05
ATAD2B,37,Frameshift,7.571444700461519e-06
ATAD3A,63,Frameshift,8.485448632757023e-06
ATAD3B,133,Frameshift,1.8450095136381105e-05
ATAD3C,64,Frameshift,2.263753030675091e-05
ATAD5,42,Frameshift,1.1066866723584745e-05
ATAT1,76,Frameshift,0.00017943647747126456
ATCAY,15,In-frame stop codon,5.208845876268145e-06
ATE1,44,Frameshift,1.4411110031603552e-05
ATF1,15,Frameshift,7.530655522226685e-06
ATF2,18,In-frame stop codon,1.1661777801212876e-05
ATF3,18,In-frame stop codon,8.855311369630624e-06
ATF4,21,Frameshift,1.0402855268219622e-05
ATF5,76,Frameshift,1.5814679436133492e-05
ATF6,35,In-frame stop codon,6.414482570821202e-06
ATF6B,44,Frameshift,6.409892968653081e-06
ATF7,6,Frameshift,4.34321935961872e-06
ATF7IP,32,Splice acceptor,1.0584320537623903e-05
ATF7IP2,34,Frameshift,3.385057182411666e-05
ATG10,28,In-frame stop codon,9.024254239565468e-06
ATG12,40,Frameshift,2.7330380614325817e-05
ATG13,28,Frameshift,1.1084344087418722e-05
ATG14,13,In-frame stop codon,8.952528299710023e-06
ATG16L1,15,In-frame stop codon,5.214483074635116e-06
ATG16L2,78,Frameshift,5.631989295678831e-05
ATG2A,82,Frameshift,6.005523392426826e-06
ATG2B,91,Frameshift,6.7261748337083065e-06
ATG3,32,Frameshift,0.019384442584807326
ATG4A,12,Frameshift,7.218659766829606e-06
ATG4B,37,Frameshift,6.908263150192569e-06
ATG4C,74,Frameshift,5.201711534254849e-05
ATG4D,64,Frameshift,9.52999266858307e-06
ATG5,8,In-frame stop codon,1.0184684633768095e-05
ATG7,60,Frameshift,1.3427734491608864e-05
ATG9A,18,In-frame stop codon,8.195698301896777e-06
ATG9B,106,Frameshift,0.009521676821874372
ATHL1,87,Frameshift,1.2607893670116766e-05
ATIC,78,Frameshift,0.00011254832630662542
ATL1,14,Frameshift,3.696582478699872e-06
ATL2,35,In-frame stop codon,1.8843130102474955e-05
ATL3,56,In-frame stop codon,1.237190835025533e-05
ATM,281,Frameshift,8.836239616152412e-06
ATMIN,41,Frameshift,8.723444997784402e-06
ATN1,58,Frameshift,0.00012759956173709013
ATOH1,9,In-frame stop codon,3.842671268864696e-06
ATOH7,8,Frameshift,9.238053490193728e-06
ATOH8,13,Frameshift,8.70299532671932e-06
ATOX1,2,Splice donor,1.2214604710770917e-05
ATP10A,70,Frameshift,1.2508769884347439e-05
ATP10B,102,In-frame stop codon,6.472185750366925e-05
ATP10D,93,Frameshift,1.4191972737607713e-05
ATP11A,67,Frameshift,2.8715622187906928e-05
ATP11B,66,Frameshift,1.0826212691173646e-05
ATP11C,27,Frameshift,6.9880771168977495e-06
ATP12A,87,Frameshift,4.128919225955212e-05
ATP13A1,39,In-frame stop codon,2.339113701051938e-05
ATP13A2,93,In-frame stop codon,2.0585926247762267e-05
ATP13A3,29,Frameshift,6.3841017796580245e-06
ATP13A4,95,Frameshift,9.600869115483474e-06
ATP13A5,156,Frameshift,0.00020194115975552678
ATP1A1,18,Frameshift,8.099913484990045e-06
ATP1A2,34,Frameshift,7.410414485870679e-06
ATP1A3,8,Frameshift,1.252268591455321e-05
ATP1A4,90,Frameshift,2.369381912501744e-05
ATP1B1,6,Frameshift,1.816911656106616e-05
ATP1B2,20,In-frame stop codon,1.1154702823276654e-05
ATP1B3,17,Frameshift,8.61547636154652e-06
ATP1B4,13,In-frame stop codon,1.597214445632355e-05
ATP2A1,80,Frameshift,1.4761963962617233e-05
ATP2A2,17,In-frame stop codon,7.362327490989888e-06
ATP2A3,71,Frameshift,1.3204421868812723e-05
ATP2B1,20,Frameshift,8.201407513568587e-06
ATP2B2,16,Frameshift,1.3696217608174727e-05
ATP2B3,25,Frameshift,2.436378343484049e-05
ATP2B4,48,Frameshift,8.302634970813987e-06
ATP2C1,29,Frameshift,1.1768148084933443e-05
ATP2C2,141,Frameshift,9.384412520392154e-05
ATP4A,49,In-frame stop codon,1.630314727248786e-05
ATP4B,24,Frameshift,8.11427471835579e-06
ATP5A1,34,Frameshift,0.011056885561543165
ATP5B,12,Frameshift,2.6998833622727423e-06
ATP5C1,17,Frameshift,1.1406614284793741e-05
ATP5D,11,In-frame stop codon,6.585352485786308e-06
ATP5E,9,In-frame stop codon,4.701626281454504e-06
ATP5F1,14,Frameshift,5.30811204145413e-06
ATP5G1,5,Frameshift,4.041642442128297e-06
ATP5G2,25,Frameshift,8.757421526143112e-06
ATP5G3,9,Frameshift,1.7910111370843703e-05
ATP5H,15,In-frame stop codon,2.9175565896426135e-05
ATP5I,9,Frameshift,1.3306861907839379e-05
ATP5J,12,Splice donor,1.2722855182155718e-05
ATP5J2,16,Frameshift,7.260833582299716e-06
ATP5L,13,Frameshift,7.362441238852134e-06
ATP5L2,19,Frameshift,4.0573408394283756e-05
ATP5O,17,Frameshift,6.64927697547395e-06
ATP5S,42,Frameshift,2.615282979068061e-05
ATP5SL,42,Frameshift,2.0863912571536353e-05
ATP6AP1,8,In-frame stop codon,0.00015700993804609073
ATP6AP2,3,Frameshift,1.1621824487691276e-05
ATP6V0A1,29,Splice donor,0.0005316173335396965
ATP6V0A2,72,Frameshift,1.8483990448037136e-05
ATP6V0A4,79,Frameshift,8.016902306267776e-06
ATP6V0B,23,Frameshift,2.1028310500273312e-05
ATP6V0C,4,Stop codon lost,1.600469552409065e-05
ATP6V0D1,16,Frameshift,1.1283319208322103e-05
ATP6V0D2,42,Frameshift,3.805842922569932e-05
ATP6V0E1,13,Frameshift,1.7538575028320892e-05
ATP6V0E2,20,Frameshift,2.6548322704389134e-05
ATP6V1A,20,Frameshift,6.180617579077071e-06
ATP6V1B1,65,Frameshift,0.0064789022199720795
ATP6V1B2,17,Frameshift,1.257063202513531e-05
ATP6V1C1,23,In-frame stop codon,8.77884606391854e-06
ATP6V1C2,45,Frameshift,0.00010763937304852994
ATP6V1D,31,Frameshift,7.997177589838634e-06
ATP6V1E1,13,In-frame stop codon,6.505998416576857e-06
ATP6V1E2,18,Frameshift,1.704115823094412e-05
ATP6V1F,6,In-frame stop codon,3.878537825066715e-06
ATP6V1G1,10,Frameshift,1.5205650373038146e-05
ATP6V1G2,11,In-frame stop codon,8.038834040438169e-06
ATP6V1G3,18,In-frame stop codon,0.00029402496998310923
ATP6V1H,21,In-frame stop codon,1.8567657528028844e-05
ATP7A,7,Splice acceptor,7.044994704663923e-06
ATP7B,123,Frameshift,4.113274868829727e-05
ATP8A1,52,Frameshift,6.240912299075146e-06
ATP8A2,72,Frameshift,8.746107428225392e-06
ATP8B1,57,Frameshift,8.834469168147358e-06
ATP8B2,38,In-frame stop codon,8.050050402954076e-06
ATP8B3,155,Frameshift,0.0036275460432806986
ATP8B4,116,In-frame stop codon,3.3345323092511716e-05
ATP9A,30,Frameshift,7.3021288795468125e-06
ATP9B,114,Frameshift,1.3816984480630507e-05
ATPAF1,36,Frameshift,0.0025251954438133637
ATPAF2,33,In-frame stop codon,1.125284574840306e-05
ATPIF1,18,In-frame stop codon,2.243165004968327e-05
ATR,121,Frameshift,4.777565456774986e-05
ATRAID,46,Frameshift,1.0462635806111589e-05
ATRIP,41,Frameshift,8.88140912608473e-06
ATRN,28,In-frame stop codon,6.0977883787457316e-05
ATRNL1,67,In-frame stop codon,6.4255375341693665e-06
ATRX,13,Splice acceptor,5.923998571019879e-06
ATXN1,27,Frameshift,0.0006361855221479836
ATXN10,38,Frameshift,9.448177490934434e-06
ATXN1L,7,Frameshift,7.33807631100095e-06
ATXN2,102,Frameshift,0.00014955339082180458
ATXN2L,41,Frameshift,0.008557715977230661
ATXN3,70,Frameshift,0.014085677629515613
ATXN3L,22,In-frame stop codon,7.826790242036309e-05
ATXN7,28,Frameshift,0.00016775235894121813
ATXN7L1,24,Frameshift,1.192371720354578e-05
ATXN7L2,8,Frameshift,7.6492723764856e-06
ATXN7L3,6,Splice acceptor,6.02675481638641e-06
ATXN7L3B,3,In-frame stop codon,7.474521713616474e-06
AUH,33,Frameshift,1.4976991455911428e-05
AUNIP,62,Frameshift,8.41814635071121e-05
AUP1,18,In-frame stop codon,7.433320308070121e-06
AURKA,23,Frameshift,3.116487790648697e-05
AURKAIP1,29,Frameshift,7.985207355442387e-06
AURKB,24,Frameshift,1.5697022770295546e-05
AURKC,30,Frameshift,0.027648173093660345
AUTS2,20,Frameshift,9.490032844030495e-06
AVEN,59,Frameshift,6.348814165654088e-05
AVIL,90,Frameshift,1.6616533613354158e-05
AVL9,52,Frameshift,1.2253269855380928e-05
AVP,13,Frameshift,1.897228087723198e-05
AVPI1,25,Frameshift,0.007939802382369033
AVPR1A,32,Frameshift,2.5598801277259138e-05
AVPR1B,27,Frameshift,9.064351172313612e-06
AVPR2,7,In-frame stop codon,1.282863327301189e-05
AWAT1,16,Frameshift,9.910487699486156e-06
AWAT2,5,In-frame stop codon,7.013032842714664e-06
AXDND1,128,Frameshift,0.00011322765296025204
AXIN1,33,Frameshift,7.86269762866763e-06
AXIN2,25,Frameshift,1.4345117888825167e-05
AXL,44,Frameshift,8.948194754195721e-06
AZGP1,36,Frameshift,1.0769473376625616e-05
AZI1,93,Frameshift,2.045993687801885e-05
AZI2,32,Frameshift,1.2268918903234442e-05
AZIN1,5,Frameshift,1.531992822247083e-05
AZU1,35,Frameshift,0.00021701314253949803
B2M,4,Frameshift,9.953997454959372e-06
B3GALNT1,38,Frameshift,4.565762544813491e-05
B3GALNT2,49,Frameshift,1.8095129720893355e-05
B3GALT1,10,Frameshift,5.968449440396561e-06
B3GALT2,6,Frameshift,9.314804187000848e-06
B3GALT4,23,Frameshift,4.242280996832854e-06
B3GALT5,22,Frameshift,9.920008764919256e-06
B3GALT6,31,Frameshift,2.4085813482139835e-05
B3GALTL,54,Splice acceptor,2.988971404438385e-05
B3GAT1,13,In-frame stop codon,6.723987973329047e-06
B3GAT2,42,Frameshift,1.0536569483889501e-05
B3GAT3,40,Frameshift,0.00012546547073564912
B3GNT1,17,In-frame stop codon,9.149278009686352e-06
B3GNT2,6,Frameshift,1.1952810686689967e-05
B3GNT3,24,Frameshift,0.0007541475697246331
B3GNT4,74,Frameshift,1.858296379887398e-05
B3GNT5,15,Frameshift,6.387652825830793e-06
B3GNT6,74,Frameshift,0.05146014156221852
B3GNT7,11,Frameshift,1.1528036053004043e-05
B3GNT8,44,Frameshift,1.2816425577410491e-05
B3GNT9,30,Frameshift,9.131501710901657e-06
B4GALNT1,40,Frameshift,1.7319194985858407e-05
B4GALNT2,65,Frameshift,3.653485422284722e-05
B4GALNT3,79,Frameshift,0.0008768917596789754
B4GALNT4,65,Frameshift,6.292588523530082e-05
B4GALT1,14,In-frame stop codon,9.37329892342802e-06
B4GALT2,18,In-frame stop codon,7.358785367888185e-06
B4GALT3,15,In-frame stop codon,1.0354781722043918e-05
B4GALT4,26,Frameshift,8.02373513271953e-06
B4GALT5,7,Frameshift,2.2746573067245523e-06
B4GALT6,12,Frameshift,9.663319330027353e-06
B4GALT7,37,Frameshift,1.9803973380415197e-05
B9D1,47,Frameshift,7.380588146911778e-05
B9D2,21,Frameshift,6.557520871422492e-06
BAALC,24,Frameshift,1.5121920568942271e-05
BAAT,40,Frameshift,7.89058162082457e-06
BABAM1,20,Frameshift,1.252678646031714e-05
BACE1,18,Frameshift,3.7268465804434686e-05
BACE2,20,Frameshift,1.7196992455359982e-05
BACH1,29,Frameshift,1.782171033868642e-05
BACH2,10,Frameshift,6.206659283324762e-06
BAD,34,In-frame stop codon,3.516591031718783e-05
BAG1,37,Frameshift,3.1547101189619206e-05
BAG2,12,Frameshift,1.0654586093626666e-05
BAG3,12,In-frame stop codon,1.1176017163857767e-05
BAG4,26,Frameshift,2.810242770724434e-05
BAG5,27,Frameshift,7.099126635710031e-06
BAG6,34,Frameshift,1.1252835555392801e-05
BAHD1,16,Frameshift,3.7860659465805863e-05
BAI1,35,Frameshift,7.245370145324834e-05
BAI2,54,In-frame stop codon,0.0007544557342467152
BAI3,40,In-frame stop codon,0.002104414999261705
BAIAP2,50,Frameshift,3.102058073751242e-05
BAIAP2L1,31,Frameshift,8.151440997333508e-06
BAIAP2L2,77,Frameshift,4.0781675889248955e-05
BAIAP3,139,Frameshift,1.1219007830039425e-05
BAK1,24,Frameshift,2.23998728931927e-05
BAMBI,33,Frameshift,7.039413550094096e-06
BANF1,4,Frameshift,4.974542417393507e-06
BANF2,13,Frameshift,7.624345621852866e-06
BANK1,76,Frameshift,1.5115523126437671e-05
BANP,24,In-frame stop codon,3.5354303609836294e-06
BAP1,19,Frameshift,1.6889614597118963e-05
BARD1,71,In-frame stop codon,0.004304318667124938
BARHL1,10,Frameshift,1.4253498702249627e-05
BARHL2,14,Frameshift,6.921457402604161e-06
BARX1,11,Frameshift,1.022175487897021e-05
BARX2,20,Frameshift,1.7127502309831446e-05
BASP1,5,Frameshift,3.5273391833322156e-05
BATF,9,Frameshift,1.5177435621591875e-05
BATF2,25,In-frame stop codon,7.521308911396516e-05
BATF3,5,In-frame stop codon,1.842239735817828e-05
BAX,42,Frameshift,0.00015658563563986466
BAZ1A,34,In-frame stop codon,4.058681306574164e-06
BAZ1B,20,Frameshift,4.451620279322504e-06
BAZ2A,37,In-frame stop codon,0.00031902343353518733
BAZ2B,67,Frameshift,8.281036525514173e-06
BBC3,20,Frameshift,7.533549562076526e-05
BBIP1,19,Frameshift,2.294754077245321e-05
BBOX1,46,Frameshift,1.705343299632892e-05
BBS1,59,Frameshift,4.8046456247596995e-05
BBS10,64,Frameshift,2.0008102857851507e-05
BBS12,53,Frameshift,1.014644470913493e-05
BBS2,64,Frameshift,1.5183972668487229e-05
BBS4,76,Frameshift,1.7251218770463623e-05
BBS5,52,Frameshift,9.446062385912871e-06
BBS7,56,Frameshift,1.1905403097578236e-05
BBS9,96,Frameshift,1.1238004448840808e-05
BBX,33,In-frame stop codon,9.268376813137074e-06
BCAM,51,Frameshift,8.832953508689998e-06
BCAN,47,Frameshift,8.636913431631018e-06
BCAP29,46,Frameshift,4.578677794354568e-05
BCAP31,3,In-frame stop codon,8.931583138311017e-06
BCAR1,50,Frameshift,0.00012788456792220382
BCAR3,45,Frameshift,1.086608123485731e-05
BCAS1,51,Frameshift,1.7786059770188567e-05
BCAS2,24,In-frame stop codon,6.381697002368077e-06
BCAS3,52,In-frame stop codon,0.00028295637776991036
BCAS4,20,In-frame stop codon,3.103146354750273e-05
BCAT1,55,Frameshift,1.1172308787392847e-05
BCAT2,50,Frameshift,1.1159428866181283e-05
BCCIP,32,Frameshift,1.3172816202497055e-05
BCDIN3D,24,Frameshift,9.055448159745819e-06
BCHE,80,Frameshift,2.4033816234132948e-05
BCKDHA,55,In-frame stop codon,0.010735099355174546
BCKDHB,48,Frameshift,1.2554301388013762e-05
BCKDK,32,Frameshift,8.799947374658297e-06
BCL10,7,Frameshift,1.4364953503358774e-05
BCL11A,26,Frameshift,5.9897795189468925e-06
BCL11B,7,Frameshift,8.215279420668512e-06
BCL2,7,Frameshift,1.0056024986279711e-05
BCL2A1,11,Frameshift,8.354741145524389e-06
BCL2L1,1,Frameshift,0.0
BCL2L10,29,In-frame stop codon,2.6492258262908563e-05
BCL2L11,13,Frameshift,0.0003996885448921999
BCL2L12,57,Frameshift,2.909557738947946e-05
BCL2L13,38,Frameshift,1.1495133495332467e-05
BCL2L14,45,Frameshift,1.156911210237796e-05
BCL2L15,16,Frameshift,3.4539048784355166e-05
BCL2L2,10,Frameshift,1.471341161609342e-05
BCL3,12,Frameshift,9.124112314088876e-05
BCL6,17,Frameshift,6.351638061991751e-06
BCL6B,22,Frameshift,7.373274270573951e-06
BCL7A,11,Splice donor,5.051630557469297e-06
BCL7B,9,Frameshift,4.920011912848417e-06
BCL7C,25,Frameshift,3.673606480932032e-05
BCL9,27,Frameshift,1.433895477483144e-05
BCL9L,35,Frameshift,1.755443267754355e-05
BCLAF1,168,In-frame stop codon,9.57436493662669e-05
BCMO1,47,Frameshift,1.5858832785200886e-05
BCO2,66,Frameshift,2.402407449036745e-05
BCOR,17,Frameshift,6.618182802772117e-06
BCORL1,17,Frameshift,7.917978585524838e-06
BCR,41,Frameshift,4.810364287485278e-06
BCS1L,48,In-frame stop codon,1.4264995713709846e-05
BDH1,37,Frameshift,3.404046486355809e-05
BDH2,26,Frameshift,2.2976275662364448e-05
BDKRB1,26,Frameshift,0.00012036669840961625
BDKRB2,18,Frameshift,1.235936973965614e-05
BDNF,17,Frameshift,4.835379861403075e-05
BDP1,161,Frameshift,1.631144586697876e-05
BEAN1,53,Frameshift,4.4158203445012654e-05
BECN1,26,Frameshift,5.231874029206161e-06
BEGAIN,25,Frameshift,7.315939290830249e-05
BEND2,18,Frameshift,1.4717295922930208e-05
BEND3,20,Frameshift,7.048586234044031e-06
BEND4,16,Frameshift,1.2719151716980841e-05
BEND5,29,Frameshift,3.2144468951772226e-05
BEND6,21,Frameshift,5.74087338838734e-06
BEND7,28,Frameshift,0.00046626615835717146
BEST1,94,In-frame stop codon,0.00010008972708734786
BEST2,47,In-frame stop codon,1.0235879166599101e-05
BEST3,92,Frameshift,0.0002644646798256317
BEST4,44,Frameshift,2.5348531087057922e-05
BET1,15,Frameshift,3.21731506666041e-05
BET1L,21,Frameshift,3.410675084719715e-05
BEX2,5,Frameshift,9.955406901767297e-06
BEX4,1,Splice acceptor,0.0
BEX5,9,In-frame stop codon,7.601712622913754e-05
BFAR,45,Frameshift,1.6086515320715954e-05
BFSP1,46,In-frame stop codon,8.363500498511963e-05
BFSP2,33,Frameshift,8.433368155211675e-06
BGLAP,24,Frameshift,2.8101837080283504e-05
BGN,6,Frameshift,7.755673915391563e-06
BHLHA15,18,Frameshift,2.1342253274302223e-05
BHLHA9,14,Frameshift,7.02644911089148e-05
BHLHB9,13,Frameshift,1.0040470378022501e-05
BHLHE22,18,Frameshift,4.924062497839821e-05
BHLHE23,13,Frameshift,1.5478639098992447e-05
BHLHE40,6,Frameshift,5.66491502055848e-06
BHLHE41,21,Frameshift,3.870841829993704e-05
BHMT,43,Frameshift,1.3156222490821659e-05
BHMT2,46,Frameshift,4.224003501694736e-05
BICC1,26,Frameshift,4.694278647434093e-06
BICD1,42,Frameshift,8.875699911499264e-06
BICD2,25,Frameshift,5.71028166988504e-06
BID,39,Frameshift,0.003036488971691595
BIK,34,Frameshift,1.0787477078321476e-05
BIN1,29,In-frame stop codon,2.3359437449769585e-05
BIN2,37,In-frame stop codon,9.293963169572056e-06
BIN3,41,In-frame stop codon,1.0571717357939095e-05
BIRC2,23,Frameshift,1.5556979796458344e-05
BIRC3,20,Frameshift,6.27551762517394e-06
BIRC5,11,Frameshift,0.0004565146821670335
BIRC6,52,Frameshift,9.862419465997496e-06
BIRC7,38,Frameshift,0.00015599890557141475
BIRC8,20,In-frame stop codon,1.5355955181479252e-05
BIVM,28,Frameshift,1.1202579383307716e-05
BLCAP,4,Frameshift,2.1475809320778384e-06
BLID,7,Frameshift,9.666845909362238e-06
BLK,55,Frameshift,1.2470882983106178e-05
BLM,111,Frameshift,1.4068819497211545e-05
BLMH,31,Frameshift,1.4532412412886958e-05
BLNK,16,In-frame stop codon,0.0028247081858354148
BLOC1S1,20,Start codon lost,1.3991506680179928e-05
BLOC1S2,12,Start codon lost,2.443606644505131e-05
BLOC1S3,13,Frameshift,2.419186106033381e-05
BLOC1S4,17,Frameshift,1.219624459977133e-05
BLOC1S5,23,In-frame stop codon,7.639970727499326e-05
BLOC1S6,33,In-frame stop codon,2.7411274644565024e-05
BLVRA,23,Frameshift,1.3337148962434469e-05
BLVRB,27,In-frame stop codon,3.261575174129524e-05
BLZF1,42,Frameshift,8.077177702217549e-05
BMF,15,In-frame stop codon,2.2766089274142365e-05
BMI1,14,Frameshift,8.44120145324176e-06
BMP1,67,Frameshift,0.0002519409126906558
BMP10,7,Frameshift,3.4683491253619623e-06
BMP15,16,In-frame stop codon,1.118641017959612e-05
BMP2,2,Frameshift,0.0
BMP2K,53,Frameshift,7.097100016684029e-05
BMP3,20,Frameshift,5.367674981613472e-06
BMP4,10,Frameshift,0.04527164496375989
BMP5,17,In-frame stop codon,6.587343288425347e-06
BMP6,11,Frameshift,5.127220696321284e-06
BMP7,20,In-frame stop codon,3.162693558253999e-05
BMP8A,29,Frameshift,1.998765572898975e-05
BMP8B,47,Frameshift,1.556199199199698e-05
BMPER,31,In-frame stop codon,1.4598237661101526e-05
BMPR1A,9,In-frame stop codon,4.427013594940878e-06
BMPR1B,15,Frameshift,9.452287478025131e-06
BMPR2,13,In-frame stop codon,1.0655539590678053e-05
BMS1,58,Frameshift,4.225515230855241e-05
BMX,31,Frameshift,9.87278355377913e-06
BNC1,17,Frameshift,9.145291956566953e-06
BNC2,33,Frameshift,1.0893617034254414e-05
BNIP1,30,Frameshift,4.019996191900886e-05
BNIP2,52,Frameshift,1.3012177197195441e-05
BNIP3,21,Frameshift,9.859269910072504e-06
BNIP3L,9,Splice donor,3.599902585890706e-06
BNIPL,38,In-frame stop codon,2.3624441781277264e-05
BOC,64,Frameshift,1.1435906202467917e-05
BOD1,39,In-frame stop codon,0.00046455428961053754
BOD1L1,59,Frameshift,2.5645601431322008e-05
BOD1L2,13,Frameshift,3.977750131451596e-05
BOK,14,Frameshift,1.7628112269188874e-05
BOLA1,15,Frameshift,8.16067005580255e-06
BOLA3,6,In-frame stop codon,1.0617821743716769e-05
BOLL,22,Splice acceptor,9.752925680415205e-05
BOP1,9,Frameshift,7.569463416777047e-06
BORA,40,Frameshift,0.001096950327478269
BPGM,19,Frameshift,6.70358613949451e-06
BPHL,49,Frameshift,0.00039171940250257235
BPI,56,In-frame stop codon,1.732187748734488e-05
BPIFA1,29,Frameshift,2.028808261482729e-05
BPIFA2,26,Frameshift,0.0004426325637971549
BPIFA3,36,In-frame stop codon,8.580850703391868e-05
BPIFB1,35,Frameshift,1.4331653670899937e-05
BPIFB2,29,Splice acceptor,9.020442246203068e-06
BPIFB3,41,Splice donor,0.0003187074442989027
BPIFB4,61,Frameshift,2.6644017375395198e-05
BPIFB6,45,Frameshift,6.34099404553462e-05
BPIFC,48,Frameshift,3.165483132619752e-05
BPNT1,29,Frameshift,9.376050938146875e-06
BPTF,43,Frameshift,7.094222239054191e-05
BRAF,13,Splice acceptor,2.4484935639759797e-06
BRAP,34,In-frame stop codon,1.05436632654968e-05
BRAT1,76,Frameshift,1.863458418055584e-05
BRCA1,165,Frameshift,1.0041248485873561e-05
BRCA2,277,Frameshift,3.510054699062941e-05
BRCC3,17,In-frame stop codon,4.527040214274564e-05
BRD1,36,Frameshift,1.6749638645505815e-05
BRD2,53,Frameshift,5.793220729387806e-05
BRD3,21,Frameshift,9.457866821517703e-05
BRD4,30,Frameshift,1.2663706954131566e-05
BRD7,26,Frameshift,0.00010856333241006102
BRD8,75,Frameshift,1.1569934096412662e-05
BRD9,40,Frameshift,9.252033932070931e-06
BRDT,61,Frameshift,9.677061876708642e-06
BRE,29,Frameshift,0.00010661599462210575
BRF1,67,Frameshift,9.853137602991315e-06
BRF2,54,Frameshift,1.3176685986979557e-05
BRI3,17,Frameshift,5.31802465580101e-05
BRI3BP,10,Frameshift,1.51386720218177e-05
BRICD5,53,Frameshift,5.918687316161847e-05
BRINP1,14,In-frame stop codon,7.446933223235156e-06
BRINP2,11,In-frame stop codon,1.0980724352165409e-05
BRINP3,22,In-frame stop codon,7.928229266021955e-06
BRIP1,108,Frameshift,1.3335738439983523e-05
BRIX1,8,In-frame stop codon,3.2013245029219144e-05
BRK1,3,Start codon lost,1.1967440635478696e-05
BRMS1,29,Frameshift,2.5315478242343097e-05
BRMS1L,15,Splice acceptor,1.2462424971648458e-05
BROX,43,In-frame stop codon,1.5491474238184063e-05
BRPF1,20,Frameshift,1.0769202658235741e-05
BRPF3,20,In-frame stop codon,0.00011961282167033487
BRS3,7,Frameshift,2.0543300553897064e-05
BRSK1,40,Frameshift,6.405154007908283e-05
BRSK2,44,Frameshift,1.581167858775293e-05
BRWD1,76,Frameshift,1.288155740783581e-05
BRWD3,8,Splice acceptor,8.91644426786177e-06
BSCL2,50,Frameshift,1.077733809760114e-05
BSDC1,28,In-frame stop codon,1.2106369927126753e-05
BSG,33,In-frame stop codon,1.318213501816709e-05
BSN,51,In-frame stop codon,5.990100264303116e-06
BSND,31,Frameshift,1.5042518490482283e-05
BSPH1,19,Frameshift,0.00014251834737459624
BSPRY,42,Frameshift,1.3089890563524368e-05
BST1,47,Frameshift,0.0032444274715663552
BST2,16,Frameshift,6.8543411286441295e-06
BSX,8,In-frame stop codon,0.00010856242455033245
BTAF1,40,Frameshift,2.8259578497889266e-05
BTBD1,33,Frameshift,8.601128571997532e-06
BTBD10,21,Frameshift,5.7018402583931185e-06
BTBD11,35,Frameshift,6.519643237708249e-06
BTBD16,55,Frameshift,1.5059370882008398e-05
BTBD17,21,In-frame stop codon,1.1707328889949402e-05
BTBD18,11,Frameshift,5.5936564892541063e-05
BTBD19,37,Frameshift,1.6618621356419255e-05
BTBD2,27,Frameshift,0.009282930056984632
BTBD3,15,Frameshift,4.927406690074037e-06
BTBD6,37,Frameshift,1.2750975407761942e-05
BTBD7,61,Frameshift,7.16085036131179e-06
BTBD8,35,Frameshift,1.0526085413253082e-05
BTBD9,60,In-frame stop codon,9.414653743349404e-06
BTC,8,Frameshift,5.989204518721515e-06
BTD,49,Frameshift,2.0998482581918038e-05
BTF3,12,Frameshift,5.964469674302413e-06
BTF3L4,5,Frameshift,3.2008737388682045e-06
BTG1,4,Frameshift,5.6604055838210575e-06
BTG2,12,In-frame stop codon,5.6326083946511835e-06
BTG3,16,Frameshift,2.148153256061133e-05
BTG4,26,Frameshift,8.422361419280298e-06
BTLA,15,In-frame stop codon,9.13938926674606e-06
BTN1A1,35,Frameshift,1.3970450014952985e-05
BTN2A1,94,Frameshift,6.429954065129453e-05
BTN2A2,55,Frameshift,1.4209848516197764e-05
BTN3A1,44,Frameshift,2.010974578303624e-05
BTN3A2,38,Frameshift,0.0009997283424324555
BTN3A3,68,Frameshift,0.0001209979520745983
BTNL2,39,In-frame stop codon,0.0035025393214200393
BTNL3,33,Frameshift,0.00013890779753226792
BTNL8,50,Frameshift,9.02666282656378e-05
BTNL9,64,Frameshift,0.00012595397606032197
BTRC,27,Frameshift,9.604380654133519e-06
BUB1,67,Frameshift,9.699846445342174e-06
BUB1B,68,Frameshift,8.550264187458139e-06
BUB3,15,Frameshift,1.0328691749649173e-05
BUD13,37,Frameshift,1.1685799074311511e-05
BUD31,11,Frameshift,0.008150180630283938
BYSL,23,Frameshift,5.449925328640268e-06
BZRAP1,59,Frameshift,9.654448769911163e-06
BZW1,15,Frameshift,2.4924010192971217e-05
BZW2,28,Frameshift,2.05636974707346e-05
C10orf10,30,Frameshift,1.2412155594302476e-05
C10orf105,7,In-frame stop codon,2.959658425955209e-05
C10orf107,20,In-frame stop codon,1.0654436511505768e-05
C10orf11,21,Frameshift,0.00020242028846607845
C10orf118,38,In-frame stop codon,4.655183140517155e-06
C10orf120,43,Frameshift,1.967856016820354e-05
C10orf126,24,Frameshift,1.923746554515925e-05
C10orf128,20,In-frame stop codon,0.00013593916166212185
C10orf129,39,Frameshift,7.100190100226151e-05
C10orf2,26,In-frame stop codon,1.0872264921206344e-05
C10orf32,16,In-frame stop codon,4.244461085665704e-06
C10orf35,15,Frameshift,0.012601925951068927
C10orf53,22,In-frame stop codon,0.0001250961592989491
C10orf54,10,Frameshift,1.6740219384998163e-05
C10orf62,19,In-frame stop codon,1.1136640629687895e-05
C10orf67,40,Frameshift,1.6614507064163424e-05
C10orf71,93,Frameshift,0.00034852592135824537
C10orf76,29,In-frame stop codon,1.3491238378337579e-05
C10orf82,18,Frameshift,1.2556757586612805e-05
C10orf88,16,Frameshift,1.4706014707537865e-05
C10orf90,79,Frameshift,4.8612758484959595e-05
C10orf95,36,Frameshift,5.011381681998024e-05
C10orf99,7,Frameshift,2.389084035838337e-05
C11orf1,41,Frameshift,3.30131491404809e-05
C11orf16,65,Frameshift,0.0001416391172488376
C11orf21,15,Frameshift,0.0011167484684341566
C11orf24,26,Frameshift,1.0721117377924008e-05
C11orf30,20,Frameshift,7.238780358805284e-06
C11orf31,19,Frameshift,0.00017863486245347907
C11orf35,118,Frameshift,1.8363769875082484e-05
C11orf42,32,Frameshift,1.2873027562637782e-05
C11orf48,55,Frameshift,1.3727632078007551e-05
C11orf49,65,Frameshift,2.168492427360132e-05
C11orf52,13,In-frame stop codon,1.1632245908792496e-05
C11orf53,25,Frameshift,2.41953137308112e-05
C11orf57,20,Frameshift,7.264512218415767e-06
C11orf58,7,In-frame stop codon,7.290518362861717e-06
C11orf63,72,Frameshift,1.2277927882383529e-05
C11orf65,53,In-frame stop codon,3.682874911336865e-05
C11orf68,15,Frameshift,1.65868414960458e-05
C11orf70,27,In-frame stop codon,3.117813200138317e-05
C11orf71,17,Frameshift,0.00016139350673434743
C11orf73,12,Frameshift,6.090115620311089e-06
C11orf74,19,Frameshift,1.3139170464450829e-05
C11orf80,75,Frameshift,2.242616069744982e-05
C11orf82,92,Frameshift,2.9657227788401616e-05
C11orf83,12,In-frame stop codon,1.1775127138008016e-05
C11orf84,12,Frameshift,1.582939306406231e-05
C11orf85,36,Frameshift,2.2680742741584382e-05
C11orf86,15,In-frame stop codon,1.2291522696827224e-05
C11orf87,2,Frameshift,1.9947339024974066e-06
C11orf88,24,Frameshift,2.2316875813811574e-05
C11orf91,22,Frameshift,0.0020414155112552903
C11orf94,20,Frameshift,0.00012974283747438226
C11orf95,3,Splice donor,4.137803029268322e-05
C11orf96,50,Frameshift,5.540612074287641e-05
C12orf10,55,Frameshift,1.2218188657310223e-05
C12orf23,16,Frameshift,2.205488061499858e-05
C12orf29,48,Frameshift,1.2497519685337187e-05
C12orf39,20,Splice donor,2.3241128908703685e-05
C12orf40,72,Frameshift,1.688682775461671e-05
C12orf42,45,Frameshift,2.138080407258333e-05
C12orf43,31,Frameshift,4.5869703948900545e-05
C12orf44,7,Frameshift,0.007464370147147682
C12orf45,24,Frameshift,9.947405252119527e-06
C12orf49,16,Frameshift,1.6292284489089186e-05
C12orf5,11,Frameshift,5.993550694278015e-06
C12orf50,26,In-frame stop codon,9.435750307252703e-06
C12orf54,23,In-frame stop codon,0.04233659601376556
C12orf55,212,Frameshift,1.6228286382586344e-05
C12orf56,66,Frameshift,3.6965539118729717e-05
C12orf57,27,Frameshift,0.0011388675398646938
C12orf60,23,Frameshift,0.006516934576661533
C12orf65,17,Frameshift,2.416134622588127e-05
C12orf66,21,Frameshift,7.220908272407438e-06
C12orf68,15,Frameshift,1.3749969838271908e-05
C12orf71,24,Frameshift,8.058494045885516e-06
C12orf73,17,Frameshift,0.00016051587945550247
C12orf75,14,Frameshift,2.3519865255184365e-05
C12orf76,41,In-frame stop codon,1.0625019624788259e-05
C14orf1,5,Frameshift,5.571052195048264e-06
C14orf105,40,Frameshift,0.01923705778827125
C14orf119,21,Frameshift,1.913860088897766e-05
C14orf132,9,Frameshift,3.3196787846253506e-05
C14orf142,8,In-frame stop codon,6.0722711884671816e-05
C14orf159,97,Frameshift,0.002897316933024421
C14orf164,40,In-frame stop codon,3.028434814165555e-05
C14orf166,14,Frameshift,1.0684338094709442e-05
C14orf166B,84,Frameshift,0.0005284292498112916
C14orf180,32,Frameshift,6.0359042682555586e-05
C14orf2,21,Frameshift,0.0010582856410343174
C14orf37,70,Frameshift,1.4926457909405776e-05
C14orf39,68,Frameshift,1.3490588921264692e-05
C14orf79,49,Frameshift,3.706834132187861e-05
C14orf80,55,Frameshift,1.651169347345489e-05
C14orf93,47,Frameshift,9.084351684879228e-06
C15orf26,22,Frameshift,8.611846162620028e-06
C15orf27,41,Frameshift,8.167811405976888e-06
C15orf38,43,Frameshift,9.96194652999496e-06
C15orf39,43,Frameshift,1.182192487978739e-05
C15orf40,45,Frameshift,4.41415670560523e-05
C15orf41,37,Frameshift,8.4282791316053e-06
C15orf43,23,In-frame stop codon,1.534722737718573e-05
C15orf52,68,Frameshift,1.5676052554007834e-05
C15orf57,34,Splice acceptor,0.026814545182486715
C15orf59,10,Frameshift,1.597787920675179e-05
C15orf60,36,Frameshift,1.0580255083119851e-05
C15orf61,17,Frameshift,3.163374450599843e-05
C15orf62,13,Frameshift,2.469357124706187e-05
C15orf65,9,Frameshift,0.001599446695216454
C16orf11,36,Frameshift,1.1210984449828606e-05
C16orf13,39,Frameshift,1.8627977813063063e-05
C16orf45,28,Frameshift,1.549330076877817e-05
C16orf46,39,Frameshift,1.455937106624922e-05
C16orf52,36,Frameshift,0.003574920475803015
C16orf54,12,Frameshift,1.1042704086720757e-05
C16orf58,67,Frameshift,1.5507451299161313e-05
C16orf59,67,Frameshift,1.1730277956197126e-05
C16orf62,115,Frameshift,0.001791443026231959
C16orf70,17,Frameshift,1.5020744699110072e-05
C16orf71,67,Frameshift,2.2558991522885633e-05
C16orf72,6,Frameshift,3.2283975779403814e-06
C16orf74,10,Frameshift,0.00026320982885501287
C16orf78,27,In-frame stop codon,2.3879108237454274e-05
C16orf80,12,Frameshift,1.3264478701319746e-05
C16orf86,28,Frameshift,1.2775666564931095e-05
C16orf87,18,Frameshift,5.701220590865129e-06
C16orf89,70,Frameshift,2.7071879450834218e-05
C16orf90,32,Frameshift,1.864900512787175e-05
C16orf91,56,Frameshift,1.6353421051700376e-05
C16orf92,19,Frameshift,2.1537245330187792e-05
C16orf93,61,Frameshift,4.297741753440437e-05
C16orf95,27,In-frame stop codon,1.6475975031739454e-05
C16orf96,88,Frameshift,2.5858956493225615e-05
C17orf100,18,Frameshift,0.05723271730993592
C17orf104,9,Frameshift,3.810473543081877e-05
C17orf105,9,In-frame stop codon,1.7912061703213733e-05
C17orf107,29,Frameshift,0.005762082842657423
C17orf50,29,In-frame stop codon,0.00010590685680686966
C17orf53,46,In-frame stop codon,7.626851711892893e-06
C17orf58,20,Frameshift,0.00035931348107810383
C17orf59,8,Frameshift,6.492016196842653e-06
C17orf62,45,In-frame stop codon,3.01523026730984e-05
C17orf64,29,In-frame stop codon,3.420257376524215e-05
C17orf67,13,In-frame stop codon,5.307557068395113e-05
C17orf70,70,Frameshift,1.5004756084660301e-05
C17orf72,42,Frameshift,3.791627917307866e-05
C17orf74,34,In-frame stop codon,8.976065470672288e-06
C17orf75,26,Frameshift,1.9775488949681287e-05
C17orf78,27,In-frame stop codon,7.966558957235306e-06
C17orf85,12,Frameshift,7.641416842324897e-06
C17orf89,13,In-frame stop codon,0.0005248317087109174
C17orf97,94,Frameshift,4.3458853672738445e-05
C17orf99,21,Frameshift,0.00016353954996054868
C18orf25,9,Frameshift,1.0251269617839274e-05
C18orf32,10,Frameshift,6.042409920017539e-06
C18orf42,5,Frameshift,4.719302319081314e-05
C18orf54,51,Frameshift,1.8500804208007028e-05
C18orf63,48,Frameshift,2.1040172033924366e-05
C18orf8,24,Frameshift,9.73928696267062e-06
C19orf10,30,Frameshift,0.002537638729968267
C19orf12,16,Frameshift,1.99178765893824e-05
C19orf18,28,Frameshift,9.924188400899806e-06
C19orf24,32,Frameshift,2.2542014497977897e-05
C19orf25,53,Frameshift,0.000973879248277024
C19orf26,54,Frameshift,0.0002833351671139119
C19orf33,19,Frameshift,1.2270844354731052e-05
C19orf35,39,Frameshift,1.4077209643525234e-05
C19orf38,11,Frameshift,8.16882726349424e-06
C19orf40,47,Frameshift,1.1193589583536063e-05
C19orf43,8,Frameshift,2.338492186533055e-05
C19orf44,61,Frameshift,3.2657269131034925e-05
C19orf45,53,Frameshift,8.648986378375613e-06
C19orf47,17,Frameshift,1.5495937999051752e-05
C19orf52,19,In-frame stop codon,1.3659334287899253e-05
C19orf53,14,In-frame stop codon,7.441227637230122e-06
C19orf54,45,Frameshift,1.2842172937599852e-05
C19orf55,68,Frameshift,0.01473615047356146
C19orf57,59,Frameshift,4.894434123443315e-05
C19orf59,14,In-frame stop codon,0.0003434423482555405
C19orf60,17,Frameshift,1.0530649855432024e-05
C19orf66,17,In-frame stop codon,6.734823876973726e-06
C19orf67,25,Frameshift,3.5601535172668836e-05
C19orf68,15,Frameshift,1.874398485426138e-05
C19orf69,12,Frameshift,0.000113309678152627
C19orf70,22,Frameshift,1.66146208486734e-05
C19orf71,58,Frameshift,0.0001605309506485869
C19orf73,12,Frameshift,3.415202283304073e-05
C19orf77,14,In-frame stop codon,9.256760972066987e-06
C19orf80,27,In-frame stop codon,4.1993064015658825e-05
C19orf81,20,Frameshift,2.055150812190588e-05
C19orf84,9,Frameshift,1.579751936838836e-05
C1D,24,Frameshift,1.4172561822603543e-05
C1GALT1,11,Frameshift,6.2977976203278165e-06
C1QA,12,Frameshift,1.1766773910793456e-05
C1QB,8,Frameshift,1.0019364768150294e-05
C1QBP,18,Frameshift,7.588229461641438e-06
C1QC,13,In-frame stop codon,6.755784612822933e-06
C1QL1,13,Frameshift,6.899058362889789e-06
C1QL2,9,In-frame stop codon,1.627327240477139e-05
C1QL3,5,Frameshift,2.5416392343711776e-06
C1QL4,12,Frameshift,4.16504533736195e-06
C1QTNF1,19,In-frame stop codon,1.2803789868258857e-05
C1QTNF2,30,Frameshift,1.2687084162672927e-05
C1QTNF3,31,Frameshift,2.9445589430182895e-05
C1QTNF4,33,Frameshift,3.4792364022657044e-05
C1QTNF5,12,Frameshift,6.570032877888815e-05
C1QTNF6,35,Frameshift,1.1321668062992092e-05
C1QTNF7,18,Frameshift,9.94190741180485e-06
C1QTNF8,52,Frameshift,0.00035379911286342625
C1QTNF9,30,Frameshift,3.927247745216448e-05
C1QTNF9B,41,In-frame stop codon,2.9476522805261722e-05
C1R,41,Frameshift,0.0002350902612967277
C1RL,43,Frameshift,1.07971175602969e-05
C1S,37,Frameshift,8.071481434088982e-06
C1orf100,19,In-frame stop codon,2.157686667439473e-05
C1orf101,83,Frameshift,1.7329742884895767e-05
C1orf105,33,Frameshift,0.002510995310775005
C1orf106,39,Frameshift,8.555689913651076e-06
C1orf109,23,In-frame stop codon,2.6305894894395566e-05
C1orf110,38,Frameshift,2.408675764894947e-05
C1orf111,31,In-frame stop codon,1.1073403887208062e-05
C1orf112,75,Frameshift,1.5230625638607285e-05
C1orf115,15,Frameshift,1.4515078718781853e-05
C1orf116,41,Frameshift,0.0001411526088509348
C1orf122,13,Frameshift,1.646731132907361e-05
C1orf123,33,Frameshift,1.644908992350511e-05
C1orf141,53,Frameshift,0.00017092041005935726
C1orf146,21,Frameshift,8.414634465654835e-06
C1orf158,19,Frameshift,2.471280920219163e-05
C1orf159,51,Frameshift,2.353648053207845e-05
C1orf162,18,Frameshift,6.672493251906551e-05
C1orf167,173,In-frame stop codon,0.0001316198019345621
C1orf168,109,Frameshift,4.765788312901384e-05
C1orf170,75,Frameshift,3.175032554060106e-05
C1orf172,11,Frameshift,6.343239929440481e-06
C1orf173,144,Frameshift,1.6593432653816648e-05
C1orf174,28,Frameshift,8.535868876581454e-06
C1orf177,56,Frameshift,0.0002708183250324081
C1orf185,21,In-frame stop codon,0.00026189566042049287
C1orf189,26,Frameshift,0.00032221597720896104
C1orf192,26,Frameshift,1.7444629011795298e-05
C1orf194,31,Frameshift,0.00016391227737391873
C1orf198,26,In-frame stop codon,1.4084265162646468e-05
C1orf21,2,Frameshift,0.0
C1orf210,12,Frameshift,1.526584829899557e-05
C1orf216,14,In-frame stop codon,7.945121693392634e-05
C1orf222,97,Frameshift,3.4454293839277934e-05
C1orf226,11,Frameshift,6.715243169559555e-06
C1orf227,8,Frameshift,0.0012336191334640927
C1orf228,38,Frameshift,2.3420823246298246e-05
C1orf233,4,Frameshift,2.0367861736071515e-05
C1orf234,12,Frameshift,3.2653743671285266e-05
C1orf27,42,Frameshift,9.596980161578106e-06
C1orf35,31,Frameshift,8.045679647215867e-06
C1orf50,44,Frameshift,4.68682300867248e-05
C1orf51,12,Frameshift,1.1244040505579818e-05
C1orf52,19,Frameshift,7.470002328885404e-06
C1orf53,25,In-frame stop codon,0.00010918122233059297
C1orf54,16,Frameshift,5.063155140008525e-06
C1orf56,36,Frameshift,7.191328856122373e-05
C1orf63,49,Frameshift,2.1231837939403378e-05
C1orf64,19,Frameshift,1.067578412885511e-05
C1orf65,50,In-frame stop codon,7.759061131284194e-06
C1orf68,16,In-frame stop codon,9.113095799496493e-06
C1orf74,13,Frameshift,6.735357845927123e-06
C1orf85,42,Frameshift,9.893036779427819e-06
C1orf86,74,Frameshift,7.432479797714412e-05
C1orf87,61,In-frame stop codon,3.07331491853016e-05
C1orf94,28,Frameshift,3.546991723481815e-05
C1orf95,9,Frameshift,1.5189202532080577e-05
C2,69,In-frame stop codon,0.0003614593892602377
C20orf112,15,Frameshift,7.486154076045356e-05
C20orf141,19,Frameshift,0.00015681326287082366
C20orf144,23,Frameshift,5.05813233232318e-05
C20orf173,26,In-frame stop codon,9.042333788657259e-05
C20orf194,77,Frameshift,7.207092276831479e-06
C20orf195,23,Frameshift,1.1882911278791004e-05
C20orf196,22,Frameshift,2.8253996741066693e-05
C20orf201,20,Frameshift,2.441672916087533e-05
C20orf202,16,Frameshift,0.0001814367694257538
C20orf24,13,Frameshift,1.1998014460990918e-05
C20orf26,100,Frameshift,1.5437073776341947e-05
C20orf27,12,Frameshift,2.171082490710838e-05
C20orf85,20,Frameshift,2.0472354670754147e-05
C20orf96,64,In-frame stop codon,0.00044914011889919463
C21orf140,17,Frameshift,3.814534321644759e-05
C21orf2,63,Frameshift,3.2659556764357925e-05
C21orf33,50,Frameshift,0.00021666976364204132
C21orf58,44,In-frame stop codon,1.560452831061385e-05
C21orf59,42,Frameshift,0.0012218838695376986
C21orf91,31,Frameshift,8.728708524641203e-06
C22orf15,23,In-frame stop codon,9.782375008903762e-05
C22orf23,36,Frameshift,4.15120643171519e-05
C22orf29,25,In-frame stop codon,3.732083871249323e-05
C22orf31,28,In-frame stop codon,1.428135518730523e-05
C22orf39,32,Frameshift,0.00010069513968384152
C22orf42,35,Splice donor,2.494779387298972e-05
C22orf43,46,Splice donor,9.513163464497411e-06
C2CD2,40,Frameshift,1.4915226136622076e-05
C2CD2L,22,Frameshift,7.571168044032893e-06
C2CD3,157,Frameshift,0.0003885010709421365
C2CD4A,31,Frameshift,0.00014614546743159276
C2CD4B,34,Frameshift,7.091512621339448e-05
C2CD4C,8,Frameshift,1.676057418798697e-05
C2CD4D,35,Frameshift,4.271864867577666e-05
C2CD5,79,Frameshift,1.0962431003704392e-05
C2orf15,19,Frameshift,1.942314665646713e-05
C2orf16,135,Frameshift,1.069056497895613e-05
C2orf40,23,In-frame stop codon,0.00040641280000178957
C2orf42,36,Frameshift,8.308293948958923e-06
C2orf43,41,Frameshift,1.5358251555443015e-05
C2orf44,32,Frameshift,1.4682107830929967e-05
C2orf47,32,Frameshift,8.449391511454896e-05
C2orf49,14,Frameshift,0.05322433148288025
C2orf53,49,Frameshift,3.3994416923819674e-05
C2orf54,43,In-frame stop codon,1.1837081669766097e-05
C2orf57,29,Frameshift,0.0005802987149713475
C2orf61,26,Frameshift,1.2232980284565787e-05
C2orf62,31,Frameshift,5.276659237946124e-06
C2orf66,8,Frameshift,9.458232010123912e-06
C2orf68,23,Frameshift,8.523222964459075e-06
C2orf69,13,In-frame stop codon,1.551457320706191e-05
C2orf70,33,In-frame stop codon,9.372447915781878e-05
C2orf71,118,Frameshift,1.0511819234257133e-05
C2orf72,18,Frameshift,3.095182232299179e-05
C2orf74,26,Frameshift,2.5110781601336606e-05
C2orf76,14,Splice acceptor,0.00022808781993457577
C2orf78,39,In-frame stop codon,1.219062475254743e-05
C2orf80,41,Frameshift,3.165588834501789e-05
C2orf81,48,Frameshift,1.7769796600843315e-05
C2orf82,14,Frameshift,2.1107700920389647e-05
C3,59,Frameshift,5.2008589219448085e-06
C3AR1,35,Frameshift,1.7105408141426065e-05
C3orf14,19,In-frame stop codon,3.278911372088853e-05
C3orf18,19,Frameshift,1.2943203650112139e-05
C3orf20,81,Frameshift,1.899302852836039e-05
C3orf22,11,Frameshift,1.0840588940276966e-05
C3orf30,50,Frameshift,9.565612758835435e-06
C3orf33,34,Frameshift,9.657242898555074e-06
C3orf38,18,In-frame stop codon,1.4163797101225015e-05
C3orf49,35,Frameshift,0.000412231927524722
C3orf52,46,Frameshift,8.843853108920275e-05
C3orf56,29,Frameshift,1.2314449219891284e-05
C3orf58,23,In-frame stop codon,1.1883119366858907e-05
C3orf62,24,Frameshift,2.208768706647479e-05
C3orf67,69,Frameshift,1.1144057902704809e-05
C3orf70,25,Frameshift,1.0637708663630082e-05
C3orf72,18,Frameshift,0.0009686519307537765
C3orf80,7,Frameshift,9.831982732428059e-06
C3orf83,28,Frameshift,2.6566040736951663e-05
C4A,35,Frameshift,0.00022376097512288788
C4B,20,Frameshift,0.0004157406217908422
C4BPA,22,Frameshift,7.112429681872164e-06
C4BPB,39,Frameshift,2.3187317921695602e-05
C4orf17,37,Frameshift,0.00016091823347957803
C4orf21,222,Frameshift,2.7670407414998176e-05
C4orf22,31,Frameshift,6.720241822584209e-05
C4orf26,19,Frameshift,3.1592736640635926e-05
C4orf27,44,Frameshift,3.232653934205103e-05
C4orf29,49,Frameshift,6.903901104941293e-05
C4orf32,8,Frameshift,4.297545698945502e-05
C4orf33,24,Frameshift,0.00019827854301943668
C4orf36,16,Frameshift,5.372383857946756e-05
C4orf40,19,Frameshift,1.0585321614938806e-05
C4orf45,27,Frameshift,1.7650745746053383e-05
C4orf46,10,Frameshift,0.000245658400936498
C4orf47,27,Splice donor,0.0006770926364102466
C4orf48,19,Frameshift,0.00015923114989381193
C4orf50,76,Frameshift,0.00048336872298765826
C4orf51,22,Frameshift,0.00011604596379907431
C5,128,Frameshift,3.7559658064741267e-05
C5AR1,20,In-frame stop codon,1.3165935194834438e-05
C5AR2,22,Frameshift,7.13977025602989e-06
C5orf15,13,Frameshift,1.4008894157485137e-05
C5orf20,20,In-frame stop codon,0.02551816629439783
C5orf22,37,Frameshift,6.750922975183699e-06
C5orf24,3,Frameshift,2.6544708604497537e-06
C5orf28,24,In-frame stop codon,0.00011868249306814693
C5orf30,6,In-frame stop codon,8.742723764760264e-06
C5orf34,69,Frameshift,1.4421957295316407e-05
C5orf42,226,Frameshift,3.876386366684762e-05
C5orf45,82,Frameshift,0.00010538365977609742
C5orf46,6,Splice donor,2.1332456912587347e-05
C5orf47,19,Frameshift,4.957313060445598e-05
C5orf48,17,Frameshift,1.57061781969196e-05
C5orf49,10,Frameshift,0.0006760361137665048
C5orf51,32,In-frame stop codon,2.2814038736159122e-05
C5orf52,16,Frameshift,7.90014920462593e-05
C5orf54,53,Frameshift,1.953039712219896e-05
C5orf58,14,Frameshift,8.986284568782641e-06
C5orf63,20,Frameshift,6.520326058990079e-05
C6,84,In-frame stop codon,6.374880891396003e-05
C6ORF165,71,Frameshift,3.110701622888881e-05
C6orf1,22,Frameshift,2.1909749527381245e-05
C6orf10,80,Frameshift,2.0062832278561324e-05
C6orf106,9,In-frame stop codon,4.033428841367507e-06
C6orf118,61,In-frame stop codon,2.0323675376780643e-05
C6orf120,24,Frameshift,6.066081298538038e-06
C6orf132,111,Frameshift,0.000870946466732235
C6orf136,20,Frameshift,9.82769728512595e-06
C6orf141,14,Frameshift,8.024386674548715e-06
C6orf15,24,Frameshift,1.1803804421505187e-05
C6orf163,32,Frameshift,1.4546874075216807e-05
C6orf203,21,Frameshift,0.0001693074043181704
C6orf222,75,Frameshift,1.4807695375576374e-05
C6orf229,18,Frameshift,0.0011106521238787104
C6orf25,47,Frameshift,1.899517183203508e-05
C6orf47,20,Frameshift,6.463953325901264e-06
C6orf52,25,In-frame stop codon,1.206699014084068e-05
C6orf57,13,In-frame stop codon,0.00023328950666831274
C6orf58,31,In-frame stop codon,1.1160978779709752e-05
C6orf62,6,Frameshift,2.4551218458908965e-06
C6orf89,27,Frameshift,1.536152600997291e-05
C7,74,Frameshift,2.0741321141229833e-05
C7orf25,26,Frameshift,2.9985736149141274e-05
C7orf26,21,Frameshift,9.555060215379748e-06
C7orf31,62,Frameshift,2.98860584832266e-05
C7orf33,17,Frameshift,0.002491906765687239
C7orf34,20,In-frame stop codon,3.97345430926628e-05
C7orf43,35,Frameshift,1.2470800695683185e-05
C7orf49,20,Frameshift,0.0001210367012119425
C7orf55,7,Frameshift,1.0825414667728513e-05
C7orf55-LUC7L2,35,Frameshift,0.000662809843914093
C7orf57,55,Frameshift,2.5694778098679213e-05
C7orf61,23,Frameshift,1.8766733169170787e-05
C7orf62,20,In-frame stop codon,1.2406514469129744e-05
C7orf63,80,Frameshift,2.0719772026712015e-05
C7orf72,29,In-frame stop codon,4.273316857837758e-05
C7orf73,4,Start codon lost,1.4644278490347234e-05
C8A,50,In-frame stop codon,1.132332755021574e-05
C8B,59,In-frame stop codon,3.333151435091937e-05
C8G,49,Frameshift,3.3728775488607364e-05
C8orf22,15,Frameshift,8.27749586486457e-06
C8orf33,28,Frameshift,9.19202023378886e-06
C8orf34,58,Frameshift,0.00030237427482920725
C8orf37,22,In-frame stop codon,8.26572171274434e-06
C8orf4,8,In-frame stop codon,2.1025701465258142e-05
C8orf46,8,Frameshift,1.1995851905102017e-05
C8orf47,33,Frameshift,1.1341444805300959e-05
C8orf48,34,Frameshift,5.211490107071014e-05
C8orf58,57,Frameshift,2.6543497942294097e-05
C8orf59,21,Frameshift,2.1315062939340773e-05
C8orf74,40,In-frame stop codon,4.048539859688456e-05
C8orf76,41,In-frame stop codon,9.070848105843786e-06
C8orf82,47,Frameshift,4.786599598038073e-05
C8orf88,14,Frameshift,1.6163097670083105e-05
C9,70,Frameshift,4.9683340733227025e-05
C9orf114,44,Frameshift,3.72673179373102e-05
C9orf116,26,Frameshift,1.1166590105168524e-05
C9orf117,62,Frameshift,4.080664381880877e-05
C9orf131,101,Frameshift,2.5442860803815497e-05
C9orf135,33,Frameshift,2.618328035361597e-05
C9orf142,22,Frameshift,2.0555549380813437e-05
C9orf152,19,Frameshift,0.0008501357711846076
C9orf153,14,Frameshift,9.916957350516881e-06
C9orf156,51,Frameshift,1.6934962916210903e-05
C9orf16,10,Frameshift,1.1640041486949449e-05
C9orf169,19,Frameshift,3.204079472135955e-05
C9orf171,31,Frameshift,9.738884514982341e-06
C9orf172,30,Frameshift,4.4320908758650636e-05
C9orf173,63,Frameshift,0.00010457329296028372
C9orf24,45,Frameshift,1.3707315818417433e-05
C9orf3,99,Frameshift,9.795922159246649e-05
C9orf40,16,Frameshift,2.0968026149148263e-05
C9orf41,24,In-frame stop codon,7.525817927649363e-06
C9orf43,49,Frameshift,0.0016002761464539979
C9orf50,36,Frameshift,2.279298487855395e-05
C9orf57,13,Frameshift,0.0003275583755153912
C9orf64,27,In-frame stop codon,8.372147471685116e-06
C9orf69,21,Frameshift,1.6277910593568783e-05
C9orf72,37,Frameshift,5.77001990493093e-06
C9orf78,25,In-frame stop codon,7.497059855406987e-06
C9orf84,139,Frameshift,1.3298068983669156e-05
C9orf85,27,Frameshift,5.634380771062882e-05
C9orf89,17,Splice donor,3.2253039629568566e-05
C9orf9,29,Frameshift,2.4732072237605044e-05
C9orf91,32,Frameshift,9.537837100172722e-06
C9orf96,74,Frameshift,1.876087915806742e-05
CA1,34,In-frame stop codon,1.0360055002530319e-05
CA10,14,Frameshift,1.2875588454793954e-05
CA11,20,Frameshift,0.041484658783529624
CA12,31,Frameshift,3.6692645545215563e-05
CA13,28,Frameshift,9.394520793125403e-06
CA14,65,Frameshift,1.2810949818625074e-05
CA2,23,Frameshift,4.847859160506695e-06
CA3,17,In-frame stop codon,1.2825094093538942e-05
CA4,39,Frameshift,9.435993873135184e-06
CA5A,24,In-frame stop codon,6.199761321293138e-06
CA5B,20,Frameshift,1.7318699902117754e-05
CA6,32,Frameshift,1.6603996090626896e-05
CA7,12,Frameshift,8.954433360500023e-06
CA8,15,Frameshift,3.4731405713151964e-06
CA9,49,Frameshift,1.269282470766873e-05
CAAP1,16,Frameshift,6.825761076174277e-05
CAB39,15,Splice acceptor,4.142189733083094e-05
CAB39L,38,Frameshift,1.5369281863075006e-05
CABIN1,113,Frameshift,8.379663202789567e-06
CABLES1,54,Frameshift,6.606246674238947e-05
CABLES2,41,Frameshift,3.58639329824238e-05
CABP1,48,Frameshift,0.0041981590333083916
CABP2,23,Frameshift,5.462137118793513e-05
CABP4,39,In-frame stop codon,1.2526920358519395e-05
CABP5,16,Frameshift,1.152155517012679e-05
CABP7,10,Frameshift,5.835944964517037e-06
CABS1,36,Frameshift,1.2230553130368475e-05
CABYR,76,Frameshift,0.00013652258587145322
CACFD1,29,Frameshift,1.1745203996848341e-05
CACHD1,55,In-frame stop codon,1.3825614213878654e-05
CACNA1A,73,Frameshift,0.0007054680310604626
CACNA1B,96,Frameshift,0.0010319084733576111
CACNA1C,54,Frameshift,8.611223080090727e-06
CACNA1D,52,In-frame stop codon,2.928571583974145e-05
CACNA1E,39,Frameshift,5.832173838965046e-05
CACNA1F,49,In-frame stop codon,7.490380413965139e-06
CACNA1G,59,Frameshift,1.5398081688748916e-05
CACNA1H,106,Frameshift,6.888349431600615e-05
CACNA1I,69,Frameshift,6.800694994749625e-05
CACNA1S,90,Frameshift,2.2737167777811083e-05
CACNA2D1,48,In-frame stop codon,6.407704327274223e-06
CACNA2D2,42,Frameshift,8.303313605895011e-06
CACNA2D3,45,Frameshift,2.250612560101173e-05
CACNA2D4,129,In-frame stop codon,2.061715617769614e-05
CACNB1,25,Frameshift,7.283236013600554e-06
CACNB2,69,Frameshift,5.400890155487791e-05
CACNB3,34,Frameshift,3.447516058399832e-05
CACNB4,29,Frameshift,1.5951567916982644e-05
CACNG1,21,In-frame stop codon,7.22558457083989e-06
CACNG2,4,Frameshift,1.8008534688216745e-05
CACNG3,1,Start codon lost,3.976902152299445e-06
CACNG4,8,In-frame stop codon,4.770965506874614e-06
CACNG5,27,Frameshift,0.000165263953755224
CACNG6,28,Frameshift,6.439566323836655e-05
CACNG7,9,Frameshift,6.672098377666913e-06
CACNG8,8,Frameshift,1.000618956272791e-05
CACTIN,41,Frameshift,1.427526457537502e-05
CACUL1,11,Frameshift,1.6362017134769725e-05
CACYBP,14,Frameshift,8.553157113320759e-06
CAD,56,Frameshift,4.476674045663708e-05
CADM1,17,Frameshift,8.202815628149565e-05
CADM2,11,Frameshift,9.069659746882758e-06
CADM3,7,In-frame stop codon,4.1536213500638765e-06
CADM4,4,Frameshift,2.0447212405627547e-05
CADPS,69,In-frame stop codon,0.0002050384073481773
CADPS2,60,Frameshift,1.0906377342766778e-05
CAGE1,72,Frameshift,1.4099205294240195e-05
CALB1,8,In-frame stop codon,3.541547269455447e-06
CALB2,19,In-frame stop codon,7.651097441076287e-06
CALCA,30,Frameshift,1.2602710387572112e-05
CALCB,17,Frameshift,7.73180432569309e-06
CALCOCO1,43,In-frame stop codon,8.390614929537517e-05
CALCOCO2,39,Frameshift,1.2853414143150186e-05
CALCR,57,Frameshift,3.049240799905935e-05
CALCRL,14,Frameshift,1.2580076572295601e-05
CALD1,31,Frameshift,9.888745973786978e-06
CALHM1,28,Frameshift,4.102892019811917e-05
CALHM2,39,Frameshift,0.0003235037709447489
CALHM3,22,Frameshift,3.0490961532794847e-05
CALM1,2,Splice donor,7.51761005283564e-06
CALM2,7,Frameshift,0.00016443123416400268
CALM3,6,Splice donor,3.087868788204899e-05
CALML3,11,In-frame stop codon,6.363653455899712e-06
CALML4,31,Frameshift,0.0009032333930774672
CALML5,10,Frameshift,7.263325351273284e-06
CALML6,28,Frameshift,8.547035034330419e-06
CALN1,16,Frameshift,4.477695490090546e-05
CALR,17,Frameshift,9.581709482607079e-06
CALR3,42,Frameshift,1.0876969207295257e-05
CALU,14,In-frame stop codon,9.488506126396e-06
CALY,25,In-frame stop codon,5.682293105518166e-05
CAMK1,38,Frameshift,3.1156974272838015e-05
CAMK1D,14,Frameshift,3.03793803223303e-05
CAMK1G,25,Frameshift,3.383622739223932e-05
CAMK2A,12,Frameshift,1.473691717618335e-06
CAMK2B,34,Frameshift,0.00014496650193583681
CAMK2D,28,In-frame stop codon,5.229215167091164e-06
CAMK2G,20,In-frame stop codon,6.51418772572995e-06
CAMK2N1,1,Splice acceptor,4.007116639151133e-06
CAMK2N2,5,Frameshift,5.875615982334803e-06
CAMK4,23,Frameshift,1.2882250793092082e-05
CAMKK1,26,Frameshift,6.8601086698656446e-06
CAMKK2,54,Frameshift,0.005880386994348116
CAMKMT,48,In-frame stop codon,1.2553086336572602e-05
CAMKV,11,In-frame stop codon,2.9825365355626893e-05
CAMLG,26,Frameshift,1.053409006236991e-05
CAMP,20,Frameshift,0.00025623385680492554
CAMSAP1,45,Frameshift,9.480423089654511e-05
CAMSAP2,28,Frameshift,3.5665559823463425e-06
CAMSAP3,32,Frameshift,1.0937160471242604e-05
CAMTA1,26,Frameshift,1.570087726624735e-05
CAMTA2,52,Frameshift,1.0065208399393982e-05
CAND1,7,Frameshift,1.0821385087061407e-05
CAND2,75,In-frame stop codon,1.5739200624194076e-05
CANT1,44,Frameshift,9.121110750681413e-06
CANX,45,Frameshift,3.779688958884914e-05
CAP1,18,Frameshift,1.162412439655788e-05
CAP2,13,In-frame stop codon,2.942766217947848e-05
CAPG,48,Frameshift,0.00021980711743706474
CAPN1,62,Frameshift,7.853696701071792e-06
CAPN10,72,In-frame stop codon,7.620918304613412e-05
CAPN11,100,Frameshift,0.008388662318714936
CAPN12,157,Frameshift,3.8252752983898966e-05
CAPN13,86,Frameshift,2.1615745761729337e-05
CAPN14,76,Frameshift,3.166459205793477e-05
CAPN15,46,In-frame stop codon,0.00010034623977628312
CAPN2,99,Frameshift,6.599201704239723e-05
CAPN3,108,Frameshift,1.3048311433181203e-05
CAPN5,56,Frameshift,2.8566278185196172e-05
CAPN6,15,Frameshift,7.127915500728085e-06
CAPN7,74,Frameshift,1.0381330405100904e-05
CAPN8,70,In-frame stop codon,0.007642585087246444
CAPN9,80,Frameshift,0.00018277284196125909
CAPNS1,44,Splice acceptor,5.273993616253711e-05
CAPNS2,19,Frameshift,9.97251833683151e-06
CAPRIN1,26,In-frame stop codon,8.40561138773003e-06
CAPRIN2,70,Frameshift,5.218030669196253e-05
CAPS,42,Frameshift,9.80895051618117e-06
CAPS2,71,In-frame stop codon,0.00010718507810822903
CAPSL,21,Frameshift,1.2436310763415224e-05
CAPZA1,4,Frameshift,1.1115694325827738e-05
CAPZA2,6,Splice acceptor,2.487691267280166e-06
CAPZA3,19,Frameshift,9.867024059849894e-06
CAPZB,15,Start codon lost,7.0573542774228325e-06
CARD10,66,Frameshift,1.690333932441672e-05
CARD11,21,Frameshift,8.155108185590361e-06
CARD14,108,Frameshift,1.2967362506675175e-05
CARD16,16,Frameshift,4.460357019630206e-05
CARD18,11,Frameshift,4.941214081369521e-05
CARD6,88,Frameshift,0.00022988118218072442
CARD8,67,Frameshift,0.00566043600405505
CARD9,47,In-frame stop codon,7.865126920061379e-05
CARF,57,Frameshift,7.999639950042147e-05
CARHSP1,34,In-frame stop codon,1.5061776503217046e-05
CARKD,45,Frameshift,4.185708594425825e-05
CARM1,7,Frameshift,0.00022689414343302506
CARNS1,72,Frameshift,2.4711324738700832e-05
CARS,55,Frameshift,1.0034337769282339e-05
CARS2,77,Frameshift,6.564361022631826e-05
CARTPT,9,Frameshift,7.589718887187261e-06
CASC1,118,Frameshift,6.329712952960547e-05
CASC3,19,Frameshift,0.0011117197275489442
CASC4,24,In-frame stop codon,5.429308459564133e-06
CASC5,64,Frameshift,1.0124407601179102e-05
CASD1,33,Frameshift,1.0768261918524825e-05
CASK,5,Splice acceptor,1.7113810505095077e-05
CASKIN1,35,Frameshift,1.0328128474734125e-05
CASKIN2,60,Frameshift,2.8940329023680023e-05
CASP1,37,Frameshift,0.00019072243755929237
CASP10,71,Frameshift,1.7537417047495623e-05
CASP12,38,Frameshift,0.05234790700783722
CASP14,24,Frameshift,3.150296807731419e-05
CASP2,30,Frameshift,1.711187661846875e-05
CASP3,13,Frameshift,1.1100246903463836e-05
CASP4,54,Frameshift,0.0005531435509894334
CASP5,75,Frameshift,0.001533227606477564
CASP6,31,Frameshift,1.1776664423349456e-05
CASP7,35,Frameshift,1.1405090139889024e-05
CASP8,47,Frameshift,0.001054049208442061
CASP8AP2,3,Splice acceptor,0.00016399151293305906
CASP9,34,Frameshift,0.006255291103067676
CASQ1,51,Frameshift,3.1915028546551586e-05
CASQ2,38,Frameshift,1.3121446506948731e-05
CASR,23,Frameshift,6.593104482261028e-06
CASS4,20,Frameshift,5.315618582869154e-06
CAST,88,Splice donor,1.43480577979143e-05
CASZ1,19,Frameshift,6.650041060457708e-05
CAT,38,Frameshift,9.598104787278879e-06
CATSPER1,65,Frameshift,1.0881707163929419e-05
CATSPER2,76,Frameshift,0.004184098882348545
CATSPER3,26,Frameshift,1.0103046398315914e-05
CATSPER4,48,Frameshift,2.3430967281780702e-05
CATSPERB,93,Frameshift,1.1933415862939654e-05
CATSPERD,87,Frameshift,0.0015444250715122383
CATSPERG,119,Frameshift,2.0092882052061202e-05
CAV1,9,In-frame stop codon,2.082979458622464e-05
CAV2,9,In-frame stop codon,8.507228746472334e-06
CAV3,11,Frameshift,9.057633870295626e-06
CBFA2T2,21,Frameshift,3.224396858102822e-05
CBFA2T3,33,Frameshift,9.956278202228887e-06
CBFB,5,In-frame stop codon,3.398658030424598e-06
CBL,37,In-frame stop codon,9.025277690106738e-06
CBLB,37,Splice acceptor,0.0001609126828127636
CBLC,50,Frameshift,0.0006241676169178734
CBLL1,6,Frameshift,1.9698383618241292e-05
CBLN1,7,In-frame stop codon,3.9731244844530165e-05
CBLN2,12,Frameshift,2.9862545956102148e-05
CBLN3,26,Frameshift,1.0617770504344013e-05
CBLN4,10,Frameshift,7.863507787838285e-06
CBR1,44,Frameshift,0.0004384731863257992
CBR3,21,Frameshift,8.02200361017805e-05
CBR4,23,Frameshift,3.1408617098886884e-05
CBS,67,Frameshift,0.00642376529362884
CBWD1,44,Frameshift,7.646556774857466e-05
CBWD2,34,Frameshift,3.909626475052128e-05
CBWD3,32,In-frame stop codon,0.018182407065989118
CBWD5,18,In-frame stop codon,0.00013743578525272852
CBX1,3,Splice donor,4.61093723472494e-06
CBX2,31,Frameshift,6.982562902388021e-05
CBX3,20,Frameshift,1.9887283222846127e-05
CBX4,13,Frameshift,1.179543769824057e-05
CBX5,1,Frameshift,0.0001548670489849169
CBX6,12,Frameshift,4.182963116085437e-06
CBX7,7,Frameshift,3.4504828369577146e-06
CBX8,14,Frameshift,1.2286418014873227e-05
CBY1,12,Frameshift,5.96673554515005e-05
CBY3,28,Frameshift,6.53230975607479e-05
CC2D1A,50,Frameshift,1.896143050263402e-05
CC2D1B,111,Frameshift,1.3116712504901736e-05
CC2D2A,141,Frameshift,0.0006294314525722819
CC2D2B,53,Frameshift,0.00011997378780560612
CCAR1,48,Frameshift,4.392121764309275e-05
CCAR2,39,Frameshift,9.733846747310807e-06
CCBE1,37,In-frame stop codon,1.1589363945765384e-05
CCBL1,59,Frameshift,0.008303566756534368
CCBL2,48,In-frame stop codon,1.697354587814192e-05
CCDC101,13,Splice donor,4.341677444875514e-06
CCDC102A,33,Frameshift,3.3182745115489086e-05
CCDC102B,65,Frameshift,3.463782635193593e-05
CCDC104,46,Frameshift,4.8798962788400284e-05
CCDC105,43,Frameshift,0.00010348416942807479
CCDC106,14,Frameshift,4.23081921346212e-06
CCDC107,46,Frameshift,2.3390922165711954e-05
CCDC108,178,Frameshift,0.00393664076736883
CCDC109B,52,Frameshift,1.2370868781870638e-05
CCDC11,70,In-frame stop codon,1.463313062969778e-05
CCDC110,108,Frameshift,1.9017906344241555e-05
CCDC112,26,Frameshift,8.291322766183886e-06
CCDC114,56,Frameshift,1.1766154189651966e-05
CCDC116,47,Frameshift,1.7159369090085504e-05
CCDC117,15,Frameshift,7.83635108251076e-06
CCDC12,18,Frameshift,7.31234262135762e-05
CCDC120,25,Frameshift,1.3620553468672882e-05
CCDC121,53,Frameshift,0.0002451461935219687
CCDC122,41,Frameshift,1.4777912129138729e-05
CCDC124,22,Frameshift,0.011312796402641248
CCDC125,58,Frameshift,0.00028590004188322395
CCDC126,5,Frameshift,5.5795927635180835e-06
CCDC127,25,Frameshift,1.565332698173286e-05
CCDC129,121,Frameshift,0.0031458131275429995
CCDC13,61,Frameshift,3.0268699423061242e-05
CCDC130,52,Frameshift,1.078557370777917e-05
CCDC132,61,Frameshift,0.0005528459862591411
CCDC134,23,Frameshift,8.650937262989778e-06
CCDC135,68,Frameshift,4.962780709044082e-05
CCDC136,87,In-frame stop codon,8.80918395996461e-06
CCDC137,38,Frameshift,3.490763006159234e-05
CCDC138,73,Frameshift,1.3254054353271821e-05
CCDC14,94,Frameshift,1.7517581070983666e-05
CCDC141,142,In-frame stop codon,2.3726200909489447e-05
CCDC142,72,Frameshift,8.359265526256257e-06
CCDC144A,105,Frameshift,1.9327783574840277e-05
CCDC146,103,Frameshift,1.556650225357141e-05
CCDC147,82,Frameshift,2.6021677117638808e-05
CCDC148,99,Frameshift,2.7152605162010076e-05
CCDC149,35,Frameshift,1.8993673418598367e-05
CCDC15,100,Frameshift,1.4765817307516484e-05
CCDC150,145,Frameshift,0.001277792440601872
CCDC151,55,Frameshift,1.6094086688770934e-05
CCDC152,24,Frameshift,1.615637861701563e-05
CCDC154,72,In-frame stop codon,7.970520708244793e-05
CCDC155,50,Frameshift,1.2242268280047619e-05
CCDC157,94,Frameshift,1.4714432292221524e-05
CCDC158,106,Frameshift,6.338676416955244e-05
CCDC159,35,Frameshift,2.4987901896773068e-05
CCDC160,20,Frameshift,3.3953111140233164e-05
CCDC166,39,Frameshift,1.719697578812228e-05
CCDC167,15,Splice acceptor,1.4588799732692702e-05
CCDC169,27,Splice acceptor,2.5246130752344077e-05
CCDC17,114,Frameshift,3.44957303759521e-05
CCDC170,76,Frameshift,2.1161043885256204e-05
CCDC171,162,Frameshift,1.58598764404674e-05
CCDC172,38,Frameshift,1.3618261131957108e-05
CCDC173,95,Frameshift,2.3698557644544886e-05
CCDC174,39,Frameshift,8.435321147125511e-06
CCDC175,92,Frameshift,0.00012914741029270598
CCDC176,71,Frameshift,1.3506157251842799e-05
CCDC177,7,Frameshift,2.1241322584223824e-05
CCDC178,133,Frameshift,0.00010764979893912997
CCDC179,8,In-frame stop codon,1.567901513900646e-05
CCDC18,198,Frameshift,2.6485246698251953e-05
CCDC180,199,Frameshift,1.3944296559885102e-05
CCDC181,60,Frameshift,1.2287915988732285e-05
CCDC182,10,Frameshift,1.1379693924491074e-05
CCDC183,57,Frameshift,0.0001252744852805194
CCDC19,50,In-frame stop codon,1.170713505821046e-05
CCDC22,2,Splice donor,0.0
CCDC23,9,In-frame stop codon,0.001733656050022547
CCDC24,50,Frameshift,1.0262601469649705e-05
CCDC25,15,Frameshift,6.155121754382002e-06
CCDC27,81,Frameshift,3.4089679075855394e-05
CCDC28A,39,Frameshift,6.588004905296338e-05
CCDC28B,28,Frameshift,7.3877876138379744e-06
CCDC3,33,Frameshift,0.00011669667308941097
CCDC30,93,Frameshift,0.0005765314445862996
CCDC33,104,Frameshift,2.6754328001524973e-05
CCDC34,49,Frameshift,2.987583956927269e-05
CCDC36,48,Frameshift,7.367416832786805e-06
CCDC37,80,Frameshift,9.092633834671755e-05
CCDC38,71,Frameshift,1.7559934250542806e-05
CCDC39,114,Frameshift,8.448788705206659e-05
CCDC40,320,Frameshift,0.000736067084567264
CCDC41,61,In-frame stop codon,1.0384023787089287e-05
CCDC42,25,Frameshift,1.550699774562055e-05
CCDC42B,27,Frameshift,0.00010941854103744538
CCDC43,21,In-frame stop codon,2.821757086420433e-05
CCDC47,41,In-frame stop codon,1.1227820442660154e-05
CCDC50,48,Frameshift,1.296974247706036e-05
CCDC51,40,Frameshift,1.0574477278638798e-05
CCDC53,23,Frameshift,7.833067584693724e-06
CCDC54,29,In-frame stop codon,0.00015374417462699267
CCDC57,118,Frameshift,0.001437965712952755
CCDC58,18,Frameshift,3.6382119673189156e-05
CCDC59,40,Frameshift,4.981869532198038e-05
CCDC6,16,In-frame stop codon,3.0064028655047938e-06
CCDC60,62,Frameshift,4.376729511585951e-05
CCDC61,63,Frameshift,4.1661748430431873e-05
CCDC62,54,Frameshift,1.1825275005996307e-05
CCDC63,59,Frameshift,4.645403040745948e-05
CCDC64,25,Frameshift,1.0281850502948786e-05
CCDC64B,66,Frameshift,8.216069558807883e-05
CCDC66,206,Frameshift,0.003812821682021547
CCDC67,90,Frameshift,6.991502038424354e-05
CCDC68,42,Frameshift,1.4403761279225854e-05
CCDC69,41,Frameshift,1.7833572793949648e-05
CCDC7,66,Frameshift,0.0017337489726591021
CCDC70,19,Frameshift,1.4690804835530087e-05
CCDC71,8,In-frame stop codon,4.488091306922433e-06
CCDC71L,5,Frameshift,3.432902044512684e-05
CCDC73,121,Frameshift,1.5617385652448123e-05
CCDC74A,103,Frameshift,2.6199734432888482e-05
CCDC74B,94,Frameshift,5.0742594350376705e-05
CCDC77,63,In-frame stop codon,1.4876509020139276e-05
CCDC78,81,In-frame stop codon,4.2316842735561286e-05
CCDC79,36,Frameshift,1.2119501397474026e-05
CCDC8,48,Frameshift,1.2765734589785375e-05
CCDC80,47,Frameshift,0.006953457416514191
CCDC81,74,Frameshift,2.0314642068269384e-05
CCDC82,39,Frameshift,9.64574861783126e-06
CCDC83,49,Frameshift,9.223150685171535e-05
CCDC84,60,Frameshift,1.037368028388063e-05
CCDC85A,23,In-frame stop codon,7.013790041251443e-06
CCDC85B,16,Frameshift,4.825235323428518e-06
CCDC85C,22,Frameshift,5.635415577750389e-05
CCDC86,26,Frameshift,1.7925563880068305e-05
CCDC87,81,Frameshift,3.502949051139955e-05
CCDC88A,35,Frameshift,3.5929958120847514e-05
CCDC88B,116,In-frame stop codon,1.44059013277355e-05
CCDC88C,103,Frameshift,0.0002785323378743127
CCDC89,33,Frameshift,3.0921536019558286e-05
CCDC9,39,Frameshift,0.00010781317579687942
CCDC90B,60,Frameshift,0.0011145210236091605
CCDC91,50,Frameshift,0.0008835217665442747
CCDC92,19,Frameshift,5.950113164951592e-06
CCDC93,37,In-frame stop codon,1.1509167750879422e-05
CCDC94,25,Frameshift,8.276584409412085e-06
CCDC97,48,Frameshift,1.523105683465454e-05
CCER1,39,Frameshift,1.6728540819941798e-05
CCER2,25,Frameshift,1.9283735449116207e-05
CCHCR1,77,Frameshift,0.007445901546138315
CCIN,21,Frameshift,1.0435832782788875e-05
CCK,9,In-frame stop codon,1.3173893783412472e-05
CCKAR,21,Frameshift,2.0670321606772697e-05
CCKBR,40,Frameshift,1.4197985822688013e-05
CCL1,8,Frameshift,7.964646500592099e-06
CCL11,13,Frameshift,1.0742476293160685e-05
CCL13,10,Frameshift,1.1956500993562608e-05
CCL14,19,Frameshift,1.0571979095494424e-05
CCL15,7,In-frame stop codon,1.0252796395011659e-05
CCL16,7,Frameshift,2.3889026670805556e-05
CCL17,13,Frameshift,1.5073298231916714e-05
CCL18,8,Frameshift,1.2931967285298493e-05
CCL19,3,Frameshift,4.059648098569514e-06
CCL2,4,Frameshift,1.0954456176468896e-05
CCL20,12,Splice acceptor,7.900508297190897e-06
CCL21,10,In-frame stop codon,1.0748570157220281e-05
CCL22,9,Frameshift,1.326929589084807e-05
CCL23,17,Frameshift,1.5460504544678387e-05
CCL24,10,In-frame stop codon,1.4742098276394168e-05
CCL25,14,Frameshift,8.726655834951995e-06
CCL26,11,Frameshift,0.0006878809823239659
CCL27,13,Frameshift,8.885530256675957e-06
CCL28,11,Frameshift,2.8212963813372317e-05
CCL3,7,In-frame stop codon,3.412509691871295e-05
CCL3L1,10,Frameshift,0.0005285348257645201
CCL3L3,6,Frameshift,5.983256196073905e-05
CCL4,12,In-frame stop codon,0.0001699322334524476
CCL4L1,16,In-frame stop codon,0.00033977805134000164
CCL4L2,18,Frameshift,9.821724756421034e-05
CCL5,11,In-frame stop codon,2.280794672916501e-05
CCL7,18,Frameshift,2.744496286485418e-05
CCL8,5,Splice donor,6.709945833949841e-05
CCM2,17,Frameshift,1.4030854758774095e-05
CCM2L,54,Frameshift,1.4641432487720137e-05
CCNA1,24,Frameshift,7.748299496811738e-05
CCNA2,8,Frameshift,4.608275545136894e-06
CCNB1,18,Frameshift,1.248713051241535e-05
CCNB1IP1,30,Frameshift,7.631840925523284e-06
CCNB2,33,In-frame stop codon,6.0090056717763255e-06
CCNB3,14,Splice acceptor,1.4187923348658285e-05
CCNC,21,Frameshift,0.018401505523481104
CCND1,7,In-frame stop codon,3.4578950886839265e-06
CCND2,9,Frameshift,2.9024052318124844e-05
CCND3,26,Frameshift,0.000467606351626282
CCNDBP1,32,Frameshift,1.0440908781015391e-05
CCNE1,13,In-frame stop codon,1.683992083822168e-05
CCNE2,22,Frameshift,6.038350012153152e-06
CCNF,35,Frameshift,5.958044117936073e-06
CCNG1,24,Frameshift,3.0014579503015386e-05
CCNG2,25,Frameshift,5.570569456030788e-06
CCNH,38,Frameshift,9.925421208066937e-06
CCNI,22,Frameshift,1.0158933596681776e-05
CCNI2,32,Frameshift,0.00011750577916033905
CCNJ,9,Frameshift,1.0255387234442178e-05
CCNJL,47,Frameshift,8.616058434116665e-06
CCNK,57,Frameshift,8.747465370613673e-05
CCNL1,14,In-frame stop codon,1.604612202316256e-05
CCNL2,25,Frameshift,0.002155176001371017
CCNO,32,Frameshift,1.5866830347802083e-05
CCNT1,24,Frameshift,3.535280126561847e-05
CCNT2,31,Frameshift,7.787882580975739e-06
CCNY,10,In-frame stop codon,9.964315670800033e-06
CCNYL1,18,Frameshift,1.8116881754917857e-05
CCP110,39,Frameshift,8.604159369579905e-06
CCPG1,52,Frameshift,1.4671758182664177e-05
CCR1,12,Frameshift,8.613392602012653e-06
CCR10,23,Frameshift,7.2126186672211555e-06
CCR2,15,Frameshift,1.8374374305862175e-05
CCR3,29,Frameshift,2.635486462943331e-05
CCR4,17,Frameshift,1.0659358665097521e-05
CCR5,30,Frameshift,0.0025436064115173895
CCR6,13,In-frame stop codon,6.751770077074572e-06
CCR7,7,In-frame stop codon,0.00416337340600262
CCR8,26,Frameshift,9.3784253123743e-06
CCR9,21,Frameshift,8.510093040807705e-06
CCRL2,32,Frameshift,0.0003568817220129746
CCRN4L,21,Frameshift,2.9928789215136178e-05
CCS,30,Frameshift,1.6501048937027926e-05
CCSAP,19,Frameshift,1.607030421917645e-05
CCSER1,38,Frameshift,1.544054274997272e-05
CCSER2,30,Frameshift,1.9995510728119143e-05
CCT2,20,Frameshift,8.185584583415902e-06
CCT3,16,Frameshift,2.4581284577554722e-05
CCT4,19,Frameshift,0.0002920860173425701
CCT5,18,Frameshift,8.778581214981123e-06
CCT6A,14,Frameshift,9.394809832732107e-06
CCT6B,56,Frameshift,0.00013173029957444632
CCT7,16,In-frame stop codon,8.252321145832205e-06
CCT8,20,Splice acceptor,0.00031844826847069683
CCT8L2,51,Frameshift,0.0002056655790069035
CCZ1,49,Frameshift,1.3475884136905016e-05
CCZ1B,45,Frameshift,9.936194979185391e-06
CD101,86,Frameshift,1.670730188780199e-05
CD109,157,Frameshift,1.4802138520360714e-05
CD14,24,Frameshift,1.4978302464834875e-05
CD151,23,Frameshift,1.0241401620011818e-05
CD160,33,Frameshift,1.9665327849939873e-05
CD163,52,Frameshift,7.575300263090487e-06
CD163L1,116,Frameshift,0.004067946842288991
CD164,11,In-frame stop codon,0.002690039491838079
CD164L2,23,Frameshift,1.4105555540331529e-05
CD177,47,Frameshift,6.034723900762385e-05
CD180,45,Frameshift,4.1873031266075134e-05
CD19,20,Frameshift,6.759006352463196e-06
CD1A,46,In-frame stop codon,2.943091276408562e-05
CD1B,34,In-frame stop codon,4.860345458437327e-05
CD1C,37,In-frame stop codon,5.365158420795022e-05
CD1D,39,Frameshift,5.7072946505607315e-05
CD1E,46,In-frame stop codon,1.5111108247707401e-05
CD2,14,Frameshift,1.3364964339866581e-05
CD200,11,Frameshift,5.364212319180404e-05
CD200R1,35,In-frame stop codon,1.100413224418754e-05
CD200R1L,28,Frameshift,0.009421830698416362
CD207,37,Frameshift,0.02735212485940954
CD209,47,In-frame stop codon,1.4704308268230734e-05
CD22,33,Frameshift,0.0010980001971370695
CD226,19,Frameshift,1.1993531528936227e-05
CD244,17,In-frame stop codon,1.4312069148265545e-05
CD247,6,In-frame stop codon,5.183042936740066e-05
CD248,21,In-frame stop codon,1.1742244617400065e-05
CD27,22,In-frame stop codon,9.841373415615484e-06
CD274,8,Frameshift,7.478121466910061e-06
CD276,59,Frameshift,1.7720580781191832e-05
CD28,14,Frameshift,1.3571727252739662e-05
CD2AP,41,Frameshift,7.191343870309343e-06
CD2BP2,23,Frameshift,7.114626482229617e-06
CD300A,28,Frameshift,8.788282687053488e-05
CD300C,22,Frameshift,0.0002417156772446167
CD300E,18,In-frame stop codon,1.904740793678504e-05
CD300LB,19,In-frame stop codon,2.1808928153595175e-05
CD300LD,17,Splice acceptor,1.2795089055631093e-05
CD300LF,31,In-frame stop codon,4.6263275401655807e-05
CD300LG,34,Frameshift,2.450294324544684e-05
CD302,32,Frameshift,1.7390486042681354e-05
CD320,25,Frameshift,1.367387879951507e-05
CD33,40,Frameshift,0.0004305328158966563
CD34,63,Frameshift,0.01080644757217598
CD36,232,Frameshift,0.00013426506711294647
CD37,36,Frameshift,8.44556364937909e-06
CD38,35,Frameshift,3.0118196182443007e-05
CD3D,20,In-frame stop codon,2.811865873483234e-05
CD3E,17,Frameshift,2.2804561071207615e-05
CD3EAP,46,Frameshift,2.409183548972337e-05
CD3G,20,Frameshift,2.6347783552700117e-05
CD4,45,Frameshift,6.532692263430881e-06
CD40,10,Splice acceptor,0.0011667250990727268
CD40LG,4,Splice donor,8.206948251763182e-06
CD44,40,Splice donor,0.0002196789063676153
CD46,34,Frameshift,1.0257789398998089e-05
CD47,11,Splice donor,5.756963271584105e-06
CD48,24,In-frame stop codon,7.480365856287694e-06
CD5,46,Frameshift,8.101011568665851e-06
CD53,15,Frameshift,5.316431395822196e-06
CD55,70,Frameshift,0.0002552121661763697
CD58,9,Splice acceptor,6.484343451960327e-06
CD59,18,Frameshift,8.701769378599764e-06
CD5L,38,In-frame stop codon,6.830188713645626e-05
CD6,37,In-frame stop codon,1.3369725182322233e-05
CD63,23,Frameshift,1.0504438715082673e-05
CD68,29,Frameshift,5.448799265981333e-05
CD69,9,In-frame stop codon,4.894083313826077e-06
CD7,24,Frameshift,1.710928273820451e-05
CD70,16,In-frame stop codon,9.610211282611113e-06
CD72,24,Frameshift,4.6007293132742665e-06
CD74,17,In-frame stop codon,8.191745026629647e-06
CD79A,22,Frameshift,7.189830541196001e-06
CD79B,7,Splice acceptor,6.257883052763932e-06
CD80,14,Frameshift,4.2749032316946796e-06
CD81,24,Frameshift,5.046405208432999e-05
CD82,33,In-frame stop codon,9.485228574262038e-06
CD83,23,Frameshift,8.011969827151557e-06
CD84,35,Frameshift,2.0757278927750042e-05
CD86,7,Frameshift,5.1175497384843075e-06
CD8A,26,Frameshift,3.8091229870961714e-05
CD8B,21,In-frame stop codon,6.525779858017314e-05
CD8BP,2,Splice acceptor,0.00482888399247308
CD9,18,In-frame stop codon,4.5045930706330086e-06
CD93,66,Frameshift,0.0007320031540739883
CD96,59,Frameshift,4.416972604108139e-05
CD97,60,Frameshift,1.127949276279956e-05
CD99,32,Frameshift,1.2397661931453656e-05
CD99L2,18,Frameshift,1.3085560086250957e-05
CDA,8,Frameshift,7.495032086629623e-06
CDADC1,44,Frameshift,1.2682451231038227e-05
CDAN1,104,Frameshift,2.5993692362043592e-05
CDC123,32,Splice donor,7.910071420902394e-06
CDC14A,51,Frameshift,1.012074041082515e-05
CDC14B,40,Frameshift,1.1374136085566235e-05
CDC16,25,Frameshift,1.011766180577849e-05
CDC20,48,Frameshift,1.2643018887806516e-05
CDC20B,55,Frameshift,6.922855226885731e-05
CDC23,15,Frameshift,1.0679297557382324e-05
CDC25A,12,Frameshift,6.409215100229257e-06
CDC25B,28,Frameshift,1.1512364484328848e-05
CDC25C,42,Frameshift,1.536894187946258e-05
CDC27,69,In-frame stop codon,0.016782397750674374
CDC34,23,Frameshift,0.013036205313874392
CDC37,21,Frameshift,7.141404583900432e-05
CDC37L1,15,Frameshift,9.139651939230231e-06
CDC40,19,In-frame stop codon,1.0642037817110668e-05
CDC42,12,In-frame stop codon,1.2230997802852283e-05
CDC42BPA,82,Frameshift,7.781786468525122e-06
CDC42BPB,30,Frameshift,1.1904983973659549e-05
CDC42BPG,138,In-frame stop codon,6.831732929905866e-06
CDC42EP1,35,Frameshift,5.766885244990591e-05
CDC42EP2,15,Frameshift,6.939332001014091e-06
CDC42EP3,8,Frameshift,3.7278121770798262e-06
CDC42EP4,17,Frameshift,6.405609801315123e-06
CDC42EP5,19,Frameshift,6.228645057780356e-05
CDC42SE1,8,Frameshift,1.593422480631031e-05
CDC42SE2,5,Frameshift,7.890248647036882e-06
CDC45,36,Frameshift,9.156899771457846e-06
CDC5L,9,Frameshift,1.6819943566413892e-05
CDC6,34,Frameshift,1.0647876015138843e-05
CDC7,41,Frameshift,1.4551599303478827e-05
CDC73,10,Frameshift,3.2063269774116377e-06
CDCA2,75,Frameshift,1.1642403631535935e-05
CDCA3,19,Frameshift,3.1656162985422836e-05
CDCA4,8,Frameshift,1.561551992823487e-05
CDCA5,60,Frameshift,1.5342542590013518e-05
CDCA7,20,Frameshift,1.0195789788338138e-05
CDCA7L,49,Frameshift,3.425612607887072e-05
CDCA8,18,Splice donor,1.4707615947760398e-05
CDCP1,29,Frameshift,4.462562013281376e-06
CDCP2,62,Frameshift,0.019451567047701176
CDH1,20,In-frame stop codon,8.535314213958123e-06
CDH10,29,In-frame stop codon,1.7585956131554524e-05
CDH11,13,Frameshift,1.1351405513975857e-05
CDH12,36,Frameshift,5.186337177894745e-06
CDH13,37,In-frame stop codon,4.097448063538317e-05
CDH15,71,Frameshift,0.0009384589755128274
CDH16,87,Frameshift,7.947395373066455e-06
CDH17,69,Frameshift,6.106634065565662e-05
CDH18,24,In-frame stop codon,8.046134174077013e-06
CDH19,73,Frameshift,1.2919005610128562e-05
CDH2,28,In-frame stop codon,0.007423601731988661
CDH20,29,Frameshift,7.755741657390397e-06
CDH22,21,In-frame stop codon,1.762071277776582e-05
CDH23,175,Frameshift,0.002802665814514325
CDH24,64,Frameshift,2.707636708488994e-05
CDH26,104,Frameshift,0.0002641733829256901
CDH3,57,Frameshift,1.0341652579515397e-05
CDH4,23,Frameshift,6.043392052260153e-06
CDH5,26,Frameshift,1.8580737518276273e-05
CDH6,18,In-frame stop codon,1.3182138141431586e-05
CDH7,27,Frameshift,6.929841431040465e-06
CDH8,28,Frameshift,8.320913493542618e-06
CDH9,21,Frameshift,4.450673283881739e-06
CDHR1,83,Frameshift,1.2411764285358212e-05
CDHR2,93,Frameshift,9.900281413814174e-06
CDHR3,106,In-frame stop codon,0.0032124287004640295
CDHR4,65,In-frame stop codon,7.813792233003747e-05
CDHR5,107,Frameshift,2.71996757930759e-05
CDIP1,20,Frameshift,6.211615118996986e-06
CDIPT,21,Frameshift,2.957466143995817e-05
CDK1,8,Frameshift,1.288322907888246e-05
CDK10,66,Frameshift,2.2548796097433443e-05
CDK11A,121,Frameshift,6.639960068302357e-05
CDK11B,75,Frameshift,4.912117086760078e-05
CDK12,14,Frameshift,3.8949009589184565e-05
CDK13,45,Frameshift,1.642722800871877e-05
CDK14,33,In-frame stop codon,6.547518678298825e-06
CDK15,51,Frameshift,4.021523980827557e-05
CDK16,20,Frameshift,2.7739635610136362e-05
CDK17,26,Splice acceptor,6.9893807414396345e-06
CDK18,65,Frameshift,2.8248361426782553e-05
CDK19,13,Frameshift,5.298437790640112e-06
CDK2,13,Frameshift,1.1192718497764949e-05
CDK20,59,Frameshift,1.2717190005011755e-05
CDK2AP1,5,Frameshift,6.369531580339396e-06
CDK2AP2,1,In-frame stop codon,0.0
CDK3,33,Frameshift,1.242711883105033e-05
CDK4,20,In-frame stop codon,6.7720472447567625e-06
CDK5,9,In-frame stop codon,3.123182699440312e-06
CDK5R1,5,Frameshift,9.56929077854802e-06
CDK5R2,9,Frameshift,2.306071688406089e-05
CDK5RAP1,61,Frameshift,8.481527782404478e-05
CDK5RAP2,115,Frameshift,9.830773647250708e-06
CDK5RAP3,65,Frameshift,1.0042824868576612e-05
CDK6,5,In-frame stop codon,1.5971027331691116e-06
CDK7,28,Frameshift,1.0157791421299468e-05
CDK8,15,In-frame stop codon,1.2282937847716632e-05
CDK9,32,Frameshift,1.287842649658715e-05
CDKAL1,35,Frameshift,6.851317224809454e-06
CDKL1,38,Frameshift,0.000197914340351985
CDKL2,64,Frameshift,0.00016215725731029385
CDKL3,73,Frameshift,2.31202582984751e-05
CDKL4,45,In-frame stop codon,8.085403376607102e-05
CDKL5,11,Frameshift,2.865116984329285e-05
CDKN1A,15,In-frame stop codon,5.799785097068152e-06
CDKN1B,22,Frameshift,1.1751713924865241e-05
CDKN1C,11,Frameshift,7.86903047682007e-06
CDKN2A,36,Frameshift,1.0846452909987328e-05
CDKN2AIP,22,Frameshift,6.960930690289493e-06
CDKN2AIPNL,11,Frameshift,8.623241559053945e-06
CDKN2B,13,Frameshift,5.958962504819452e-06
CDKN2C,3,Frameshift,2.6508780371197448e-06
CDKN2D,7,In-frame stop codon,6.31226561056716e-06
CDKN3,14,In-frame stop codon,1.674483528825587e-05
CDNF,37,Frameshift,3.033484034289955e-05
CDO1,9,In-frame stop codon,7.866211024225264e-05
CDON,74,Frameshift,9.954800168429029e-06
CDPF1,16,Frameshift,1.1079516293567903e-05
CDR2,46,Frameshift,6.861620989258013e-06
CDR2L,21,In-frame stop codon,6.22349686029367e-06
CDRT1,66,Frameshift,0.004490807163370153
CDRT15,27,Frameshift,0.0030542258056020823
CDRT15L2,23,Frameshift,1.957499645124771e-05
CDRT4,14,Frameshift,2.6314911572774034e-05
CDS1,30,Frameshift,5.108996048834382e-05
CDS2,30,In-frame stop codon,3.948942447816245e-05
CDSN,32,Frameshift,5.995336661791659e-06
CDT1,57,Frameshift,2.059275270540392e-05
CDV3,12,Frameshift,1.3774582363065832e-05
CDX1,16,Frameshift,3.846344905417313e-05
CDX2,8,In-frame stop codon,0.0002959074805401062
CDX4,12,Frameshift,1.7649548712061322e-05
CDY2B,1,In-frame stop codon,0.0
CDYL,21,Frameshift,0.00011106765970619892
CDYL2,19,In-frame stop codon,4.195474670549642e-06
CEACAM1,45,Frameshift,3.5440530194534665e-05
CEACAM16,22,In-frame stop codon,7.63439712871026e-06
CEACAM18,38,Frameshift,1.715907708896815e-05
CEACAM19,35,Splice donor,2.555826810102304e-05
CEACAM20,19,Splice acceptor,0.05492330995954014
CEACAM21,38,Frameshift,0.00027532100031543954
CEACAM3,37,Frameshift,9.780454980008695e-06
CEACAM4,36,Frameshift,0.00015344748138084507
CEACAM5,44,Frameshift,1.2377184176515827e-05
CEACAM6,25,Frameshift,1.1224788048736252e-05
CEACAM7,27,In-frame stop codon,0.00027608169082451084
CEACAM8,39,Frameshift,2.000023339965434e-05
CEBPA,8,Frameshift,1.841169684218115e-05
CEBPB,13,Frameshift,4.537989015086843e-05
CEBPD,3,Frameshift,0.0
CEBPE,16,Frameshift,4.65237042560316e-06
CEBPG,11,Frameshift,5.884515407039058e-06
CEBPZ,70,Frameshift,1.238523670142364e-05
CEBPZ-AS1,20,Frameshift,1.7830543195513625e-05
CECR1,44,Frameshift,1.2331131609831878e-05
CECR2,41,Frameshift,1.6950536797999658e-05
CECR5,45,Frameshift,1.6286344470813442e-05
CECR6,36,Frameshift,1.3534660086446604e-05
CEL,106,Frameshift,3.13604947990882e-05
CELA1,40,Frameshift,0.02447411143419621
CELA2A,40,Frameshift,1.1747519275638528e-05
CELA2B,33,In-frame stop codon,3.2529672430497426e-05
CELA3A,33,Frameshift,3.344102855187012e-05
CELA3B,40,Frameshift,0.006385587021129238
CELF1,10,Splice acceptor,1.0763463950952465e-05
CELF2,8,Start codon lost,6.30459314688956e-06
CELF3,15,In-frame stop codon,1.5850049380490845e-05
CELF4,17,Splice donor,9.235632575194942e-06
CELF5,6,Frameshift,1.1608702916806585e-05
CELF6,21,Frameshift,1.1851213787043487e-05
CELSR1,76,Frameshift,0.00029178888136802925
CELSR2,51,In-frame stop codon,4.006774904542721e-06
CELSR3,54,Frameshift,1.2512387100923652e-05
CEMP1,53,Frameshift,1.8338056105134315e-05
CEND1,4,Frameshift,2.0035197851870308e-05
CENPA,7,Splice donor,4.023980136202583e-06
CENPB,17,Frameshift,4.559345985393785e-06
CENPC,48,Frameshift,6.417227950504064e-06
CENPE,94,Frameshift,8.200730488400742e-06
CENPF,205,Frameshift,9.836898161531623e-06
CENPH,45,Frameshift,1.692861985071909e-05
CENPI,3,Frameshift,0.00010909593701834445
CENPK,50,Frameshift,1.937619201233749e-05
CENPL,13,Frameshift,1.501479672107308e-05
CENPM,27,Frameshift,0.009740861175255008
CENPN,28,In-frame stop codon,0.005057469742493527
CENPO,36,Frameshift,2.4274464965529693e-05
CENPP,30,Frameshift,1.0339752888264176e-05
CENPQ,39,Frameshift,3.342618081502236e-05
CENPT,37,Frameshift,1.5916331467773637e-05
CENPU,69,Frameshift,3.605618610963035e-05
CENPV,19,Frameshift,0.0005352028728892498
CENPW,8,Frameshift,0.00040871512503115696
CEP104,89,Frameshift,0.0008978423851994419
CEP112,114,In-frame stop codon,1.580370728044532e-05
CEP120,83,In-frame stop codon,8.393509197077396e-06
CEP128,121,Frameshift,0.0001611896741937702
CEP135,106,Frameshift,1.112440238324784e-05
CEP152,150,Frameshift,2.048768507402627e-05
CEP164,115,Frameshift,0.00082547330737531
CEP170,45,Frameshift,0.007914080459455956
CEP170B,39,Frameshift,1.2623991780792528e-05
CEP19,16,Frameshift,0.00012717440644531458
CEP192,140,Frameshift,2.291663846159155e-05
CEP250,161,In-frame stop codon,1.179502541898316e-05
CEP290,269,Frameshift,3.1655012618413504e-05
CEP350,84,In-frame stop codon,1.0027419493330425e-05
CEP41,34,In-frame stop codon,1.6523291309114503e-05
CEP44,50,Frameshift,8.530909654188112e-06
CEP55,39,In-frame stop codon,1.6043501313535685e-05
CEP57,36,Frameshift,1.3108959012682552e-05
CEP57L1,66,Frameshift,5.823973847056209e-05
CEP63,88,Frameshift,1.4237740893210922e-05
CEP68,50,Frameshift,5.9421414881937655e-05
CEP70,77,Frameshift,1.5605044603827116e-05
CEP72,69,Frameshift,2.1116642080873353e-05
CEP76,56,Frameshift,2.0788574214745293e-05
CEP78,71,Frameshift,3.370565742964644e-05
CEP85,49,Frameshift,9.556484266152658e-06
CEP85L,54,Frameshift,1.7222276536552648e-05
CEP89,136,Frameshift,0.002113923884400877
CEP95,123,Frameshift,3.0793017064264134e-05
CEP97,46,In-frame stop codon,7.955443421125462e-06
CEPT1,8,Frameshift,6.988249217372137e-06
CER1,17,In-frame stop codon,1.6083203475991185e-05
CERCAM,60,Frameshift,2.867087384452402e-05
CERK,41,Frameshift,1.4171731790974022e-05
CERKL,85,Frameshift,4.431248640159627e-05
CERS1,16,Frameshift,3.71466142775345e-05
CERS2,19,In-frame stop codon,7.992965703420677e-06
CERS3,16,In-frame stop codon,5.544502865014171e-06
CERS4,80,Frameshift,1.5495758545605716e-05
CERS5,31,In-frame stop codon,1.1441510257202887e-05
CERS6,20,Frameshift,5.218254239303808e-06
CES1,64,Frameshift,0.00044233707679780195
CES2,79,Frameshift,1.9718862632130813e-05
CES3,54,Frameshift,1.9418411583702984e-05
CES4A,51,Frameshift,1.5191347370978347e-05
CES5A,92,Frameshift,0.001115914374944149
CETN1,14,Frameshift,2.354202531442949e-05
CETN2,4,Start codon lost,2.324769812616378e-05
CETN3,23,Frameshift,3.962056840533473e-05
CETP,66,Frameshift,1.611027761361824e-05
CFB,79,Frameshift,8.926565294705752e-06
CFC1,22,Frameshift,7.294650872107074e-05
CFC1B,2,Frameshift,0.0003756574004507889
CFD,34,Frameshift,6.281264830845861e-06
CFDP1,25,In-frame stop codon,9.214006920031605e-06
CFH,41,Frameshift,7.961642474235915e-06
CFHR1,45,Frameshift,0.00012863660151515426
CFHR2,33,In-frame stop codon,0.00040772230486231265
CFHR3,51,In-frame stop codon,0.0056049276425234424
CFHR4,83,Frameshift,3.493236925172798e-05
CFHR5,88,Frameshift,0.0001431796726761984
CFI,56,Frameshift,1.0852474008993757e-05
CFL1,8,Frameshift,5.926711399747103e-06
CFL2,22,Splice acceptor,4.70998465151282e-06
CFLAR,29,Frameshift,0.0061620512103617376
CFP,17,In-frame stop codon,8.560101527291554e-06
CFTR,177,Frameshift,1.7734063484932124e-05
CGA,2,In-frame stop codon,2.1263023601956197e-06
CGB,7,In-frame stop codon,5.9654989344516123e-05
CGB1,23,In-frame stop codon,0.0003207905575610706
CGB2,30,Frameshift,6.258839374865027e-05
CGB5,8,Frameshift,3.123447171476436e-05
CGB7,18,Frameshift,2.6718968130531957e-05
CGB8,8,In-frame stop codon,4.790241150306636e-05
CGGBP1,4,Splice acceptor,1.3893951693523152e-05
CGN,97,In-frame stop codon,1.4560620104721906e-05
CGNL1,110,In-frame stop codon,1.2267063663312558e-05
CGREF1,94,Frameshift,6.122208718166642e-05
CGRRF1,29,Frameshift,1.3259137887137761e-05
CH25H,18,Frameshift,9.44490599804643e-06
CHAC1,22,Frameshift,0.0007878194500649129
CHAC2,26,In-frame stop codon,1.5527398774503492e-05
CHAD,15,Frameshift,1.2211200975240904e-05
CHADL,60,Frameshift,9.568663869536525e-05
CHAF1A,17,Frameshift,9.687559791453672e-06
CHAF1B,12,In-frame stop codon,5.037647480664001e-06
CHAMP1,3,In-frame stop codon,4.249630224480085e-06
CHAT,58,Frameshift,1.8557083810705445e-05
CHCHD1,18,Frameshift,4.2254595157232325e-06
CHCHD10,24,Frameshift,3.339426286915692e-05
CHCHD2,16,In-frame stop codon,7.099512508758598e-06
CHCHD3,16,Frameshift,8.37270726162337e-06
CHCHD4,15,Frameshift,1.2537800925276076e-05
CHCHD5,22,Frameshift,2.3731020829387057e-05
CHCHD6,30,Frameshift,9.430406004635193e-06
CHCHD7,19,Frameshift,1.9904817543511036e-05
CHD1,30,Splice donor,0.00011815789924409373
CHD1L,128,Frameshift,2.992747949767727e-05
CHD2,33,Frameshift,0.000547662157396012
CHD3,60,Frameshift,2.7413416486131237e-05
CHD4,40,Frameshift,7.859954473497816e-06
CHD5,55,Frameshift,4.894413700892739e-05
CHD6,42,Frameshift,1.3341804917358158e-05
CHD7,38,Frameshift,5.491289313511512e-06
CHD8,33,Frameshift,3.422783948521158e-05
CHD9,60,Frameshift,9.139287952538075e-06
CHDH,49,Frameshift,1.2474764915902866e-05
CHEK1,52,Frameshift,6.265787621403151e-05
CHEK2,110,Frameshift,0.00016273651143087475
CHERP,20,Frameshift,1.2682253853951397e-05
CHFR,45,In-frame stop codon,6.952050156944986e-06
CHGA,25,Frameshift,4.55214245096971e-06
CHGB,50,Frameshift,6.909775060769648e-06
CHI3L1,25,Frameshift,1.3339443182249031e-05
CHI3L2,45,Frameshift,1.3345483596367028e-05
CHIA,55,In-frame stop codon,0.008952065825099914
CHIC1,3,Frameshift,1.1778617646637611e-05
CHIC2,4,In-frame stop codon,6.012000399989179e-06
CHID1,37,In-frame stop codon,5.994608205325569e-05
CHIT1,67,Frameshift,0.0026497847481810784
CHKA,19,Frameshift,1.0764039110090126e-05
CHKB,34,In-frame stop codon,6.665485374484636e-06
CHL1,52,In-frame stop codon,6.721510990056304e-06
CHM,11,Frameshift,3.8805558375716844e-05
CHML,41,Frameshift,1.1384676660876484e-05
CHMP1A,29,In-frame stop codon,5.3339824977603137e-05
CHMP1B,8,Frameshift,1.2004298504564378e-05
CHMP2A,17,Frameshift,1.1007599472993332e-05
CHMP2B,26,Frameshift,1.5785320599660835e-05
CHMP3,14,In-frame stop codon,9.183981652238865e-06
CHMP4A,50,Frameshift,0.01266338331237097
CHMP4C,28,Frameshift,0.0019382995673424327
CHMP5,9,Frameshift,1.069036066540752e-05
CHMP6,11,In-frame stop codon,1.7252436630587836e-05
CHMP7,12,Frameshift,6.9327011286714815e-06
CHN1,34,Frameshift,1.5685233431833623e-05
CHN2,48,Frameshift,9.163126658279561e-05
CHODL,45,In-frame stop codon,1.4117380127972435e-05
CHORDC1,18,Frameshift,9.15084075531138e-06
CHP1,6,Splice donor,3.979446157671408e-06
CHP2,28,Frameshift,0.00030778845871891537
CHPF,35,Frameshift,1.3524203114474128e-05
CHPF2,90,Frameshift,1.9332929034889916e-05
CHPT1,35,Frameshift,0.0015416946087877814
CHRAC1,14,Frameshift,1.0021089413225392e-05
CHRD,63,Frameshift,8.34959258253073e-06
CHRDL1,14,Frameshift,3.765768928599146e-05
CHRDL2,46,Frameshift,2.3163456506994504e-05
CHRFAM7A,30,In-frame stop codon,0.013440760169114397
CHRM1,3,In-frame stop codon,2.692687900648251e-06
CHRM2,5,In-frame stop codon,3.9957675558056334e-06
CHRM3,5,Frameshift,4.189614096757247e-06
CHRM4,9,Frameshift,5.652468208798313e-06
CHRM5,23,Frameshift,7.633147599763603e-06
CHRNA1,41,Frameshift,1.0069630402488952e-05
CHRNA10,56,In-frame stop codon,1.3606553068735974e-05
CHRNA2,52,Frameshift,7.515060129664303e-06
CHRNA3,57,Frameshift,1.6351701584880676e-05
CHRNA4,34,Frameshift,6.620384213968246e-06
CHRNA5,52,Frameshift,1.8210179564063132e-05
CHRNA6,38,Frameshift,2.6193774556042797e-05
CHRNA7,44,Frameshift,6.39935699578463e-05
CHRNA9,44,Frameshift,1.386908352771935e-05
CHRNB1,41,Frameshift,2.429803176337416e-05
CHRNB2,48,Frameshift,3.6445048109575033e-06
CHRNB3,44,Frameshift,3.0805984814521796e-05
CHRNB4,25,Frameshift,8.329461040183008e-06
CHRND,44,In-frame stop codon,1.694883165708925e-05
CHRNE,75,Frameshift,1.511862220036139e-05
CHRNG,66,Frameshift,1.875876619504106e-05
CHST1,13,Frameshift,8.430119959259515e-06
CHST10,32,In-frame stop codon,1.5474660123942093e-05
CHST11,12,In-frame stop codon,6.7192012072250065e-06
CHST12,23,Frameshift,1.1159550660840396e-05
CHST13,17,In-frame stop codon,1.3640338118709966e-05
CHST14,24,Frameshift,1.4043266986281152e-05
CHST15,68,Frameshift,0.010493748653773012
CHST2,24,Frameshift,6.178531426830619e-06
CHST3,17,Frameshift,8.363377803783291e-06
CHST4,40,Frameshift,1.2329706083141247e-05
CHST5,32,Frameshift,1.3294845368328408e-05
CHST6,42,Frameshift,9.600822189271889e-06
CHST7,11,Frameshift,1.1551007796521648e-05
CHST8,22,Frameshift,7.135161733201997e-06
CHST9,38,Frameshift,2.0562682383240202e-05
CHSY1,16,In-frame stop codon,1.1540346052898098e-05
CHSY3,29,In-frame stop codon,8.25941470586952e-06
CHTF18,172,Frameshift,0.00023698237423581297
CHTF8,25,Frameshift,5.042467859696795e-05
CHTOP,10,In-frame stop codon,2.1785419067863346e-05
CHUK,17,Frameshift,6.629122545426014e-06
CHURC1,38,Frameshift,2.9224469839493354e-05
CIAO1,24,Frameshift,1.0668736688298628e-05
CIAPIN1,25,In-frame stop codon,0.0010966408293320584
CIB1,17,Frameshift,1.2838924430793121e-05
CIB2,27,Frameshift,1.420263518270841e-05
CIB3,23,In-frame stop codon,3.2145745804387484e-05
CIB4,15,Splice donor,2.7334582563069277e-05
CIC,47,Frameshift,1.4417772658217634e-05
CIDEA,17,In-frame stop codon,6.3288488120336474e-06
CIDEB,40,Frameshift,3.016801855936396e-05
CIDEC,28,Frameshift,1.963354622026679e-05
CIITA,50,Frameshift,8.666839335401613e-06
CILP,90,Frameshift,1.4713571692121382e-05
CILP2,66,Frameshift,7.839521630873733e-06
CINP,13,In-frame stop codon,1.0806569968290251e-05
CIPC,10,Frameshift,6.7693173605352715e-06
CIRBP,37,Frameshift,2.501522440054455e-05
CIRH1A,44,In-frame stop codon,7.138222249362081e-06
CISD1,11,Frameshift,7.018547700739029e-06
CISD2,9,Frameshift,3.257809299656083e-05
CISD3,11,Frameshift,4.4977341386773864e-05
CISH,17,Frameshift,9.932407789941708e-06
CIT,55,Frameshift,5.666862208210162e-05
CITED1,5,In-frame stop codon,1.2131554367378228e-05
CITED2,4,Start codon lost,1.1152746317465604e-05
CITED4,16,Frameshift,3.681273444681158e-05
CIZ1,42,In-frame stop codon,8.89206159155106e-06
CKAP2,71,Frameshift,1.14061996909287e-05
CKAP2L,49,Frameshift,8.41419940528236e-06
CKAP4,23,Frameshift,0.00013609678372856424
CKAP5,34,Frameshift,6.248437433658717e-06
CKB,26,Frameshift,9.137754875889852e-06
CKLF,20,Frameshift,8.233433741158821e-06
CKM,23,Frameshift,5.224523401195931e-05
CKMT1A,17,In-frame stop codon,1.6109286296237512e-05
CKMT1B,25,In-frame stop codon,3.760925778671412e-05
CKMT2,53,In-frame stop codon,1.3161454540621733e-05
CKS1B,4,Splice donor,3.999354134648918e-06
CKS2,4,Frameshift,3.076002447727527e-06
CLASP1,34,In-frame stop codon,1.337809796846911e-05
CLASP2,62,Frameshift,1.1721862909219477e-05
CLASRP,40,Frameshift,7.035617939951867e-05
CLC,15,In-frame stop codon,1.435213862074336e-05
CLCA1,56,Frameshift,1.099486962153351e-05
CLCA2,91,In-frame stop codon,1.0292226738432028e-05
CLCA4,101,Frameshift,2.496059817658691e-05
CLCC1,46,Frameshift,3.0093583262495954e-05
CLCF1,15,Frameshift,0.00011640818315240816
CLCN1,82,Frameshift,4.984825246257004e-05
CLCN2,64,Frameshift,7.127736573808228e-06
CLCN3,25,Frameshift,1.4376781965367196e-05
CLCN4,2,Frameshift,2.8712530148156656e-06
CLCN5,11,Frameshift,6.213476802286012e-05
CLCN6,53,Frameshift,7.138290799500024e-06
CLCN7,67,Frameshift,1.4404654825550195e-05
CLCNKA,78,Frameshift,3.342311452452123e-05
CLCNKB,101,Frameshift,2.238096317004852e-05
CLDN1,14,In-frame stop codon,8.535761716791036e-06
CLDN10,24,Frameshift,1.1127451556516495e-05
CLDN11,6,Frameshift,2.111284339539717e-05
CLDN12,8,In-frame stop codon,9.735533551368217e-06
CLDN14,17,In-frame stop codon,9.672135298766445e-06
CLDN15,10,In-frame stop codon,6.019452971368489e-05
CLDN16,15,Frameshift,0.012874121593219854
CLDN17,12,In-frame stop codon,3.0900116149770166e-05
CLDN18,26,Frameshift,5.016833042456136e-05
CLDN19,22,In-frame stop codon,1.3645056652456405e-05
CLDN2,3,Frameshift,1.8186612834292675e-06
CLDN20,18,Frameshift,0.00019810161378746473
CLDN22,20,Frameshift,5.4698038534628176e-05
CLDN23,37,Frameshift,1.197273615243226e-05
CLDN24,28,Frameshift,7.109452240818141e-06
CLDN25,23,Frameshift,1.200714777421776e-05
CLDN3,4,In-frame stop codon,8.345668718155815e-06
CLDN4,17,Frameshift,6.49957718521674e-06
CLDN5,21,Frameshift,0.026815592944230103
CLDN6,20,Frameshift,1.76343384365908e-05
CLDN7,22,Frameshift,0.027279123700283788
CLDN8,19,Frameshift,1.0101865357497016e-05
CLDN9,33,Frameshift,7.558462207861205e-06
CLDND1,19,Frameshift,1.0803537366241036e-05
CLDND2,35,Frameshift,2.2148248518586154e-05
CLEC10A,45,Frameshift,5.193992342079908e-05
CLEC11A,34,Frameshift,0.0004895275583401253
CLEC12A,33,Frameshift,6.443283179196573e-05
CLEC12B,23,Frameshift,2.5850260776815247e-05
CLEC14A,38,Frameshift,6.717728862419048e-06
CLEC16A,54,Frameshift,9.228712742683367e-06
CLEC17A,26,In-frame stop codon,9.308147350349062e-05
CLEC18A,23,In-frame stop codon,3.731831910396556e-05
CLEC18B,77,In-frame stop codon,6.944685385762946e-05
CLEC18C,22,In-frame stop codon,9.933846823423572e-05
CLEC19A,11,In-frame stop codon,8.95744194682338e-06
CLEC1A,48,Frameshift,1.6927856272008463e-05
CLEC1B,23,Frameshift,8.188914888371427e-06
CLEC2A,27,In-frame stop codon,6.219230458328867e-05
CLEC2B,10,Frameshift,6.812798889417297e-06
CLEC2D,20,Frameshift,1.5871838040175657e-05
CLEC2L,10,Splice acceptor,7.737929606091857e-05
CLEC3A,25,In-frame stop codon,1.7442017136260174e-05
CLEC3B,14,In-frame stop codon,7.100530313262396e-06
CLEC4A,34,In-frame stop codon,8.340778512105741e-05
CLEC4C,25,Frameshift,5.171571344560321e-05
CLEC4D,24,Frameshift,1.050056073198171e-05
CLEC4E,28,Frameshift,1.4679960640730776e-05
CLEC4F,46,Frameshift,5.988177353024033e-05
CLEC4G,22,In-frame stop codon,8.08565677491629e-06
CLEC4M,40,In-frame stop codon,0.000293102036969122
CLEC5A,17,Frameshift,3.851828966510672e-05
CLEC6A,24,In-frame stop codon,3.4256316963848857e-05
CLEC7A,37,In-frame stop codon,0.0017726191968976282
CLEC9A,25,Frameshift,1.7694465376176093e-05
CLGN,61,Frameshift,2.1275406552976853e-05
CLHC1,69,Frameshift,0.00015680323101482344
CLIC1,18,Frameshift,4.8402039512241125e-06
CLIC2,4,Splice donor,5.474164259836425e-06
CLIC3,33,Frameshift,1.4168796858933807e-05
CLIC4,13,Frameshift,7.502790369451081e-06
CLIC5,27,In-frame stop codon,1.2039504009882145e-05
CLIC6,43,Frameshift,4.0913422431474735e-05
CLINT1,19,Frameshift,0.0053334549793561245
CLIP1,93,Frameshift,2.057087400367494e-05
CLIP2,37,Frameshift,1.059706162035312e-05
CLIP3,16,Frameshift,1.7942885261363515e-05
CLIP4,54,Frameshift,8.734148684910414e-06
CLK1,38,Frameshift,0.0017389247711462245
CLK2,12,Frameshift,2.6549654117214027e-06
CLK3,47,Frameshift,5.797271472132332e-05
CLK4,28,Frameshift,7.091024142547931e-06
CLMN,50,Frameshift,1.4457728537759702e-05
CLMP,24,In-frame stop codon,4.719547795582783e-06
CLN3,60,Frameshift,1.7492458288760712e-05
CLN5,42,Frameshift,3.307487982652304e-05
CLN6,30,Frameshift,3.726532919395979e-05
CLN8,16,Frameshift,7.215550702277862e-06
CLNK,68,In-frame stop codon,1.3892531010560838e-05
CLNS1A,21,Frameshift,9.922291001676156e-06
CLOCK,21,Frameshift,1.5180665193609593e-05
CLP1,21,Frameshift,8.927768256336336e-06
CLPB,52,Frameshift,2.1668321738631786e-05
CLPP,18,In-frame stop codon,3.534332654621565e-05
CLPS,9,In-frame stop codon,7.98473955414236e-06
CLPSL1,28,In-frame stop codon,1.8828681185715368e-05
CLPSL2,11,Frameshift,3.226065137676371e-05
CLPTM1,37,In-frame stop codon,2.8278214092794755e-05
CLPTM1L,25,In-frame stop codon,1.2642081014022288e-05
CLPX,24,Frameshift,5.109577342364196e-06
CLRN1,31,Frameshift,6.009762332459457e-05
CLRN2,20,Frameshift,8.249023392769469e-06
CLRN3,20,Frameshift,1.2758168868848708e-05
CLSPN,52,Frameshift,2.5210049328695955e-05
CLSTN1,18,Splice acceptor,3.339993264712095e-06
CLSTN2,34,Frameshift,2.82499063287566e-05
CLSTN3,32,Frameshift,1.1320405331681537e-05
CLTA,18,Frameshift,2.6711806686381325e-05
CLTB,13,In-frame stop codon,6.733047293173163e-06
CLTC,31,Frameshift,9.245978901203451e-06
CLTCL1,166,Frameshift,0.006077798921040205
CLU,30,Frameshift,6.98472797457181e-05
CLUAP1,27,Frameshift,1.081147469325904e-05
CLUH,59,Frameshift,1.2285118105296043e-05
CLUL1,59,Frameshift,1.3261699656700186e-05
CLVS1,10,In-frame stop codon,8.28108377808592e-06
CLVS2,10,Splice acceptor,4.293020557285765e-06
CLYBL,79,Frameshift,0.0037140537297784115
CMA1,38,Frameshift,8.88428746314822e-05
CMAS,20,In-frame stop codon,1.2637263762614632e-05
CMBL,25,Frameshift,3.886756602454089e-05
CMC1,12,Frameshift,8.754519633721202e-06
CMC2,20,Frameshift,1.589406661321228e-05
CMC4,14,Frameshift,3.05219535199833e-05
CMIP,15,Frameshift,8.927610476163293e-06
CMKLR1,15,Frameshift,8.470027454918454e-06
CMPK1,20,Frameshift,7.367195785643553e-05
CMPK2,41,Frameshift,1.3129350452394319e-05
CMSS1,30,Frameshift,9.76688277062788e-06
CMTM1,49,Frameshift,0.00010899686245989969
CMTM2,23,Frameshift,1.55706673511608e-05
CMTM3,19,Splice acceptor,0.0001175043901487588
CMTM4,19,Frameshift,2.8847885898828844e-05
CMTM5,21,Frameshift,0.00016784617104320123
CMTM6,8,Frameshift,1.565781682034781e-05
CMTM7,14,Frameshift,3.209863958676691e-05
CMTM8,13,Frameshift,7.347609459773774e-06
CMTR1,21,Frameshift,4.183306551698819e-06
CMTR2,60,Frameshift,1.0041580642922538e-05
CMYA5,292,Frameshift,1.5291846984681494e-05
CNBD1,85,In-frame stop codon,5.888164567164278e-05
CNBD2,51,In-frame stop codon,2.4744607645751206e-05
CNBP,3,In-frame stop codon,1.5924845439985098e-05
CNDP1,44,Frameshift,5.26849760706436e-05
CNDP2,45,Frameshift,0.0001341045458351827
CNEP1R1,6,In-frame stop codon,6.800204205947761e-06
CNFN,6,Frameshift,3.0826653914689174e-05
CNGA1,60,Frameshift,2.303049740504883e-05
CNGA2,21,In-frame stop codon,1.1452671398676555e-05
CNGA3,57,In-frame stop codon,6.382453737532083e-05
CNGA4,46,Frameshift,3.625341450496862e-05
CNGB1,129,Frameshift,2.879670335739785e-05
CNGB3,72,Frameshift,4.17459019238607e-05
CNIH1,11,Frameshift,6.389182055256659e-06
CNIH2,2,Frameshift,3.990813298102027e-06
CNIH3,8,Frameshift,1.3063050829986918e-05
CNIH4,18,Frameshift,6.554867376079743e-06
CNKSR1,111,Frameshift,0.00034679593298111695
CNKSR2,11,Frameshift,4.707651315644984e-06
CNKSR3,24,In-frame stop codon,9.816116997424051e-06
CNN1,29,Frameshift,5.1857476959249435e-05
CNN2,39,In-frame stop codon,0.0001240371612021579
CNN3,13,In-frame stop codon,1.014235856821034e-05
CNNM1,57,Frameshift,1.0537360552418772e-05
CNNM2,17,Frameshift,1.3560282819623095e-05
CNNM3,36,Frameshift,7.316471927689776e-06
CNNM4,39,In-frame stop codon,2.1482656788551153e-05
CNOT1,39,Frameshift,0.012677089405076216
CNOT10,41,Frameshift,1.5576381759174394e-05
CNOT11,28,Frameshift,8.71466775339737e-06
CNOT2,18,Frameshift,0.0260966730838786
CNOT3,32,Frameshift,1.8685582662563575e-05
CNOT4,16,Frameshift,5.965244667249791e-06
CNOT6,23,In-frame stop codon,1.5930965217556907e-05
CNOT6L,22,Frameshift,0.00015093238601844984
CNOT7,9,Frameshift,1.0717468081819316e-05
CNOT8,10,Frameshift,5.140593017770699e-06
CNP,7,In-frame stop codon,1.9564753532888692e-05
CNPPD1,42,Frameshift,2.3765454317596632e-05
CNPY1,15,Frameshift,8.615253425427807e-06
CNPY2,18,Frameshift,1.0399361894615198e-05
CNPY3,14,Frameshift,6.260763926997673e-06
CNPY4,52,Frameshift,1.541288198653993e-05
CNR1,9,In-frame stop codon,7.076096210905807e-06
CNR2,18,Frameshift,3.6855451596928735e-05
CNRIP1,18,Frameshift,1.0870002919364011e-05
CNST,29,Frameshift,5.535744771996657e-06
CNTD1,30,Frameshift,8.742654334998869e-06
CNTD2,40,Frameshift,3.904829357909024e-05
CNTF,22,Frameshift,8.210996862584984e-06
CNTFR,10,Frameshift,2.005849830494995e-06
CNTLN,180,Frameshift,2.92641144355856e-05
CNTN1,30,In-frame stop codon,9.448863394343498e-06
CNTN2,33,In-frame stop codon,1.926796624642481e-05
CNTN3,42,In-frame stop codon,9.639970411134445e-06
CNTN4,48,In-frame stop codon,2.743857870472275e-05
CNTN5,75,In-frame stop codon,0.007829105973341677
CNTN6,118,Frameshift,1.9761276547358082e-05
CNTNAP1,60,In-frame stop codon,8.39991183140647e-06
CNTNAP2,74,Frameshift,0.00423181340540426
CNTNAP3,100,Frameshift,0.005384208903556893
CNTNAP3B,146,Frameshift,0.00039563157274403045
CNTNAP4,55,In-frame stop codon,0.018193999665231404
CNTNAP5,44,Frameshift,7.665528746911615e-06
CNTRL,233,Frameshift,1.5731977703962833e-05
CNTROB,86,Frameshift,1.1061375356714794e-05
COA1,18,Frameshift,1.0654162293467761e-05
COA3,11,In-frame stop codon,1.0492089134807197e-05
COA4,10,Frameshift,9.969904198958202e-06
COA5,11,Frameshift,0.024406532062667408
COA6,19,Frameshift,1.1030871025749958e-05
COA7,22,Frameshift,1.9123111875354924e-05
COASY,57,Frameshift,2.0517123797009563e-05
COBL,79,Frameshift,4.532174799982477e-05
COBLL1,85,Frameshift,0.001482198990476989
COCH,67,Frameshift,2.508058488365113e-05
COG1,63,Frameshift,9.82242349216099e-06
COG2,46,Frameshift,0.0017257980863720705
COG3,21,Frameshift,9.899307934011167e-06
COG4,62,Frameshift,1.0665339806339695e-05
COG5,95,Frameshift,1.2914427530747904e-05
COG6,76,Frameshift,1.087318086441679e-05
COG7,46,Frameshift,1.3480968955114285e-05
COG8,55,Frameshift,1.3846871975665744e-05
COIL,38,Frameshift,1.6677231277192577e-05
COL10A1,49,Frameshift,2.1242394742135955e-05
COL11A1,61,Frameshift,1.6491358052594225e-05
COL11A2,93,Frameshift,8.1856326020721e-06
COL12A1,75,In-frame stop codon,6.323364184124707e-05
COL13A1,81,Frameshift,1.6029101794201718e-05
COL14A1,107,Frameshift,8.589746973877853e-06
COL15A1,90,Frameshift,3.147806721783651e-05
COL16A1,160,Frameshift,0.00011602217364968161
COL17A1,128,Frameshift,9.528934402515377e-06
COL18A1,186,Frameshift,2.681879204778275e-05
COL19A1,121,Splice acceptor,9.677522219213852e-06
COL1A1,43,Frameshift,9.424171076845725e-06
COL1A2,29,Frameshift,1.2770528012773288e-05
COL20A1,180,Frameshift,2.0228410079870828e-05
COL21A1,112,Frameshift,2.4465645793305483e-05
COL22A1,173,Frameshift,1.4824395705169753e-05
COL23A1,96,Frameshift,7.236406483873379e-05
COL24A1,176,Frameshift,9.957117264779113e-06
COL25A1,55,Splice donor,6.677696077713446e-06
COL26A1,39,Frameshift,0.025654588800453643
COL27A1,68,Frameshift,9.209351067426099e-06
COL28A1,123,Frameshift,4.225211034619483e-05
COL2A1,27,Frameshift,3.102046076598376e-06
COL3A1,21,Splice acceptor,8.702805535645856e-06
COL4A1,25,Splice donor,6.546763575805403e-06
COL4A2,114,Frameshift,9.994293379024695e-06
COL4A3,110,Frameshift,8.473425673939336e-06
COL4A3BP,23,Frameshift,1.038929559351647e-05
COL4A4,92,Frameshift,7.5465883203270384e-06
COL4A5,16,Splice donor,5.367418778339287e-06
COL4A6,57,Frameshift,9.553191268241869e-06
COL5A1,32,Frameshift,6.3211776743851694e-06
COL5A2,17,Frameshift,9.119630293026532e-06
COL5A3,151,Frameshift,1.1933747970234446e-05
COL6A1,59,Frameshift,1.0249438401823004e-05
COL6A2,109,Frameshift,0.001205080729087358
COL6A3,122,Frameshift,7.477126337273507e-06
COL6A5,208,Frameshift,0.0034122903310119823
COL6A6,231,Frameshift,3.2934770504885555e-05
COL7A1,223,Frameshift,1.823570289355505e-05
COL8A1,21,Frameshift,5.542262727620069e-06
COL8A2,41,Frameshift,0.00012072334905757079
COL9A1,76,Frameshift,8.806759119997157e-06
COL9A2,69,Frameshift,0.0004606974032955351
COL9A3,89,Frameshift,1.0225230420153794e-05
COLCA2,5,Frameshift,5.6177889470199115e-05
COLEC10,25,Frameshift,7.982255506790822e-06
COLEC11,23,Frameshift,8.889083825376957e-06
COLEC12,26,Frameshift,1.2623931452279296e-05
COLGALT1,49,Frameshift,4.086297685346422e-05
COLGALT2,43,Frameshift,1.2280824848357044e-05
COLQ,65,Frameshift,0.006595272814960708
COMMD1,16,Frameshift,1.5196856141050847e-05
COMMD10,45,In-frame stop codon,6.720352400004646e-06
COMMD2,22,Frameshift,6.221455457277598e-06
COMMD3,40,Frameshift,2.4600390702794375e-05
COMMD4,25,Frameshift,1.7268000019584874e-05
COMMD5,17,In-frame stop codon,7.854989719860745e-06
COMMD6,18,In-frame stop codon,1.484554894385158e-05
COMMD7,27,Frameshift,1.0056213381220186e-05
COMMD8,22,In-frame stop codon,7.84010141784157e-06
COMMD9,17,Frameshift,1.4304217581551814e-05
COMP,56,In-frame stop codon,8.573291722265289e-06
COMT,48,Frameshift,0.010513157193786371
COMTD1,37,Frameshift,1.3059173742248475e-05
COPA,10,Frameshift,5.8950303887957095e-06
COPB1,18,Splice acceptor,3.935466424153053e-05
COPB2,20,Frameshift,1.6982456851462382e-05
COPE,17,Frameshift,2.7100597757729584e-05
COPG1,25,In-frame stop codon,1.099457638784078e-05
COPG2,30,Frameshift,6.908639564472827e-06
COPRS,12,Frameshift,0.00031288550409199335
COPS2,6,Frameshift,2.444041956406264e-05
COPS3,5,In-frame stop codon,1.8626715995041062e-05
COPS4,11,Frameshift,1.4398867756565312e-05
COPS5,4,Frameshift,4.431701172914904e-06
COPS6,3,Frameshift,6.629534367569912e-06
COPS7A,22,Frameshift,6.714385955031128e-06
COPS7B,21,In-frame stop codon,0.0001291004644620713
COPS8,9,Splice acceptor,4.086018009999318e-06
COPZ1,13,In-frame stop codon,0.012013164006785097
COPZ2,34,Frameshift,0.0919186924989997
COQ10A,30,In-frame stop codon,0.0013765078652961003
COQ10B,11,Frameshift,8.913017534968704e-06
COQ2,41,Frameshift,0.00045780881486876473
COQ3,38,Frameshift,2.3474479727745493e-05
COQ4,40,Frameshift,1.6319194690116358e-05
COQ5,36,Frameshift,0.00030312973065085315
COQ6,62,In-frame stop codon,9.239920500868819e-05
COQ7,24,Frameshift,1.0375682682095709e-05
COQ9,35,Frameshift,5.3293416503328916e-05
CORIN,130,Frameshift,5.972756575169039e-05
CORO1A,15,In-frame stop codon,1.230688204536398e-05
CORO1B,52,Frameshift,0.0029911655308038866
CORO1C,18,Frameshift,8.48396981697308e-05
CORO2A,39,Frameshift,1.1385607069248336e-05
CORO2B,18,Frameshift,1.007646626894885e-05
CORO6,53,Frameshift,1.3808582146454278e-05
CORO7,112,Frameshift,0.00044058114243817335
CORT,16,Frameshift,1.943011349755999e-05
COTL1,13,Frameshift,2.2184255762869105e-05
COX10,27,Frameshift,5.656349356676594e-06
COX11,27,Frameshift,9.473497657351455e-06
COX14,12,Frameshift,6.62867187927066e-06
COX15,41,In-frame stop codon,1.5352217904471917e-05
COX16,25,Frameshift,1.2219431027837878e-05
COX17,13,Frameshift,4.027429835776408e-05
COX18,41,In-frame stop codon,1.0130964003156905e-05
COX19,20,Splice donor,0.0001599691106709193
COX20,24,Frameshift,9.023712517252446e-06
COX4I1,13,Frameshift,2.0153528180383126e-05
COX4I2,22,Frameshift,1.5441592109398994e-05
COX5A,7,Frameshift,2.1634666190209226e-05
COX5B,7,Frameshift,1.4341960167501443e-05
COX6A1,13,Frameshift,8.360426318320216e-06
COX6A2,12,Frameshift,6.128471201483696e-05
COX6B1,5,Splice donor,3.978573594788097e-06
COX6B2,17,Frameshift,0.00018397065589738148
COX6C,7,Splice acceptor,0.026491159764457473
COX7A1,18,Splice donor,0.00230322606807416
COX7A2,21,In-frame stop codon,2.516042032683167e-05
COX7A2L,22,In-frame stop codon,1.2188907997683034e-05
COX7B2,10,Start codon lost,9.186502075329845e-06
COX7C,6,Frameshift,1.9117010525366084e-05
COX8A,6,Frameshift,1.796494963714528e-05
COX8C,10,Frameshift,9.41759388270634e-06
CP,81,Frameshift,0.0005592386004107785
CPA1,46,Frameshift,1.9192501690195384e-05
CPA2,51,Frameshift,1.2358121307503794e-05
CPA3,37,In-frame stop codon,1.9755244363721762e-05
CPA4,60,Frameshift,6.039813477361427e-05
CPA5,36,Frameshift,1.0498641787178911e-05
CPA6,55,Frameshift,1.8082043807670162e-05
CPAMD8,162,Frameshift,4.257480483099775e-05
CPB1,47,In-frame stop codon,1.830796608757889e-05
CPB2,52,In-frame stop codon,1.2126868572021368e-05
CPD,34,In-frame stop codon,1.0348285022339584e-05
CPE,21,In-frame stop codon,7.475263440438094e-06
CPEB1,19,Frameshift,2.259329762496028e-05
CPEB2,52,Frameshift,4.306219854197901e-05
CPEB3,16,In-frame stop codon,2.343299810902701e-05
CPEB4,8,In-frame stop codon,0.00017157222894898194
CPED1,99,Frameshift,1.1470224568732783e-05
CPLX1,7,Frameshift,4.903472533105175e-06
CPLX2,5,In-frame stop codon,8.210037681870807e-06
CPLX3,8,Frameshift,1.2060790744175958e-05
CPLX4,17,Frameshift,1.528525950466485e-05
CPM,28,Frameshift,0.00011300566927336853
CPN1,35,Frameshift,1.0474095989434263e-05
CPN2,27,Frameshift,0.012097119209310222
CPNE1,62,Frameshift,0.0027777741502060583
CPNE2,29,In-frame stop codon,1.2112640483230957e-05
CPNE3,64,In-frame stop codon,9.123192769917973e-05
CPNE4,22,Frameshift,5.9909763831841275e-06
CPNE5,24,Splice donor,4.307254168513043e-06
CPNE6,39,In-frame stop codon,0.0012417452314677781
CPNE7,95,Frameshift,4.7240225556867876e-05
CPNE8,34,Frameshift,7.113870532196442e-06
CPNE9,37,Frameshift,0.00024172262624549574
CPO,43,In-frame stop codon,2.2708632263256267e-05
CPOX,21,Frameshift,4.3672294005396415e-05
CPPED1,39,In-frame stop codon,2.0936373373642135e-05
CPQ,51,Frameshift,1.8757198846184808e-05
CPS1,76,Frameshift,1.0438211294555729e-05
CPSF1,90,Frameshift,1.5350287740186154e-05
CPSF2,47,Frameshift,7.685180999858407e-06
CPSF3,44,Frameshift,1.1573982988617266e-05
CPSF3L,89,Frameshift,3.387700711880332e-05
CPSF4,26,Frameshift,1.0305974840394123e-05
CPSF4L,17,In-frame stop codon,6.313152709575978e-05
CPSF6,9,Frameshift,1.2920146264296984e-05
CPSF7,8,Frameshift,5.50698011659375e-06
CPT1A,38,In-frame stop codon,5.159276553763332e-06
CPT1B,66,Frameshift,1.1774949789874853e-05
CPT1C,55,Frameshift,8.13783608416993e-06
CPT2,61,Frameshift,1.2089921308370755e-05
CPVL,56,Frameshift,6.948663353783446e-05
CPXCR1,14,Frameshift,4.935752431369349e-06
CPXM1,61,Frameshift,1.3580535745667438e-05
CPXM2,55,In-frame stop codon,1.5053072857781165e-05
CPZ,122,Frameshift,2.9892891338728925e-05
CR1,131,Frameshift,2.4123399923297087e-05
CR1L,70,Frameshift,2.2899489141498534e-05
CR2,76,Frameshift,2.241629420201128e-05
CRABP1,13,Frameshift,6.842853881951145e-06
CRABP2,15,Frameshift,2.5764588613291557e-05
CRADD,19,Frameshift,9.643147344591403e-06
CRAMP1L,42,Frameshift,3.439344182142911e-05
CRAT,61,Frameshift,1.4303956553067187e-05
CRB1,85,In-frame stop codon,9.513484345358283e-06
CRB2,110,Frameshift,7.256228385333897e-05
CRB3,5,Frameshift,1.9367819454023724e-05
CRBN,34,Frameshift,9.025268374076303e-06
CRCP,25,In-frame stop codon,9.727412425879596e-06
CRCT1,13,In-frame stop codon,1.3141288426140427e-05
CREB1,13,In-frame stop codon,1.402813549926845e-05
CREB3,41,Frameshift,1.1590288078425338e-05
CREB3L1,29,Frameshift,0.06982906803641682
CREB3L2,45,Frameshift,3.43097450520567e-05
CREB3L3,56,In-frame stop codon,3.1031276401722556e-05
CREB3L4,26,Frameshift,1.630034927054936e-05
CREB5,18,In-frame stop codon,9.137772762999973e-06
CREBBP,32,Frameshift,9.167380424962928e-06
CREBL2,5,Frameshift,7.28028228348985e-06
CREBRF,5,Frameshift,5.9341564660472595e-06
CREBZF,14,Frameshift,7.3421218470062635e-06
CREG1,15,Frameshift,1.4975700307610485e-05
CREG2,24,Frameshift,2.1653215219339357e-05
CRELD1,50,Frameshift,2.9722955574486598e-05
CRELD2,44,Splice acceptor,0.0028476637273850995
CREM,40,Start codon lost,8.155709173953946e-05
CRH,4,In-frame stop codon,1.7405592068619807e-06
CRHBP,14,Frameshift,7.989469744664418e-06
CRHR1,39,In-frame stop codon,4.638574822228853e-05
CRHR2,56,In-frame stop codon,4.8226132174075174e-05
CRIM1,25,Frameshift,5.485993764000659e-06
CRIP1,17,Frameshift,9.703447249904372e-06
CRIP2,33,Frameshift,5.82338326060355e-05
CRIP3,33,Frameshift,3.9947537982943874e-05
CRIPT,14,Frameshift,1.0407294769089468e-05
CRISP1,34,Frameshift,6.20675712429715e-05
CRISP2,34,Frameshift,1.4622750748778242e-05
CRISP3,27,Frameshift,1.9659780849516796e-05
CRISPLD1,42,In-frame stop codon,2.0625083242697735e-05
CRISPLD2,39,In-frame stop codon,1.06780823171091e-05
CRK,9,Frameshift,2.4374082862657542e-05
CRKL,4,In-frame stop codon,7.062362918445861e-06
CRLF1,40,Frameshift,1.1696629139481944e-05
CRLF2,37,In-frame stop codon,2.62815404608295e-05
CRLF3,38,Frameshift,1.8672975645005378e-05
CRLS1,25,Frameshift,1.0934059852046353e-05
CRMP1,11,Frameshift,2.1853751550427155e-06
CRNKL1,49,Frameshift,0.00778234118521481
CRNN,45,In-frame stop codon,1.2655160836325356e-05
CROCC,166,Frameshift,1.6836046318400453e-05
CROT,88,Frameshift,3.880185637001349e-05
CRP,26,In-frame stop codon,1.6117891882641503e-05
CRTAC1,33,Frameshift,1.614985032793711e-05
CRTAM,36,Frameshift,1.0982923033071847e-05
CRTAP,31,Frameshift,1.49566928872955e-05
CRTC1,29,Frameshift,5.826211167671076e-05
CRTC2,12,Frameshift,2.6754596198832222e-06
CRTC3,25,In-frame stop codon,3.381818704224201e-05
CRX,6,Frameshift,4.002738197571736e-06
CRY1,50,Frameshift,7.4392502120410696e-06
CRY2,21,In-frame stop codon,1.095853384026192e-05
CRYAA,47,Frameshift,0.000246165191515716
CRYAB,13,Frameshift,1.5802671636598593e-05
CRYBA1,21,Splice donor,1.0662040815192186e-05
CRYBA2,19,Frameshift,2.7720827177005696e-05
CRYBA4,26,In-frame stop codon,0.000166943967457878
CRYBB1,24,Frameshift,9.453016606805812e-06
CRYBB2,13,Frameshift,8.898298964310778e-06
CRYBB3,32,In-frame stop codon,5.707496396798124e-05
CRYBG3,50,Frameshift,7.835766140275328e-06
CRYGA,27,In-frame stop codon,0.0001330741403460042
CRYGB,29,Frameshift,1.4913202278525767e-05
CRYGC,14,Frameshift,3.8419002793606444e-05
CRYGD,27,Frameshift,0.0002430662141902727
CRYGN,20,In-frame stop codon,0.00029459958537210527
CRYGS,15,Frameshift,8.760319763201585e-06
CRYL1,41,Frameshift,1.31755569265331e-05
CRYM,21,Frameshift,4.631259426811204e-05
CRYZ,59,Frameshift,3.97865428880416e-05
CRYZL1,50,Frameshift,8.003634786723517e-06
CS,24,Frameshift,3.9265475382683574e-05
CSAD,56,Frameshift,1.5806252080580826e-05
CSAG1,9,In-frame stop codon,0.015404183939351161
CSDC2,18,Frameshift,1.330618227407286e-05
CSDE1,19,Splice acceptor,1.015010809029549e-05
CSE1L,6,Splice acceptor,3.4976517379057486e-06
CSF1,4,Splice donor,6.159681338106144e-05
CSF1R,37,Frameshift,6.468194870220623e-06
CSF2,3,In-frame stop codon,5.302957989966804e-06
CSF2RA,56,Frameshift,0.00012745620559633674
CSF2RB,31,Frameshift,6.587088158607064e-05
CSF3,10,Frameshift,7.4667740909175205e-06
CSF3R,61,Frameshift,1.0237999971291847e-05
CSGALNACT1,44,Frameshift,1.528657691673599e-05
CSGALNACT2,23,In-frame stop codon,7.739915304980694e-06
CSH1,34,Frameshift,3.203238337086987e-05
CSH2,25,Frameshift,0.00017399423543441045
CSHL1,61,Frameshift,9.944131748692287e-05
CSK,4,Splice donor,8.969641598883471e-06
CSMD1,92,In-frame stop codon,7.5581496703625475e-06
CSMD2,76,In-frame stop codon,1.9891452604891194e-05
CSMD3,109,In-frame stop codon,7.112214316715239e-06
CSN1S1,45,Splice acceptor,0.00011747974765309153
CSN2,30,Frameshift,1.968805307127831e-05
CSN3,17,Frameshift,7.366825056875965e-06
CSNK1A1,6,In-frame stop codon,0.0008765645287967682
CSNK1A1L,31,Frameshift,2.720197198039822e-05
CSNK1D,18,Frameshift,1.685562246534962e-05
CSNK1E,19,Frameshift,1.4199319408985413e-05
CSNK1G1,16,Frameshift,1.2331768884978074e-05
CSNK1G2,22,Frameshift,4.131604645448584e-05
CSNK1G3,22,Frameshift,6.117840400656548e-06
CSNK2A1,14,In-frame stop codon,0.00024136030072370517
CSNK2A2,4,Frameshift,4.00230225075613e-06
CSNK2A3,43,In-frame stop codon,5.541358395838745e-05
CSNK2B,7,In-frame stop codon,0.0002291953693604799
CSPG4,110,Frameshift,2.106535108634438e-05
CSPG5,22,Frameshift,0.00019434370438049719
CSPP1,148,Frameshift,1.2474288979544978e-05
CSRNP1,18,Frameshift,5.5518493533561745e-06
CSRNP2,12,Frameshift,6.726452025083356e-06
CSRNP3,13,Frameshift,9.620901395679072e-06
CSRP1,21,In-frame stop codon,1.5261489405500116e-05
CSRP2,29,Frameshift,0.0003117183584363466
CSRP2BP,60,Frameshift,0.0010061754565015317
CSRP3,21,Frameshift,9.852518370564021e-06
CST1,29,Frameshift,1.1985804740975707e-05
CST11,22,Frameshift,5.758147361078336e-05
CST2,32,Frameshift,9.787102213650549e-05
CST3,24,Frameshift,0.008659026937077869
CST4,25,In-frame stop codon,2.357027434444006e-05
CST5,33,Frameshift,0.00012736505390399262
CST6,10,Frameshift,7.252535037811423e-06
CST7,30,Frameshift,6.55061704288523e-05
CST8,18,Frameshift,2.0575034348991887e-05
CST9,14,In-frame stop codon,9.4929960471235e-05
CST9L,16,In-frame stop codon,7.136594942138144e-05
CSTA,15,In-frame stop codon,1.3798487249949778e-05
CSTB,13,Frameshift,2.2326340420574304e-05
CSTF1,3,Frameshift,3.991918200450864e-06
CSTF2,8,In-frame stop codon,1.6862851989605486e-05
CSTF2T,19,Frameshift,1.1341071164376948e-05
CSTF3,31,Frameshift,1.9618983754402227e-05
CSTL1,20,In-frame stop codon,9.670199749024487e-05
CT45A1,7,In-frame stop codon,1.7775283001216203e-05
CT45A2,1,Stop codon lost,0.001256281407035176
CT45A3,2,Frameshift,2.8094622689217283e-05
CT45A4,2,Frameshift,0.00010633772862611655
CT45A6,2,Splice acceptor,0.0
CT47A6,5,Frameshift,0.0
CT47B1,19,In-frame stop codon,1.2821204432984082e-05
CT55,1,In-frame stop codon,5.477861223863754e-06
CT83,5,Frameshift,2.919802227601669e-05
CTAG2,15,Frameshift,1.4061497799635839e-05
CTAGE1,56,Frameshift,8.145711127872197e-06
CTAGE4,20,Frameshift,0.000697278781361085
CTAGE6,49,Frameshift,0.0003061773028835327
CTAGE8,22,Frameshift,6.670072340952169e-05
CTAGE9,55,Frameshift,4.277425265176292e-05
CTBP1,36,Frameshift,1.4748735935323004e-05
CTBP2,102,Frameshift,0.0005649643921610204
CTBS,50,Frameshift,2.1506498476474796e-05
CTC-228N24.1,3,Splice donor,3.4063815437937215e-05
CTC-441N14.4,2,Splice acceptor,8.44399001678816e-05
CTC-534A2.2,11,Frameshift,1.1429716833547963e-05
CTC1,99,Frameshift,2.1152578906694975e-05
CTCF,6,Frameshift,2.0122264825020865e-06
CTCFL,51,Frameshift,1.3649634283910743e-05
CTD-2313N18.7,2,Splice acceptor,2.1624601170525638e-05
CTD-2568A17.1,1,Splice donor,3.187352584942946e-05
CTD-3193O13.9,67,Frameshift,0.018679888456237206
CTDNEP1,4,Frameshift,8.550285412612169e-06
CTDP1,43,In-frame stop codon,7.98384991461062e-06
CTDSP1,36,Frameshift,0.003034870171517459
CTDSP2,13,Frameshift,9.877257137351946e-06
CTDSPL,22,Frameshift,0.007292350167644799
CTDSPL2,2,Splice acceptor,9.535169789647267e-05
CTF1,24,Frameshift,2.011134085228421e-05
CTGF,18,Frameshift,7.491687175185916e-06
CTH,36,Frameshift,9.953992741626266e-06
CTHRC1,32,Frameshift,0.0020135175033463262
CTIF,15,Frameshift,1.2342283667225165e-05
CTLA4,3,Frameshift,3.981772884900039e-06
CTNNA1,35,Frameshift,8.288404308660911e-06
CTNNA2,39,In-frame stop codon,0.0004981582838808654
CTNNA3,64,Frameshift,1.1862627091378547e-05
CTNNAL1,57,Frameshift,6.375407778673152e-05
CTNNB1,6,Splice acceptor,3.316834809269115e-06
CTNNBIP1,8,Frameshift,4.752114691601369e-06
CTNNBL1,28,Frameshift,7.49906021791036e-06
CTNND1,18,Frameshift,9.368650488490511e-06
CTNND2,17,Frameshift,6.663336823215977e-05
CTNS,39,Frameshift,1.7186744297527146e-05
CTPS1,32,Frameshift,1.5629708256058364e-05
CTPS2,10,Frameshift,5.069209442318753e-06
CTR9,19,Frameshift,9.5168681563682e-06
CTRB1,38,Frameshift,1.8968202362063133e-05
CTRB2,34,Frameshift,2.7440564179457893e-05
CTRC,34,Frameshift,9.97884163864409e-06
CTRL,46,Splice acceptor,8.849043271192974e-06
CTSA,53,Frameshift,0.0006735099958847532
CTSB,49,Frameshift,1.1718412763648788e-05
CTSC,54,Frameshift,1.391895028335634e-05
CTSD,34,Frameshift,1.2103772860188984e-05
CTSE,47,In-frame stop codon,4.0316289680370753e-05
CTSF,54,Frameshift,1.0107988437608682e-05
CTSG,25,Frameshift,1.7422536882697832e-05
CTSH,48,Frameshift,1.581672772705979e-05
CTSK,31,Frameshift,1.4218060827549208e-05
CTSL,18,Frameshift,0.0390878684556151
CTSO,34,Frameshift,1.5955983238220018e-05
CTSS,13,In-frame stop codon,3.6731494001373977e-06
CTSV,27,In-frame stop codon,1.1842330596549166e-05
CTSW,54,Frameshift,0.00012230675423355778
CTSZ,44,In-frame stop codon,2.413059259684146e-05
CTTN,39,In-frame stop codon,8.868103812310421e-06
CTTNBP2,87,Frameshift,1.054216277311577e-05
CTTNBP2NL,20,In-frame stop codon,7.464868363767757e-06
CTU1,30,Frameshift,1.8690546624306436e-05
CTU2,128,Frameshift,0.007143824463399296
CTXN1,5,Frameshift,4.251191065319982e-05
CTXN2,6,Frameshift,8.671593338354994e-06
CTXN3,9,Frameshift,6.1897176791926505e-06
CUBN,218,Frameshift,1.655828855625848e-05
CUEDC1,39,Frameshift,2.015958068604466e-05
CUEDC2,9,In-frame stop codon,1.3756317651700504e-05
CUL1,17,Frameshift,2.8882618525809046e-06
CUL2,20,Frameshift,2.6379195765707504e-05
CUL3,23,Frameshift,1.2110509602981413e-05
CUL4A,11,Frameshift,0.0001329397694232403
CUL4B,12,Frameshift,7.152132291773196e-06
CUL5,11,Frameshift,4.141246004138768e-06
CUL7,90,In-frame stop codon,9.83761152514109e-06
CUL9,59,In-frame stop codon,8.18778325649282e-05
CUTA,44,Frameshift,3.541201484474293e-05
CUTC,31,Frameshift,1.6990214927288174e-05
CUX1,69,Frameshift,5.523474031077469e-05
CUX2,33,Frameshift,1.807665225737113e-05
CUZD1,54,Frameshift,1.3950243949994198e-05
CWC15,7,Frameshift,6.398335222888555e-06
CWC22,35,In-frame stop codon,6.971299445621554e-06
CWC25,27,Splice donor,1.1240359674809044e-05
CWC27,46,Frameshift,0.0002673826830731387
CWF19L1,51,Frameshift,1.28446835957417e-05
CWF19L2,93,Frameshift,2.1201960307670713e-05
CWH43,85,In-frame stop codon,0.00024175842331600935
CX3CL1,17,In-frame stop codon,7.540661140247528e-06
CX3CR1,13,Frameshift,5.375422840124261e-06
CXADR,22,Frameshift,7.717199078763981e-06
CXCL1,7,Frameshift,8.745855103096294e-06
CXCL10,7,Frameshift,5.1041466802140644e-05
CXCL11,13,Frameshift,0.0001416500726112049
CXCL12,18,Frameshift,1.5032171607552165e-05
CXCL13,7,Splice acceptor,1.3706864689667767e-05
CXCL14,7,In-frame stop codon,4.473045014783676e-06
CXCL16,23,Frameshift,7.132074479215648e-06
CXCL17,11,In-frame stop codon,9.413400662503002e-06
CXCL2,13,Splice acceptor,2.34852471741754e-05
CXCL3,9,Frameshift,7.961855818961358e-06
CXCL5,17,Splice acceptor,1.0454047365043996e-05
CXCL6,24,Frameshift,0.0002261225483119238
CXCL9,20,Frameshift,1.0455566983180369e-05
CXCR1,28,Frameshift,0.0001865289713729223
CXCR2,12,Frameshift,8.953379614957804e-06
CXCR3,9,Frameshift,0.00016794514878770177
CXCR4,7,In-frame stop codon,3.99820225888273e-06
CXCR5,12,Frameshift,1.2441746797347828e-05
CXCR6,18,Frameshift,8.399249850818188e-06
CXXC1,15,In-frame stop codon,2.9856801144545987e-05
CXXC11,48,Frameshift,4.2642584129383687e-05
CXXC4,13,Frameshift,7.734690479688876e-06
CXXC5,6,Frameshift,2.791715157069123e-06
CXorf21,1,Stop codon lost,6.781500067815e-06
CXorf22,11,Frameshift,0.0001025639173666248
CXorf23,18,In-frame stop codon,1.3600011051505106e-05
CXorf27,6,Frameshift,0.00012786906150526393
CXorf36,17,In-frame stop codon,9.42823794229679e-06
CXorf38,18,In-frame stop codon,2.0588075733239734e-05
CXorf40A,3,In-frame stop codon,3.7155179812619586e-06
CXorf40B,10,Frameshift,3.0758040407856524e-05
CXorf56,6,Splice acceptor,9.114291391187209e-07
CXorf57,28,In-frame stop codon,6.929900805806057e-06
CXorf58,34,Frameshift,0.0003038083691804878
CXorf64,14,Frameshift,2.7673250775588796e-05
CXorf65,1,Splice acceptor,0.0
CXorf66,19,In-frame stop codon,1.1384209316660423e-05
CXorf67,9,Frameshift,1.061988317738539e-05
CYB561,40,Frameshift,1.2275608673574195e-05
CYB561A3,27,Frameshift,1.4793649789173937e-05
CYB561D1,27,Frameshift,1.1810428912273425e-05
CYB561D2,20,Frameshift,0.00012017249735133372
CYB5A,10,In-frame stop codon,6.767352276823878e-06
CYB5B,13,Splice acceptor,3.800401497438877e-05
CYB5D1,31,In-frame stop codon,1.2892101529971999e-05
CYB5D2,32,Frameshift,2.806265148711092e-05
CYB5R1,40,Frameshift,9.990975937089564e-06
CYB5R2,56,Frameshift,3.2238912303093874e-05
CYB5R3,28,Frameshift,1.1262544627295914e-05
CYB5R4,48,Frameshift,7.124074852504533e-06
CYB5RL,33,Frameshift,2.160708474270082e-05
CYBA,59,Frameshift,3.263831964944029e-05
CYBB,3,Frameshift,5.570425435160028e-06
CYBRD1,21,In-frame stop codon,9.19123829845268e-06
CYC1,18,Frameshift,6.594101635095544e-06
CYCS,3,Frameshift,2.3947843561792646e-05
CYFIP1,43,Frameshift,1.834673378110584e-05
CYFIP2,23,In-frame stop codon,0.0436601755534816
CYGB,17,Frameshift,2.589441870117855e-05
CYHR1,34,Frameshift,0.00013834440713819676
CYLC1,11,Frameshift,3.893999056893973e-06
CYLC2,46,Frameshift,8.750214551191411e-06
CYLD,18,Frameshift,0.00010049029055241475
CYP11A1,30,In-frame stop codon,7.1727366146689095e-06
CYP11B1,49,Frameshift,8.251544393848924e-06
CYP11B2,44,In-frame stop codon,7.72977252662054e-06
CYP17A1,36,Frameshift,8.140320915168403e-06
CYP19A1,30,Frameshift,9.024724429680452e-06
CYP1A1,72,Frameshift,3.196891551128725e-05
CYP1A2,54,Frameshift,1.595091587685528e-05
CYP1B1,33,Frameshift,3.20412361805421e-05
CYP20A1,52,Frameshift,1.540035520650732e-05
CYP21A2,47,Frameshift,1.4574953147281282e-05
CYP24A1,68,In-frame stop codon,1.2634805683698502e-05
CYP26A1,36,Frameshift,7.951829719387217e-06
CYP26B1,27,Frameshift,1.9084548037798996e-05
CYP26C1,44,Frameshift,5.933956313159787e-05
CYP27A1,71,Frameshift,1.7188581357908017e-05
CYP27B1,46,Frameshift,1.8471658368457844e-05
CYP27C1,23,Frameshift,9.176607745813557e-06
CYP2A13,48,Frameshift,0.0001302803067629132
CYP2A6,49,Frameshift,0.00036498389981677663
CYP2A7,52,Frameshift,0.0008978891879583009
CYP2B6,48,Frameshift,5.6538266893264514e-05
CYP2C18,46,Frameshift,0.0002990395189555927
CYP2C19,51,Frameshift,0.00016382341549682353
CYP2C8,73,Frameshift,0.0036024050821787715
CYP2C9,42,Frameshift,3.68221105242852e-05
CYP2D6,100,Frameshift,0.001612951765198794
CYP2D7P,116,Frameshift,0.005327189902317896
CYP2E1,33,Frameshift,1.0673810557669118e-05
CYP2F1,37,Frameshift,0.005642018250714323
CYP2J2,42,Frameshift,2.3285467406523552e-05
CYP2R1,52,Frameshift,1.5728765231283202e-05
CYP2S1,24,In-frame stop codon,1.2532454512131385e-05
CYP2U1,35,Frameshift,1.622954541627834e-05
CYP2W1,63,Frameshift,3.378016536457914e-05
CYP39A1,63,Frameshift,1.4616995063703675e-05
CYP3A4,55,Frameshift,2.702110066610364e-05
CYP3A43,69,Frameshift,0.0007827560041849931
CYP3A5,68,Frameshift,0.001012813128517864
CYP3A7,43,Frameshift,1.0289486178727406e-05
CYP46A1,20,Frameshift,5.077447839292412e-06
CYP4A11,70,Frameshift,1.3424492613885798e-05
CYP4A22,74,Frameshift,0.00013228282339498856
CYP4B1,53,Frameshift,0.002832807064488649
CYP4F11,56,In-frame stop codon,2.0484137019862818e-05
CYP4F12,73,Frameshift,3.618767804080428e-05
CYP4F2,67,Frameshift,2.744190301744756e-05
CYP4F22,34,Frameshift,1.7728855649110163e-05
CYP4F3,71,Frameshift,5.459164397401555e-05
CYP4F8,23,Splice acceptor,0.00010391213128444203
CYP4V2,50,Frameshift,1.7904070828191626e-05
CYP4X1,59,Frameshift,1.4478135097219049e-05
CYP4Z1,55,Frameshift,0.00011193205820590248
CYP51A1,39,Frameshift,1.4263839641216783e-05
CYP7A1,31,Frameshift,9.905907526866044e-06
CYP7B1,43,Frameshift,1.2813503780964172e-05
CYP8B1,37,Frameshift,1.1530496205966766e-05
CYR61,5,In-frame stop codon,5.620094654331474e-06
CYS1,21,Frameshift,6.15522218918951e-05
CYSLTR1,19,Frameshift,7.961601667674088e-06
CYSLTR2,18,Frameshift,7.770647109626445e-06
CYSTM1,9,Frameshift,1.007024145591178e-05
CYTH1,20,Frameshift,0.0001744930138090799
CYTH2,23,Frameshift,8.913254015913171e-06
CYTH3,33,In-frame stop codon,3.5615521836601624e-05
CYTH4,23,In-frame stop codon,1.356352845586659e-05
CYTIP,25,Frameshift,1.1773217883948946e-05
CYTL1,14,Frameshift,2.3126661711389057e-05
CYYR1,32,Frameshift,5.623358962660371e-05
CYorf17,2,Frameshift,9.989729670217013e-05
D2HGDH,62,Frameshift,0.00872109390443409
DAAM1,31,Frameshift,3.604025004558666e-06
DAAM2,38,Frameshift,4.160583451155002e-05
DAB1,18,Frameshift,1.1268584141435873e-05
DAB2,14,Frameshift,5.422665600101488e-06
DAB2IP,36,Frameshift,2.1950108405103753e-05
DACH1,16,Frameshift,5.714369000561205e-05
DACH2,17,Frameshift,1.4359625273242097e-05
DACT1,20,Frameshift,5.560074461422046e-06
DACT2,60,Frameshift,0.006290640223961944
DACT3,24,Frameshift,7.484366561835106e-05
DAD1,5,Frameshift,4.7741254981844555e-06
DAG1,6,Frameshift,3.324928032460076e-06
DAGLA,13,Frameshift,7.3901811610291665e-06
DAGLB,83,Frameshift,7.938902197623956e-06
DAK,56,Frameshift,1.7709129101584538e-05
DALRD3,72,Frameshift,1.4529051147674277e-05
DAND5,23,In-frame stop codon,0.0001191592956537933
DAO,43,In-frame stop codon,1.6034805815623568e-05
DAOA,20,In-frame stop codon,0.00010270607672440067
DAP,24,Frameshift,6.0365359490329014e-05
DAP3,36,Frameshift,8.995701630231424e-06
DAPK1,36,Frameshift,1.3428243118912833e-05
DAPK2,45,In-frame stop codon,1.573044515340457e-05
DAPK3,32,Frameshift,8.309177826795747e-06
DAPL1,27,Frameshift,0.00017897148719477917
DAPP1,19,In-frame stop codon,2.0604616452585895e-05
DARC,26,Frameshift,8.949736935173436e-06
DARS,30,In-frame stop codon,1.0415999615742524e-05
DARS2,61,Frameshift,1.4729055875992627e-05
DAW1,37,In-frame stop codon,1.8922650106335714e-05
DAXX,26,Frameshift,8.288594224560397e-06
DAZ2,4,In-frame stop codon,8.896480552293512e-06
DAZ4,1,In-frame stop codon,0.00029682398337785694
DAZAP1,34,Frameshift,0.0005639646748432269
DAZAP2,18,Frameshift,2.3960465697361717e-05
DAZL,9,In-frame stop codon,3.535174122948385e-05
DBF4,24,Frameshift,1.432208163621896e-05
DBF4B,66,Frameshift,0.0003058567534863726
DBH,53,Frameshift,2.0506947071272456e-05
DBI,24,In-frame stop codon,0.0073673782165756515
DBN1,39,Frameshift,2.8455688941249567e-05
DBNDD1,34,Frameshift,1.6707809711537323e-05
DBNDD2,25,Frameshift,1.0354851082865881e-05
DBNL,18,In-frame stop codon,1.2616056690713902e-05
DBP,13,Frameshift,4.239332034372098e-05
DBR1,35,In-frame stop codon,1.8293757792407247e-05
DBT,37,Frameshift,1.1201465299327849e-05
DBX1,23,Frameshift,9.583618403800235e-06
DBX2,30,Frameshift,1.2359855812608309e-05
DCAF10,10,Frameshift,7.478905451984997e-06
DCAF11,31,In-frame stop codon,6.596129685952686e-05
DCAF12,29,In-frame stop codon,5.680308617872046e-06
DCAF12L1,1,Frameshift,0.0
DCAF12L2,13,Frameshift,1.0665462642396458e-05
DCAF13,48,Frameshift,0.0001110734215295697
DCAF15,20,Frameshift,0.017058374420256157
DCAF16,15,In-frame stop codon,1.168804297206127e-05
DCAF17,50,Frameshift,9.913373746284968e-06
DCAF4,48,Frameshift,6.625781025395944e-06
DCAF4L1,13,Frameshift,1.2248037992784244e-05
DCAF4L2,28,Frameshift,3.01226117115483e-05
DCAF5,14,Frameshift,1.0989057582545578e-05
DCAF6,31,In-frame stop codon,8.116179195152066e-06
DCAF7,13,Frameshift,0.007516547572360833
DCAF8,24,In-frame stop codon,1.5662127785471254e-05
DCAF8L1,10,In-frame stop codon,9.378501661891927e-06
DCAF8L2,33,Frameshift,3.337658240347126e-05
DCAKD,28,Frameshift,0.0001990618074242465
DCBLD1,60,Frameshift,0.0001212378170345706
DCBLD2,46,Frameshift,1.6989948918033583e-05
DCC,38,Frameshift,1.0554480652879191e-05
DCD,17,Splice donor,0.00010293518247068757
DCDC1,173,Frameshift,2.563311295721393e-05
DCDC2,42,Frameshift,1.0934332096513406e-05
DCDC2B,54,Frameshift,0.00023017786080242497
DCDC2C,28,Frameshift,0.0004127413098640362
DCHS1,59,In-frame stop codon,4.309905815712779e-06
DCHS2,284,Frameshift,0.0033167786141561364
DCK,33,Frameshift,1.4007620391935375e-05
DCLK1,15,In-frame stop codon,5.824896120231797e-06
DCLK2,23,Frameshift,8.423371450510772e-06
DCLK3,17,Frameshift,1.794605430547597e-05
DCLRE1A,84,Frameshift,4.600549412523224e-05
DCLRE1B,25,Frameshift,1.2001645581406905e-05
DCLRE1C,59,Frameshift,1.9193329824439835e-05
DCN,24,Frameshift,0.0001404637807540224
DCP1A,21,Frameshift,0.04784330808607727
DCP1B,48,Frameshift,3.7986728882459555e-05
DCP2,31,Frameshift,1.1110066445174213e-05
DCPS,35,Frameshift,8.581031590900207e-06
DCST1,74,Frameshift,1.1440148993237172e-05
DCST2,69,Frameshift,2.1049120156368485e-05
DCSTAMP,33,Frameshift,2.0987986933776783e-05
DCT,49,In-frame stop codon,1.9306435462921986e-05
DCTD,22,Frameshift,1.2397869364209797e-05
DCTN1,42,Frameshift,8.784659187194214e-06
DCTN2,19,Frameshift,0.00011013969896499093
DCTN3,25,Frameshift,8.73411057744735e-06
DCTN4,14,In-frame stop codon,6.271753352804239e-06
DCTN5,19,Frameshift,0.00011231362890277661
DCTN6,12,Frameshift,2.872840720685702e-05
DCTPP1,17,Frameshift,3.0079090543589385e-05
DCUN1D1,5,In-frame stop codon,8.825826762151348e-06
DCUN1D2,41,Frameshift,1.5654181170788285e-05
DCUN1D3,4,Frameshift,5.029942216114948e-06
DCUN1D4,18,Frameshift,7.962621666301362e-05
DCUN1D5,1,Frameshift,3.989945337748873e-06
DCX,4,In-frame stop codon,1.0919408339375557e-05
DCXR,55,Frameshift,0.002009589590804833
DDA1,1,In-frame stop codon,0.0
DDAH1,19,In-frame stop codon,1.0000898936104624e-05
DDAH2,14,Frameshift,8.064897179273397e-06
DDB1,28,Frameshift,1.105559379046199e-05
DDB2,23,Frameshift,8.485059940307774e-06
DDC,38,Frameshift,1.2186301725120869e-05
DDC8,37,Frameshift,0.00020396316569454333
DDHD1,41,Frameshift,9.86467809448799e-06
DDHD2,48,In-frame stop codon,3.547802988730241e-05
DDI1,26,In-frame stop codon,2.5524633791313307e-05
DDI2,9,In-frame stop codon,4.463579191539353e-06
DDIT3,21,Frameshift,1.58721543627365e-05
DDIT4,20,Frameshift,7.198100502081374e-06
DDIT4L,25,In-frame stop codon,0.0031230016500020407
DDN,19,In-frame stop codon,9.62961981295144e-06
DDO,39,Frameshift,4.872097314142701e-05
DDOST,23,Frameshift,3.821506963733059e-06
DDR1,81,Frameshift,1.4608397373855609e-05
DDR2,31,Frameshift,9.05812308116339e-06
DDRGK1,33,In-frame stop codon,2.151961052450873e-05
DDT,11,Splice acceptor,7.496753453165723e-05
DDTL,10,Frameshift,0.0005753704733405854
DDX1,18,Frameshift,9.406324304904347e-06
DDX10,70,Frameshift,6.784036702877047e-06
DDX11,135,Frameshift,0.00418186599734022
DDX17,18,Frameshift,4.935353515860477e-06
DDX18,24,Frameshift,7.071071148013811e-06
DDX19A,11,In-frame stop codon,1.026281021395222e-05
DDX19B,36,Frameshift,7.04540055388093e-06
DDX20,78,Frameshift,1.1533707974225954e-05
DDX21,17,Frameshift,4.267311853486158e-06
DDX23,36,In-frame stop codon,1.0854757807591572e-05
DDX24,29,In-frame stop codon,1.0817356972436169e-05
DDX25,58,In-frame stop codon,1.3893948767773746e-05
DDX26B,11,Frameshift,3.2798162279147795e-05
DDX27,41,Frameshift,2.1161580662934435e-05
DDX28,46,Frameshift,8.522771596557226e-06
DDX31,69,Frameshift,1.2179357829841273e-05
DDX39A,19,Frameshift,1.91556958890654e-05
DDX39B,22,Frameshift,0.00012217810471250236
DDX3X,14,In-frame stop codon,3.336411206953832e-05
DDX3Y,2,Start codon lost,3.811234088015387e-05
DDX4,27,Splice donor,9.729802100573846e-06
DDX41,52,Frameshift,5.842093946762776e-05
DDX42,12,Frameshift,3.6522018809336416e-06
DDX43,41,Frameshift,1.783096838697378e-05
DDX46,13,Frameshift,5.993574760351407e-06
DDX47,47,Frameshift,1.0990211039857383e-05
DDX49,56,Frameshift,8.683046313448677e-05
DDX5,16,Frameshift,1.4376291386615197e-05
DDX50,51,Frameshift,7.651127873720373e-06
DDX51,51,In-frame stop codon,2.7729496288619567e-05
DDX52,63,Frameshift,2.457743586778202e-05
DDX53,17,Frameshift,9.624599376566987e-06
DDX54,61,In-frame stop codon,1.0854593923211291e-05
DDX55,70,Frameshift,1.885844406323159e-05
DDX56,41,In-frame stop codon,1.08050052364052e-05
DDX58,88,Frameshift,4.473584090624654e-05
DDX59,55,Frameshift,3.509293232094068e-05
DDX6,3,In-frame stop codon,1.3691390579775625e-06
DDX60,113,Frameshift,1.2931688933430929e-05
DDX60L,187,Frameshift,0.0030722736466197477
DEAF1,40,In-frame stop codon,3.341843892969893e-05
DECR1,49,Frameshift,0.001760038657511197
DECR2,56,In-frame stop codon,4.798240773419043e-05
DEDD,6,In-frame stop codon,0.00014978041823690105
DEDD2,18,In-frame stop codon,1.540206647264339e-05
DEF6,27,In-frame stop codon,4.2190972413548976e-05
DEF8,56,Frameshift,1.9034209201428554e-05
DEFA3,9,Frameshift,5.597667794206808e-05
DEFA4,10,In-frame stop codon,0.0007990859077488477
DEFA5,13,In-frame stop codon,9.875663893430122e-06
DEFA6,15,In-frame stop codon,7.864505725992765e-05
DEFB1,11,In-frame stop codon,0.00016451358486996474
DEFB104A,11,Frameshift,3.41733819789425e-05
DEFB104B,3,Frameshift,6.452353875272323e-05
DEFB105A,4,Frameshift,0.0007114103737125984
DEFB105B,2,Frameshift,8.564250913520098e-05
DEFB106A,10,Frameshift,9.372351462711252e-06
DEFB106B,11,Frameshift,7.283700363353353e-05
DEFB107A,1,Splice acceptor,6.598046978094485e-05
DEFB107B,5,Frameshift,2.8411511076724665e-05
DEFB108B,15,Frameshift,0.0001050418304504919
DEFB110,19,Frameshift,1.4962194986144276e-05
DEFB112,11,In-frame stop codon,9.588132799715292e-05
DEFB113,10,In-frame stop codon,2.5363523143150725e-05
DEFB114,5,Frameshift,1.2212474074716503e-05
DEFB115,15,Frameshift,4.209423720395181e-05
DEFB116,17,Frameshift,2.0281613755881433e-05
DEFB118,17,Frameshift,2.1301259013644447e-05
DEFB119,15,In-frame stop codon,0.0007725610462009659
DEFB121,9,In-frame stop codon,1.818704193294074e-05
DEFB123,7,In-frame stop codon,2.470465426480134e-05
DEFB124,9,Frameshift,5.3139491406904335e-06
DEFB125,13,In-frame stop codon,1.0158912949259842e-05
DEFB126,19,Frameshift,0.03678697568516652
DEFB127,11,Frameshift,1.3153483595770045e-05
DEFB128,14,Frameshift,0.0019685778891172065
DEFB129,20,Frameshift,1.470893641488173e-05
DEFB130,1,Splice donor,4.465880671668453e-05
DEFB131,16,Frameshift,2.3967030440895264e-05
DEFB132,13,Frameshift,0.0002356473201189766
DEFB134,10,Frameshift,1.0382236363109135e-05
DEFB135,16,Frameshift,2.173367739235767e-05
DEFB136,10,Frameshift,1.0540448191222133e-05
DEFB4A,8,Splice donor,9.46418363613927e-06
DEFB4B,8,In-frame stop codon,1.482891963010768e-05
DEGS1,16,Frameshift,5.587629889608933e-06
DEGS2,22,Frameshift,8.62712351599453e-06
DEK,26,Frameshift,6.103167120763601e-06
DENND1A,49,Frameshift,2.3662673751985208e-05
DENND1B,49,Frameshift,8.750978940788815e-06
DENND1C,64,Frameshift,5.293796602005531e-05
DENND2A,41,Frameshift,8.692477720194308e-06
DENND2C,67,Frameshift,1.3058832023725725e-05
DENND2D,27,Frameshift,5.1048409931611764e-05
DENND3,93,Frameshift,0.008837101664590941
DENND4A,51,Frameshift,1.0205200975461331e-05
DENND4B,63,Frameshift,0.0009985884088960701
DENND4C,81,Frameshift,5.12052154060515e-05
DENND5A,38,Frameshift,7.273883692385167e-06
DENND5B,26,In-frame stop codon,1.988991399657876e-05
DENND6A,45,Frameshift,7.082554984626945e-06
DENND6B,55,Frameshift,1.3391390476070558e-05
DENR,10,Frameshift,8.738277991199321e-06
DEPDC1,75,Frameshift,4.734474875013538e-05
DEPDC1B,41,In-frame stop codon,1.533690612396328e-05
DEPDC4,44,Frameshift,2.4943280425952223e-05
DEPDC5,64,In-frame stop codon,1.655997847651574e-05
DEPDC7,52,Frameshift,1.1226926226774898e-05
DEPTOR,50,Frameshift,1.1182000297456252e-05
DERA,39,Frameshift,9.00090256040872e-05
DERL1,17,In-frame stop codon,1.1545373380007389e-05
DERL2,16,Frameshift,1.1607021583977743e-05
DERL3,65,Frameshift,3.3624735745206664e-05
DES,24,In-frame stop codon,1.3218825697009681e-05
DESI1,13,Frameshift,9.84269275173391e-06
DESI2,5,Frameshift,2.528335046051039e-05
DET1,16,Splice acceptor,8.98490200908999e-05
DEXI,5,Frameshift,1.0188883768158357e-05
DFFA,27,Frameshift,2.479908199876639e-05
DFFB,37,Frameshift,5.6003713713749565e-05
DFNA5,77,Frameshift,3.8462057693127726e-05
DFNB31,58,Frameshift,7.2829565433659004e-06
DFNB59,33,Frameshift,9.831925660033453e-06
DGAT1,56,Frameshift,2.550851152937605e-05
DGAT2,37,In-frame stop codon,2.4436734520878048e-05
DGAT2L6,22,In-frame stop codon,3.248366404871788e-05
DGCR14,44,Frameshift,9.099185755585283e-06
DGCR2,39,Frameshift,2.280957203858249e-05
DGCR6,38,In-frame stop codon,2.5036368599609286e-05
DGCR6L,32,In-frame stop codon,1.0004188409150924e-05
DGCR8,15,Frameshift,5.893564812275295e-06
DGKA,31,Frameshift,1.833153216735443e-05
DGKB,40,Splice donor,9.450797127480864e-06
DGKD,55,Frameshift,0.0004408303128173477
DGKE,41,In-frame stop codon,1.1263450675108071e-05
DGKG,57,Frameshift,8.977184474433083e-06
DGKH,56,Frameshift,0.009491662610292871
DGKI,34,In-frame stop codon,1.9258129641025e-05
DGKK,7,Splice donor,1.0654922351764027e-05
DGKQ,89,Frameshift,0.00015008261194276865
DGKZ,85,Frameshift,2.9110613783162666e-05
DGUOK,33,Frameshift,8.283518534764487e-06
DHCR24,29,Frameshift,0.0010876924019266965
DHCR7,57,In-frame stop codon,0.00012366193954432584
DHDDS,15,In-frame stop codon,2.0399352117926423e-05
DHDH,55,Frameshift,0.0064355119592706
DHFR,9,In-frame stop codon,8.013028706223163e-06
DHFRL1,13,Frameshift,9.19374060384787e-05
DHH,17,Frameshift,8.05698509926297e-06
DHODH,30,Frameshift,1.2697746604876182e-05
DHPS,49,Frameshift,2.0836834474444916e-05
DHRS1,32,In-frame stop codon,2.7630735806851834e-05
DHRS11,29,Frameshift,2.8043096105412818e-05
DHRS12,57,Frameshift,2.531608923344848e-05
DHRS13,37,Frameshift,1.9111006566087033e-05
DHRS2,36,Frameshift,1.6086274464091748e-05
DHRS3,7,Frameshift,7.486594004182704e-06
DHRS4,32,In-frame stop codon,2.1119991981039827e-05
DHRS4L2,39,Frameshift,0.002860443266671625
DHRS7,49,In-frame stop codon,2.5018236792060545e-05
DHRS7B,41,Frameshift,4.681447833155131e-05
DHRS7C,28,Frameshift,3.191522783516862e-05
DHRS9,38,Frameshift,4.3978411872003284e-05
DHRSX,28,Frameshift,1.020077839530277e-05
DHTKD1,86,Frameshift,1.5165322133707868e-05
DHX15,7,Frameshift,9.10501133229242e-06
DHX16,96,Frameshift,2.0968335465257633e-05
DHX29,78,Frameshift,7.512102208272519e-06
DHX30,18,Frameshift,1.7346047040818526e-05
DHX32,54,Frameshift,1.0788432025590808e-05
DHX33,51,In-frame stop codon,9.100610543175727e-06
DHX34,100,Frameshift,1.1660045024782476e-05
DHX35,71,In-frame stop codon,1.0954107950019541e-05
DHX36,45,Frameshift,1.3685462346604267e-05
DHX37,51,Frameshift,0.0009310700126736472
DHX38,73,Frameshift,6.706901399841483e-05
DHX40,32,Frameshift,1.4351090021830167e-05
DHX57,81,Frameshift,1.869185660513406e-05
DHX58,66,Frameshift,2.5648574973853115e-05
DHX8,55,Frameshift,7.831443043554365e-06
DHX9,14,Frameshift,8.00131561443377e-06
DIABLO,34,Frameshift,8.99211363199214e-06
DIAPH1,56,Frameshift,0.0007543541747655021
DIAPH2,29,Frameshift,0.0012145067901019125
DIAPH3,117,Frameshift,1.3582686350766641e-05
DICER1,33,In-frame stop codon,8.214206902107199e-06
DIDO1,65,Frameshift,3.067634118684363e-05
DIEXF,47,Frameshift,9.098548719911034e-06
DIMT1,36,Frameshift,1.313765381645534e-05
DIO1,14,Start codon lost,1.95375073752686e-05
DIO2,22,Frameshift,2.563189264737618e-05
DIO3,4,In-frame stop codon,2.0157795229180764e-06
DIP2A,56,Frameshift,8.27289537509736e-06
DIP2B,46,Frameshift,5.976303684685316e-06
DIP2C,51,Frameshift,8.30794178678556e-06
DIRAS1,6,Frameshift,7.357927583395471e-06
DIRAS2,8,Frameshift,4.063984693261836e-06
DIRAS3,14,Frameshift,1.108413134590388e-05
DIRC2,38,Frameshift,1.466047224555375e-05
DIS3,108,Frameshift,2.7943713289136784e-05
DIS3L,93,Frameshift,1.375423274483775e-05
DIS3L2,74,Frameshift,0.0014297245010119093
DISC1,83,Frameshift,1.397551625656759e-05
DISP1,85,Frameshift,7.873639790657564e-06
DISP2,48,Frameshift,1.159301624662932e-05
DIXDC1,54,Frameshift,0.018623266209970943
DKC1,6,Frameshift,1.1573442813788564e-05
DKFZP761J1410,8,Frameshift,8.81679725767232e-06
DKK1,12,In-frame stop codon,8.7757717132486e-06
DKK2,5,In-frame stop codon,7.06636470317742e-06
DKK3,30,Frameshift,1.4241904055909436e-05
DKK4,23,Frameshift,9.400796804312372e-06
DKKL1,19,Frameshift,2.594275725448203e-05
DLAT,42,Frameshift,7.474451201083171e-06
DLC1,44,Frameshift,1.751129117910035e-05
DLD,27,Frameshift,8.85798074168887e-06
DLEC1,177,Frameshift,3.589351265718018e-05
DLEU7,22,Frameshift,5.218622106936503e-05
DLG1,28,Splice donor,9.038323252894598e-06
DLG2,66,Frameshift,1.2216167523504593e-05
DLG3,10,Splice donor,2.8003377876238843e-06
DLG4,21,Frameshift,6.9733621052098915e-06
DLG5,30,In-frame stop codon,5.757269389156956e-06
DLGAP1,13,In-frame stop codon,3.8409584397797335e-06
DLGAP2,13,Frameshift,3.106234035676395e-06
DLGAP3,24,Frameshift,4.362502239795229e-05
DLGAP4,15,Frameshift,5.398242484171015e-06
DLGAP5,78,Frameshift,2.7599208228759767e-05
DLK1,14,In-frame stop codon,3.0549160803499153e-06
DLK2,15,Frameshift,4.768623331570664e-05
DLL1,9,Frameshift,2.2853439007562653e-06
DLL3,49,Frameshift,1.4692673849215885e-05
DLL4,13,Frameshift,1.5354124076183893e-05
DLST,14,Splice acceptor,1.0040377845653546e-05
DLX1,5,In-frame stop codon,5.901144862868014e-06
DLX2,8,Frameshift,1.374514672134774e-05
DLX3,12,In-frame stop codon,8.991368594130404e-06
DLX4,18,Frameshift,1.3166254810899672e-05
DLX5,10,In-frame stop codon,9.160238220208432e-06
DLX6,24,Frameshift,2.9324883250267896e-05
DMAP1,22,Frameshift,6.780320945405845e-06
DMBT1,174,In-frame stop codon,4.079782907908745e-05
DMBX1,10,Frameshift,9.229178436861862e-06
DMC1,29,Frameshift,1.2497667814550328e-05
DMD,49,Splice donor,3.669648564957079e-05
DMGDH,78,In-frame stop codon,4.0187291213804346e-05
DMKN,82,Frameshift,0.0014459242229049993
DMP1,33,Frameshift,1.4229628879033593e-05
DMPK,85,Frameshift,1.607138258563311e-05
DMRT1,9,Frameshift,0.000373206902267397
DMRT2,26,Frameshift,5.8898011701911756e-05
DMRT3,42,Frameshift,1.1189907550302715e-05
DMRTA1,26,Frameshift,9.331628502968805e-06
DMRTA2,11,Frameshift,1.4989563477172165e-05
DMRTB1,12,Frameshift,5.703909975851308e-05
DMRTC1,2,Splice acceptor,1.5803121024667736e-05
DMRTC2,19,Frameshift,1.2149820614917808e-05
DMTF1,36,Frameshift,7.42363552774983e-05
DMTN,15,Frameshift,8.067224877537885e-06
DMWD,38,Frameshift,2.5633010537117938e-05
DMXL1,63,In-frame stop codon,1.1339054061315087e-05
DMXL2,74,Frameshift,1.5772608637493846e-05
DNA2,91,Frameshift,4.823258963596915e-05
DNAAF1,84,Frameshift,2.6328511281431254e-05
DNAAF2,59,Frameshift,1.2575005932561929e-05
DNAAF3,85,Frameshift,2.025167614109126e-05
DNAH1,270,Frameshift,2.347183721836695e-05
DNAH10,287,Frameshift,2.403641861514177e-05
DNAH10OS,12,In-frame stop codon,1.6815390453731824e-05
DNAH11,314,In-frame stop codon,0.0015455343255495033
DNAH12,229,Frameshift,2.9082103276502547e-05
DNAH14,442,Frameshift,0.00029884439818825395
DNAH17,385,Frameshift,2.6294712296204935e-05
DNAH2,255,Frameshift,7.118200719157986e-05
DNAH3,325,Frameshift,1.6445883445537834e-05
DNAH5,278,Frameshift,9.896796032601357e-06
DNAH6,219,In-frame stop codon,2.253170286829021e-05
DNAH7,395,Frameshift,3.505904336092655e-05
DNAH8,347,Frameshift,4.3027842153682795e-05
DNAH9,297,Frameshift,1.9926608455128182e-05
DNAI1,48,Frameshift,5.077051985553639e-05
DNAI2,58,Frameshift,3.7603342861593526e-05
DNAJA1,26,In-frame stop codon,8.778712382307429e-06
DNAJA2,7,Frameshift,4.393661542065483e-05
DNAJA3,29,In-frame stop codon,6.124139200224539e-06
DNAJA4,33,Frameshift,0.0009871440980215526
DNAJB1,23,Frameshift,1.2082038586200807e-05
DNAJB11,23,Frameshift,1.1785472688564492e-05
DNAJB12,21,Frameshift,8.382268710434699e-06
DNAJB13,35,Frameshift,1.011091137857998e-05
DNAJB14,11,Frameshift,7.719122717514217e-06
DNAJB2,17,Frameshift,1.920206881921375e-05
DNAJB4,17,Frameshift,4.554308951406982e-06
DNAJB5,15,Frameshift,9.160447818049641e-06
DNAJB6,28,Frameshift,1.3184869814922552e-05
DNAJB7,45,Frameshift,0.0016043628333463518
DNAJB8,12,Frameshift,2.3286497613827988e-06
DNAJB9,22,Frameshift,9.240628591494379e-06
DNAJC1,66,Frameshift,2.2252713233086872e-05
DNAJC10,76,Frameshift,7.919127198327734e-06
DNAJC11,38,Frameshift,7.877581420875611e-05
DNAJC12,27,Frameshift,1.7629306419104723e-05
DNAJC13,47,Frameshift,5.524847034096982e-06
DNAJC14,11,Frameshift,8.338658555804135e-06
DNAJC15,29,In-frame stop codon,1.1929254483531054e-05
DNAJC16,59,Frameshift,9.116658183658665e-06
DNAJC17,21,Frameshift,7.282510875012512e-06
DNAJC18,36,Frameshift,9.417320598356348e-06
DNAJC19,20,Frameshift,1.8915519581279217e-05
DNAJC2,34,Frameshift,1.3441371972360491e-05
DNAJC21,60,Frameshift,2.5914350318733392e-05
DNAJC22,28,Frameshift,9.155071752920069e-06
DNAJC24,23,Frameshift,7.833559045956272e-06
DNAJC25,35,Frameshift,8.045722365553138e-06
DNAJC27,21,Frameshift,2.282227434286913e-05
DNAJC28,42,Frameshift,0.005055167683260396
DNAJC3,23,Frameshift,6.328515186170888e-06
DNAJC30,17,In-frame stop codon,9.073207725462919e-06
DNAJC4,46,Frameshift,1.7447936544858874e-05
DNAJC5,3,Splice acceptor,4.331414156219197e-06
DNAJC5B,18,Frameshift,3.192408365510337e-05
DNAJC5G,24,Frameshift,1.89218387795319e-05
DNAJC6,22,Frameshift,7.581348348731257e-06
DNAJC7,15,In-frame stop codon,1.8235003207043078e-05
DNAJC8,14,Frameshift,0.00013593079268432444
DNAJC9,26,Frameshift,1.0236930051977955e-05
DNAL1,17,Frameshift,7.4306456678710745e-06
DNAL4,10,Frameshift,0.00011514207917137664
DNALI1,29,In-frame stop codon,1.8042735122216763e-05
DNASE1,84,Frameshift,1.9315745572505248e-05
DNASE1L1,7,In-frame stop codon,5.153901809935842e-06
DNASE1L2,62,Frameshift,2.4843987861908437e-05
DNASE1L3,31,Frameshift,1.908935801863307e-05
DNASE2,20,In-frame stop codon,7.199775050364564e-06
DNASE2B,44,In-frame stop codon,4.4764961689320416e-05
DND1,16,Frameshift,0.0002968984947026877
DNER,28,Frameshift,8.924199884393006e-06
DNHD1,359,Frameshift,0.00018748170781193374
DNLZ,24,Frameshift,6.576084708988902e-05
DNM1,21,Frameshift,0.00023526118917801953
DNM1L,32,Frameshift,5.746628542439531e-06
DNM2,35,Frameshift,0.0001302284150393815
DNM3,46,In-frame stop codon,1.6938853255926895e-05
DNMBP,105,Frameshift,9.594291154275606e-06
DNMT1,30,Frameshift,1.3427639475391472e-05
DNMT3A,380,Frameshift,4.916884036801029e-06
DNMT3B,38,In-frame stop codon,0.00013054711916398392
DNMT3L,46,In-frame stop codon,1.4133129410944233e-05
DNPEP,54,Frameshift,9.508351302891248e-06
DNPH1,31,Frameshift,5.5351808315529364e-05
DNTT,47,Frameshift,1.037286292820071e-05
DNTTIP1,22,Frameshift,8.410029347255726e-06
DNTTIP2,51,Frameshift,7.986655167534672e-06
DOC2A,41,Frameshift,1.429785527901542e-05
DOC2B,14,Frameshift,1.0945954078949236e-05
DOCK1,77,Frameshift,2.42759990427204e-05
DOCK10,97,Frameshift,9.939106638944453e-06
DOCK11,53,Frameshift,6.371089274483665e-06
DOCK2,44,In-frame stop codon,1.0905137734527927e-05
DOCK3,36,In-frame stop codon,1.5157050946168642e-05
DOCK4,63,In-frame stop codon,7.767624289981859e-06
DOCK5,111,Frameshift,2.103121666942303e-05
DOCK6,172,Frameshift,8.0085446783746e-05
DOCK7,70,Frameshift,5.9286180253224425e-06
DOCK8,97,In-frame stop codon,0.0006992435417516826
DOCK9,56,In-frame stop codon,9.237484880961496e-06
DOHH,31,Frameshift,2.770571874130376e-05
DOK1,29,Frameshift,6.888775946751325e-06
DOK2,43,Frameshift,2.610731102956614e-05
DOK3,44,Frameshift,5.5474613271388524e-05
DOK4,14,Frameshift,7.685588502698269e-06
DOK5,16,In-frame stop codon,8.51131179825308e-06
DOK6,16,Frameshift,5.738000607144693e-06
DOK7,84,Frameshift,2.8936774300828538e-05
DOLK,24,Frameshift,0.000281955219237958
DOLPP1,9,In-frame stop codon,7.116867548941267e-06
DONSON,59,Frameshift,1.9276342278832474e-05
DOPEY1,89,Frameshift,7.825380183722898e-06
DOPEY2,143,Frameshift,1.2514091962374269e-05
DOT1L,42,Frameshift,1.732590517301888e-05
DPAGT1,32,Frameshift,8.455863550121892e-06
DPCD,43,In-frame stop codon,4.884470878522905e-05
DPCR1,60,Frameshift,1.3118619092355106e-05
DPEP1,48,Frameshift,1.5419642265384617e-05
DPEP2,47,Frameshift,5.374157100096817e-05
DPEP3,45,Frameshift,1.2571754898469836e-05
DPF1,20,Frameshift,1.3217946687168445e-05
DPF2,7,In-frame stop codon,3.41375529706929e-06
DPF3,24,Frameshift,8.949202052225759e-06
DPH1,79,Frameshift,1.0676832642080275e-05
DPH2,35,Frameshift,7.64797810866823e-06
DPH3,6,Frameshift,7.3216421334785505e-06
DPH5,35,Frameshift,7.948236229581533e-06
DPH6,38,Frameshift,9.592315822606832e-06
DPH7,45,Frameshift,8.347536307615212e-06
DPM1,27,Frameshift,4.4298185620222184e-05
DPM2,18,Frameshift,4.4413564007946286e-05
DPM3,13,Frameshift,1.0864304422443384e-05
DPP10,27,Frameshift,7.920999189008588e-06
DPP3,61,Frameshift,1.0394003275302602e-05
DPP4,69,Frameshift,0.00039894528665300406
DPP6,63,In-frame stop codon,2.0027309630296855e-05
DPP7,112,Frameshift,0.00010020997987448484
DPP8,20,In-frame stop codon,7.014343436950931e-06
DPP9,32,In-frame stop codon,2.782194948247074e-05
DPPA2,26,In-frame stop codon,7.227408733966273e-06
DPPA3,22,Frameshift,1.1285178959259137e-05
DPPA4,33,Frameshift,0.0006565516118149665
DPPA5,16,In-frame stop codon,1.0455930458654819e-05
DPRX,23,In-frame stop codon,0.00018719189288420103
DPT,19,In-frame stop codon,1.6561657474776705e-05
DPY19L1,28,Splice donor,1.859224767629078e-05
DPY19L2,62,Frameshift,2.95043745995384e-05
DPY19L3,56,Frameshift,2.4961368352755094e-05
DPY19L4,105,Frameshift,9.87110274085889e-05
DPY30,3,In-frame stop codon,3.99919217024029e-06
DPYD,105,Frameshift,6.508023424605828e-05
DPYS,46,Frameshift,3.129805926760306e-05
DPYSL2,15,Frameshift,2.8124060925901074e-05
DPYSL3,7,Frameshift,3.825137285757695e-06
DPYSL4,44,Frameshift,3.6465607758609414e-05
DPYSL5,4,Frameshift,3.984216110731799e-06
DQX1,63,In-frame stop codon,2.2372217432246977e-05
DR1,1,Frameshift,3.97639611267516e-06
DRAM1,16,Frameshift,2.7838458280079968e-05
DRAM2,26,Splice acceptor,1.3396141385044006e-05
DRAP1,17,Frameshift,0.0001064391289565597
DRAXIN,26,In-frame stop codon,1.5239121527752235e-05
DRC1,71,Frameshift,9.13169177133142e-05
DRD1,9,Frameshift,6.044352580528807e-06
DRD2,11,Frameshift,5.388777957180314e-06
DRD3,18,Frameshift,1.0698568836547588e-05
DRD4,64,Frameshift,0.0009218134372164605
DRD5,56,Frameshift,5.9680420162007066e-05
DRG1,12,In-frame stop codon,1.3317607620100151e-05
DRG2,36,In-frame stop codon,9.602778896405605e-06
DRGX,17,In-frame stop codon,1.5764097567481645e-05
DROSHA,46,In-frame stop codon,9.46055491005427e-06
DRP2,28,In-frame stop codon,1.329495933134366e-05
DSC1,61,In-frame stop codon,1.5987832051805145e-05
DSC2,56,Frameshift,0.00016642234636901658
DSC3,81,Frameshift,0.012364599279380729
DSCAM,36,Frameshift,0.0017299045607847344
DSCAML1,53,Frameshift,9.25448431577436e-06
DSCC1,21,Frameshift,6.416365019156076e-06
DSCR3,23,In-frame stop codon,1.4742145704149657e-05
DSE,46,Frameshift,2.281296367665577e-05
DSEL,59,Frameshift,1.1690567143761992e-05
DSG1,24,In-frame stop codon,6.309681805107821e-06
DSG2,70,Frameshift,9.009341152037195e-06
DSG3,68,In-frame stop codon,1.3824818437559554e-05
DSG4,81,Frameshift,1.0774306606437236e-05
DSN1,43,Frameshift,3.3801593394160676e-05
DSP,88,Frameshift,9.620942443646999e-06
DSPP,79,Frameshift,0.00010121865110560809
DST,342,Frameshift,1.2096926837178965e-05
DSTN,14,Frameshift,1.5572617232074966e-05
DSTYK,29,Frameshift,1.8467522871280992e-05
DTD1,9,In-frame stop codon,6.2077607098552184e-06
DTD2,21,Frameshift,5.31093944737464e-05
DTHD1,59,Frameshift,3.717611237764118e-05
DTL,31,Frameshift,7.550224906499781e-06
DTNA,39,Frameshift,1.2381741369125897e-05
DTNB,58,Frameshift,8.859181896561989e-06
DTNBP1,70,Frameshift,0.007678454699080393
DTWD1,48,In-frame stop codon,0.00015992849092072558
DTWD2,39,Frameshift,1.2769139610533774e-05
DTX1,34,Frameshift,2.5550324100067965e-05
DTX2,37,Frameshift,0.00023546799330990365
DTX3,18,Frameshift,1.2909219182921953e-05
DTX3L,34,Frameshift,1.2792759907244613e-05
DTX4,28,Frameshift,9.098076603776624e-06
DTYMK,28,Frameshift,1.205077495619887e-05
DUOX1,138,Frameshift,2.2848618634390817e-05
DUOX2,156,In-frame stop codon,4.467895402895032e-05
DUOXA1,37,Frameshift,1.0827606913456742e-05
DUOXA2,46,Frameshift,4.3994520210333536e-05
DUPD1,19,In-frame stop codon,1.5313847427294574e-05
DUS1L,70,Frameshift,3.46129149387605e-05
DUS2,43,Frameshift,8.16950640297683e-06
DUS3L,67,Frameshift,1.2634413151711003e-05
DUS4L,28,Frameshift,1.7702525070340974e-05
DUSP1,9,In-frame stop codon,6.110436053844997e-06
DUSP10,17,Frameshift,7.036443968259961e-06
DUSP11,36,Frameshift,1.2141109644124615e-05
DUSP12,27,Frameshift,8.758387204163143e-06
DUSP13,53,Frameshift,0.003924340042922756
DUSP14,8,Frameshift,8.982070374868496e-06
DUSP15,49,In-frame stop codon,1.320698609594263e-05
DUSP16,30,Frameshift,0.003205824314508907
DUSP18,18,Frameshift,0.00018602465496903747
DUSP19,21,Frameshift,1.2061045276826373e-05
DUSP2,27,Frameshift,4.804258524195144e-05
DUSP21,9,In-frame stop codon,4.735519332243094e-05
DUSP22,42,Frameshift,8.760644624554496e-06
DUSP23,20,In-frame stop codon,1.3640656925840094e-05
DUSP26,10,In-frame stop codon,1.0839688274716325e-05
DUSP27,77,Frameshift,2.136047757803877e-05
DUSP28,31,Frameshift,1.2527754214640093e-05
DUSP3,12,Frameshift,3.201795891658281e-05
DUSP4,15,Frameshift,7.854355469634738e-06
DUSP5,23,Frameshift,2.277512698835191e-05
DUSP6,13,Frameshift,0.009052636697423304
DUSP7,19,Frameshift,0.0002999484705705505
DUSP8,25,Frameshift,9.541626569225839e-05
DUSP9,6,Frameshift,1.1070561216644763e-05
DUT,38,Frameshift,1.8543202185740876e-05
DUXA,31,Frameshift,0.000141906937757583
DVL1,47,Frameshift,7.651175002906948e-06
DVL2,31,In-frame stop codon,7.030054742735816e-06
DVL3,24,Frameshift,8.68093741890529e-06
DXO,62,Frameshift,8.623180214006961e-06
DYDC1,24,Frameshift,1.4931726500134164e-05
DYDC2,20,Frameshift,0.00012175427175447248
DYM,51,In-frame stop codon,1.2526704352837514e-05
DYNAP,21,Frameshift,9.080075706234724e-05
DYNC1H1,35,Frameshift,2.4917416737650867e-05
DYNC1I1,41,In-frame stop codon,4.369030014508441e-05
DYNC1I2,59,Frameshift,4.938524782514407e-05
DYNC1LI1,19,Frameshift,4.104430274860348e-05
DYNC1LI2,15,Splice acceptor,9.762710184295268e-05
DYNC2H1,298,In-frame stop codon,9.136888445158637e-06
DYNC2LI1,33,In-frame stop codon,4.420812096777527e-05
DYNLL1,16,Frameshift,1.0000143164125592e-05
DYNLL2,6,Splice donor,9.951769981911642e-06
DYNLRB1,16,In-frame stop codon,8.819333909070142e-06
DYNLRB2,15,Frameshift,1.0914183156324187e-05
DYNLT1,42,Frameshift,1.1942962783575638e-05
DYNLT3,5,Frameshift,1.4540217702438895e-05
DYRK1A,23,Frameshift,1.1606511079769724e-05
DYRK1B,26,Frameshift,1.1955088079190214e-05
DYRK2,19,Frameshift,1.6245665076603573e-05
DYRK3,40,Frameshift,1.4236114870669751e-05
DYRK4,85,Frameshift,1.8761089622748095e-05
DYSF,178,Frameshift,7.394166215561367e-05
DYTN,62,In-frame stop codon,9.403384636373689e-05
DYX1C1,46,Frameshift,0.0023006917516374126
DZANK1,114,Frameshift,0.0008458690682053085
DZIP1,81,Frameshift,8.260308016930628e-06
DZIP1L,80,Frameshift,1.0902215202891694e-05
DZIP3,103,Frameshift,8.646914783996718e-06
E2F1,10,Frameshift,2.2129008543688968e-06
E2F2,17,Frameshift,5.724000698829003e-06
E2F3,13,Frameshift,9.414218748969188e-06
E2F4,19,Frameshift,1.0053910540455878e-05
E2F5,17,Frameshift,1.6137782081399216e-05
E2F6,16,Frameshift,6.900366768880095e-06
E2F7,24,Frameshift,5.505961494843947e-05
E2F8,21,Frameshift,9.896414923083562e-06
E4F1,39,Frameshift,5.819383452028171e-06
EAF1,19,Frameshift,1.0525231517580665e-05
EAF2,30,Frameshift,2.6772264215446082e-05
EAPP,35,Frameshift,9.862133325920467e-06
EARS2,39,In-frame stop codon,1.0004103055345297e-05
EBAG9,21,Frameshift,8.538076572917798e-06
EBF1,11,Splice donor,1.2076021697655892e-05
EBF2,12,Frameshift,0.0003123594950120182
EBF3,16,In-frame stop codon,9.270897810500563e-06
EBF4,39,Frameshift,4.0036618110553905e-05
EBI3,14,Frameshift,1.2218030499150574e-05
EBLN1,29,In-frame stop codon,8.154116986948547e-05
EBLN2,41,Frameshift,0.0038012652442295128
EBNA1BP2,39,Frameshift,3.06046574601441e-05
EBPL,39,Frameshift,0.000535092061396262
ECD,54,Frameshift,0.0001736458265313977
ECE1,37,Frameshift,3.422144482856863e-05
ECE2,105,Frameshift,1.1998369144635704e-05
ECEL1,60,Frameshift,1.686793343573797e-05
ECH1,51,Frameshift,1.6111383282583598e-05
ECHDC1,48,Frameshift,1.3046661592481168e-05
ECHDC2,49,Frameshift,7.480718359205058e-05
ECHDC3,39,Frameshift,3.4462096085242223e-05
ECHS1,32,Frameshift,1.6665145958104466e-05
ECI1,50,Frameshift,1.7975739383783403e-05
ECI2,46,Frameshift,1.932536332515064e-05
ECM1,67,Frameshift,1.2751411341402662e-05
ECM2,65,Frameshift,3.73251467641167e-05
ECSCR,12,Splice acceptor,2.88376005637801e-05
ECSIT,51,Frameshift,0.00133211138487796
ECT2,56,In-frame stop codon,2.812092044524278e-05
ECT2L,115,In-frame stop codon,0.00010230733652935364
EDA,16,Frameshift,0.006563598070150733
EDA2R,29,Frameshift,1.1178787087002596e-05
EDAR,31,In-frame stop codon,9.476576593713661e-06
EDARADD,16,Frameshift,9.561733601709989e-06
EDC3,25,Frameshift,9.563674438655958e-06
EDC4,39,In-frame stop codon,1.7939980356285852e-05
EDDM3A,16,In-frame stop codon,4.156544168283202e-05
EDDM3B,15,In-frame stop codon,1.7029452101002627e-05
EDEM1,64,Frameshift,1.5037658662812966e-05
EDEM2,61,Frameshift,1.5896080253637423e-05
EDEM3,47,Frameshift,5.217061333169742e-06
EDF1,6,Stop codon lost,4.667599742755789e-06
EDIL3,24,In-frame stop codon,6.164488612579177e-06
EDN1,12,Frameshift,2.683145861626519e-05
EDN2,13,In-frame stop codon,1.7251114916917834e-05
EDN3,17,Frameshift,0.00013876059698763815
EDNRA,10,Frameshift,1.036066946534372e-05
EDNRB,25,Frameshift,1.6095931268687105e-05
EDRF1,59,Frameshift,7.294006609321235e-05
EEA1,59,Frameshift,6.91225515879797e-06
EED,8,In-frame stop codon,9.148088873193779e-06
EEF1A1,14,Frameshift,3.554298017088764e-06
EEF1A2,5,Frameshift,2.112651095320655e-06
EEF1B2,14,Frameshift,6.600386948569204e-06
EEF1D,59,In-frame stop codon,1.0753425669483142e-05
EEF1E1,26,Frameshift,0.00699485390213852
EEF1G,14,Frameshift,5.733946922972291e-05
EEF2,17,Frameshift,2.9306710551892346e-05
EEF2K,66,In-frame stop codon,1.9156817290358814e-05
EEFSEC,40,Frameshift,1.1753847727268666e-05
EEPD1,28,Frameshift,3.217490938234173e-05
EFCAB1,17,In-frame stop codon,1.2921941974816698e-05
EFCAB10,16,Frameshift,1.2120689458616185e-05
EFCAB11,33,Frameshift,0.00022629371523842323
EFCAB12,39,Frameshift,3.83144273645103e-05
EFCAB13,107,Frameshift,0.006179627588866904
EFCAB14,45,Frameshift,9.116388978716759e-06
EFCAB3,43,Frameshift,0.0002258532865948238
EFCAB4A,61,Frameshift,1.3432927226945038e-05
EFCAB4B,71,Frameshift,2.309012651802738e-05
EFCAB5,139,Frameshift,0.0003116359172179836
EFCAB6,153,Frameshift,0.00010291274853471307
EFCAB7,72,Frameshift,1.5978387757854334e-05
EFCAB8,56,Frameshift,1.657617087945185e-05
EFCAB9,20,Frameshift,1.782734369807368e-05
EFCC1,50,Frameshift,2.1648284026887574e-05
EFEMP1,11,In-frame stop codon,2.0063778911936145e-05
EFEMP2,31,Frameshift,8.30250018541609e-06
EFHB,110,Frameshift,0.00012691164186745332
EFHC1,62,Frameshift,1.1556026106600643e-05
EFHC2,14,Frameshift,3.6874451711038332e-06
EFHD1,21,Frameshift,1.0964281570408201e-05
EFHD2,18,In-frame stop codon,0.00011056087432825158
EFNA1,10,Frameshift,1.5543900399183337e-05
EFNA2,13,Frameshift,1.1620988899101336e-05
EFNA3,11,Frameshift,4.618642714221634e-05
EFNA4,45,Frameshift,8.005213322214464e-06
EFNA5,1,In-frame stop codon,3.982635708311761e-06
EFNB1,3,In-frame stop codon,0.0
EFNB2,2,In-frame stop codon,1.5926610180289226e-05
EFNB3,17,Frameshift,1.3235888701974811e-05
EFR3A,61,Frameshift,1.4110748488058136e-05
EFR3B,28,In-frame stop codon,8.951459093026547e-06
EFS,50,Frameshift,9.57521217543369e-06
EFTUD1,54,Frameshift,1.1388348832907443e-05
EFTUD2,8,Splice acceptor,6.487589942119699e-06
EGF,71,In-frame stop codon,0.0005739554703792457
EGFL6,33,In-frame stop codon,1.2925893146761902e-05
EGFL7,53,Frameshift,2.9202430063516333e-05
EGFL8,40,Frameshift,9.327704787351725e-05
EGFLAM,80,Frameshift,1.1401060330714582e-05
EGFR,47,Frameshift,9.624070172460182e-06
EGLN1,8,In-frame stop codon,4.934250421031471e-06
EGLN2,15,Frameshift,7.507335891946984e-06
EGLN3,14,Frameshift,9.721232567021272e-06
EGR1,11,Frameshift,7.274089020892489e-06
EGR2,9,Frameshift,7.179747856603765e-06
EGR3,9,Frameshift,3.280007334898009e-06
EGR4,26,Frameshift,0.00011563289503027156
EHBP1,47,Frameshift,5.137514961395559e-06
EHBP1L1,141,Frameshift,0.0006018366994750922
EHD1,23,Frameshift,1.3766968135977251e-05
EHD2,14,In-frame stop codon,5.710921330842942e-06
EHD3,14,In-frame stop codon,1.1984884420246751e-05
EHD4,37,Frameshift,1.2034442994413024e-05
EHF,17,Frameshift,0.0001680028662732235
EHHADH,69,Frameshift,2.3072968019274655e-05
EHMT1,36,Frameshift,0.00011515271723267246
EHMT2,46,Frameshift,3.98318054359052e-05
EI24,37,Frameshift,0.027490039477265586
EID1,10,Frameshift,9.541566805123716e-06
EID2,7,Frameshift,7.691858870595154e-06
EID2B,12,Frameshift,8.57916032807682e-06
EID3,26,Frameshift,1.147763136233039e-05
EIF1,9,Frameshift,0.0010078717131544864
EIF1AD,10,Frameshift,7.58936362543385e-06
EIF1AX,2,In-frame stop codon,2.318141777551115e-05
EIF1B,3,Splice donor,2.6551673631295138e-06
EIF2A,67,Frameshift,8.388348575175192e-06
EIF2AK1,63,Frameshift,1.192304155682257e-05
EIF2AK2,35,Frameshift,9.562722829685652e-06
EIF2AK3,65,Frameshift,8.34569234555822e-06
EIF2AK4,121,Frameshift,1.1105187108522057e-05
EIF2B1,40,Frameshift,1.1657129154023272e-05
EIF2B2,37,Frameshift,4.3493824778201436e-05
EIF2B3,23,Frameshift,6.900328537005285e-05
EIF2B4,23,Frameshift,9.863854572466326e-06
EIF2B5,18,In-frame stop codon,9.507034437480424e-06
EIF2D,42,Frameshift,8.083622817304281e-06
EIF2S1,8,In-frame stop codon,6.525261904193817e-06
EIF2S2,7,Splice acceptor,2.3219175383512667e-06
EIF2S3,14,Frameshift,1.216502038345307e-05
EIF2S3L,37,Frameshift,1.2988914950892587e-05
EIF3A,18,In-frame stop codon,1.566625521210714e-05
EIF3B,17,In-frame stop codon,1.9097733193938397e-05
EIF3C,15,Frameshift,0.0017235133974208949
EIF3CL,14,Frameshift,0.004018034202284413
EIF3D,11,Frameshift,1.2319336528518079e-05
EIF3E,18,Frameshift,6.564402429363385e-06
EIF3F,8,Frameshift,1.2291691285709346e-05
EIF3G,16,Splice donor,9.488936764730364e-06
EIF3H,38,Frameshift,3.480310065476173e-05
EIF3I,12,Frameshift,9.70571388137343e-06
EIF3J,13,Frameshift,6.545197261945907e-06
EIF3K,29,Frameshift,4.249290958012881e-05
EIF3L,37,Frameshift,1.4230658373394525e-05
EIF3M,26,Frameshift,8.113984305181909e-06
EIF4A1,21,Frameshift,2.3175300594344406e-05
EIF4A2,14,Frameshift,1.4788697394572751e-05
EIF4A3,4,Splice acceptor,2.054060649801594e-06
EIF4B,9,Frameshift,6.246466907632818e-06
EIF4E,15,Frameshift,0.00016382984499057287
EIF4E1B,39,Frameshift,9.749788132259919e-06
EIF4E2,20,In-frame stop codon,1.0140278281178038e-05
EIF4E3,12,Frameshift,1.4782536923636625e-05
EIF4EBP1,6,Frameshift,1.6177629892523504e-05
EIF4EBP2,8,Frameshift,9.426236644212482e-06
EIF4EBP3,23,Frameshift,3.598211388457618e-05
EIF4ENIF1,19,Frameshift,0.00010444547203399591
EIF4G1,24,Frameshift,1.628792129921913e-05
EIF4G2,9,Frameshift,0.00017087134719846292
EIF4G3,39,Frameshift,6.206529066438427e-05
EIF4H,7,Frameshift,1.141480335211259e-05
EIF5,17,Frameshift,8.035228255121062e-06
EIF5A,15,Frameshift,8.52525530837137e-06
EIF5A2,15,Frameshift,9.83369571740891e-06
EIF5AL1,7,In-frame stop codon,0.0006269265549146585
EIF5B,46,Frameshift,8.057189708214994e-05
EIF6,18,In-frame stop codon,1.7787318988738582e-05
ELAC1,17,Frameshift,1.0176193331541804e-05
ELAC2,88,In-frame stop codon,1.8522013665657795e-05
ELANE,18,Frameshift,1.0687727796786782e-05
ELAVL1,7,In-frame stop codon,1.6269950868516998e-05
ELAVL2,4,Splice donor,1.9967114659788307e-06
ELAVL3,12,Frameshift,0.00023589654191066422
ELAVL4,10,Splice donor,5.687436470172762e-06
ELF1,30,Frameshift,3.614457857330575e-06
ELF2,8,Frameshift,8.026870367365625e-06
ELF3,15,In-frame stop codon,8.504479302799714e-06
ELF4,11,Frameshift,5.0355122751389185e-06
ELF5,21,Frameshift,1.048178435446666e-05
ELFN1,27,Frameshift,7.93054047767113e-05
ELFN2,14,Frameshift,8.464266941441103e-06
ELK1,7,Frameshift,2.5517686607722472e-06
ELK3,12,Frameshift,8.387860925642423e-06
ELK4,19,Frameshift,2.983525012575457e-05
ELL,12,Frameshift,9.204585075055087e-06
ELL2,18,Frameshift,1.3762673214110582e-05
ELL3,55,Frameshift,9.121347243053411e-06
ELMO1,28,Frameshift,7.898580043087746e-06
ELMO2,36,Splice donor,7.81251920195687e-06
ELMO3,90,Frameshift,7.090967956452845e-05
ELMOD1,16,Frameshift,1.3971763917780466e-05
ELMOD2,26,Frameshift,1.425461569998494e-05
ELMOD3,58,Frameshift,1.5629608254275827e-05
ELMSAN1,22,Frameshift,1.568179280363248e-05
ELN,51,Splice donor,4.158820795668935e-05
ELOF1,16,Frameshift,3.386783770174494e-05
ELOVL1,7,In-frame stop codon,2.3312779924209057e-05
ELOVL2,40,Frameshift,1.1509519151723936e-05
ELOVL3,16,Frameshift,8.992741135340061e-06
ELOVL4,15,In-frame stop codon,7.968068459961621e-06
ELOVL5,20,Frameshift,0.0003274773605073555
ELOVL6,6,Frameshift,2.6897482416375076e-05
ELOVL7,18,Frameshift,2.1893404545387974e-05
ELP2,77,In-frame stop codon,1.0799244485453754e-05
ELP3,65,Frameshift,1.0651017140891256e-05
ELP4,41,In-frame stop codon,9.365567674963978e-06
ELP5,53,Frameshift,0.012489408308094974
ELP6,25,Frameshift,2.3215247616788687e-05
ELSPBP1,34,Frameshift,1.5120517316677088e-05
ELTD1,71,Frameshift,9.179550200557918e-06
EMB,50,Frameshift,1.1264372308980552e-05
EMC1,105,In-frame stop codon,2.0743949644864892e-05
EMC10,64,Frameshift,0.000609107338612076
EMC2,36,Frameshift,9.136056393735091e-05
EMC3,12,Frameshift,6.3657406611207715e-06
EMC4,19,Frameshift,2.0763560593355917e-05
EMC6,4,Frameshift,5.839138790294415e-06
EMC7,5,Frameshift,4.021678648396373e-06
EMC8,5,Splice acceptor,5.18134329759861e-05
EMC9,41,Frameshift,1.58362891536277e-05
EMCN,25,Frameshift,2.2066546534268043e-05
EME1,62,Frameshift,1.4780145249172567e-05
EME2,73,Frameshift,0.00048528840523931336
EMG1,24,Frameshift,4.731280136430904e-06
EMID1,43,Frameshift,7.480768420725765e-05
EMILIN1,60,Frameshift,1.0077092826277628e-05
EMILIN2,88,Frameshift,0.00047088564563006546
EMILIN3,47,Frameshift,3.0637873167331135e-05
EML1,25,Splice donor,2.424877940845645e-05
EML2,83,In-frame stop codon,0.0005089130572565749
EML3,60,Frameshift,0.004428055363879978
EML4,60,Frameshift,8.19276697077851e-06
EML5,91,Frameshift,8.59327114333233e-06
EML6,96,Frameshift,9.328401594088131e-06
EMP1,22,Frameshift,3.264561829442211e-05
EMP2,16,In-frame stop codon,1.2264751365989542e-05
EMP3,31,Frameshift,1.5236880194127009e-05
EMR1,86,Frameshift,0.004352210033519719
EMR2,106,In-frame stop codon,7.933514297358416e-05
EMR3,69,In-frame stop codon,2.413395751848337e-05
EMX1,26,Frameshift,0.006206676599110875
EMX2,7,Frameshift,5.502597401227771e-05
EN1,8,Frameshift,2.7801434274150488e-05
EN2,6,Frameshift,1.4280846685258173e-05
ENAH,26,Frameshift,6.059959768725395e-06
ENAM,57,Frameshift,2.029031094703536e-05
ENC1,17,Frameshift,3.2893023919597695e-06
ENDOD1,45,Frameshift,1.4627900192559369e-05
ENDOG,28,Frameshift,0.0001111089334878036
ENDOU,55,Frameshift,4.89228269566051e-05
ENDOV,76,In-frame stop codon,0.0005550169763384285
ENG,8,In-frame stop codon,2.716548422540408e-06
ENGASE,93,Frameshift,0.0006386200369765027
ENHO,4,In-frame stop codon,1.4056674147718762e-05
ENKD1,41,Frameshift,2.887895238128484e-05
ENKUR,22,Frameshift,1.1772688304438736e-05
ENO1,32,Frameshift,6.715567702873083e-06
ENO2,11,In-frame stop codon,1.0867095083957287e-05
ENO3,65,Frameshift,1.5592092406369485e-05
ENO4,57,Frameshift,5.119526663934668e-05
ENOPH1,16,In-frame stop codon,9.465281040231565e-06
ENOSF1,89,Frameshift,2.2511263508113555e-05
ENOX1,35,In-frame stop codon,1.1832509741801662e-05
ENOX2,24,In-frame stop codon,1.7824363685399542e-05
ENPEP,100,In-frame stop codon,9.440495444938209e-05
ENPP1,56,Frameshift,1.9002817827537024e-05
ENPP2,35,In-frame stop codon,1.0214126009605498e-05
ENPP3,90,Frameshift,3.8639531215139084e-05
ENPP4,30,Frameshift,1.200492160010329e-05
ENPP5,42,Frameshift,1.137793490695409e-05
ENPP6,27,Frameshift,5.605108436690839e-06
ENPP7,39,In-frame stop codon,0.0004486130578005539
ENSA,21,Frameshift,5.0972649873690525e-05
ENTHD1,49,Frameshift,0.00011179513231125322
ENTHD2,72,Frameshift,1.541688053345272e-05
ENTPD1,30,Frameshift,3.60315120301732e-05
ENTPD2,89,Frameshift,7.341404553913881e-05
ENTPD3,65,In-frame stop codon,2.122749935274302e-05
ENTPD4,63,In-frame stop codon,1.7464501836020924e-05
ENTPD5,55,Frameshift,1.2615867769955365e-05
ENTPD6,59,Frameshift,1.3027424208246544e-05
ENTPD7,52,Frameshift,2.355856325829524e-05
ENTPD8,54,In-frame stop codon,8.097884153703335e-05
ENY2,4,Splice acceptor,6.017882197173755e-06
EOGT,50,Frameshift,5.903685258440292e-05
EOMES,21,Frameshift,3.983565656699032e-05
EP300,30,Frameshift,1.6714302955446685e-05
EP400,127,Frameshift,0.00022432318677755936
EPAS1,20,Frameshift,8.67993840215951e-06
EPB41,42,Frameshift,8.29927399796809e-06
EPB41L1,29,Frameshift,4.739837831554755e-06
EPB41L2,30,Frameshift,1.1452952591539586e-05
EPB41L3,54,Frameshift,1.2816313272395593e-05
EPB41L4A,106,Frameshift,0.005991727621611719
EPB41L4B,16,In-frame stop codon,6.863972342698823e-06
EPB41L5,48,Frameshift,7.793779592570727e-06
EPB42,63,Frameshift,0.0003865306244331916
EPC1,16,Frameshift,6.952092666093438e-06
EPC2,25,Frameshift,0.00021371208269529833
EPCAM,59,Frameshift,0.0018284665334326769
EPDR1,40,Frameshift,0.006823286198299881
EPG5,113,Frameshift,7.181977390250649e-06
EPGN,22,Frameshift,8.19100884149375e-06
EPHA1,98,Frameshift,1.1634748934215345e-05
EPHA10,129,Frameshift,2.0593504414967807e-05
EPHA2,46,Frameshift,6.651687830302845e-06
EPHA3,36,Frameshift,6.240415758261907e-06
EPHA4,15,In-frame stop codon,6.585032827528969e-06
EPHA5,34,In-frame stop codon,7.122775598145044e-06
EPHA6,64,Frameshift,4.12258115493742e-05
EPHA7,22,Frameshift,1.549750470922284e-05
EPHA8,60,Frameshift,8.905222718561369e-06
EPHB1,20,Frameshift,1.8592912831784083e-05
EPHB2,39,Frameshift,0.0001985343654800412
EPHB3,24,In-frame stop codon,3.0724311473841056e-05
EPHB4,30,Frameshift,1.13205566778659e-05
EPHB6,51,Frameshift,6.788060144977825e-06
EPHX1,38,Frameshift,8.577487448847973e-06
EPHX2,58,Frameshift,1.4664445883322662e-05
EPHX3,45,Frameshift,8.441495523836959e-06
EPHX4,31,Frameshift,9.457105995442803e-06
EPM2A,37,Frameshift,1.8972130583814328e-05
EPM2AIP1,15,Frameshift,6.9656538979376375e-06
EPN1,38,Frameshift,1.3917261435556532e-05
EPN2,29,Frameshift,9.56309112146077e-06
EPN3,92,Frameshift,4.429592440717625e-05
EPO,8,In-frame stop codon,7.037854547064959e-05
EPOR,35,Frameshift,8.744359674685253e-06
EPPIN,27,Frameshift,1.6385395336804766e-05
EPPK1,268,Frameshift,0.00197386758334323
EPRS,74,Frameshift,7.0533693108146356e-06
EPS15,40,Frameshift,0.00046607805980406023
EPS15L1,23,Frameshift,5.231256350833079e-06
EPS8,35,Frameshift,7.906095205937037e-06
EPS8L1,100,Frameshift,1.0206117101724588e-05
EPS8L2,53,Frameshift,0.00021469797089868653
EPS8L3,56,Frameshift,1.9677736469407395e-05
EPSTI1,81,Frameshift,0.0008191859942378777
EPT1,15,Frameshift,3.983388143981815e-06
EPX,69,In-frame stop codon,0.00019533426240444555
EPYC,32,Frameshift,4.728311731477585e-05
EQTN,36,In-frame stop codon,2.2401802782733113e-05
ERAL1,35,Frameshift,1.063668723365365e-05
ERAP1,119,Frameshift,4.4455645468895395e-05
ERAP2,109,Frameshift,4.204844075492591e-05
ERAS,3,Frameshift,1.0526944018463822e-05
ERBB2,55,Frameshift,1.6121724886851076e-05
ERBB2IP,52,Frameshift,5.4790898721951984e-05
ERBB3,94,Frameshift,9.033688522640601e-06
ERBB4,23,In-frame stop codon,7.4545255543414285e-06
ERC1,50,In-frame stop codon,8.673898380507337e-06
ERC2,29,Frameshift,3.872879783021133e-06
ERCC1,29,Frameshift,8.473676508240301e-05
ERCC2,107,Frameshift,1.0421275530830882e-05
ERCC3,57,Frameshift,2.3885130189107178e-05
ERCC4,69,Frameshift,7.830396895990118e-06
ERCC5,102,Frameshift,1.0101161651024908e-05
ERCC6,98,Frameshift,1.1667673427165239e-05
ERCC6L,14,Frameshift,1.3020552575616527e-05
ERCC6L2,77,Frameshift,0.003923291582034446
ERCC8,56,Frameshift,1.3929113229076404e-05
EREG,21,In-frame stop codon,1.6167306963395244e-05
ERF,12,Frameshift,1.335659489417512e-05
ERG,12,Frameshift,0.0001880506863518771
ERGIC1,31,Frameshift,0.007934778366717871
ERGIC2,22,Frameshift,7.35681926534819e-06
ERGIC3,43,In-frame stop codon,8.39923844987079e-06
ERH,1,Frameshift,0.0
ERI1,31,Frameshift,3.0893064012376356e-05
ERI2,75,Frameshift,2.4796272431072036e-05
ERI3,28,Frameshift,9.404352734398766e-06
ERICH1,58,Frameshift,7.691295248286228e-06
ERICH2,10,Frameshift,1.8702025515444485e-05
ERLEC1,39,Frameshift,8.290513499339014e-06
ERLIN1,21,Frameshift,5.968011693090485e-06
ERLIN2,22,Frameshift,8.644465942478748e-06
ERMAP,39,Frameshift,1.0900205089584058e-05
ERMARD,92,Frameshift,2.086390939817378e-05
ERMN,33,In-frame stop codon,4.0230829638050235e-05
ERMP1,67,Frameshift,1.5065197279513274e-05
ERN1,28,Frameshift,0.0010597958162947845
ERN2,118,Frameshift,1.978729966190027e-05
ERO1L,22,Frameshift,1.1246345135754839e-05
ERO1LB,42,Frameshift,1.6169786125226913e-05
ERP27,31,Frameshift,1.578816181745332e-05
ERP29,16,Frameshift,1.5046128564334894e-05
ERP44,6,In-frame stop codon,8.754830394069141e-06
ERRFI1,22,Frameshift,0.0009301943349800948
ERV3-1,55,In-frame stop codon,0.00204928818406609
ERVFRD-1,36,Frameshift,1.5320673991050253e-05
ERVMER34-1,50,Frameshift,0.00013114899242135322
ERVV-1,30,Frameshift,2.1053238345286345e-05
ERVV-2,29,Frameshift,5.997596104443681e-05
ERVW-1,46,Frameshift,0.00019516529724395912
ESAM,21,Frameshift,0.00035402354302891396
ESCO1,17,Frameshift,8.505407356372523e-06
ESCO2,54,Frameshift,1.8674640346062255e-05
ESD,31,Frameshift,1.92153400043226e-05
ESF1,48,Frameshift,5.580025222798224e-05
ESM1,11,Frameshift,6.154931468452593e-06
ESPL1,27,In-frame stop codon,2.9238312332454313e-05
ESPN,91,Frameshift,9.533063663956614e-05
ESPNL,85,Frameshift,1.3477628654575679e-05
ESR1,8,Frameshift,7.692772283372593e-06
ESR2,46,Frameshift,1.4164411421939638e-05
ESRP1,32,Frameshift,0.00010906678130594781
ESRP2,58,Frameshift,1.012173796096467e-05
ESRRA,12,Frameshift,6.217054942334674e-06
ESRRB,24,In-frame stop codon,1.7549717280914915e-05
ESRRG,18,Frameshift,1.1741153429983531e-05
ESX1,36,Frameshift,0.00015140694922157442
ESYT1,81,Frameshift,1.4213133168661248e-05
ESYT2,53,Frameshift,8.075756111520648e-05
ESYT3,115,Frameshift,1.269105980455607e-05
ETAA1,48,Frameshift,8.217865043245552e-06
ETF1,5,Frameshift,1.0519079054331753e-05
ETFA,40,Frameshift,1.5919647302907663e-05
ETFB,28,Frameshift,0.0012260194672373017
ETFDH,61,Frameshift,1.545060263813016e-05
ETHE1,26,In-frame stop codon,1.2294463649490554e-05
ETNK1,28,Frameshift,1.1045639108499955e-05
ETNK2,43,In-frame stop codon,7.293229735407144e-06
ETNPPL,30,Frameshift,9.996692269933307e-06
ETS1,10,Splice donor,3.2231462557439235e-06
ETS2,7,Frameshift,1.712642131325024e-05
ETV1,17,Frameshift,1.1244365286503519e-05
ETV2,47,Frameshift,0.015670683180291398
ETV3,9,Frameshift,7.92725327405386e-06
ETV3L,37,In-frame stop codon,3.586220007214166e-05
ETV4,45,Frameshift,1.821406938587074e-05
ETV5,20,Frameshift,9.61050136461816e-05
ETV6,15,Frameshift,0.0175421865148293
ETV7,49,In-frame stop codon,1.3422076185559592e-05
EVA1A,13,In-frame stop codon,5.239227888879063e-05
EVA1B,6,In-frame stop codon,7.961204112189045e-06
EVA1C,29,Frameshift,1.0868705562196586e-05
EVC,106,Frameshift,7.953371946245843e-06
EVC2,129,Frameshift,1.2063204853179099e-05
EVI2A,25,Frameshift,8.20050370256327e-06
EVI2B,22,Frameshift,1.0507886833720872e-05
EVI5,64,Frameshift,1.9009316686505365e-05
EVI5L,13,In-frame stop codon,8.6077093138299e-06
EVL,31,Frameshift,0.00041465225541245816
EVPL,170,Frameshift,1.4276292193345657e-05
EVPLL,48,In-frame stop codon,4.6704850959353626e-05
EVX1,32,In-frame stop codon,4.517341180936259e-06
EVX2,20,Frameshift,1.9340819627002385e-05
EWSR1,32,Frameshift,1.2151799338514022e-05
EXD1,61,Frameshift,1.3400265963570571e-05
EXD2,50,Frameshift,8.754914151137134e-06
EXD3,91,Frameshift,4.042774470026074e-05
EXO1,74,Frameshift,3.572191128172593e-05
EXO5,34,Frameshift,0.0007222400162996969
EXOC1,61,Frameshift,1.1128073108732751e-05
EXOC2,52,In-frame stop codon,9.533167768547252e-06
EXOC3,22,Frameshift,7.87201939022191e-06
EXOC3L1,88,In-frame stop codon,6.284903914202771e-05
EXOC3L2,9,Frameshift,7.955918069930146e-06
EXOC3L4,78,Frameshift,0.008388045915025582
EXOC4,74,Frameshift,7.837527834516024e-06
EXOC5,11,Frameshift,9.7918303217536e-06
EXOC6,61,Frameshift,1.5147840485358341e-05
EXOC6B,42,In-frame stop codon,0.025455527896096893
EXOC7,45,In-frame stop codon,0.00028167654471756805
EXOC8,10,Frameshift,7.2015478700123e-06
EXOG,53,Frameshift,1.3728988981873019e-05
EXOSC1,25,In-frame stop codon,1.5378523186483866e-05
EXOSC10,74,In-frame stop codon,7.57781897485605e-06
EXOSC2,30,Frameshift,1.52817625932253e-05
EXOSC3,33,Frameshift,1.1855119770714775e-05
EXOSC4,32,Frameshift,4.448927978486068e-05
EXOSC5,25,Frameshift,1.3640222662875344e-05
EXOSC6,15,Frameshift,0.0001014957885387369
EXOSC7,30,Frameshift,1.221580815762854e-05
EXOSC8,51,Frameshift,1.0365732696538642e-05
EXOSC9,67,Frameshift,1.4228495202584224e-05
EXPH5,149,Frameshift,9.49601063551255e-06
EXT1,13,Frameshift,1.0829341451256817e-05
EXT2,48,In-frame stop codon,1.2117118340628523e-05
EXTL1,50,Frameshift,0.00010687779743105368
EXTL2,30,Frameshift,0.0002530878969040235
EXTL3,32,In-frame stop codon,6.989117996821851e-06
EYA1,18,Splice donor,6.633602162806643e-06
EYA2,19,Frameshift,5.249618186733575e-06
EYA3,26,Frameshift,9.566809229369164e-06
EYA4,28,Splice donor,8.568618221646223e-05
EYS,226,Frameshift,2.635181843667682e-05
EZH1,24,Splice donor,6.660110173054837e-06
EZH2,16,Splice acceptor,5.590274668494498e-06
EZR,25,Frameshift,7.5291150971880045e-06
F10,52,Frameshift,7.92764774088624e-05
F11,67,In-frame stop codon,2.6646164089453612e-05
F11R,21,Frameshift,4.169607209890313e-06
F12,54,In-frame stop codon,1.6683312664914575e-05
F13A1,53,Frameshift,5.6705403182479726e-05
F13B,63,Frameshift,7.235869563258805e-06
F2,56,Frameshift,0.00012362317431644502
F2R,16,In-frame stop codon,1.2503447987846267e-05
F2RL1,23,Frameshift,2.1523802980626917e-05
F2RL2,28,Frameshift,9.313127020195113e-06
F2RL3,29,Frameshift,1.0618770982005739e-05
F3,13,Frameshift,5.016754016974278e-06
F5,114,Frameshift,8.818811771863469e-06
F7,32,Frameshift,0.00018508415859981808
F8,17,Frameshift,8.810025711151817e-06
F8A1,3,Frameshift,4.569089197759319e-06
F9,9,Frameshift,3.041820937654073e-06
FA2H,23,Frameshift,3.056047439576747e-05
FAAH,52,Frameshift,6.148980895402636e-05
FAAH2,57,Frameshift,3.9234531510848284e-05
FABP1,17,Frameshift,6.123827613489576e-06
FABP12,15,In-frame stop codon,2.4913457704240547e-05
FABP2,16,Frameshift,1.5878212211555433e-05
FABP3,15,Frameshift,6.621216577984048e-05
FABP4,15,Frameshift,2.127352181785279e-05
FABP5,11,Frameshift,1.1745952389485832e-05
FABP6,17,In-frame stop codon,6.402208858611901e-06
FABP7,17,Frameshift,8.215126891983342e-06
FABP9,17,In-frame stop codon,6.013097824559203e-06
FADD,3,Frameshift,1.3321059068976147e-05
FADS1,29,Frameshift,3.400320966114881e-05
FADS2,26,Frameshift,0.00019991623169558239
FADS3,38,Frameshift,8.4357033662922e-06
FADS6,38,Frameshift,0.00046882227863605025
FAF1,18,Frameshift,4.79614395966935e-06
FAF2,9,In-frame stop codon,9.969400609390127e-05
FAH,41,In-frame stop codon,1.4601298556234759e-05
FAHD1,30,In-frame stop codon,2.069653459097545e-05
FAHD2A,27,Frameshift,6.6450001979117265e-06
FAHD2B,37,Frameshift,4.701171988253327e-05
FAIM,29,Frameshift,8.330146296127224e-06
FAIM2,26,Frameshift,2.7343395537434896e-05
FAIM3,31,Frameshift,1.3798932065578677e-05
FAM101A,14,Frameshift,7.652932589586284e-06
FAM101B,8,Frameshift,1.6164795856707616e-05
FAM102A,17,In-frame stop codon,3.3785399141694147e-06
FAM102B,25,Splice donor,1.486664983516101e-05
FAM103A1,16,Frameshift,2.1914558939584694e-05
FAM104A,25,Frameshift,1.7787364982843886e-05
FAM104B,15,In-frame stop codon,8.02324667662017e-05
FAM105A,37,Frameshift,1.429724602774627e-05
FAM105B,9,Frameshift,2.3082974705962166e-05
FAM107A,26,In-frame stop codon,6.306695836343398e-06
FAM107B,31,Frameshift,7.842536898671945e-06
FAM109A,34,In-frame stop codon,2.536754315812701e-05
FAM109B,28,Frameshift,5.995314284369695e-05
FAM110A,10,Frameshift,5.035489659843756e-06
FAM110B,5,In-frame stop codon,3.996140776172754e-06
FAM110C,27,Frameshift,2.2192349511215505e-05
FAM110D,14,Frameshift,1.2827608230540966e-05
FAM111A,55,Frameshift,0.00011198228475417532
FAM111B,81,Frameshift,0.0005432717764437392
FAM114A1,57,Frameshift,2.1680478545329393e-05
FAM114A2,57,Frameshift,1.2998435674618556e-05
FAM115A,14,In-frame stop codon,0.00024961648635207426
FAM115C,48,Frameshift,0.0004799311819943752
FAM117A,24,In-frame stop codon,8.276290122704278e-06
FAM117B,29,Frameshift,1.5206291797796429e-05
FAM118A,46,Frameshift,1.1963826667255192e-05
FAM118B,24,Frameshift,1.0620231960524646e-05
FAM120A,27,Frameshift,9.797452055259431e-06
FAM120AOS,30,Frameshift,2.6849228041703305e-05
FAM120B,67,Frameshift,3.490350308329092e-05
FAM120C,19,Frameshift,0.00010345085418863457
FAM122A,5,Frameshift,7.852591536773112e-06
FAM122B,11,Frameshift,1.2227863270179133e-05
FAM122C,23,In-frame stop codon,0.0005842196604632095
FAM124A,49,Frameshift,1.0898601287730332e-05
FAM124B,38,Frameshift,1.7009764194270648e-05
FAM126A,37,Frameshift,9.906939251088311e-05
FAM126B,35,Frameshift,1.1965720877741144e-05
FAM127A,1,Start codon lost,0.0
FAM127B,5,Frameshift,9.517773367330684e-06
FAM127C,9,Frameshift,2.883485720572754e-05
FAM129A,106,Frameshift,2.1957546986756474e-05
FAM129B,35,Frameshift,9.057584169527904e-06
FAM129C,83,Frameshift,7.25306573573743e-05
FAM131A,32,Frameshift,1.3220379629199642e-05
FAM131B,10,Frameshift,4.019913859779296e-06
FAM131C,32,Frameshift,1.1131242674307552e-05
FAM132A,32,Frameshift,0.00012943860932475033
FAM132B,41,Frameshift,3.4473688492100774e-05
FAM133A,12,Frameshift,9.569744747039247e-06
FAM133B,26,Frameshift,1.2732104016298082e-05
FAM134A,28,Frameshift,9.48381296312658e-06
FAM134B,33,Frameshift,6.792186210799875e-06
FAM134C,32,Frameshift,0.00011243645598894435
FAM135A,62,Frameshift,1.5956492863715207e-05
FAM135B,25,Frameshift,6.0980851742054105e-06
FAM136A,51,Frameshift,3.115909632539298e-05
FAM13A,91,Frameshift,3.194394797496142e-05
FAM13B,36,Frameshift,5.250837816708691e-06
FAM13C,31,In-frame stop codon,7.984834727498375e-06
FAM149A,84,Frameshift,0.00013783075543068792
FAM149B1,59,Frameshift,2.8220587375117885e-05
FAM150A,19,Frameshift,1.420713917480766e-05
FAM150B,15,Frameshift,5.042526924928091e-05
FAM151A,89,Frameshift,0.00024992664925190254
FAM151B,25,In-frame stop codon,1.8488109365461975e-05
FAM153A,27,Splice donor,1.9299579069023153e-05
FAM153B,50,Frameshift,2.4006328686519358e-05
FAM154A,58,In-frame stop codon,5.0184064995977824e-05
FAM154B,57,Frameshift,0.00012778684854465318
FAM155A,24,Frameshift,6.950928880091507e-06
FAM155B,11,Frameshift,1.0699529852146333e-05
FAM159A,19,Frameshift,3.7277396043938397e-05
FAM159B,17,Frameshift,2.7715412407653906e-05
FAM160A1,49,Frameshift,2.461134837566751e-05
FAM160A2,42,Frameshift,6.583212418914909e-06
FAM160B1,22,In-frame stop codon,4.508267558259299e-06
FAM160B2,53,Frameshift,2.0458593616763664e-05
FAM161A,59,Frameshift,1.9581656357311452e-05
FAM161B,68,Frameshift,4.5894330956056815e-05
FAM162A,25,Frameshift,3.5379555436482975e-05
FAM162B,24,Frameshift,3.550961800311401e-05
FAM163A,6,Frameshift,4.66072115456289e-06
FAM163B,6,Frameshift,1.5401956999438297e-05
FAM166A,70,Frameshift,0.014269586521313648
FAM166B,48,Frameshift,0.0016211612838240342
FAM167A,31,Frameshift,6.821790771560591e-06
FAM167B,19,Frameshift,1.2657184898305184e-05
FAM168A,2,Frameshift,1.8003354394925065e-05
FAM168B,15,In-frame stop codon,8.79286915373984e-06
FAM169A,6,In-frame stop codon,5.003233731162124e-06
FAM170A,28,Frameshift,2.6270182924782907e-05
FAM170B,19,In-frame stop codon,2.0755326180832016e-05
FAM171A1,24,Frameshift,4.5615048292296416e-06
FAM171A2,20,Frameshift,1.2621361472327258e-05
FAM171B,21,In-frame stop codon,4.12785638530794e-05
FAM172A,34,Frameshift,1.0310749329911274e-05
FAM173A,43,Frameshift,1.9213135410623995e-05
FAM173B,36,Frameshift,0.00011053643148259339
FAM174A,11,In-frame stop codon,1.0059306713262813e-05
FAM174B,38,Frameshift,0.00017829011353938414
FAM175A,55,Frameshift,4.035283982338509e-05
FAM175B,18,Frameshift,6.27618602405288e-06
FAM177A1,23,Frameshift,1.047203729584047e-05
FAM177B,18,In-frame stop codon,2.557263156211158e-05
FAM178A,71,Frameshift,1.2464388983682687e-05
FAM178B,74,Frameshift,2.3639494466910195e-05
FAM179A,88,Frameshift,6.425068770520417e-05
FAM179B,86,Frameshift,8.150644699913277e-06
FAM180A,9,In-frame stop codon,1.0207942111933152e-05
FAM180B,27,Frameshift,3.9320633947766626e-05
FAM181A,17,Frameshift,1.1768755316131524e-05
FAM181B,20,Frameshift,6.251762426039634e-05
FAM183A,26,Frameshift,7.229139633035604e-05
FAM184A,86,In-frame stop codon,1.1911505251029562e-05
FAM184B,81,In-frame stop codon,1.2829841351637887e-05
FAM185A,26,Frameshift,2.170086052480258e-05
FAM186A,198,Frameshift,0.0018217928810601762
FAM186B,86,Frameshift,2.533934231002012e-05
FAM187A,29,In-frame stop codon,1.6351970061832287e-05
FAM187B,37,Frameshift,0.009845657516808454
FAM188A,28,In-frame stop codon,5.027265342034157e-06
FAM188B,70,Frameshift,1.656684785891554e-05
FAM188B2,31,Frameshift,3.588493646370673e-05
FAM189A1,29,Frameshift,1.9888548960309397e-05
FAM189A2,38,Frameshift,1.861725193614553e-05
FAM189B,41,Frameshift,3.361783604403085e-05
FAM192A,14,Frameshift,1.1131591443055312e-05
FAM193A,36,Frameshift,0.00014334355870893988
FAM193B,34,Frameshift,2.4420161617351175e-05
FAM194A,113,Frameshift,9.976446602014788e-05
FAM194B,53,Frameshift,1.9856868617240033e-05
FAM195A,15,Frameshift,1.1490892877747294e-05
FAM195B,18,In-frame stop codon,3.293839728823591e-05
FAM196A,10,Frameshift,6.3979284622781295e-06
FAM196B,13,Frameshift,8.476413321353099e-06
FAM198A,48,In-frame stop codon,3.333694972563779e-05
FAM198B,62,Frameshift,2.7979122241679264e-05
FAM199X,5,Frameshift,1.239410357759309e-05
FAM19A1,3,Splice donor,5.353211256189643e-06
FAM19A2,8,In-frame stop codon,9.428450562718776e-06
FAM19A3,27,Frameshift,3.8761163393399624e-05
FAM19A4,9,In-frame stop codon,7.9712746707505e-06
FAM19A5,12,Frameshift,8.558157000662574e-06
FAM200A,39,Frameshift,3.9886994648622625e-05
FAM200B,77,Frameshift,6.264414167786778e-05
FAM203A,9,Frameshift,1.643755118849659e-05
FAM204A,16,In-frame stop codon,5.635523354069248e-06
FAM205A,55,Frameshift,1.4213480437150782e-05
FAM205CP,1,Splice donor,0.21765834932821498
FAM206A,24,Frameshift,1.4248000472879902e-05
FAM207A,25,Frameshift,3.635015009687792e-05
FAM208A,47,Frameshift,8.023682459637682e-06
FAM208B,75,Frameshift,1.5837452178094617e-05
FAM209A,24,Frameshift,0.00020027471539234285
FAM209B,14,Frameshift,0.001234721273581556
FAM20A,56,Frameshift,9.614703758390686e-06
FAM20B,20,In-frame stop codon,4.616915420393303e-06
FAM20C,22,Frameshift,1.1817281334243332e-05
FAM210A,21,Frameshift,1.1824899263593295e-05
FAM210B,22,Frameshift,2.8690370488009203e-05
FAM211A,20,Frameshift,2.3955988036871676e-05
FAM211B,32,In-frame stop codon,2.4250492326508906e-05
FAM212A,24,Frameshift,2.5954522872122348e-05
FAM212B,28,Frameshift,1.5306890987377193e-05
FAM213A,33,Frameshift,1.6487361650305545e-05
FAM213B,34,In-frame stop codon,4.008449803304214e-05
FAM214A,47,Frameshift,9.886079744667026e-06
FAM214B,22,Frameshift,1.758988011350407e-05
FAM216A,24,Frameshift,2.2191901480629106e-05
FAM216B,20,Frameshift,9.557323862638434e-06
FAM217A,57,Frameshift,2.765060404364434e-05
FAM217B,29,Frameshift,9.03818241592727e-06
FAM219A,12,In-frame stop codon,1.117611971588017e-05
FAM219B,27,Frameshift,1.0146776513024988e-05
FAM21A,76,Frameshift,7.974759820241982e-05
FAM21C,102,Frameshift,5.1056460414041535e-05
FAM220A,25,Frameshift,1.9465198778601334e-05
FAM221A,32,Frameshift,0.00012846613788345906
FAM221B,40,Frameshift,1.4365418889315533e-05
FAM222A,12,Frameshift,1.982105397678604e-05
FAM222B,24,In-frame stop codon,1.0294118377522674e-05
FAM227A,79,Frameshift,9.604552381652265e-05
FAM227B,111,In-frame stop codon,7.364175514654044e-05
FAM228A,36,Frameshift,1.9483896588340985e-05
FAM228B,35,Frameshift,0.02754592848199758
FAM229A,18,Frameshift,2.6916405404745176e-05
FAM229B,6,Frameshift,2.1247867438334187e-05
FAM24A,16,Frameshift,1.17474483360249e-05
FAM24B,9,In-frame stop codon,1.0684437244187017e-05
FAM25A,8,Frameshift,0.002241969481947222
FAM25B,2,In-frame stop codon,0.0029745240761478164
FAM25C,10,Frameshift,0.0008349243825208713
FAM26D,21,Frameshift,2.158397302847138e-05
FAM26E,23,Frameshift,9.036201971061467e-06
FAM26F,30,In-frame stop codon,0.002350427599373963
FAM32A,16,Frameshift,1.2317625213711915e-05
FAM35A,58,Frameshift,1.0054700720311298e-05
FAM3A,4,In-frame stop codon,5.18396093288918e-06
FAM3B,43,Frameshift,0.002333722347468022
FAM3C,12,Frameshift,8.865968064050421e-06
FAM3D,16,Frameshift,8.470897609362708e-06
FAM43A,11,In-frame stop codon,5.555424338746888e-06
FAM43B,18,Frameshift,2.6599079097572917e-05
FAM45A,36,In-frame stop codon,9.525363806442856e-06
FAM46A,55,Frameshift,0.0001309675678067083
FAM46B,21,Frameshift,7.044739667624922e-06
FAM46C,5,In-frame stop codon,5.668247689796769e-06
FAM46D,2,Frameshift,6.561184764405112e-06
FAM47A,15,Frameshift,2.3395673416554926e-05
FAM47B,28,In-frame stop codon,2.4865001647939885e-05
FAM47C,53,Frameshift,3.902432876172508e-05
FAM47E,46,Frameshift,0.00022648502494106206
FAM47E-STBD1,52,Frameshift,3.703035856659571e-05
FAM49A,9,In-frame stop codon,3.5708929663941715e-06
FAM49B,5,In-frame stop codon,1.594574762034699e-05
FAM50A,7,Frameshift,2.3378846936947715e-06
FAM50B,18,Frameshift,3.60920704196676e-06
FAM53A,41,Frameshift,2.578714072582438e-05
FAM53B,11,Frameshift,1.2578656162172704e-05
FAM53C,16,Frameshift,7.61120847845364e-06
FAM57A,23,Frameshift,1.1886897750967507e-05
FAM57B,25,Frameshift,2.142645102490196e-05
FAM60A,9,Frameshift,0.00013947903347770528
FAM63A,55,In-frame stop codon,2.0979269711622092e-05
FAM63B,38,Frameshift,8.14976283316419e-06
FAM64A,39,Frameshift,0.0004975041807885719
FAM65A,40,Frameshift,1.1947155103639292e-05
FAM65B,43,In-frame stop codon,0.010834975193812905
FAM65C,104,Frameshift,3.132473283661555e-05
FAM69A,15,Frameshift,6.878598335503566e-06
FAM69B,33,Frameshift,1.4930867542785448e-05
FAM69C,30,In-frame stop codon,1.3171229584443174e-05
FAM71A,47,Frameshift,0.00013965552707202852
FAM71B,35,Frameshift,9.121959658753113e-06
FAM71C,25,Frameshift,6.622903140310845e-05
FAM71D,32,Frameshift,0.0006056745362702218
FAM71E1,21,Frameshift,5.081907147427676e-05
FAM71E2,78,Frameshift,1.857274377418814e-05
FAM71F1,31,In-frame stop codon,3.676289238195836e-05
FAM71F2,30,Frameshift,2.3166757858453305e-05
FAM72A,21,Frameshift,2.1045228803697457e-05
FAM72B,11,Frameshift,1.212762021302706e-05
FAM72C,4,Frameshift,6.428131233852406e-06
FAM72D,19,Frameshift,8.11606233935331e-06
FAM73A,51,Frameshift,2.3889907094236843e-05
FAM73B,40,In-frame stop codon,1.3669119689576766e-05
FAM76A,33,Frameshift,9.31267560900188e-06
FAM76B,16,In-frame stop codon,6.960821591236216e-06
FAM78A,21,Frameshift,1.9764354247381902e-05
FAM78B,6,In-frame stop codon,9.683712865303534e-06
FAM81A,22,Frameshift,8.421027381438154e-05
FAM81B,58,Frameshift,0.0004905420640904186
FAM83A,50,Frameshift,0.00012216303190051565
FAM83B,48,Frameshift,9.576787861501545e-06
FAM83C,55,Frameshift,1.1505229586069474e-05
FAM83D,39,Frameshift,1.9975064344362684e-05
FAM83E,59,Frameshift,2.060852962899596e-05
FAM83F,39,In-frame stop codon,8.946457142343106e-06
FAM83G,45,Frameshift,6.841987682134364e-06
FAM83H,31,Frameshift,6.183920272903072e-05
FAM83H-AS1,3,Splice donor,2.926363822829504e-05
FAM84A,13,In-frame stop codon,5.695882048525308e-06
FAM84B,18,In-frame stop codon,7.601029841162083e-06
FAM86A,54,Frameshift,1.5590953729819313e-05
FAM86B1,76,In-frame stop codon,0.010640837979630285
FAM86B2,63,In-frame stop codon,0.00593161392157241
FAM89A,15,Frameshift,5.083025089317924e-05
FAM89B,11,Frameshift,0.00015299969308578708
FAM8A1,46,Frameshift,4.910017211280583e-05
FAM90A1,48,Frameshift,0.00034917756828354505
FAM90A12P,2,Splice donor,0.00045177320984865596
FAM90A13P,1,Splice donor,0.0006757771437152726
FAM90A20P,14,Splice donor,0.00010666754180580483
FAM90A24P,4,Splice donor,0.0005065201864617011
FAM90A26,25,Frameshift,0.000556449848571074
FAM90A5P,1,Splice donor,0.00021034917963819942
FAM91A1,41,Frameshift,7.64918197563258e-06
FAM92A1,59,Frameshift,4.247056893812074e-05
FAM92B,35,Frameshift,4.430497320170636e-05
FAM96A,16,In-frame stop codon,2.8973447758620544e-05
FAM96B,25,Frameshift,9.374173926762094e-06
FAM98A,20,Frameshift,9.611252979310943e-06
FAM98B,33,Frameshift,6.240374249739253e-05
FAM98C,47,Frameshift,5.938839706902179e-05
FAM9A,43,Frameshift,3.574570796572749e-05
FAM9B,27,Frameshift,2.6740442547251684e-05
FAM9C,18,Frameshift,3.201305344908044e-05
FAN1,118,Frameshift,3.996128183154059e-05
FANCA,237,Frameshift,1.5263071641402425e-05
FANCB,1,Splice acceptor,6.423350162510759e-06
FANCC,61,Frameshift,1.2161203476108393e-05
FANCD2,143,Frameshift,1.630422690102988e-05
FANCD2OS,25,Frameshift,1.26081074677698e-05
FANCE,47,Frameshift,1.2544407876280469e-05
FANCF,33,Frameshift,9.560721976562902e-06
FANCG,65,Frameshift,1.2352918960790743e-05
FANCI,126,Frameshift,1.0456535852264529e-05
FANCL,64,Frameshift,5.7603764418582724e-05
FANCM,119,Frameshift,3.0128588903287064e-05
FANK1,58,Frameshift,0.00024703150623527266
FAP,72,In-frame stop codon,7.211819057095421e-06
FAR1,13,Frameshift,4.913635959111145e-06
FAR2,21,Frameshift,1.3624931354711446e-05
FARP1,78,Frameshift,7.300273462765547e-06
FARP2,167,Frameshift,1.742276845605285e-05
FARS2,28,In-frame stop codon,9.04571910672324e-06
FARSA,44,Frameshift,1.0326140241276773e-05
FARSB,35,Frameshift,1.025397196547669e-05
FAS,14,In-frame stop codon,8.542700471281351e-06
FASLG,4,In-frame stop codon,1.5921557095629402e-05
FASN,37,Frameshift,4.521842339284054e-05
FASTK,33,Frameshift,9.90760405186401e-06
FASTKD1,94,Frameshift,0.0001771658539459428
FASTKD2,47,Frameshift,9.775329371709147e-06
FASTKD3,67,Frameshift,1.1742055266996905e-05
FASTKD5,49,Frameshift,1.3578565834966372e-05
FAT1,129,In-frame stop codon,6.516191055409522e-06
FAT2,140,Frameshift,8.104570050546977e-06
FAT3,104,Frameshift,1.6692619005764085e-05
FAT4,74,Frameshift,7.788546605897193e-06
FATE1,13,Frameshift,2.3203975555349757e-05
FAU,3,In-frame stop codon,3.9995850845934324e-06
FAXC,14,Frameshift,6.429427954982366e-06
FAXDC2,49,Frameshift,5.636785153532454e-05
FBF1,124,Frameshift,1.1230195467426324e-05
FBL,16,Splice donor,6.226572840548559e-06
FBLIM1,38,Frameshift,2.319481854542894e-05
FBLL1,15,Frameshift,1.2434340052657804e-05
FBLN1,48,Frameshift,0.0003578479286271405
FBLN2,70,In-frame stop codon,3.712640860146936e-05
FBLN5,14,Frameshift,1.4237726410222482e-05
FBLN7,37,Frameshift,1.722300279417031e-05
FBN1,37,Frameshift,5.4863150326417314e-06
FBN2,54,Frameshift,4.349893927793924e-06
FBN3,234,Frameshift,2.7089933237875214e-05
FBP1,19,Frameshift,9.90497691476393e-06
FBP2,19,Frameshift,0.0001513740987434263
FBRS,37,Frameshift,0.00014865899684383924
FBRSL1,79,Frameshift,0.00019901750886282873
FBXL12,40,In-frame stop codon,3.188097662289181e-05
FBXL13,86,Frameshift,1.5220104723440054e-05
FBXL14,6,In-frame stop codon,1.0099959137938525e-05
FBXL15,34,Frameshift,1.622708522259476e-05
FBXL16,5,In-frame stop codon,8.949678840948914e-06
FBXL17,20,Frameshift,2.7108642686187437e-05
FBXL18,55,In-frame stop codon,3.153815538173801e-05
FBXL19,36,Frameshift,6.481881783627149e-05
FBXL2,34,Frameshift,2.1568368225718577e-05
FBXL20,18,Splice acceptor,1.1191113396416919e-05
FBXL22,27,Frameshift,5.5971728923211514e-05
FBXL3,14,Frameshift,1.4428697927211517e-05
FBXL4,33,In-frame stop codon,1.4655357243020132e-05
FBXL5,31,Splice acceptor,9.58541804481636e-06
FBXL6,51,Frameshift,1.7679455002345213e-05
FBXL7,15,Frameshift,8.557506828494534e-06
FBXL8,56,Frameshift,0.00027035170695010425
FBXO10,42,Frameshift,1.1594904972222344e-05
FBXO11,16,Frameshift,5.459858707004549e-05
FBXO15,29,Frameshift,1.2845031640443712e-05
FBXO16,45,Frameshift,4.207475706254947e-05
FBXO17,39,In-frame stop codon,1.5023982072901249e-05
FBXO18,42,In-frame stop codon,1.9882849036522115e-05
FBXO2,35,Frameshift,6.10991083279058e-05
FBXO21,20,Frameshift,7.393785591016359e-06
FBXO22,16,Frameshift,3.9770744009476966e-05
FBXO24,64,Frameshift,2.9092125302559956e-05
FBXO25,33,In-frame stop codon,9.661145394176926e-06
FBXO27,40,Frameshift,3.7845694148165964e-05
FBXO28,7,In-frame stop codon,1.0833500175715513e-05
FBXO3,10,In-frame stop codon,7.595192396695869e-06
FBXO30,22,Frameshift,1.09150881021932e-05
FBXO31,20,Frameshift,4.538490768993832e-06
FBXO32,11,In-frame stop codon,8.710537071328198e-06
FBXO33,22,Frameshift,2.6612318524066496e-05
FBXO34,26,Frameshift,1.0620845069725023e-05
FBXO36,30,Frameshift,3.488867154363129e-05
FBXO38,26,In-frame stop codon,8.06242827228508e-06
FBXO39,34,Frameshift,6.45980640513529e-06
FBXO4,28,In-frame stop codon,1.1467275520886026e-05
FBXO40,46,Frameshift,3.270347339061114e-05
FBXO41,20,In-frame stop codon,6.985877819863091e-06
FBXO42,12,In-frame stop codon,6.674699276275167e-06
FBXO43,46,Frameshift,6.18841399745898e-05
FBXO44,34,In-frame stop codon,1.6236109952781077e-05
FBXO45,4,Frameshift,5.06667678452209e-05
FBXO46,13,Frameshift,1.0939857882299553e-05
FBXO47,20,In-frame stop codon,9.783962066497745e-06
FBXO48,21,Frameshift,1.3667304669118366e-05
FBXO5,16,Frameshift,1.1296915347287538e-05
FBXO6,30,Frameshift,1.102201717122375e-05
FBXO7,44,Frameshift,0.010303415420951471
FBXO8,12,Frameshift,9.27041194227028e-06
FBXO9,33,In-frame stop codon,9.070173726065227e-06
FBXW10,121,Frameshift,8.424143453043663e-05
FBXW11,14,In-frame stop codon,7.170434523568293e-06
FBXW12,43,Frameshift,1.552863100002509e-05
FBXW2,10,Frameshift,5.0507019974434774e-05
FBXW4,26,Frameshift,7.2269754294189155e-06
FBXW5,91,Frameshift,2.345297256885056e-05
FBXW7,33,Frameshift,1.5386152441208522e-05
FBXW8,77,Frameshift,6.86441862063131e-05
FBXW9,51,Frameshift,4.737112699818831e-05
FCAMR,48,Frameshift,2.3960095708077007e-05
FCAR,41,Frameshift,2.4872102851623677e-05
FCER1A,27,Frameshift,1.0191176826331583e-05
FCER1G,10,Frameshift,0.0001146590105384557
FCER2,48,Frameshift,8.083308701709706e-05
FCF1,14,Splice acceptor,8.529574022715461e-06
FCGBP,289,Frameshift,1.9146885514879226e-05
FCGR1A,27,In-frame stop codon,0.00017726153219728232
FCGR2A,16,In-frame stop codon,0.006548409486426837
FCGR2B,11,Frameshift,9.743285676066361e-06
FCGR2C,21,Frameshift,4.1133630387112804e-05
FCGR3A,45,Frameshift,1.670666445766204e-05
FCGR3B,28,In-frame stop codon,2.6784980651686337e-05
FCGRT,15,In-frame stop codon,5.633419857919897e-06
FCHO1,44,Frameshift,1.302301837278931e-05
FCHO2,31,Frameshift,2.073348000995294e-05
FCHSD1,106,Frameshift,3.994100648669859e-05
FCHSD2,31,In-frame stop codon,6.5064778114010535e-06
FCN1,39,In-frame stop codon,4.06347015876713e-05
FCN2,36,Frameshift,4.559115386011866e-05
FCN3,29,Frameshift,0.0006306278293672823
FCRL1,32,In-frame stop codon,2.175513429953054e-05
FCRL2,59,Frameshift,3.794329173779845e-05
FCRL3,70,Frameshift,4.7477352947014544e-05
FCRL4,43,Frameshift,1.5699840483623634e-05
FCRL5,72,Frameshift,0.00015357087698290742
FCRL6,61,In-frame stop codon,0.0033886937833333005
FCRLA,47,Frameshift,7.910588883646853e-05
FCRLB,53,In-frame stop codon,9.404704271698783e-05
FDCSP,7,In-frame stop codon,1.059526716962233e-05
FDFT1,56,Frameshift,4.8140915007217384e-06
FDPS,22,Frameshift,7.932380783545257e-06
FDX1,11,Frameshift,0.00014242593761590682
FDX1L,27,Frameshift,7.703927100112098e-06
FDXACB1,71,Frameshift,2.265910562230081e-05
FDXR,67,Frameshift,2.547944676385085e-05
FECH,30,In-frame stop codon,0.0002458778503272184
FEM1A,40,Frameshift,1.0804373159107323e-05
FEM1B,9,In-frame stop codon,9.297820679186012e-06
FEM1C,12,Frameshift,2.7126212660001808e-06
FEN1,17,In-frame stop codon,8.441839274325646e-06
FER,53,Frameshift,1.478485923691625e-05
FER1L5,44,Splice donor,1.577886688168279e-05
FER1L6,184,Frameshift,2.1264507891430246e-05
FERD3L,7,Frameshift,4.574940743223683e-06
FERMT1,54,Frameshift,1.2529799144080618e-05
FERMT2,21,Frameshift,1.816995579843052e-05
FERMT3,31,In-frame stop codon,1.1410442506238872e-05
FES,61,In-frame stop codon,6.643897292800162e-06
FETUB,56,Frameshift,4.8013951672501785e-05
FEV,11,Frameshift,2.127355631256911e-05
FEZ1,9,In-frame stop codon,0.043216116333525366
FEZ2,63,Frameshift,4.0729811038678385e-05
FEZF1,15,Frameshift,3.2451753180534727e-06
FEZF2,9,Frameshift,5.7226616419242876e-05
FFAR1,21,Frameshift,1.3702419717454851e-05
FFAR2,20,Frameshift,1.691441139823608e-05
FFAR3,37,Frameshift,9.789717963609313e-06
FFAR4,27,Frameshift,8.844175968549154e-06
FGA,65,Frameshift,1.1080948800531781e-05
FGB,18,In-frame stop codon,4.262078962076127e-05
FGD1,14,Frameshift,0.00017646831625490675
FGD2,55,Frameshift,1.1922917678365915e-05
FGD3,41,Frameshift,9.327100637792281e-06
FGD4,67,Frameshift,2.5005032138060776e-05
FGD5,25,Frameshift,6.616339803212604e-06
FGD6,71,Frameshift,8.916671409451342e-06
FGF1,12,Frameshift,1.4946106154553464e-05
FGF10,1,Frameshift,3.979560974833256e-06
FGF11,27,Frameshift,1.7301681186492815e-05
FGF12,10,Frameshift,6.7312593321301006e-06
FGF13,14,Frameshift,6.149887833674985e-06
FGF14,14,Frameshift,4.839566816915873e-06
FGF16,1,Frameshift,5.509490096691552e-06
FGF17,9,Frameshift,2.805329283754807e-06
FGF18,3,In-frame stop codon,5.490348882134302e-06
FGF19,6,Frameshift,8.073526099463822e-06
FGF2,22,Frameshift,8.770633387004236e-06
FGF20,13,Frameshift,7.841307830573623e-06
FGF21,17,Frameshift,9.575976452225368e-06
FGF22,44,Frameshift,0.00011130570608550236
FGF23,9,Frameshift,8.91002234565772e-06
FGF3,18,In-frame stop codon,1.4400639984749844e-05
FGF4,9,Frameshift,7.362807459849971e-06
FGF5,34,Frameshift,1.0585953353404148e-05
FGF6,23,Frameshift,1.0109248152925149e-05
FGF7,9,Frameshift,1.2874963941714832e-05
FGF8,49,Frameshift,2.4480742162041142e-05
FGF9,7,Frameshift,6.258542735598446e-06
FGFBP1,24,Frameshift,6.757363726005371e-05
FGFBP2,29,Frameshift,1.697343461297927e-05
FGFBP3,23,Frameshift,5.744168280228341e-05
FGFR1,42,Frameshift,1.0288159559429373e-05
FGFR1OP,20,Frameshift,4.804619203008993e-06
FGFR1OP2,17,In-frame stop codon,9.69737157428514e-06
FGFR2,29,In-frame stop codon,1.6933752653441418e-05
FGFR3,64,In-frame stop codon,8.496736179416433e-06
FGFR4,62,In-frame stop codon,1.2715230289317038e-05
FGFRL1,34,Frameshift,0.003230819652972403
FGG,18,Frameshift,1.2416659608463233e-05
FGGY,76,Frameshift,6.817868203088593e-05
FGL1,53,In-frame stop codon,0.00012594029761231896
FGL2,24,Frameshift,1.007554164965161e-05
FGR,17,Frameshift,8.232701820771825e-06
FH,18,Frameshift,8.767475584133997e-06
FHAD1,158,Frameshift,0.00012662025537464646
FHDC1,59,Frameshift,8.218774944892321e-06
FHIT,18,Frameshift,1.1630319973018098e-05
FHL1,8,Frameshift,1.6168448813271427e-05
FHL2,45,Frameshift,1.3028631643377555e-05
FHL3,20,Frameshift,6.7726957901904144e-06
FHL5,28,In-frame stop codon,9.18331020030337e-06
FHOD1,92,Frameshift,3.725436691039072e-05
FHOD3,87,Frameshift,0.0005383792313641177
FIBCD1,60,Frameshift,3.757085432578375e-05
FIBIN,8,Frameshift,4.0070599284938e-06
FIBP,37,Frameshift,1.2156614012628707e-05
FICD,50,Frameshift,9.681895424833452e-06
FIG4,122,Frameshift,1.3668360268817339e-05
FIGF,18,In-frame stop codon,2.8531742446888015e-05
FIGLA,24,Frameshift,5.16241897540849e-06
FIGN,19,Frameshift,9.742373521708109e-06
FIGNL1,41,Frameshift,1.9167911595376077e-05
FILIP1,61,Frameshift,1.2694363215206781e-05
FILIP1L,85,Frameshift,7.562360786977465e-06
FIP1L1,34,Frameshift,0.000250011475321492
FIS1,25,In-frame stop codon,0.002045549048297826
FITM1,26,Frameshift,1.9040600830931415e-05
FITM2,22,Frameshift,6.346442365826575e-06
FIZ1,18,Frameshift,6.097123761323167e-05
FJX1,22,Frameshift,8.314139804989522e-06
FKBP10,49,Frameshift,9.315235772688714e-06
FKBP11,38,Frameshift,0.0008840969126766915
FKBP14,27,Frameshift,2.6194504829428627e-05
FKBP15,86,Frameshift,2.2076888558936377e-05
FKBP1A,4,Frameshift,9.018693826832489e-05
FKBP1B,10,Frameshift,2.4563883019258715e-06
FKBP1C,14,Frameshift,1.8236929567918584e-05
FKBP2,16,Frameshift,9.840906939619351e-06
FKBP3,20,Frameshift,9.879476449427744e-06
FKBP4,26,In-frame stop codon,6.223690280310615e-06
FKBP5,17,Frameshift,4.2265143627940285e-06
FKBP6,35,Frameshift,1.3288770691804416e-05
FKBP7,27,Frameshift,6.136113979040843e-05
FKBP8,12,Frameshift,8.342263641289141e-06
FKBP9,47,Frameshift,1.1204156979639092e-05
FKBPL,31,In-frame stop codon,7.834479511229792e-06
FKRP,30,Frameshift,9.484736572210137e-06
FKTN,54,Frameshift,2.9772041629756085e-05
FLAD1,67,Frameshift,2.156706429337815e-05
FLCN,33,Frameshift,3.107406716967367e-05
FLG,727,In-frame stop codon,8.163707698251126e-05
FLG2,180,In-frame stop codon,0.00134068532821963
FLI1,7,Start codon lost,6.873033311444624e-06
FLII,114,Frameshift,4.5367449161598954e-05
FLNA,17,Frameshift,0.0004716353187026497
FLNB,97,Frameshift,1.2267743897632358e-05
FLNC,72,Frameshift,5.703224540084729e-06
FLOT1,35,Frameshift,1.0248189634618632e-05
FLOT2,30,Frameshift,3.2728662037641466e-05
FLRT1,14,In-frame stop codon,1.3582377084040811e-05
FLRT2,9,Frameshift,6.377691743941659e-06
FLRT3,10,In-frame stop codon,6.773765144130875e-06
FLT1,42,Frameshift,9.04065550025661e-06
FLT3,33,Frameshift,8.460979536840946e-06
FLT3LG,25,Frameshift,0.0004985876007622511
FLT4,31,Frameshift,0.00018606154712339626
FLVCR1,28,Frameshift,1.4873713925276354e-05
FLVCR2,50,Frameshift,1.2909503687380702e-05
FLYWCH1,128,Frameshift,3.680587283224071e-05
FLYWCH2,12,Frameshift,1.0861087567661025e-05
FMN1,155,Frameshift,9.918606527357571e-06
FMN2,106,Frameshift,0.0002547554377814912
FMNL1,57,Frameshift,3.14870883152923e-05
FMNL2,62,Frameshift,0.0003128291723798804
FMO1,44,In-frame stop codon,3.843140220965539e-05
FMO2,45,Frameshift,0.0015580689665589992
FMO3,70,Frameshift,2.382402563821374e-05
FMO4,55,Frameshift,1.5275729728126584e-05
FMO5,68,Frameshift,3.237537170689324e-05
FMOD,13,In-frame stop codon,8.92116771261385e-06
FMR1,11,Splice acceptor,0.00011893498492672282
FMR1NB,5,In-frame stop codon,1.3486472980384035e-05
FN1,88,Frameshift,9.642418052806228e-06
FN3K,40,Frameshift,1.9446801182997495e-05
FN3KRP,37,Frameshift,2.7133332699540632e-05
FNBP1,21,In-frame stop codon,2.0419513474599098e-05
FNBP1L,32,Frameshift,7.94203523490622e-06
FNBP4,25,Frameshift,1.7484949486203596e-05
FNDC1,90,Frameshift,2.0224749062994403e-05
FNDC3A,18,In-frame stop codon,3.0038385993774115e-06
FNDC3B,20,Frameshift,1.4651371299465989e-05
FNDC4,15,Frameshift,8.86525937773327e-05
FNDC5,11,Frameshift,8.26561715299477e-05
FNDC7,78,Frameshift,5.6568634353271705e-05
FNDC8,27,Frameshift,1.828762396080213e-05
FNDC9,29,Frameshift,9.618734898394086e-06
FNIP1,22,In-frame stop codon,1.0441639861611516e-05
FNIP2,19,Frameshift,1.1227006112865735e-05
FNTA,24,In-frame stop codon,1.0763030614312152e-05
FNTB,29,In-frame stop codon,0.00013384224827396287
FOCAD,136,In-frame stop codon,1.7146186146201096e-05
FOLH1,43,In-frame stop codon,1.5100333571359302e-05
FOLR1,18,Frameshift,0.0001993455571581297
FOLR2,37,Frameshift,8.032387191930096e-06
FOLR3,30,Frameshift,0.0028678495222605686
FOLR4,36,In-frame stop codon,2.777501289999975e-05
FOPNL,34,Frameshift,1.1738145706556306e-05
FOS,13,Frameshift,1.0249283481578617e-05
FOSB,18,Frameshift,6.169606975956402e-06
FOSL1,18,In-frame stop codon,0.00019818507008360683
FOSL2,13,In-frame stop codon,9.035456542249471e-06
FOXA1,18,Frameshift,6.804168179226838e-06
FOXA2,14,Frameshift,1.0269968235506868e-05
FOXA3,16,Frameshift,9.934253096921715e-06
FOXB1,12,Frameshift,1.532298476938144e-05
FOXB2,26,Frameshift,1.175591261237427e-05
FOXC1,16,Frameshift,2.6821767183975784e-05
FOXC2,16,Frameshift,7.098254146536388e-05
FOXD1,24,Frameshift,0.04732178509028407
FOXD2,28,Frameshift,7.669273310742824e-05
FOXD3,18,Frameshift,8.710085418690617e-06
FOXD4,60,Frameshift,0.009737683066624854
FOXD4L1,33,Frameshift,3.7550760874845786e-05
FOXD4L3,27,Frameshift,0.018391989810047613
FOXD4L5,40,Frameshift,0.00042579926734581647
FOXD4L6,15,Frameshift,6.762233385961954e-05
FOXE1,9,Frameshift,1.9976177337282754e-05
FOXE3,18,Frameshift,2.506852879317093e-05
FOXF1,4,Frameshift,7.96076932874793e-06
FOXF2,20,Frameshift,2.7381984204298983e-05
FOXG1,11,Frameshift,2.5906619478312406e-05
FOXH1,28,Frameshift,9.901353542533394e-06
FOXI1,12,Frameshift,7.756749386754734e-06
FOXI2,32,Frameshift,3.1371451428068194e-05
FOXJ1,5,Frameshift,2.9251880189596923e-05
FOXJ2,12,In-frame stop codon,3.614228931620083e-06
FOXJ3,12,Frameshift,5.720538383283298e-06
FOXK1,19,Frameshift,9.907490711609232e-06
FOXK2,76,Splice donor,0.0001766693426788097
FOXL1,8,Frameshift,7.89096329154719e-06
FOXL2,9,Frameshift,3.289899012205237e-05
FOXM1,35,Frameshift,1.4703750169338603e-05
FOXN1,23,Frameshift,1.1914120566478262e-05
FOXN2,13,Frameshift,6.2615097633871695e-06
FOXN3,20,Frameshift,1.3067244085426118e-05
FOXN4,43,Frameshift,0.009325528480655682
FOXO1,4,Frameshift,1.172585880189865e-06
FOXO3,5,Frameshift,8.769977899720564e-06
FOXO4,10,Frameshift,2.904172660925654e-06
FOXO6,30,Frameshift,1.846623958583757e-05
FOXP1,25,Frameshift,8.874524669481911e-06
FOXP2,30,Splice acceptor,0.00012935673171850817
FOXP3,14,In-frame stop codon,1.1252177654436804e-05
FOXP4,34,Frameshift,7.722720260047156e-06
FOXQ1,13,Frameshift,6.498100489038541e-05
FOXR1,40,Frameshift,8.52206307030179e-06
FOXR2,9,In-frame stop codon,2.5731633127531147e-05
FOXRED1,58,In-frame stop codon,1.5099500286923532e-05
FOXRED2,35,Frameshift,1.815857761239713e-05
FOXS1,15,Frameshift,7.715075948034076e-06
FPGS,52,Frameshift,9.99775436292289e-06
FPGT,64,In-frame stop codon,1.5005477393309328e-05
FPR1,19,Frameshift,7.1250935223358975e-06
FPR2,14,Frameshift,1.0879340051652425e-05
FPR3,13,Frameshift,8.586695953527835e-06
FRA10AC1,61,Frameshift,1.5993720660703507e-05
FRAS1,207,In-frame stop codon,1.231345237016916e-05
FRAT1,9,Frameshift,1.4972873213896288e-05
FRAT2,17,Frameshift,0.00010554217388353677
FREM1,176,Frameshift,8.402653765160934e-06
FREM2,113,Frameshift,1.0574129647852047e-05
FREM3,121,Frameshift,2.0966022453461852e-05
FRG1,51,Frameshift,0.00047999682802526115
FRG2,4,Frameshift,0.00019551616266944735
FTSJ2,34,Frameshift,4.1279063077897386e-05
FUK,138,Frameshift,1.7235080576119135e-05
FXN,16,Frameshift,0.00024584562283377215
FXR1,33,Frameshift,4.250239511496937e-05
FXR2,15,Frameshift,4.198026761649052e-05
FXYD1,9,Splice acceptor,5.488721875922112e-06
FXYD2,11,Frameshift,2.002612037327345e-05
FXYD3,26,In-frame stop codon,2.2648405294785625e-05
FXYD4,16,Frameshift,0.00017323779337410632
FXYD5,17,Splice acceptor,9.541908121738145e-06
FXYD6,11,Frameshift,1.311703886530135e-05
FXYD7,12,Frameshift,8.044461412810644e-06
FYB,34,Frameshift,1.1634567800059446e-05
FYCO1,92,In-frame stop codon,1.0731222573575982e-05
FYN,21,Frameshift,8.931224263748962e-06
FYTTD1,20,Frameshift,1.711363495359608e-05
FZD1,20,Frameshift,7.269941727656496e-06
FZD10,38,In-frame stop codon,1.1367602336419835e-05
FZD2,13,Frameshift,3.742046979327279e-06
FZD3,22,In-frame stop codon,7.6686668611088e-06
FZD4,8,Frameshift,7.4110167397834425e-06
FZD5,30,Frameshift,3.5343366904714066e-05
FZD6,49,In-frame stop codon,0.004431195848861995
FZD7,18,In-frame stop codon,7.146521114676492e-06
FZD8,23,Frameshift,0.0004580665982951095
FZD9,23,In-frame stop codon,2.532467109393369e-05
FZR1,13,Frameshift,2.0229750247111028e-05
G0S2,7,Frameshift,6.626724634974083e-05
G2E3,28,Frameshift,0.0007764381268424394
G3BP1,30,Frameshift,1.1110361449630662e-05
G3BP2,1,In-frame stop codon,3.9774399605437955e-06
G6PC,24,In-frame stop codon,2.142780591150483e-05
G6PC2,38,In-frame stop codon,5.4736672265801965e-05
G6PC3,27,Frameshift,1.125754633792616e-05
G6PD,12,In-frame stop codon,0.0001667170003326968
GAA,100,Frameshift,9.73436772066291e-06
GAB1,23,In-frame stop codon,1.199034520260858e-05
GAB2,37,Frameshift,5.567320637334133e-05
GAB3,9,In-frame stop codon,2.6648845413612688e-05
GAB4,46,Frameshift,0.008491561495636615
GABARAP,4,In-frame stop codon,4.97383372162795e-06
GABARAPL1,9,Frameshift,6.203796683132995e-06
GABARAPL2,11,In-frame stop codon,4.6348814031756e-05
GABBR1,28,Frameshift,9.864296201263369e-06
GABBR2,16,Frameshift,1.6881837742514353e-05
GABPA,8,Frameshift,3.1595112305223486e-06
GABPB1,13,Splice acceptor,0.0003074070451136778
GABPB2,30,Frameshift,1.0188139338759135e-05
GABRA1,11,In-frame stop codon,6.8387400961977975e-06
GABRA2,20,Frameshift,5.637753128690933e-06
GABRA3,7,In-frame stop codon,6.197316834631432e-05
GABRA4,15,Frameshift,5.685167330969805e-06
GABRA5,14,Frameshift,6.0342474701559364e-06
GABRA6,48,Frameshift,7.602322339446992e-05
GABRB1,9,Frameshift,1.2069211584804457e-05
GABRB2,9,In-frame stop codon,2.6694205628507307e-06
GABRB3,34,Frameshift,1.528836789898877e-05
GABRD,12,Frameshift,1.264109122151978e-05
GABRE,21,In-frame stop codon,1.5480268523169663e-05
GABRG1,35,Frameshift,9.180959383770237e-06
GABRG2,16,In-frame stop codon,1.111569352101803e-05
GABRG3,37,Frameshift,0.015122345112398279
GABRP,44,In-frame stop codon,1.0217382887422113e-05
GABRQ,24,Frameshift,1.1856023824319534e-05
GABRR1,45,In-frame stop codon,1.0684018950564662e-05
GABRR2,41,Frameshift,1.0627457198335552e-05
GABRR3,31,Frameshift,0.02656750363070242
GAD1,20,Frameshift,1.1356453926231089e-05
GAD2,19,In-frame stop codon,8.135011116121559e-06
GADD45A,11,Frameshift,3.342014489099322e-06
GADD45B,14,In-frame stop codon,7.308597373721935e-06
GADD45G,9,In-frame stop codon,9.816335073893884e-06
GADD45GIP1,25,In-frame stop codon,1.490012351277294e-05
GADL1,76,Frameshift,3.745971789899126e-05
GAGE1,8,In-frame stop codon,0.0003823855153669612
GAGE10,14,Frameshift,0.00016523437500390897
GAGE12H,4,In-frame stop codon,9.126086004234505e-06
GAGE12I,6,In-frame stop codon,3.168403237426333e-05
GAGE12J,6,In-frame stop codon,8.028124701098416e-06
GAGE13,9,Frameshift,0.00017470882890758212
GAGE2A,10,Frameshift,6.316568401468526e-05
GAGE2B,8,In-frame stop codon,0.00027502508103783397
GAGE2C,2,In-frame stop codon,0.00014983920266204497
GAGE2D,9,Frameshift,0.0010113629204806262
GAK,59,Frameshift,0.00014761196438650985
GAL,21,Frameshift,1.1087014044936244e-05
GAL3ST1,6,Splice acceptor,1.1964695903254058e-05
GAL3ST2,54,Frameshift,8.349178128965381e-05
GAL3ST3,28,In-frame stop codon,1.3540616815993766e-05
GAL3ST4,67,Frameshift,1.8066569563214256e-05
GALC,78,Frameshift,9.989464657827186e-06
GALE,42,In-frame stop codon,5.3224470417358666e-06
GALK1,28,Frameshift,9.303447021818612e-06
GALK2,60,In-frame stop codon,2.659826826742461e-05
GALM,38,Frameshift,3.2067001525143974e-05
GALNS,69,Frameshift,0.0043794592067162574
GALNT1,23,In-frame stop codon,6.827243814504727e-06
GALNT10,32,In-frame stop codon,1.1330567390890222e-05
GALNT11,40,Frameshift,5.297148050127102e-06
GALNT12,39,In-frame stop codon,1.3826781148706069e-05
GALNT13,17,Frameshift,1.4453561283118665e-05
GALNT14,57,In-frame stop codon,1.078509718119352e-05
GALNT15,57,In-frame stop codon,1.6052141470776433e-05
GALNT16,35,Frameshift,8.363028851205798e-06
GALNT18,25,In-frame stop codon,3.3229242546926604e-05
GALNT2,34,Frameshift,1.3107928404176694e-05
GALNT3,40,Frameshift,1.2799121105011511e-05
GALNT4,51,Frameshift,2.867055561301498e-05
GALNT5,80,Frameshift,1.4528672015481838e-05
GALNT6,53,Frameshift,1.6210339988280946e-05
GALNT7,37,Frameshift,7.793280643517605e-06
GALNT8,80,Frameshift,0.006600596036820998
GALNT9,77,Frameshift,0.003252132712561843
GALNTL5,51,Frameshift,2.423791116264766e-05
GALNTL6,36,Frameshift,7.84911190431842e-06
GALP,15,Frameshift,1.0791316106108263e-05
GALR1,27,Frameshift,7.807647097145106e-06
GALR2,35,Frameshift,0.00048461515131141997
GALR3,28,Frameshift,2.6953268106836283e-05
GALT,40,Frameshift,1.0748211588804133e-05
GAMT,36,Frameshift,1.1727312354331458e-05
GAN,29,Frameshift,8.684855937016465e-06
GANAB,24,In-frame stop codon,4.151753519270353e-06
GANC,124,Frameshift,1.9617297721475893e-05
GAP43,7,In-frame stop codon,3.118889443674844e-05
GAPDH,24,Frameshift,1.5973600631205285e-05
GAPDHS,30,Frameshift,1.611663030758641e-05
GAPT,15,Frameshift,1.1063318502038244e-05
GAPVD1,16,Splice acceptor,4.1182371790820325e-05
GAR1,9,Splice acceptor,1.022590896871388e-05
GAREM,28,Frameshift,4.983757609691931e-06
GAREML,25,Frameshift,1.945110589028741e-05
GARNL3,46,In-frame stop codon,6.50558404584076e-06
GARS,31,Frameshift,5.934955878468383e-06
GART,59,Frameshift,0.00018895284575143353
GAS1,7,Frameshift,1.8720529272891943e-05
GAS2,21,Frameshift,1.1791875938099209e-05
GAS2L1,43,Frameshift,0.023264220479517105
GAS2L2,66,Frameshift,3.273009913602612e-05
GAS2L3,59,Frameshift,9.143701733571591e-06
GAS6,51,Frameshift,0.00014830294409874285
GAS7,19,Frameshift,1.6533780081586044e-05
GAST,14,In-frame stop codon,6.6344780107572875e-06
GATA1,3,Frameshift,1.3166610999905178e-05
GATA2,5,Frameshift,1.3371411119598429e-05
GATA3,9,Frameshift,3.5916148002690557e-06
GATA4,14,In-frame stop codon,5.5768105351438773e-05
GATA5,23,Frameshift,9.324505527548298e-06
GATA6,10,Frameshift,2.6683141301374177e-06
GATAD1,10,Frameshift,8.721151907486424e-06
GATAD2A,14,Frameshift,4.042593227735325e-06
GATAD2B,6,Frameshift,8.831120848481759e-06
GATC,18,Frameshift,9.836034321039619e-06
GATM,13,In-frame stop codon,9.77509030938868e-06
GATSL3,27,Frameshift,1.5766190022368376e-05
GBA,37,Frameshift,1.2327059421995942e-05
GBA2,94,Frameshift,1.0060746297349826e-05
GBA3,59,In-frame stop codon,0.014802158280338132
GBAS,33,In-frame stop codon,9.058135452789197e-06
GBE1,57,In-frame stop codon,2.7117682960704474e-05
GBF1,81,In-frame stop codon,7.096183446508436e-06
GBGT1,50,In-frame stop codon,0.0012222807847695372
GBP1,57,Frameshift,2.701505503763691e-05
GBP2,53,Frameshift,1.1281980135873128e-05
GBP3,76,Frameshift,0.00023517920546652147
GBP4,64,Frameshift,7.4317174946962e-05
GBP5,73,Frameshift,0.00012781018929001952
GBP6,70,Frameshift,9.9617736468373e-06
GBP7,57,Frameshift,8.661866901417555e-05
GBX1,9,Frameshift,1.2382015918281814e-05
GBX2,12,Frameshift,1.4493497426362495e-05
GC,37,In-frame stop codon,0.0005467911037904729
GCA,37,Frameshift,9.962395040802817e-05
GCAT,50,Frameshift,3.7354820323588255e-05
GCC1,43,Frameshift,1.3544448378226837e-05
GCC2,103,Frameshift,1.3607358175969189e-05
GCDH,37,Frameshift,0.0003839924242580355
GCFC2,105,Frameshift,2.144928992223249e-05
GCG,14,Frameshift,1.0610625706358103e-05
GCGR,49,In-frame stop codon,3.410215700668504e-05
GCH1,13,In-frame stop codon,6.49574482643738e-06
GCHFR,15,Splice acceptor,1.0797318854310404e-05
GCK,22,In-frame stop codon,2.1737701605677712e-05
GCKR,79,Frameshift,6.058228655588852e-05
GCLC,25,In-frame stop codon,6.145349503575426e-06
GCLM,8,Frameshift,6.19252944080277e-06
GCM1,1,Frameshift,3.97937094104164e-06
GCM2,20,In-frame stop codon,7.819754198827642e-06
GCN1L1,71,Frameshift,5.0515901240969264e-05
GCNT1,26,Frameshift,1.3475896517385332e-05
GCNT2,112,Frameshift,2.148198998539759e-05
GCNT3,36,Frameshift,0.0001018326018471288
GCNT4,21,Frameshift,7.785866053899688e-06
GCNT7,27,Frameshift,6.305674875677063e-05
GCSAM,13,Frameshift,9.593338660668381e-06
GCSAML,22,In-frame stop codon,0.002377099284119532
GCSH,18,Frameshift,1.564520088304405e-05
GDA,21,Start codon lost,1.3653937904973488e-05
GDAP1,31,In-frame stop codon,9.65162677153704e-06
GDAP1L1,21,Frameshift,2.705388260192917e-05
GDAP2,34,In-frame stop codon,3.184875615431834e-05
GDE1,21,Frameshift,1.4029087492910204e-05
GDF1,47,Frameshift,3.901941212146727e-05
GDF10,17,Frameshift,3.657430357598837e-06
GDF11,10,Frameshift,5.516471531928043e-05
GDF15,29,Frameshift,9.648089157714467e-06
GDF2,15,In-frame stop codon,1.223123061080167e-05
GDF3,20,Frameshift,1.0955657945081497e-05
GDF5,13,Frameshift,1.0994255691311584e-05
GDF6,9,Frameshift,4.13764528334385e-05
GDF7,22,Frameshift,0.00020742969506393498
GDF9,30,Frameshift,1.0488883691017236e-05
GDI1,1,Frameshift,5.455924315417896e-06
GDI2,14,Splice acceptor,5.9113494335889e-06
GDNF,5,In-frame stop codon,3.773777272407801e-05
GDPD1,25,Frameshift,6.573185623061394e-06
GDPD2,13,In-frame stop codon,4.0598793911812607e-05
GDPD3,47,Frameshift,2.0095396878271044e-05
GDPD4,83,Frameshift,0.003770893466034876
GDPD5,41,Frameshift,8.890926109690781e-06
GDPGP1,30,In-frame stop codon,2.976439502130037e-05
GEM,27,In-frame stop codon,2.4428502058939816e-05
GEMIN2,46,Frameshift,0.00015327106714071464
GEMIN4,86,Frameshift,1.1319311591243378e-05
GEMIN5,116,Frameshift,8.353094296248435e-06
GEMIN6,22,Frameshift,4.016711876191464e-05
GEMIN7,14,Frameshift,5.437440519583671e-06
GEN1,109,Frameshift,0.0008085225962419137
GET4,35,Frameshift,0.0006579188393671097
GFAP,57,Frameshift,6.420350876892488e-05
GFER,20,In-frame stop codon,2.2242702741525007e-05
GFI1,13,Frameshift,8.468054436790627e-06
GFI1B,20,In-frame stop codon,2.078754027260912e-05
GFM1,84,Frameshift,1.7626501574542097e-05
GFM2,79,Frameshift,1.0200228513571633e-05
GFOD1,18,Frameshift,0.0002731233150346687
GFOD2,15,Frameshift,6.946165674972098e-06
GFPT1,23,In-frame stop codon,5.536767278136181e-06
GFPT2,68,Frameshift,6.772972468207963e-05
GFRA1,26,Frameshift,3.433134888989993e-05
GFRA2,10,Splice donor,8.06810039002991e-06
GFRA3,15,Frameshift,5.520259675143074e-06
GFRA4,40,Frameshift,2.2623822862231007e-05
GFRAL,40,Frameshift,3.560054021671081e-05
GFY,31,Frameshift,7.85466170859116e-05
GGA1,25,Frameshift,0.0018245410258067583
GGA2,45,Frameshift,4.66934027166796e-05
GGA3,79,Frameshift,0.0003348625225879677
GGACT,15,Frameshift,1.0068164685893658e-05
GGCT,29,In-frame stop codon,2.6713601386592123e-05
GGCX,70,Frameshift,7.91666479176716e-06
GGH,22,Frameshift,8.278801287055433e-06
GGN,57,Frameshift,0.0001686407307083322
GGNBP2,14,Frameshift,5.294863289605447e-05
GGPS1,21,Frameshift,9.047390432034672e-06
GGT1,39,Frameshift,2.093345551713691e-05
GGT5,63,Frameshift,0.00011516724605706187
GGT6,44,Frameshift,0.00967257699031059
GGT7,25,Frameshift,1.5364612924873433e-05
GGTA1P,8,Splice donor,2.5997272287791488e-05
GGTLC1,23,Frameshift,3.327806444069314e-05
GGTLC2,31,Frameshift,4.545610230591606e-05
GGTLC3,28,Frameshift,0.002085827230020082
GH1,12,Frameshift,4.971628626495091e-06
GH2,34,In-frame stop codon,9.351330754044984e-05
GHDC,55,Frameshift,3.223444172495687e-05
GHITM,28,Frameshift,8.846428036992892e-06
GHR,27,Frameshift,8.138164090296273e-06
GHRH,14,Frameshift,8.061953517328803e-06
GHRHR,47,Frameshift,2.4597257137102242e-05
GHRL,31,Frameshift,1.349464447489941e-05
GHSR,16,In-frame stop codon,8.828012860924535e-06
GID4,14,Frameshift,1.6217516171960467e-05
GID8,3,Frameshift,6.640008116962643e-06
GIF,23,Frameshift,1.592212431296481e-05
GIGYF1,66,Frameshift,7.979080978975686e-06
GIGYF2,49,Frameshift,0.00174675623785605
GIMAP1,17,Frameshift,7.235528330291929e-06
GIMAP2,43,Frameshift,3.355349548054866e-05
GIMAP4,26,Frameshift,1.0968958072944602e-05
GIMAP5,25,Frameshift,7.647357800103314e-06
GIMAP6,30,Frameshift,0.00017806560706117765
GIMAP7,28,Frameshift,4.2564774728546955e-05
GIMAP8,63,Frameshift,9.428260351408677e-05
GIN1,46,Frameshift,7.339513699765899e-06
GINM1,42,Frameshift,1.2601581004263577e-05
GINS1,29,In-frame stop codon,6.47939286791891e-05
GINS2,39,Frameshift,1.0254825741718694e-05
GINS3,21,Frameshift,2.907645511243932e-05
GINS4,20,In-frame stop codon,1.554283797055013e-05
GIP,11,Frameshift,1.5478718573667918e-05
GIPC1,22,Frameshift,1.8358401861203906e-05
GIPC2,34,Frameshift,1.4629587462636467e-05
GIPC3,22,Frameshift,2.4042211246094444e-05
GIPR,82,Frameshift,1.8564822364782957e-05
GIT1,25,In-frame stop codon,8.075807239949456e-05
GIT2,16,In-frame stop codon,4.3794193283948094e-06
GJA1,14,In-frame stop codon,1.3186818737585055e-05
GJA10,47,Frameshift,0.00010942152009211322
GJA3,25,Frameshift,1.0575429081887798e-05
GJA4,15,Frameshift,9.565407052982942e-06
GJA5,17,In-frame stop codon,7.969271509424507e-06
GJA8,18,Frameshift,1.8548591474796224e-05
GJA9,58,Frameshift,1.535095604791017e-05
GJB1,2,Frameshift,3.3379660255748885e-05
GJB2,55,Frameshift,0.00017492187698950123
GJB3,19,Frameshift,1.5946780129008366e-05
GJB4,22,Frameshift,0.0018785601252271909
GJB5,28,Frameshift,2.09360939168042e-05
GJB6,33,Frameshift,2.822685172980185e-05
GJB7,40,Frameshift,0.0001146299646846331
GJC1,1,Splice donor,9.247357567575065e-06
GJC2,33,Frameshift,7.178107751093011e-05
GJC3,27,Frameshift,2.507590784621061e-05
GJD2,8,Frameshift,2.984599024389476e-06
GJD3,27,Frameshift,7.42551799003847e-05
GJD4,46,Frameshift,8.912922443123777e-05
GJE1,21,Frameshift,0.0006952438128001675
GK,10,Splice acceptor,9.043132930837739e-06
GK2,36,Frameshift,3.0394054025112387e-05
GK5,33,Frameshift,8.744743446525143e-06
GKAP1,22,Splice acceptor,7.899377551203871e-06
GKN1,22,Frameshift,1.1416201914300196e-05
GKN2,18,Frameshift,9.594713686259633e-06
GLA,2,Frameshift,2.7249441386451576e-06
GLB1,63,Frameshift,1.0892496767267392e-05
GLB1L,76,Frameshift,1.1658312703663044e-05
GLB1L2,78,Frameshift,3.693517374835742e-05
GLB1L3,87,Frameshift,1.6559604087907147e-05
GLCCI1,31,In-frame stop codon,1.4899916566123478e-05
GLCE,15,Frameshift,0.0014920665138444852
GLDC,86,In-frame stop codon,1.0681530865199625e-05
GLDN,48,Frameshift,0.0035219940720685582
GLE1,50,Frameshift,7.4864721612310676e-06
GLG1,27,In-frame stop codon,8.474372451989549e-05
GLI1,57,Frameshift,6.409880146748754e-06
GLI2,42,Frameshift,9.159057567245912e-06
GLI3,21,Frameshift,8.303439919833016e-06
GLI4,45,Frameshift,1.1376321770359856e-05
GLIPR1,52,In-frame stop codon,1.8838530038179873e-05
GLIPR1L1,33,Frameshift,9.856691619834236e-05
GLIPR1L2,62,Frameshift,0.00017050773072293008
GLIPR2,14,Frameshift,6.458186714049874e-05
GLIS1,25,Frameshift,1.0467941079285754e-05
GLIS2,21,Frameshift,2.1990396025465925e-05
GLIS3,44,In-frame stop codon,1.850970349297293e-05
GLMN,67,Frameshift,1.1412784876875534e-05
GLO1,27,Frameshift,1.6339787026148585e-05
GLOD4,43,Frameshift,1.2135449181916749e-05
GLOD5,13,Frameshift,3.2871034938205945e-05
GLP1R,26,Frameshift,1.648747423620593e-05
GLP2R,31,In-frame stop codon,1.2696265916396521e-05
GLRA1,30,Frameshift,7.84268993971216e-06
GLRA2,9,Splice donor,6.530247289428662e-06
GLRA3,20,In-frame stop codon,6.673801730617403e-06
GLRB,24,Frameshift,6.494676478403915e-06
GLRX,19,In-frame stop codon,5.446308351149113e-06
GLRX2,23,Frameshift,0.0005120276117537189
GLRX3,15,Frameshift,5.0699805550085445e-06
GLRX5,11,Frameshift,2.1419222592376778e-05
GLS,35,Frameshift,1.03830213681657e-05
GLS2,55,Frameshift,9.679410708675567e-06
GLT1D1,48,Frameshift,3.693952000992178e-05
GLT6D1,19,Frameshift,0.009927332071539407
GLT8D1,40,Frameshift,1.0356784770911812e-05
GLT8D2,45,Frameshift,1.367208871273053e-05
GLTP,17,Frameshift,9.411361112455792e-06
GLTPD1,17,Frameshift,8.90626319851209e-06
GLTPD2,29,Frameshift,1.3441297626763694e-05
GLTSCR1,96,Frameshift,0.006028250694571459
GLTSCR1L,2,In-frame stop codon,3.977408320738207e-06
GLTSCR2,47,Frameshift,0.001766360227729463
GLUD1,25,Frameshift,7.318123201528174e-06
GLUD2,7,Frameshift,4.838208571735566e-05
GLUL,4,Frameshift,3.983466723139934e-06
GLYAT,35,Frameshift,1.6524337717857355e-05
GLYATL1,37,Frameshift,2.42034791033907e-05
GLYATL1P3,2,Splice donor,4.782252180551171e-05
GLYATL2,30,In-frame stop codon,1.8042099639293026e-05
GLYATL3,25,Frameshift,5.082065374555806e-05
GLYCTK,55,Frameshift,3.593686160676653e-05
GLYR1,12,Frameshift,0.00010777569843857022
GM2A,16,Frameshift,1.489926344120185e-05
GMCL1,43,Frameshift,1.0965752915994161e-05
GMDS,20,Frameshift,7.1549161260005516e-06
GMEB1,9,Splice acceptor,4.970045567935784e-06
GMEB2,4,Frameshift,4.704538309944209e-06
GMFB,15,Frameshift,1.3274758907175072e-05
GMFG,25,In-frame stop codon,1.440797777091926e-05
GMIP,71,Frameshift,6.8597249243873456e-06
GML,23,Frameshift,0.00011441986705997607
GMNC,6,In-frame stop codon,7.411797425688032e-06
GMNN,11,Frameshift,1.0612698473801974e-05
GMPPA,40,In-frame stop codon,1.1664161647764073e-05
GMPPB,36,In-frame stop codon,1.0165065580197646e-05
GMPR,41,Frameshift,9.503608676958371e-05
GMPR2,59,Frameshift,1.5636789117267557e-05
GMPS,20,Frameshift,8.194887079973127e-06
GNA11,30,Splice donor,2.807566454189578e-05
GNA12,23,Frameshift,0.012244186403986293
GNA13,5,In-frame stop codon,5.7076528250955215e-06
GNA14,42,Frameshift,1.9130748244561178e-05
GNA15,14,In-frame stop codon,5.824244578187597e-06
GNAI1,8,Frameshift,7.189535362237591e-06
GNAI2,24,Frameshift,5.5609202722736014e-05
GNAI3,16,Frameshift,7.005588797067683e-06
GNAL,9,Frameshift,8.001718889923895e-06
GNAO1,14,Frameshift,0.0007661554652974707
GNAQ,11,Start codon lost,0.00022078984840219335
GNAS,80,In-frame stop codon,1.1771486739670619e-05
GNAT1,32,In-frame stop codon,9.123788420238569e-06
GNAT2,21,In-frame stop codon,6.061168778081776e-06
GNAT3,29,Frameshift,2.026892377703591e-05
GNAZ,4,Frameshift,1.3943079718822616e-05
GNB1,2,Frameshift,1.998656902561479e-06
GNB1L,26,Frameshift,2.6107877573553322e-05
GNB2,7,Frameshift,0.00017283388612129245
GNB2L1,46,Frameshift,0.0006887732251628606
GNB3,41,Frameshift,7.498894218644974e-06
GNB4,20,In-frame stop codon,8.606020350636766e-06
GNB5,41,Frameshift,9.3572525120252e-06
GNE,58,In-frame stop codon,1.0152307706275282e-05
GNG10,12,In-frame stop codon,1.3968979331821127e-05
GNG11,6,Frameshift,3.2744974710330376e-05
GNG12,3,Frameshift,3.981261586514079e-06
GNG13,15,In-frame stop codon,2.4566671580616932e-05
GNG2,12,Frameshift,1.9751615228004305e-05
GNG3,1,Frameshift,3.976965416308739e-06
GNG4,6,Frameshift,3.9824853694347695e-06
GNG5,1,In-frame stop codon,3.9808283307590645e-06
GNG5P2,7,Frameshift,1.1232237766092702e-05
GNG7,3,Frameshift,1.325602420019778e-06
GNG8,3,Start codon lost,9.3359368946344e-06
GNGT1,8,Frameshift,1.0319331523566033e-05
GNGT2,8,Frameshift,2.7381596377645382e-05
GNL1,14,In-frame stop codon,3.5480440385456116e-06
GNL2,46,Frameshift,1.2262765306897043e-05
GNL3,70,Frameshift,9.62916377221609e-06
GNL3L,3,Splice acceptor,4.093490453213419e-06
GNLY,40,Frameshift,0.0003042942901588826
GNMT,19,Frameshift,6.960219080570981e-06
GNPAT,23,Frameshift,5.536884618843121e-06
GNPDA1,34,Frameshift,1.9432016160806132e-05
GNPDA2,25,Frameshift,2.0534548578595422e-05
GNPNAT1,14,Frameshift,7.878432980545404e-06
GNPTAB,119,Frameshift,1.6133069252936295e-05
GNPTG,67,Frameshift,1.1465235219429442e-05
GNRH1,11,Frameshift,1.0536495499414356e-05
GNRH2,35,Frameshift,0.005172102364413938
GNRHR,16,In-frame stop codon,1.1729955952006208e-05
GNS,29,Splice donor,1.0989523079180987e-05
GOLGA1,37,Splice donor,8.52352039727369e-06
GOLGA2,50,Frameshift,1.0238695089163849e-05
GOLGA3,60,Frameshift,1.8395095612701078e-05
GOLGA4,134,Frameshift,1.0514237154215875e-05
GOLGA5,28,In-frame stop codon,7.186625025818482e-06
GOLGA6A,66,Frameshift,3.511684646169562e-05
GOLGA6B,72,In-frame stop codon,5.526323002382293e-05
GOLGA6C,54,In-frame stop codon,9.677391886914091e-05
GOLGA6D,45,In-frame stop codon,0.00016176340795096526
GOLGA6L1,120,Frameshift,0.0010900541970215796
GOLGA6L10,89,Frameshift,0.000522320525923931
GOLGA6L2,233,Frameshift,0.007969701306089658
GOLGA6L4,69,Frameshift,0.00031560756310526373
GOLGA6L6,107,Frameshift,0.02048416686034055
GOLGA6L7P,3,Splice donor,1.745612542643881e-05
GOLGA7,9,Splice donor,7.329402549030392e-06
GOLGA7B,12,Frameshift,1.197152204615215e-05
GOLGA8A,53,Frameshift,0.0002698216870297457
GOLGA8B,33,Frameshift,0.004012418489195057
GOLGA8F,27,In-frame stop codon,1.847168087374891e-05
GOLGA8G,24,Frameshift,4.940346032039611e-05
GOLGA8H,101,Frameshift,0.00030130438181344855
GOLGA8J,57,Frameshift,4.715238412871124e-05
GOLGA8K,66,In-frame stop codon,6.938042563872539e-05
GOLGA8M,77,In-frame stop codon,0.0001922726254247127
GOLGA8N,13,Frameshift,4.403722153362035e-05
GOLGA8O,29,Frameshift,5.1330245131681926e-05
GOLGA8Q,52,Frameshift,0.0003609409351434986
GOLGA8R,64,Frameshift,0.0006309828013760704
GOLGA8S,88,In-frame stop codon,0.0014435337459018454
GOLGA8T,52,In-frame stop codon,1.971051946560052e-05
GOLGB1,118,Frameshift,8.208722735481785e-06
GOLIM4,53,In-frame stop codon,8.593142395847762e-06
GOLM1,37,Frameshift,6.847363327758779e-06
GOLPH3,8,In-frame stop codon,9.07710468652718e-06
GOLPH3L,23,Frameshift,7.108290263248252e-06
GOLT1A,14,Frameshift,1.040853480990285e-05
GOLT1B,5,Frameshift,4.01744046824908e-06
GON4L,64,Frameshift,1.5340381225094636e-05
GOPC,32,Frameshift,1.262305349376364e-05
GORAB,39,In-frame stop codon,1.673953006460657e-05
GORASP1,55,Frameshift,1.0339841621504187e-05
GORASP2,24,Frameshift,0.0005082462737708235
GOSR1,21,Frameshift,1.0337243704458846e-05
GOSR2,57,Frameshift,1.891204850135293e-05
GOT1,23,Frameshift,2.972217488042757e-05
GOT1L1,55,Frameshift,8.209587255197229e-05
GOT2,22,Frameshift,1.7246100497959686e-05
GP1BA,69,Frameshift,0.002634948555996698
GP1BB,10,Frameshift,2.4503744652495674e-05
GP2,57,In-frame stop codon,1.70592743866461e-05
GP5,49,Frameshift,1.3542193309733655e-05
GP6,94,Frameshift,0.0005551829830333328
GP9,3,In-frame stop codon,1.8989457053443926e-06
GPA33,31,Frameshift,2.7752231323907852e-05
GPAA1,59,Frameshift,1.634590676475426e-05
GPALPP1,28,Frameshift,9.812187014679992e-06
GPAM,38,In-frame stop codon,8.276034168589695e-06
GPANK1,36,Frameshift,1.140830446065196e-05
GPAT2,58,In-frame stop codon,1.1184437029106875e-05
GPATCH1,73,Frameshift,1.774761984684325e-05
GPATCH11,39,In-frame stop codon,4.2084744862321784e-05
GPATCH2,45,Frameshift,7.923789761732942e-06
GPATCH2L,43,Frameshift,0.004304633651663603
GPATCH3,62,Frameshift,1.8296586590991705e-05
GPATCH4,52,Frameshift,0.019219609168912747
GPATCH8,24,Frameshift,3.0341268118179656e-06
GPBAR1,34,Frameshift,2.2364875739016248e-05
GPBP1,14,Splice donor,1.2425927705802944e-05
GPBP1L1,17,Frameshift,1.1549634906961558e-05
GPC1,34,Frameshift,2.4907743064909063e-05
GPC2,44,Frameshift,3.323090705310857e-05
GPC3,5,Splice acceptor,1.0937867443984445e-06
GPC4,8,Frameshift,4.123034952443356e-06
GPC5,51,Frameshift,1.2408230424691835e-05
GPC6,15,In-frame stop codon,5.852149703807056e-06
GPCPD1,25,Frameshift,8.24684360845473e-06
GPD1,37,Frameshift,1.5633575864961464e-05
GPD1L,16,Frameshift,6.3595514345098536e-06
GPD2,65,Frameshift,1.9645815671994065e-05
GPER1,12,Frameshift,8.473292498446276e-06
GPHA2,36,Frameshift,2.232834749278154e-05
GPHB5,2,Splice acceptor,1.4365174220832951e-05
GPHN,32,Frameshift,1.5176828216823382e-05
GPI,39,Frameshift,1.2131727099446267e-05
GPIHBP1,13,Frameshift,9.712274784924625e-06
GPKOW,2,Frameshift,0.0
GPLD1,79,Frameshift,7.13868608800251e-05
GPM6A,6,Frameshift,3.931362433317034e-06
GPM6B,13,Frameshift,0.00011110183450297313
GPN1,36,Frameshift,7.359584070692311e-06
GPN2,22,Frameshift,6.90511113245935e-06
GPN3,31,Splice donor,1.947619999678094e-05
GPNMB,70,In-frame stop codon,0.00016721615096601552
GPR1,31,Frameshift,9.790734051571646e-05
GPR101,8,Frameshift,3.5172289742793785e-05
GPR107,22,Frameshift,1.4678597044893653e-05
GPR108,54,In-frame stop codon,1.5127516623688198e-05
GPR110,79,Frameshift,1.3315484528705991e-05
GPR112,132,Frameshift,1.2556893196257762e-05
GPR113,104,In-frame stop codon,4.8848158430267295e-05
GPR114,22,Frameshift,1.4795979252379844e-05
GPR115,62,Frameshift,1.944397947529654e-05
GPR116,44,Frameshift,7.525521073031754e-06
GPR119,10,Frameshift,7.100044928723917e-06
GPR12,8,Frameshift,1.1610107761481595e-05
GPR123,103,Frameshift,0.00012011924910612195
GPR124,76,Frameshift,7.784777508305917e-05
GPR125,57,Frameshift,9.22592479739107e-06
GPR126,62,Frameshift,1.0781647150884136e-05
GPR128,66,Frameshift,1.8236204775780604e-05
GPR132,20,In-frame stop codon,1.1172078938736282e-05
GPR133,75,Frameshift,1.0827326817570114e-05
GPR135,52,Frameshift,0.00017331560094974396
GPR137,35,Frameshift,4.199953936276471e-05
GPR137B,59,Frameshift,1.5139775967796768e-05
GPR137C,17,Frameshift,5.310073357408115e-05
GPR139,11,Frameshift,3.6176392806798465e-06
GPR141,26,Frameshift,1.0080573434818144e-05
GPR142,42,Frameshift,0.00044269546508479365
GPR143,13,Frameshift,1.5932135787504754e-05
GPR144,90,Frameshift,0.0001373614784282056
GPR146,25,Frameshift,1.7160475661782557e-05
GPR148,31,Frameshift,1.5316236798790083e-05
GPR149,47,Frameshift,1.0513154535756532e-05
GPR15,24,Frameshift,5.15489293301897e-05
GPR150,45,Frameshift,5.153766459625995e-05
GPR151,63,Frameshift,0.00016220350495438633
GPR152,37,Frameshift,3.916283331912432e-05
GPR153,42,Frameshift,5.798589674344511e-06
GPR155,58,In-frame stop codon,1.0821947097333946e-05
GPR156,67,Frameshift,1.1035140082061004e-05
GPR157,21,Frameshift,2.236484060136361e-05
GPR158,41,In-frame stop codon,8.437941787723732e-06
GPR160,46,Frameshift,1.7344958991818883e-05
GPR161,41,Frameshift,0.0007905708686099014
GPR162,34,Frameshift,7.77235633794363e-05
GPR17,23,Frameshift,2.8981539616335718e-05
GPR171,17,Frameshift,7.749483270332155e-06
GPR173,1,In-frame stop codon,6.817050807479668e-06
GPR174,4,In-frame stop codon,1.878430967304838e-05
GPR176,43,Frameshift,1.295292456382828e-05
GPR179,202,Frameshift,1.583030815389457e-05
GPR18,31,In-frame stop codon,7.192065336816103e-06
GPR180,38,Frameshift,2.5400240146579303e-05
GPR183,6,In-frame stop codon,7.687345392808522e-06
GPR19,20,Frameshift,9.75327033332367e-06
GPR20,15,Frameshift,1.765215333615778e-05
GPR21,14,Frameshift,7.114722549976474e-06
GPR22,13,In-frame stop codon,1.5385450866237058e-05
GPR25,15,In-frame stop codon,1.0743413968270252e-05
GPR26,10,In-frame stop codon,3.634621268393044e-05
GPR27,7,Frameshift,1.9843410881177914e-05
GPR3,13,In-frame stop codon,5.209160857025975e-06
GPR31,24,Frameshift,4.224731598377198e-05
GPR32,37,Frameshift,3.5755233036337764e-05
GPR33,15,Frameshift,0.0010218009088655865
GPR34,11,Frameshift,9.326344622829226e-06
GPR35,24,Frameshift,5.146533868353173e-05
GPR37,21,Frameshift,6.75352668471437e-06
GPR37L1,33,In-frame stop codon,7.547278339227946e-06
GPR39,47,Frameshift,1.2875343943611032e-05
GPR4,13,Frameshift,4.810384513884978e-06
GPR42,16,Frameshift,0.00018349192568582553
GPR45,11,Frameshift,8.76713167437935e-06
GPR50,5,Frameshift,3.3977199309114987e-06
GPR52,17,Frameshift,4.950738730580619e-06
GPR55,19,Frameshift,9.673805267577545e-06
GPR56,51,In-frame stop codon,3.855555083075472e-05
GPR6,14,Frameshift,8.185163169831317e-06
GPR61,10,Frameshift,1.1205709252495819e-05
GPR62,21,Frameshift,8.527559784329574e-06
GPR63,12,Frameshift,1.1941293232649987e-05
GPR64,14,Splice donor,6.865229451946703e-06
GPR65,17,Frameshift,5.939162035521502e-06
GPR68,24,In-frame stop codon,4.4340974129323706e-05
GPR75,29,Frameshift,8.643839251217163e-06
GPR75-ASB3,37,Frameshift,7.964272386249281e-06
GPR78,32,In-frame stop codon,1.3457775470477847e-05
GPR82,12,Frameshift,1.2687791268985524e-05
GPR83,31,Frameshift,8.810530049330057e-06
GPR84,29,In-frame stop codon,2.8542564268337166e-05
GPR85,2,Frameshift,3.979149294179182e-06
GPR87,34,Frameshift,3.928473225910406e-05
GPR88,6,Frameshift,3.669999840924403e-06
GPR89A,45,Frameshift,2.3969656312253056e-05
GPR89B,25,Frameshift,6.58657798658554e-05
GPR97,63,Frameshift,1.6349156339118638e-05
GPR98,331,Frameshift,9.465280749348694e-06
GPRASP1,35,Frameshift,1.1165647346756478e-05
GPRASP2,8,Frameshift,7.286019957439619e-06
GPRC5A,24,Frameshift,9.837585472579229e-05
GPRC5B,24,Frameshift,0.0001739917110848098
GPRC5C,36,Frameshift,5.1594078518633335e-05
GPRC5D,32,Frameshift,0.00013104996166521507
GPRC6A,87,Frameshift,0.00204734831586953
GPRIN1,28,Frameshift,0.01872131953499087
GPRIN2,49,Frameshift,2.9154141067572468e-05
GPRIN3,52,Frameshift,8.138063158114029e-06
GPS1,20,Frameshift,6.678513517506134e-06
GPS2,21,Frameshift,2.4859136974571988e-05
GPSM1,41,Frameshift,0.007305039005613279
GPSM2,67,Frameshift,1.1858452544233492e-05
GPSM3,12,Frameshift,5.990218319400964e-06
GPT,77,Frameshift,1.9469581913197844e-05
GPT2,26,In-frame stop codon,8.527202133902347e-06
GPX1,37,Frameshift,1.7738248217152943e-05
GPX2,16,Frameshift,1.0274621229668764e-05
GPX3,30,In-frame stop codon,1.6181235263074538e-05
GPX4,55,In-frame stop codon,2.4937414264164668e-05
GPX5,17,Frameshift,1.5387656764595982e-05
GPX6,27,In-frame stop codon,1.0508628761042193e-05
GPX7,25,Frameshift,3.2585211879949e-05
GPX8,25,Frameshift,1.0775485152660775e-05
GRAMD1A,45,Frameshift,6.144095317773351e-05
GRAMD1B,29,Frameshift,7.06293650295852e-06
GRAMD1C,72,In-frame stop codon,1.710367742977867e-05
GRAMD2,43,Frameshift,4.986698411592776e-05
GRAMD3,62,In-frame stop codon,1.557312501049198e-05
GRAMD4,8,Splice acceptor,6.065392469568278e-06
GRAP,10,In-frame stop codon,6.976578405239856e-06
GRAP2,23,In-frame stop codon,7.671708659455031e-06
GRASP,22,Frameshift,3.1824071689750496e-05
GRB10,23,In-frame stop codon,1.4702579265446409e-05
GRB14,37,Frameshift,6.301435150769965e-05
GRB2,7,In-frame stop codon,7.967706748850432e-06
GRB7,54,Frameshift,1.0328179000747716e-05
GREB1,91,Frameshift,0.005836850572423581
GREB1L,36,Frameshift,0.00027816434969250235
GREM1,3,Splice donor,5.34267380994039e-06
GREM2,3,In-frame stop codon,4.0241832476359916e-06
GRHL1,31,Frameshift,6.079051883431662e-05
GRHL2,13,Frameshift,8.576175574113127e-06
GRHL3,19,Frameshift,1.005879302319513e-05
GRHPR,45,Frameshift,2.348942037408882e-05
GRIA1,27,Frameshift,0.0018675467905159959
GRIA2,15,In-frame stop codon,1.854008748602081e-05
GRIA3,21,Frameshift,0.04762593830426335
GRIA4,35,In-frame stop codon,4.822452456115432e-06
GRID1,17,In-frame stop codon,0.001966182276099554
GRID2,14,In-frame stop codon,9.159173331296673e-06
GRID2IP,49,Frameshift,1.374863926436441e-05
GRIFIN,10,Splice donor,0.0001271847461162172
GRIK1,67,Frameshift,9.35874790430379e-06
GRIK2,34,In-frame stop codon,0.00014341629221660115
GRIK3,19,Frameshift,1.4514495023033033e-05
GRIK4,40,Frameshift,7.3823578565893006e-06
GRIK5,28,Frameshift,7.513287024641316e-05
GRIN1,37,Frameshift,7.2758596118728185e-06
GRIN2A,26,Frameshift,1.6399471981211564e-05
GRIN2B,16,Frameshift,1.9915812813791043e-06
GRIN2C,86,Frameshift,2.2917000954307127e-05
GRIN2D,40,Frameshift,5.292250771682611e-05
GRIN3A,31,Frameshift,1.0025404369903096e-05
GRIN3B,135,Frameshift,0.001956744256813139
GRINA,26,Frameshift,1.5281469015029615e-05
GRIP1,42,Frameshift,2.2675127830452433e-05
GRIP2,20,Splice donor,0.00035064244100314234
GRIPAP1,9,Splice acceptor,3.857429057517633e-06
GRK1,36,Frameshift,2.8350581281709657e-05
GRK4,87,Frameshift,0.0008553146471221436
GRK5,22,In-frame stop codon,7.115781496495467e-06
GRK6,26,In-frame stop codon,5.550258576860766e-06
GRK7,37,Frameshift,2.2854865006950757e-05
GRM1,31,Frameshift,8.657426714086707e-06
GRM2,30,Frameshift,1.1424868719846744e-05
GRM3,28,In-frame stop codon,1.185754800283208e-05
GRM4,34,In-frame stop codon,4.926913612957272e-05
GRM5,40,Frameshift,5.176447941408554e-06
GRM6,83,Frameshift,1.6853348527124068e-05
GRM7,30,Frameshift,3.0040718432541943e-05
GRM8,47,In-frame stop codon,7.91910846490811e-06
GRN,39,Frameshift,7.365536247940178e-06
GRP,19,Frameshift,0.0015392042504897643
GRPEL1,11,Frameshift,9.562406496941072e-06
GRPEL2,27,Frameshift,1.4257341050309202e-05
GRPR,11,Frameshift,8.173922846466325e-06
GRSF1,60,Frameshift,1.6057388394124522e-05
GRTP1,66,Frameshift,0.0008786515151292117
GRWD1,33,Frameshift,1.7685382283974175e-05
GRXCR1,20,In-frame stop codon,8.628920083833259e-06
GRXCR2,21,In-frame stop codon,9.573887923095597e-06
GS1-259H13.2,9,Splice donor,0.002721060198165427
GSAP,96,In-frame stop codon,7.586109860467889e-06
GSC,8,In-frame stop codon,7.4053411086836315e-06
GSC2,17,Frameshift,7.137104901674542e-05
GSDMA,61,Frameshift,1.6856111483508236e-05
GSDMB,40,Frameshift,0.009995190254982422
GSDMC,54,In-frame stop codon,4.310395244746174e-05
GSDMD,64,In-frame stop codon,1.3408897359267534e-05
GSE1,38,Frameshift,4.158184844825854e-05
GSG1,45,Frameshift,9.766741602038719e-05
GSG1L,16,Frameshift,7.687351555356899e-06
GSG2,59,Frameshift,2.0452516610510393e-05
GSK3A,17,Frameshift,2.220712928244453e-05
GSK3B,14,In-frame stop codon,4.276483289866321e-06
GSKIP,8,Splice acceptor,9.07840249695221e-06
GSN,86,Frameshift,4.4181800930252726e-05
GSPT1,15,Frameshift,1.0202280856505102e-05
GSPT2,2,Frameshift,5.753725426767488e-06
GSR,32,Frameshift,2.960001996140683e-05
GSS,31,Frameshift,1.5413787565460814e-05
GSTA1,29,Splice acceptor,0.00010973599064196816
GSTA2,26,Frameshift,2.2608976900126657e-05
GSTA3,32,Frameshift,1.3711694935846393e-05
GSTA4,15,Frameshift,1.5983204364035195e-05
GSTA5,32,Frameshift,9.306067106811567e-05
GSTCD,50,Frameshift,1.184096660395443e-05
GSTK1,32,Frameshift,2.7831985498036002e-05
GSTM1,14,In-frame stop codon,1.520247459779996e-05
GSTM2,38,Frameshift,2.631794148336222e-05
GSTM3,25,Frameshift,1.6646595793900248e-05
GSTM4,39,Frameshift,6.119457465213833e-05
GSTM5,38,Frameshift,2.513631317524109e-05
GSTO1,36,Frameshift,8.194167613939599e-06
GSTO2,32,Frameshift,2.3750999729658363e-05
GSTP1,25,Frameshift,1.1239706023791632e-05
GSTT1,22,Frameshift,3.9094709328619945e-05
GSTT2,13,In-frame stop codon,0.0448365609801997
GSTT2B,13,Frameshift,0.010320576118404746
GSTZ1,35,In-frame stop codon,1.710136105349625e-05
GSX1,8,Frameshift,1.216375129248175e-05
GSX2,6,In-frame stop codon,4.754994530899183e-05
GTF2A1,8,Frameshift,1.621480834487988e-05
GTF2A1L,40,Frameshift,9.728142536256643e-06
GTF2A2,16,In-frame stop codon,0.0001213770139461141
GTF2B,20,Frameshift,5.182710199201522e-06
GTF2E1,16,Frameshift,8.491570886454465e-06
GTF2E2,12,Frameshift,7.35582022084094e-06
GTF2F1,50,Frameshift,7.151990725613664e-05
GTF2F2,18,Splice acceptor,5.8169787218438445e-06
GTF2H1,18,Frameshift,1.253289310323556e-05
GTF2H2,15,Splice donor,0.0004338069641367322
GTF2H2C,27,Frameshift,6.434351167138735e-05
GTF2H3,34,In-frame stop codon,5.96266016809629e-05
GTF2H4,33,In-frame stop codon,1.284101736817217e-05
GTF2H5,11,Frameshift,1.0491008753780729e-05
GTF2I,33,Frameshift,0.00011452663152583943
GTF2IRD1,26,Frameshift,9.212881631651037e-06
GTF2IRD2,59,Frameshift,3.7798596813606205e-05
GTF2IRD2B,34,Frameshift,8.112063380521542e-05
GTF3A,47,Frameshift,1.162806672710321e-05
GTF3C1,38,Frameshift,1.0839545746923597e-05
GTF3C2,24,Frameshift,1.1466609037454483e-05
GTF3C3,69,Frameshift,1.4237566679522105e-05
GTF3C4,9,In-frame stop codon,4.464031669620449e-06
GTF3C5,58,Frameshift,6.229833275968503e-05
GTF3C6,20,Frameshift,1.018567469925584e-05
GTPBP1,33,Frameshift,1.908229993146097e-05
GTPBP10,39,Frameshift,1.9179903021190627e-05
GTPBP2,29,Frameshift,1.6991704119941725e-05
GTPBP3,49,Frameshift,7.973045305900529e-06
GTPBP4,9,Frameshift,1.285674469475573e-05
GTPBP6,33,Frameshift,1.4201507935775432e-05
GTPBP8,43,Frameshift,1.2329244067211137e-05
GTSE1,45,Frameshift,9.695054576145101e-06
GTSF1,10,Frameshift,1.124661009432446e-05
GTSF1L,14,Frameshift,1.1857873689795628e-05
GUCA1A,15,In-frame stop codon,7.164378352239992e-06
GUCA1B,22,Frameshift,1.851487122865113e-05
GUCA1C,29,Frameshift,0.010377669193864392
GUCA2A,11,Frameshift,5.841394607128807e-05
GUCA2B,7,Frameshift,4.596490620179175e-06
GUCD1,24,Frameshift,8.935550704046955e-06
GUCY1A2,16,In-frame stop codon,1.320780097200513e-05
GUCY1A3,45,In-frame stop codon,9.70908434525062e-06
GUCY1B3,35,Frameshift,0.01733225724605233
GUCY2C,100,Frameshift,8.437356480941087e-06
GUCY2D,78,Frameshift,1.2978894873703039e-05
GUCY2F,63,Frameshift,2.1911954202151915e-05
GUF1,88,Frameshift,0.00019748867887471047
GUK1,53,In-frame stop codon,1.065252499069325e-05
GULP1,20,Frameshift,1.4970589417863503e-05
GUSB,59,Frameshift,1.2472585544837652e-05
GXYLT1,55,Frameshift,0.004852745866053869
GXYLT2,45,Frameshift,1.1557419424153889e-05
GYG1,67,Frameshift,1.4125826823202984e-05
GYG2,41,Frameshift,1.5946604134341643e-05
GYLTL1B,80,Frameshift,2.28004724479947e-05
GYPA,23,Frameshift,5.393223564266289e-06
GYPB,25,In-frame stop codon,0.008714454798669455
GYPC,13,Frameshift,8.620045466006554e-06
GYPE,13,Frameshift,1.0184568677600479e-05
GYS1,66,Frameshift,1.615312676058543e-05
GYS2,77,Frameshift,1.7438949289162277e-05
GZF1,35,Frameshift,7.244676064934887e-06
GZMA,38,Frameshift,1.379639735196287e-05
GZMB,42,In-frame stop codon,0.005763785177083578
GZMH,30,Frameshift,0.00012000534849223073
GZMK,20,Frameshift,2.481858705699269e-05
GZMM,32,Frameshift,0.00020959820166655799
H1F0,4,Frameshift,5.086168107326091e-06
H1FNT,30,Frameshift,1.0994563127663652e-05
H1FOO,28,Frameshift,1.4247934363445986e-05
H1FX,12,Frameshift,9.123790571604484e-06
H2AFJ,10,Frameshift,8.769321990010867e-06
H2AFV,4,Splice donor,3.0326637026320725e-06
H2AFX,7,Frameshift,1.0461594323189712e-05
H2AFY,4,Splice donor,0.00010289685974226608
H2AFY2,5,Frameshift,5.581662397087653e-06
H2AFZ,3,Frameshift,1.3333785164758928e-05
H2BFM,14,Frameshift,0.026166669087399192
H2BFWT,16,Frameshift,4.665361380820502e-05
H3F3A,8,Frameshift,1.812186958471932e-05
H3F3B,22,Frameshift,8.640689788269965e-06
H3F3C,14,Frameshift,1.1397511921508442e-05
H6PD,56,Frameshift,0.0028517260641413578
HAAO,50,Frameshift,8.770086795473223e-06
HABP2,69,Frameshift,4.914226526086877e-05
HABP4,22,Frameshift,8.325843345777889e-05
HACE1,40,In-frame stop codon,6.890685946722754e-06
HACL1,53,Frameshift,8.206316713924426e-05
HADH,37,Frameshift,2.6267625568621546e-05
HADHA,64,Frameshift,9.3867887370155e-06
HADHB,47,Frameshift,1.049257534222666e-05
HAGH,43,Frameshift,9.088111584757996e-05
HAGHL,66,Frameshift,0.00047105275877779864
HAL,80,Frameshift,2.2277690794859412e-05
HAMP,7,In-frame stop codon,1.0797856600676711e-05
HAND1,7,In-frame stop codon,9.245046944403697e-06
HAND2,7,Frameshift,2.076356034780721e-05
HAO1,33,Frameshift,9.477495390278464e-06
HAO2,39,In-frame stop codon,5.505407535701038e-05
HAP1,110,Frameshift,0.00016759571431918067
HAPLN1,9,In-frame stop codon,7.6279768569289685e-06
HAPLN2,29,In-frame stop codon,7.594807728429364e-06
HAPLN3,55,In-frame stop codon,0.006436029267454069
HAPLN4,22,Frameshift,9.785780894498347e-06
HARBI1,27,Frameshift,1.4048407653197157e-05
HARS,31,In-frame stop codon,8.606452804300608e-06
HARS2,42,Frameshift,1.3190776396113432e-05
HAS1,71,Frameshift,0.006207945182997739
HAS2,6,Frameshift,2.6514052150753335e-06
HAS3,13,Frameshift,5.93374236334279e-06
HAT1,16,Frameshift,0.00018215154055093916
HAUS1,30,In-frame stop codon,2.7462834179436775e-05
HAUS2,35,Frameshift,1.3243040596861352e-05
HAUS3,55,Frameshift,2.4829173117620593e-05
HAUS4,23,Frameshift,8.86913943114462e-06
HAUS5,56,In-frame stop codon,7.961748385617777e-06
HAUS6,86,In-frame stop codon,1.7903084252558294e-05
HAUS7,11,Frameshift,7.552872764376824e-06
HAUS8,36,Frameshift,1.5035142122341535e-05
HAVCR1,49,Frameshift,6.189160603215823e-05
HAVCR2,20,Frameshift,7.832179209383489e-06
HAX1,41,Frameshift,2.5150266295193366e-05
HBA1,26,Frameshift,1.852793860945194e-05
HBA2,18,Frameshift,3.4597904013739844e-05
HBB,29,Frameshift,5.077039567324488e-05
HBD,28,In-frame stop codon,1.215215049795259e-05
HBE1,12,Frameshift,8.303363539349752e-06
HBEGF,4,In-frame stop codon,3.97695762047941e-06
HBG1,8,Frameshift,7.894944904971947e-06
HBG2,11,Frameshift,0.00013721404343405383
HBM,10,Frameshift,0.0019844780939792576
HBP1,21,Frameshift,4.718068802214886e-05
HBQ1,21,In-frame stop codon,3.485974169327279e-05
HBS1L,108,Frameshift,2.4966046764017173e-05
HBZ,12,Frameshift,0.000448499517630844
HCAR1,24,Frameshift,1.2639666541862764e-05
HCAR2,24,Frameshift,2.198913744833697e-05
HCAR3,32,Frameshift,3.588272445818757e-05
HCCS,2,In-frame stop codon,2.542223296802884e-05
HCFC1,15,Frameshift,1.3059980936994311e-05
HCFC1R1,22,In-frame stop codon,1.429169991228668e-05
HCFC2,9,Frameshift,8.047153432982009e-06
HCK,24,In-frame stop codon,1.3042089909669645e-05
HCLS1,35,Frameshift,0.00021973076194460904
HCN1,21,Frameshift,1.655831601321115e-05
HCN2,33,Frameshift,8.754002023858127e-05
HCN3,32,Frameshift,9.526476681539371e-06
HCN4,48,Frameshift,1.906128800718449e-05
HCRT,10,Frameshift,9.569882495189832e-06
HCRTR1,34,Frameshift,1.141617808932278e-05
HCRTR2,15,In-frame stop codon,8.77636215710665e-06
HCST,7,Splice donor,3.074521356084782e-05
HDAC1,18,Frameshift,8.800682380675081e-06
HDAC10,83,Frameshift,2.4483111899525737e-05
HDAC11,32,In-frame stop codon,7.2873022626467635e-06
HDAC2,25,Frameshift,2.995984022117649e-05
HDAC3,9,In-frame stop codon,7.532637083945289e-06
HDAC4,31,In-frame stop codon,0.0002988588043630339
HDAC5,30,Frameshift,5.338746526043844e-05
HDAC6,11,Frameshift,4.442179727156117e-05
HDAC7,29,Frameshift,3.34709325293944e-05
HDAC8,11,Splice acceptor,1.651507842431834e-05
HDAC9,40,Frameshift,1.533001146813088e-05
HDC,23,In-frame stop codon,5.887690801389286e-06
HDDC2,24,Frameshift,1.0774781547310586e-05
HDDC3,25,Frameshift,0.00018230884100368212
HDGF,23,Frameshift,9.406729771516836e-06
HDGFL1,18,Frameshift,1.3483141442330158e-05
HDGFRP2,49,Frameshift,0.00012205155633590424
HDGFRP3,5,Frameshift,5.93639397951821e-06
HDHD1,16,Frameshift,0.00018822315597105072
HDHD2,28,Frameshift,1.5390138406182152e-05
HDHD3,25,Frameshift,2.4943666813386695e-05
HDLBP,51,Frameshift,8.194379901816517e-05
HDX,15,In-frame stop codon,6.790816259057341e-06
HEATR1,38,Frameshift,7.791178699200269e-06
HEATR2,66,Frameshift,1.512663343460198e-05
HEATR3,55,Frameshift,8.003643693859483e-06
HEATR4,100,Frameshift,4.225376840323592e-05
HEATR5A,182,Frameshift,1.4411930602022306e-05
HEATR5B,100,In-frame stop codon,9.6562258467673e-06
HEATR6,113,Frameshift,1.55524299572642e-05
HEBP1,17,In-frame stop codon,1.2600157940853826e-05
HEBP2,29,Frameshift,2.1881195132301386e-05
HECA,18,Frameshift,2.60085222010546e-05
HECTD1,40,Frameshift,4.780351419295822e-06
HECTD2,22,In-frame stop codon,7.096734628753585e-06
HECTD3,41,Frameshift,1.1635741478610392e-05
HECTD4,65,Frameshift,1.8723376475536933e-05
HECW1,35,In-frame stop codon,1.3448441635566222e-05
HECW2,33,Frameshift,7.481714716193407e-06
HEG1,47,Frameshift,2.0891198235403475e-05
HELB,99,Frameshift,0.0002104799827865124
HELLS,44,Frameshift,4.566994915327109e-05
HELQ,71,Frameshift,1.3524325162531393e-05
HELT,23,Frameshift,1.553649350856403e-05
HELZ,17,Frameshift,6.838774269170049e-06
HELZ2,129,Frameshift,1.9593449897228806e-05
HEMGN,37,Frameshift,2.3091254476916434e-05
HEMK1,28,Frameshift,2.4854947367302522e-05
HENMT1,33,In-frame stop codon,1.1659411299176346e-05
HEPACAM,11,Frameshift,1.617811801548765e-05
HEPACAM2,55,Frameshift,1.3016514525543938e-05
HEPH,43,Frameshift,0.00013498151758190643
HEPHL1,107,In-frame stop codon,1.7787473299184256e-05
HEPN1,9,Frameshift,9.894934606047707e-06
HERC1,111,In-frame stop codon,6.4264655260940654e-06
HERC2,93,Frameshift,7.096607605660501e-05
HERC3,42,Frameshift,0.00025236967884077223
HERC4,26,Frameshift,8.550499026451241e-06
HERC5,75,Frameshift,2.04211786083588e-05
HERC6,90,Frameshift,0.00010028338625548767
HERPUD1,22,Frameshift,7.962219590312378e-05
HERPUD2,15,Frameshift,9.360564087592409e-06
HES1,10,Frameshift,1.0399561448757086e-05
HES2,13,In-frame stop codon,7.726294075597351e-06
HES3,16,Frameshift,1.5843710546051444e-05
HES4,25,Frameshift,1.6930863001013383e-05
HES5,4,Frameshift,7.832397330975034e-05
HES6,51,Frameshift,4.496583355720642e-05
HES7,15,Frameshift,0.00020198579936687625
HESX1,25,Frameshift,1.1018421315894416e-05
HEXA,50,Frameshift,3.542993035639628e-05
HEXB,68,Frameshift,8.982730721220692e-06
HEXDC,88,Frameshift,1.6446342894782922e-05
HEXIM1,7,Frameshift,4.661522842254795e-06
HEXIM2,28,Frameshift,1.950642191759093e-05
HEY1,14,Frameshift,7.612762187261019e-06
HEY2,13,Frameshift,7.781345148399233e-06
HEYL,23,In-frame stop codon,3.474268607693728e-05
HFE,30,In-frame stop codon,1.1943814119085915e-05
HFE2,27,Frameshift,9.16009697729094e-06
HFM1,137,In-frame stop codon,1.1065698537689999e-05
HGD,46,Frameshift,1.177154421759052e-05
HGF,26,In-frame stop codon,7.313426219212786e-06
HGFAC,74,Frameshift,6.531111909157289e-05
HGS,52,Frameshift,2.904441463419495e-05
HGSNAT,51,Frameshift,3.7454983413213016e-05
HHAT,54,Frameshift,2.101780612437832e-05
HHATL,46,Frameshift,1.557695076042027e-05
HHEX,11,Frameshift,6.43348631860086e-06
HHIP,16,In-frame stop codon,7.840055660851104e-06
HHIPL1,47,Frameshift,4.364477665639155e-05
HHIPL2,77,Frameshift,4.469983625174503e-05
HHLA1,66,Frameshift,3.255549481507153e-05
HHLA2,53,Frameshift,9.752302077535146e-05
HIBADH,24,Frameshift,8.534108632559592e-06
HIBCH,64,Frameshift,0.008012014821701134
HIC1,23,Frameshift,2.9840220560299017e-05
HIC2,10,Frameshift,2.8099442158503956e-05
HID1,46,In-frame stop codon,0.00038518107165995153
HIF1A,20,Frameshift,5.521114083369288e-05
HIF1AN,18,In-frame stop codon,7.53435195567427e-06
HIF3A,51,Frameshift,7.026056590848614e-05
HIGD1A,11,Splice acceptor,1.2437185832601153e-05
HIGD1B,14,In-frame stop codon,1.821756594106318e-05
HIGD1C,14,Frameshift,6.495604105433703e-05
HIGD2A,7,Frameshift,1.4252541623921022e-05
HIGD2B,9,Frameshift,1.2595758688862025e-05
HILPDA,5,Frameshift,8.432001915114864e-05
HINFP,24,Frameshift,5.96126878553999e-06
HINT1,26,Frameshift,0.010967677848176689
HINT2,22,Frameshift,2.0595494496359616e-05
HINT3,21,Frameshift,0.00010784298875862481
HIP1,38,Frameshift,0.00015787430989064975
HIP1R,89,Frameshift,1.1236439078934483e-05
HIPK1,19,Frameshift,1.480839896794591e-05
HIPK2,31,Frameshift,1.2519028330202682e-05
HIPK3,41,Frameshift,1.0248715770708265e-05
HIPK4,40,Frameshift,6.1828904936709e-06
HIRA,12,Frameshift,5.826933789366285e-06
HIRIP3,56,Frameshift,8.393194573070122e-06
HIST1H1A,51,Frameshift,1.1292920711236543e-05
HIST1H1B,11,Frameshift,5.871799093123982e-06
HIST1H1C,25,Frameshift,5.3942423954540525e-06
HIST1H1D,31,Frameshift,8.083103821520204e-06
HIST1H1E,19,Frameshift,3.6694869067241754e-06
HIST1H1T,41,Frameshift,2.3184099474746135e-05
HIST1H2AA,33,Frameshift,9.009390250725218e-06
HIST1H2AC,9,Frameshift,3.56097327685709e-06
HIST1H2AD,31,Frameshift,1.2562951206861674e-05
HIST1H2AG,22,Frameshift,1.0603940476506848e-05
HIST1H2AI,17,Frameshift,2.9469900315073434e-05
HIST1H2BA,18,Frameshift,1.3049272036940297e-05
HIST1H2BC,20,Frameshift,1.1567686345488423e-05
HIST1H2BD,19,Frameshift,1.1527412584595588e-05
HIST1H2BJ,28,Frameshift,6.680250802305943e-06
HIST1H2BK,29,Frameshift,7.547923328252152e-06
HIST1H2BL,18,In-frame stop codon,8.178169383994639e-06
HIST1H2BN,21,Frameshift,8.591755881676412e-06
HIST1H3D,18,In-frame stop codon,1.4211503153600424e-05
HIST1H3J,9,Frameshift,9.340431101365601e-06
HIST1H4C,22,Frameshift,2.1218604772501432e-05
HIST1H4H,28,Frameshift,3.2420067659400006e-05
HIST1H4J,9,Frameshift,7.748668981701562e-06
HIST2H2AB,20,Frameshift,4.210399417870495e-06
HIST2H2AC,15,Frameshift,1.0636296977521608e-05
HIST2H2BE,8,Frameshift,7.973698819643452e-06
HIST2H2BF,24,Frameshift,9.8353407893639e-06
HIST2H3D,28,Frameshift,1.731153593858647e-05
HIST3H2A,10,Frameshift,8.607949936664276e-06
HIST3H2BB,21,Frameshift,1.2202514618780938e-05
HIST3H3,29,Frameshift,3.101086846285461e-05
HIST4H4,15,Frameshift,5.89547788127043e-05
HIVEP1,32,Frameshift,2.945438200352263e-05
HIVEP2,11,Frameshift,9.445583003459115e-06
HIVEP3,40,In-frame stop codon,1.546764490356268e-05
HJURP,51,In-frame stop codon,1.342999887904098e-05
HK1,39,Frameshift,0.0005614163114079803
HK2,36,Frameshift,5.989716847358465e-06
HK3,86,Frameshift,1.231198781424167e-05
HKDC1,71,Frameshift,1.2147354391530828e-05
HKR1,121,Frameshift,3.833660381052188e-05
HLA-A,91,Frameshift,0.010607711679814842
HLA-B,105,Frameshift,0.02433168442663564
HLA-C,102,Frameshift,0.0004669148409789714
HLA-DMA,13,In-frame stop codon,1.1283039915298028e-05
HLA-DMB,13,In-frame stop codon,9.082644549362842e-06
HLA-DOA,31,In-frame stop codon,1.980067387898939e-05
HLA-DOB,20,In-frame stop codon,3.23287791470422e-05
HLA-DPA1,22,Frameshift,0.0005004974039097614
HLA-DPB1,55,Frameshift,0.004597754018769405
HLA-DQA1,38,Frameshift,0.00907348538788898
HLA-DQA2,22,In-frame stop codon,9.30130950994193e-06
HLA-DQB1,30,Frameshift,0.015533974993696298
HLA-DQB2,26,Frameshift,2.485248496249917e-05
HLA-DRA,5,Splice acceptor,0.12225701123187933
HLA-DRB1,113,Frameshift,0.01417865304570321
HLA-DRB5,122,Frameshift,0.020086789016137214
HLA-E,14,Frameshift,5.9284643505981125e-06
HLA-F,49,In-frame stop codon,3.002364882088995e-05
HLA-G,31,Frameshift,0.0005787417036899041
HLCS,53,Frameshift,9.24711750304613e-06
HLF,6,Frameshift,1.8564779446484377e-05
HLTF,120,Frameshift,2.034444940120291e-05
HLX,16,Frameshift,5.290504036925724e-06
HM13,14,Frameshift,1.381535550156471e-05
HMBOX1,27,Frameshift,2.5551163147016167e-05
HMBS,14,Frameshift,9.39648706241921e-06
HMCES,28,In-frame stop codon,1.3862364213880964e-05
HMCN1,246,Frameshift,1.384005655762663e-05
HMCN2,183,Frameshift,0.00018119710323473176
HMG20A,14,Frameshift,5.724587927424605e-06
HMG20B,36,Frameshift,1.4261809252768082e-05
HMGA1,40,Frameshift,3.5023477024446074e-05
HMGA2,20,Frameshift,1.0977760884116525e-05
HMGB1,5,Frameshift,8.257637750356894e-06
HMGB2,4,Frameshift,1.988545975182946e-06
HMGB3,7,Frameshift,9.091420492104516e-06
HMGB4,21,Frameshift,3.021976810410431e-05
HMGCL,29,Frameshift,1.3473092845771432e-05
HMGCLL1,35,Frameshift,2.2905096955292314e-05
HMGCR,18,Frameshift,1.067306834522514e-05
HMGCS1,8,Frameshift,2.5052749719639895e-06
HMGCS2,47,Frameshift,1.1528972448579383e-05
HMGN1,41,Frameshift,1.4502004614200118e-05
HMGN2,5,Splice acceptor,1.2755539928797736e-05
HMGN3,11,Splice acceptor,1.4862667160931726e-05
HMGN4,4,Frameshift,4.603103975045021e-06
HMGN5,9,Frameshift,2.090850291977338e-05
HMGXB3,18,Frameshift,1.8106637270825634e-05
HMGXB4,28,Frameshift,0.00036758924753774587
HMHA1,67,Frameshift,0.0022123662629717038
HMHB1,3,Splice acceptor,4.008058886908397e-06
HMMR,95,Frameshift,5.926672636409757e-05
HMOX1,17,Frameshift,1.4823458197623603e-05
HMOX2,19,Frameshift,4.2372358518540376e-05
HMSD,20,In-frame stop codon,4.822274301142459e-05
HMX1,25,Frameshift,3.769789990789848e-05
HMX2,17,Frameshift,2.3971127419439666e-05
HMX3,8,Frameshift,9.842025476425059e-05
HN1,22,Splice acceptor,1.9306431355082117e-05
HN1L,22,Frameshift,1.3180927315016029e-05
HNF1A,44,Frameshift,0.01859351256367506
HNF1B,7,Frameshift,0.004446983247863575
HNF4A,27,In-frame stop codon,1.1812148922797965e-05
HNF4G,21,Frameshift,1.28434288571175e-05
HNMT,23,Frameshift,1.600058348245537e-05
HNRNPA0,1,Frameshift,3.196522183863956e-05
HNRNPA1,27,Frameshift,1.3851480262511748e-05
HNRNPA1L2,25,Frameshift,0.0013826231236637933
HNRNPA2B1,4,Frameshift,4.011403343830418e-06
HNRNPA3,13,Frameshift,1.4620779705335182e-05
HNRNPAB,20,Frameshift,0.00015202429521045442
HNRNPC,33,Splice acceptor,1.3796977286611183e-05
HNRNPCL1,49,Frameshift,0.0001388823894817614
HNRNPCP5,1,Splice donor,3.1867431485022305e-05
HNRNPD,10,Frameshift,9.610724671312827e-06
HNRNPDL,20,Frameshift,8.169147005372262e-06
HNRNPF,8,Frameshift,5.528097256496526e-06
HNRNPH1,12,Frameshift,1.0085415266985116e-05
HNRNPH2,3,Splice acceptor,8.023903521172482e-06
HNRNPH3,11,Splice donor,5.511198694134955e-06
HNRNPK,7,Frameshift,2.905392575236645e-06
HNRNPL,31,Frameshift,0.001162925256737941
HNRNPLL,29,Splice acceptor,9.817698983922837e-06
HNRNPM,17,Frameshift,7.134741085110733e-06
HNRNPR,5,Frameshift,0.0001417132098929081
HNRNPU,22,Frameshift,4.947094899644914e-05
HNRNPUL1,17,In-frame stop codon,1.039230058554088e-05
HNRNPUL2,14,Frameshift,8.666092992051593e-06
HOGA1,36,Frameshift,1.1174330892289848e-05
HOMER1,4,Splice acceptor,4.067284395621182e-06
HOMER2,29,Frameshift,7.4449949737575415e-06
HOMER3,17,Frameshift,2.8990912659952412e-05
HOMEZ,41,Frameshift,8.454840338705426e-05
HOOK1,47,Frameshift,1.0615089470399658e-05
HOOK2,75,Frameshift,1.270816652338679e-05
HOOK3,15,In-frame stop codon,4.404687802422752e-05
HOPX,23,Frameshift,2.569021141562729e-05
HORMAD1,31,Frameshift,1.1388588366679074e-05
HORMAD2,33,Frameshift,3.8330474760429484e-05
HOXA1,17,Frameshift,1.735984549100125e-05
HOXA10,20,Frameshift,8.225640979853945e-06
HOXA11,12,Frameshift,9.326708780081224e-06
HOXA13,6,Frameshift,3.323796582162074e-05
HOXA2,7,In-frame stop codon,6.248893787623975e-06
HOXA3,11,Frameshift,9.121664005776405e-06
HOXA4,36,Frameshift,1.5417468114860045e-05
HOXA5,7,In-frame stop codon,8.695170535736014e-06
HOXA6,27,Frameshift,6.801152075617872e-06
HOXA7,18,Frameshift,7.167498206811528e-06
HOXA9,20,In-frame stop codon,1.3055877317090474e-05
HOXB1,14,Frameshift,2.0805720019029877e-05
HOXB13,27,Frameshift,1.9498404351426662e-05
HOXB2,34,Frameshift,8.435812094394305e-06
HOXB3,39,Frameshift,2.3243230199163043e-05
HOXB4,14,Frameshift,1.17504628952847e-05
HOXB5,13,Frameshift,1.1867703924596931e-05
HOXB6,22,In-frame stop codon,6.8914002964082055e-06
HOXB7,17,Frameshift,0.00015296372546017836
HOXB8,8,Frameshift,3.993250266928973e-05
HOXB9,12,In-frame stop codon,6.590155840369518e-06
HOXC10,17,Frameshift,1.1658152206576235e-05
HOXC11,28,Frameshift,3.113872461439965e-05
HOXC12,25,In-frame stop codon,1.2385258698274085e-05
HOXC13,14,Frameshift,5.58989481340219e-05
HOXC4,15,Frameshift,7.133562718773617e-06
HOXC5,26,Frameshift,1.188847181757976e-05
HOXC6,14,Frameshift,0.0003004232773949977
HOXC8,10,Frameshift,4.079736234496384e-06
HOXC9,12,In-frame stop codon,6.55874662814371e-06
HOXD1,31,Frameshift,1.827350248046018e-05
HOXD10,12,Frameshift,5.510071168911784e-05
HOXD11,23,Frameshift,2.0132924081796454e-05
HOXD12,47,Frameshift,0.0001401027563847287
HOXD13,24,Frameshift,1.6157509471120407e-05
HOXD3,11,In-frame stop codon,9.131811984295488e-06
HOXD4,14,Frameshift,1.48087303571152e-05
HOXD8,30,Frameshift,1.188415056933835e-05
HOXD9,21,Frameshift,1.0748766299774296e-05
HP,35,Frameshift,6.367145265995419e-05
HP1BP3,23,Frameshift,2.786837987939033e-06
HPCA,2,Frameshift,3.983771950200652e-06
HPCAL1,7,Frameshift,3.76447819866228e-05
HPCAL4,12,In-frame stop codon,7.059607621024414e-06
HPD,22,Frameshift,6.690368626968985e-06
HPDL,28,Frameshift,8.259762699450586e-06
HPGD,27,Frameshift,3.61011586985826e-05
HPGDS,25,Frameshift,1.2031997541466258e-05
HPN,5,Splice donor,2.5721582203930773e-06
HPR,57,Frameshift,0.0022502922736230197
HPRT1,2,Splice donor,2.4616093893347e-05
HPS1,55,Frameshift,1.8058845312575117e-05
HPS3,90,Frameshift,1.0499751041020854e-05
HPS4,47,Frameshift,0.003693288245060407
HPS5,89,Frameshift,4.78655924039972e-05
HPS6,63,Frameshift,1.1023984754604576e-05
HPSE,66,Frameshift,4.614840063135813e-05
HPSE2,33,Frameshift,1.5151560147924114e-05
HPX,42,Frameshift,1.0854931187184988e-05
HR,70,In-frame stop codon,0.0001540271248570822
HRAS,15,Frameshift,1.694321724023144e-05
HRASLS,27,Frameshift,8.988524810047206e-05
HRASLS2,10,Frameshift,5.5789520651759215e-06
HRASLS5,35,Frameshift,2.567203781017614e-05
HRC,69,Frameshift,2.9846805177283644e-05
HRCT1,77,Frameshift,0.00033509846580055956
HRG,40,Frameshift,8.682215771933215e-05
HRH1,25,Frameshift,4.843795641811059e-06
HRH2,11,Frameshift,9.699923319819036e-06
HRH3,10,In-frame stop codon,5.900220194384257e-06
HRH4,43,Frameshift,2.002804640495514e-05
HRK,2,Frameshift,0.0
HRNR,373,In-frame stop codon,0.003147922489616909
HRSP12,18,Frameshift,2.432320236978173e-05
HS1BP3,44,Frameshift,0.0036246466859645816
HS2ST1,17,Frameshift,1.1907331029744663e-05
HS3ST1,17,Frameshift,5.860989766689522e-06
HS3ST2,6,In-frame stop codon,1.395659920218147e-05
HS3ST3A1,23,Frameshift,1.1596883326858374e-05
HS3ST3B1,8,Frameshift,8.466455775209037e-06
HS3ST4,13,Frameshift,3.232056425796072e-05
HS3ST5,10,In-frame stop codon,1.2393032010702743e-05
HS3ST6,26,Frameshift,0.038556147977707754
HS6ST1,13,Frameshift,0.0005101489660307852
HS6ST2,24,Frameshift,0.00010683370706420262
HS6ST3,14,Frameshift,1.6978761888039182e-05
HSBP1,3,In-frame stop codon,4.257313335001129e-06
HSBP1L1,7,Frameshift,2.1355923769471187e-05
HSCB,27,Frameshift,8.472482797460964e-06
HSD11B1,12,Frameshift,1.0627834391712489e-05
HSD11B1L,48,Frameshift,2.6483340293702376e-05
HSD11B2,22,Frameshift,9.944816429928537e-06
HSD17B1,29,Frameshift,1.0227637155948091e-05
HSD17B10,2,Frameshift,0.0
HSD17B11,32,Frameshift,1.0807337221995247e-05
HSD17B12,26,Frameshift,8.015147490478723e-06
HSD17B13,33,Frameshift,0.0005518213872196236
HSD17B14,42,In-frame stop codon,0.00017160342108238398
HSD17B2,42,Frameshift,0.00036027604862757113
HSD17B3,21,In-frame stop codon,1.0993395234968283e-05
HSD17B4,70,Frameshift,1.0744627976741045e-05
HSD17B6,27,Frameshift,2.1074229244826103e-05
HSD17B7,27,Frameshift,6.072564471699818e-06
HSD17B8,33,Frameshift,6.153773625416257e-05
HSD3B1,32,Frameshift,1.7176174070780173e-05
HSD3B2,29,Frameshift,1.016421830478594e-05
HSD3B7,44,In-frame stop codon,8.341931774039777e-06
HSDL1,18,In-frame stop codon,5.085237270186216e-06
HSDL2,31,Frameshift,1.640662781320689e-05
HSF1,50,Frameshift,0.0012061362748126087
HSF2,13,Frameshift,5.707390684120193e-06
HSF2BP,38,In-frame stop codon,9.557498213755148e-06
HSF4,58,Frameshift,1.5025264645971322e-05
HSF5,10,Frameshift,6.314844586992907e-06
HSFY2,1,Splice donor,0.0
HSH2D,31,In-frame stop codon,0.03244596456324501
HSP90AA1,56,Frameshift,9.812797586382878e-06
HSP90AB1,24,Frameshift,4.828233151263011e-06
HSP90B1,21,Frameshift,5.660593505207017e-06
HSPA12A,24,Frameshift,2.6121263306204547e-05
HSPA12B,32,Frameshift,6.732234728495614e-06
HSPA13,26,Frameshift,6.4587069008211075e-06
HSPA14,34,Frameshift,1.100993603826661e-05
HSPA1A,29,Frameshift,2.5234764614156755e-05
HSPA1B,20,In-frame stop codon,9.020352564315967e-05
HSPA1L,36,Frameshift,2.3634845343473367e-05
HSPA2,23,Frameshift,4.346303596885673e-06
HSPA4,26,Splice acceptor,5.461865847370698e-05
HSPA4L,56,Frameshift,9.267508035267307e-06
HSPA5,11,Frameshift,6.54148718134969e-06
HSPA6,32,Frameshift,7.703472658683629e-05
HSPA8,15,Frameshift,6.933860517538325e-06
HSPA9,19,Frameshift,1.6557874057685642e-05
HSPB1,36,Frameshift,1.1979182534561263e-05
HSPB11,21,Frameshift,1.308632231486213e-05
HSPB2,15,In-frame stop codon,6.8063239039057285e-06
HSPB3,22,Frameshift,1.882089831837472e-05
HSPB6,22,Frameshift,8.96207124505057e-06
HSPB7,29,Frameshift,1.1263448649781926e-05
HSPB8,18,Frameshift,1.1578997557547014e-05
HSPB9,13,Frameshift,1.845372351013415e-05
HSPBAP1,44,Frameshift,1.2553002247069237e-05
HSPBP1,29,Frameshift,1.4360771145131105e-05
HSPD1,16,Frameshift,0.0007154239302910356
HSPE1,7,Splice donor,7.617586213043531e-05
HSPG2,240,Frameshift,1.1353038479418629e-05
HSPH1,40,Frameshift,2.1611952468660956e-05
HTATIP2,41,Frameshift,3.403429519381669e-05
HTATSF1,5,Frameshift,4.429834805741034e-06
HTN1,10,Frameshift,0.0001575733718373447
HTN3,13,Splice donor,0.0008139643085372383
HTR1A,10,Frameshift,7.970929451439712e-06
HTR1B,8,In-frame stop codon,6.973648401148865e-06
HTR1D,20,Frameshift,7.799842978108524e-06
HTR1E,17,Frameshift,9.477703025205565e-06
HTR1F,22,Frameshift,5.10053977731174e-06
HTR2A,29,Frameshift,8.751754223659564e-06
HTR2B,48,Frameshift,5.1440719958191265e-05
HTR2C,14,In-frame stop codon,6.2434124024864156e-06
HTR3A,50,In-frame stop codon,7.707071741807988e-05
HTR3B,39,Frameshift,1.2583008274908683e-05
HTR3C,44,Frameshift,4.3088855358414704e-05
HTR3D,41,In-frame stop codon,0.011882107453533674
HTR3E,45,Frameshift,0.0015283960077867953
HTR4,48,Frameshift,0.00015168749015865714
HTR5A,24,Frameshift,1.0483857319285985e-05
HTR6,21,In-frame stop codon,8.865273325496262e-06
HTR7,33,Frameshift,1.388948880563133e-05
HTRA1,30,Frameshift,1.7855612065261668e-05
HTRA2,29,Frameshift,1.4711112118778124e-05
HTRA3,28,In-frame stop codon,8.016902025830058e-06
HTRA4,41,Frameshift,8.318570044671697e-05
HTT,148,Frameshift,0.00020283312597621
HUNK,22,Frameshift,9.653732358034262e-06
HUS1,27,Frameshift,1.4854030736023278e-05
HUS1B,29,Frameshift,1.0871609105242523e-05
HUWE1,23,In-frame stop codon,0.00031964504981116346
HVCN1,14,In-frame stop codon,5.58680464085977e-06
HYAL1,34,Frameshift,7.319617100432163e-06
HYAL2,18,Frameshift,6.787401825058888e-06
HYAL3,43,Frameshift,1.1785735236107456e-05
HYAL4,48,In-frame stop codon,0.0011386211313643374
HYDIN,216,Frameshift,0.0024861622679122185
HYI,72,Frameshift,0.00010548059190395951
HYKK,39,Frameshift,0.00024313602829773267
HYLS1,20,In-frame stop codon,1.650675226855731e-05
HYOU1,32,In-frame stop codon,3.2754974000907744e-05
HYPK,19,Frameshift,1.0904800996170458e-05
IAH1,33,Frameshift,2.12385686902895e-05
IAPP,19,Frameshift,3.649569261844203e-05
IARS,114,Frameshift,3.243987396914789e-05
IARS2,50,Frameshift,1.0838096372962686e-05
IBA57,34,Frameshift,1.104698999796478e-05
IBSP,44,Frameshift,1.2331648444497034e-05
IBTK,57,Frameshift,6.961632666129586e-06
ICA1,46,Frameshift,0.00482180858347517
ICA1L,43,Frameshift,3.533492657751988e-05
ICAM1,21,Frameshift,2.7496642812017064e-05
ICAM2,21,Frameshift,6.871943311949908e-06
ICAM3,82,Frameshift,2.1165394939750674e-05
ICAM4,36,Frameshift,6.800116518472126e-05
ICAM5,25,Frameshift,7.961733644530233e-06
ICK,38,In-frame stop codon,1.1733744099902918e-05
ICMT,10,Frameshift,3.784602097304945e-06
ICOS,12,Frameshift,3.9858670236609565e-06
ICOSLG,78,Frameshift,0.00010085354079995005
ICT1,18,Frameshift,1.0301619235948017e-05
ID1,20,Frameshift,5.829382109687343e-06
ID2,2,Frameshift,5.965052749688506e-06
ID3,8,Frameshift,1.3007397724235991e-05
ID4,15,Frameshift,5.125278326059807e-06
IDE,42,Frameshift,3.1817908981275575e-05
IDH1,40,Frameshift,7.64563115713894e-06
IDH2,20,Frameshift,2.5204359095583914e-05
IDH3A,21,In-frame stop codon,8.42846659131519e-06
IDH3B,39,Frameshift,1.1233886066653935e-05
IDH3G,20,Frameshift,1.1318590306236529e-05
IDI1,34,In-frame stop codon,1.106083352251909e-05
IDI2,42,Frameshift,0.0019816093601705085
IDNK,30,Frameshift,3.62051971931338e-05
IDO1,43,Frameshift,1.4278132249630358e-05
IDO2,47,Frameshift,0.0048690171885823865
IDS,9,In-frame stop codon,1.607454188164525e-05
IDUA,94,Frameshift,0.0006101250858945574
IER2,9,Frameshift,1.70121007174739e-05
IER3,7,Frameshift,9.510493386119771e-06
IER3IP1,11,In-frame stop codon,1.0981368487229576e-05
IER5,12,Frameshift,4.78753727416628e-05
IER5L,7,Frameshift,2.465729305401531e-06
IFFO1,41,Frameshift,1.3387312639164856e-05
IFFO2,17,Frameshift,3.370280624708313e-05
IFI16,58,Frameshift,7.792052607814995e-06
IFI27,17,Frameshift,4.612595739735535e-05
IFI27L1,32,In-frame stop codon,0.0022932749226486924
IFI27L2,16,Start codon lost,1.0992900851016089e-05
IFI30,35,Frameshift,3.615140178675621e-05
IFI35,40,Frameshift,3.8509775668980415e-05
IFI44,65,Frameshift,0.006233275772505722
IFI44L,44,Frameshift,0.00013220278935481257
IFI6,17,Splice donor,1.2853359987074738e-05
IFIH1,119,Frameshift,0.0001699169778947288
IFIT1,37,Frameshift,2.7554443152043403e-05
IFIT1B,33,Frameshift,1.5195472127180974e-05
IFIT2,20,Frameshift,1.8407781489283654e-05
IFIT3,25,Frameshift,1.2598800452893255e-05
IFIT5,33,Frameshift,1.1342745177833773e-05
IFITM1,9,Frameshift,5.3257221561932e-06
IFITM10,10,Frameshift,2.4335454448006322e-05
IFITM2,15,In-frame stop codon,1.1482471319019857e-05
IFITM3,8,Frameshift,4.012908520119265e-06
IFITM5,24,Frameshift,2.19386418617224e-05
IFLTD1,52,Frameshift,9.72252077984954e-05
IFNA1,13,Frameshift,5.985059733799446e-06
IFNA10,19,In-frame stop codon,0.011551812226748013
IFNA13,15,Frameshift,0.00024322038008538227
IFNA14,25,Frameshift,1.0346170457266924e-05
IFNA16,25,Frameshift,1.4370125199557698e-05
IFNA17,19,Frameshift,0.0013840730557849214
IFNA2,17,Frameshift,1.4338405785088556e-05
IFNA21,26,Frameshift,3.2737636328229273e-05
IFNA4,15,Frameshift,3.357915413779865e-05
IFNA5,17,Frameshift,0.0003365452939418258
IFNA6,16,Frameshift,2.5626326003946933e-05
IFNA7,27,In-frame stop codon,1.8775986061131187e-05
IFNA8,22,Frameshift,9.041863008924328e-06
IFNAR1,56,Frameshift,1.61161980058263e-05
IFNAR2,53,Frameshift,0.00010843537615812562
IFNB1,11,In-frame stop codon,7.402372972922234e-05
IFNE,23,In-frame stop codon,0.001985265727707142
IFNG,7,In-frame stop codon,7.459691459694559e-06
IFNGR1,30,Frameshift,1.0328175276895913e-05
IFNGR2,13,Frameshift,1.6355312180689155e-05
IFNK,30,In-frame stop codon,0.0009504696681258105
IFNL1,20,In-frame stop codon,1.9227635046283437e-05
IFNL2,22,Frameshift,2.834185650158742e-05
IFNL3,20,In-frame stop codon,9.691876309652722e-06
IFNL4,14,Frameshift,0.015887215329019974
IFNLR1,38,Frameshift,2.040914729528879e-05
IFNW1,15,Frameshift,3.2381212288094066e-05
IFRD1,27,Splice acceptor,6.550651367670363e-06
IFRD2,69,Frameshift,1.3212422121184593e-05
IFT122,102,Frameshift,9.621722432812094e-06
IFT140,125,Frameshift,1.0165305994660979e-05
IFT172,144,Frameshift,7.348802327195073e-06
IFT20,17,Frameshift,2.5666410395420834e-05
IFT27,24,Frameshift,1.103357798194139e-05
IFT43,45,Frameshift,2.0907587466523027e-05
IFT46,22,Frameshift,7.2617552630986875e-06
IFT52,38,Frameshift,7.497762568686958e-06
IFT57,42,Frameshift,5.649019939051255e-05
IFT74,56,In-frame stop codon,1.6668221402861296e-05
IFT80,81,Frameshift,2.234970125283885e-05
IFT81,64,In-frame stop codon,1.0685877900585425e-05
IFT88,82,Frameshift,1.2926465846016733e-05
IGBP1,1,Frameshift,0.0
IGDCC3,45,Frameshift,1.3389396022414974e-05
IGDCC4,74,Frameshift,2.8645178723446725e-05
IGF1,14,Frameshift,6.040862685728446e-06
IGF1R,38,Frameshift,7.046365379445522e-06
IGF2,12,Frameshift,0.002421215021801876
IGF2BP1,7,Splice donor,5.127926192935797e-06
IGF2BP2,19,Frameshift,7.320460495525765e-06
IGF2BP3,11,Frameshift,5.434445846523394e-06
IGF2R,52,Frameshift,1.5234943581826968e-05
IGFALS,78,Frameshift,1.4007245702341441e-05
IGFBP1,24,Frameshift,0.0001103043603422918
IGFBP2,24,Frameshift,3.419805283467451e-05
IGFBP3,11,Frameshift,0.007522548475296934
IGFBP4,12,In-frame stop codon,1.2468775495942376e-05
IGFBP5,8,Frameshift,4.752108486659614e-05
IGFBP6,20,Frameshift,6.737432563567075e-05
IGFBP7,29,Frameshift,1.0231267598904999e-05
IGFBPL1,27,Frameshift,7.506838592478072e-05
IGFL1,17,In-frame stop codon,1.174527682796241e-05
IGFL2,22,Frameshift,0.00015766669294979633
IGFL3,15,Frameshift,1.1235887958226711e-05
IGFL4,11,In-frame stop codon,0.00025220838653710264
IGFLR1,48,Frameshift,4.2228720156274034e-05
IGFN1,328,Frameshift,3.520195257391908e-05
IGHMBP2,68,In-frame stop codon,1.2406578850554194e-05
IGIP,6,Start codon lost,0.00019142013508554267
IGJ,12,Splice acceptor,9.800216081189037e-06
IGLL1,27,Frameshift,5.1629476798869216e-05
IGLL5,63,Frameshift,2.4579054406616795e-05
IGLON5,23,Frameshift,8.811546388518191e-05
IGSF1,25,Frameshift,1.3833340048231363e-05
IGSF10,290,Frameshift,0.0023543257866084585
IGSF11,33,Frameshift,1.0824741985662312e-05
IGSF21,16,Frameshift,6.823758877827991e-06
IGSF22,129,Frameshift,3.475941640412722e-05
IGSF23,19,Frameshift,0.0001313303443138314
IGSF3,36,Frameshift,7.847524083978861e-06
IGSF5,47,In-frame stop codon,0.00017984689572446332
IGSF6,15,Frameshift,6.67453497624538e-06
IGSF8,48,Frameshift,1.1321092643885738e-05
IGSF9,95,Frameshift,9.777519853364208e-06
IGSF9B,64,Frameshift,2.6472078344322098e-05
IHH,15,In-frame stop codon,8.994806608175657e-06
IK,44,In-frame stop codon,1.0428142821171957e-05
IKBIP,61,Frameshift,1.4177048020569512e-05
IKBKAP,91,In-frame stop codon,8.056637251636263e-06
IKBKB,44,Frameshift,3.227215222175291e-05
IKBKE,32,Frameshift,9.179693413976584e-06
IKBKG,12,Frameshift,0.00013564545064862185
IKZF1,8,Frameshift,6.985724197524043e-06
IKZF2,18,Frameshift,0.0006523310156103339
IKZF3,9,Frameshift,3.196796210008942e-06
IKZF4,11,Frameshift,1.208727838289e-05
IKZF5,4,Frameshift,1.3275825598663742e-05
IL10,7,In-frame stop codon,6.3118567516713354e-06
IL10RA,13,In-frame stop codon,9.100391757884172e-05
IL10RB,20,Frameshift,1.0158054271299413e-05
IL11,24,Frameshift,1.1541649124389879e-05
IL11RA,50,Frameshift,1.1269191999329704e-05
IL12A,7,Frameshift,4.020639558420282e-06
IL12B,14,In-frame stop codon,7.697413571014206e-06
IL12RB1,60,In-frame stop codon,1.3659897382091876e-05
IL12RB2,51,Frameshift,1.0073819391304882e-05
IL13,9,In-frame stop codon,7.080465990103657e-06
IL13RA1,13,Frameshift,0.020266716109108015
IL13RA2,22,In-frame stop codon,1.0270000895644056e-05
IL15,7,Frameshift,3.1692793828031162e-06
IL15RA,45,Frameshift,0.001341104939091513
IL16,77,Frameshift,9.238709783700748e-06
IL17A,5,In-frame stop codon,1.5157981331455594e-05
IL17B,18,Frameshift,2.0667953552099657e-05
IL17C,17,Frameshift,1.0118039016891985e-05
IL17D,19,Frameshift,4.720576718160652e-05
IL17F,13,Frameshift,0.00016387190408418447
IL17RA,36,Frameshift,7.248642071932961e-06
IL17RB,60,Frameshift,0.0017050269572571881
IL17RC,75,Frameshift,9.854838528401237e-05
IL17RD,50,Frameshift,1.0742685376662067e-05
IL17RE,58,Frameshift,2.0687561183648515e-05
IL17REL,30,Frameshift,1.2981048981295407e-05
IL18,8,Splice acceptor,4.088645334246082e-06
IL18BP,39,Frameshift,1.326337392029362e-05
IL18R1,31,Frameshift,9.560546794722866e-06
IL18RAP,35,Frameshift,9.746327375325241e-06
IL19,17,Frameshift,5.2437142298209206e-05
IL1A,12,Splice acceptor,1.4365695408092829e-05
IL1B,23,Frameshift,2.2800803980165204e-05
IL1F10,18,Frameshift,1.3504268550369047e-05
IL1R1,26,In-frame stop codon,0.00012348501906307122
IL1R2,51,In-frame stop codon,1.6960047692457185e-05
IL1RAP,32,Frameshift,1.5094657882641993e-05
IL1RAPL1,11,Frameshift,1.1244269056423155e-05
IL1RAPL2,11,Splice acceptor,3.1036478256956893e-06
IL1RL1,63,Frameshift,8.231925037820405e-05
IL1RL2,66,Frameshift,1.7725107675742272e-05
IL1RN,10,In-frame stop codon,1.7107967453288194e-05
IL2,2,Splice donor,1.0124504224715244e-05
IL20,22,Frameshift,5.844921883377154e-05
IL20RA,19,In-frame stop codon,1.3865647049607479e-05
IL20RB,25,Frameshift,1.2149432983028971e-05
IL21,5,In-frame stop codon,9.563895807479207e-06
IL21R,23,Frameshift,5.28579595623416e-06
IL22,14,Splice acceptor,6.757875024226011e-06
IL22RA1,28,Frameshift,8.962935871142301e-06
IL22RA2,42,In-frame stop codon,1.985216977308924e-05
IL23A,12,Frameshift,8.195076213447581e-06
IL23R,42,Frameshift,0.0012093261496924164
IL24,27,In-frame stop codon,1.3019404628612929e-05
IL25,14,Frameshift,2.3914832166291095e-05
IL26,16,Frameshift,8.561743437725538e-06
IL27,12,Frameshift,7.340419603618624e-06
IL27RA,57,Frameshift,1.29139201857781e-05
IL2RA,14,In-frame stop codon,7.108113816793121e-06
IL2RB,15,Frameshift,2.4343792717982735e-05
IL2RG,11,In-frame stop codon,2.7979861453680323e-05
IL3,23,In-frame stop codon,2.1443141650648176e-05
IL31,11,Frameshift,1.012362558803614e-05
IL31RA,72,Frameshift,1.4866649046163357e-05
IL32,79,Frameshift,0.005111127066383425
IL33,37,Frameshift,7.551801778769008e-05
IL34,16,Frameshift,0.005375079083819601
IL36A,13,In-frame stop codon,1.1100902877297761e-05
IL36B,27,Frameshift,7.075232852849883e-05
IL36G,24,Frameshift,1.3775200700461104e-05
IL36RN,20,In-frame stop codon,8.02616439590874e-06
IL37,26,Frameshift,3.7441695373319814e-05
IL3RA,78,Frameshift,5.236748063574479e-05
IL4,5,In-frame stop codon,8.813681978993363e-06
IL4I1,45,Frameshift,0.00039429687238057856
IL4R,44,In-frame stop codon,5.308019758054975e-05
IL5,17,Frameshift,1.1405226805938261e-05
IL5RA,30,In-frame stop codon,1.4702727590422254e-05
IL6,18,Frameshift,9.377270095825707e-06
IL6R,32,Frameshift,7.0867103222869055e-06
IL6ST,20,In-frame stop codon,8.459418763378196e-06
IL7,8,Frameshift,9.707194351189009e-06
IL7R,41,Frameshift,1.2531193555091352e-05
IL8,18,Frameshift,0.00012076006730011023
IL9,21,Frameshift,4.518214444093209e-05
IL9R,78,In-frame stop codon,0.00017665876693777723
ILDR1,60,Frameshift,1.818964123771027e-05
ILDR2,21,Frameshift,5.938956237314447e-05
ILF2,12,Frameshift,6.696575907723817e-06
ILF3,27,Frameshift,6.7925605291501e-05
ILK,33,Frameshift,1.56663083834434e-05
ILKAP,10,Frameshift,8.382977653815446e-06
IMMP1L,23,Frameshift,1.489824214920882e-05
IMMP2L,22,Frameshift,0.00011089387386540277
IMMT,26,In-frame stop codon,7.64655113786305e-06
IMP3,26,Frameshift,1.1938292910045126e-05
IMP4,29,In-frame stop codon,4.6340780723194454e-05
IMPA1,29,In-frame stop codon,4.0626649475469906e-05
IMPA2,15,Frameshift,5.096339582994474e-06
IMPACT,25,In-frame stop codon,1.5416376650146987e-05
IMPAD1,25,Frameshift,1.8050822970240642e-05
IMPDH1,37,Frameshift,1.2764382523279684e-05
IMPDH2,51,Frameshift,8.90812034160928e-06
IMPG1,90,In-frame stop codon,1.3841485292326068e-05
IMPG2,68,In-frame stop codon,8.98690115552112e-06
INA,25,In-frame stop codon,7.187158356706827e-06
INADL,178,Frameshift,1.5649763382727723e-05
INCA1,35,Frameshift,8.584894813804016e-05
INCENP,37,Frameshift,1.302876239760105e-05
INF2,65,Frameshift,0.0001165084898438002
ING1,40,Frameshift,3.45799252798078e-05
ING2,8,In-frame stop codon,7.571502892514325e-05
ING3,9,Start codon lost,1.1199751061506296e-05
ING4,11,Frameshift,4.4786714804018035e-06
ING5,7,In-frame stop codon,1.1451541565890743e-05
INHA,16,Frameshift,4.250855974545816e-06
INHBA,2,In-frame stop codon,0.0
INHBB,3,Frameshift,2.827810923874537e-05
INHBC,28,Frameshift,1.2848299834609775e-05
INHBE,29,Frameshift,2.1067019642289233e-05
INIP,7,Frameshift,7.750491378012944e-05
INMT,28,Frameshift,0.0008490561957970084
INO80,21,Frameshift,9.853321232228923e-06
INO80B,26,Frameshift,3.0646636145081644e-05
INO80C,27,Frameshift,2.0646703818695624e-05
INO80D,21,Frameshift,1.0207004139227505e-05
INO80E,64,Frameshift,0.007615218907429845
INPP1,29,Frameshift,3.1864155528317417e-05
INPP4A,25,In-frame stop codon,1.0019444180139059e-05
INPP4B,42,Frameshift,7.060111465609845e-06
INPP5A,11,In-frame stop codon,1.9964470792949622e-05
INPP5B,91,Frameshift,3.701461219768045e-05
INPP5D,38,Frameshift,1.5456745548105608e-05
INPP5E,47,Frameshift,3.251313111147832e-05
INPP5F,85,Frameshift,2.3399457874181083e-05
INPP5J,80,Frameshift,1.0723929230539705e-05
INPP5K,32,Splice donor,3.213568201481644e-05
INPPL1,61,Frameshift,8.88256287479297e-06
INS,12,In-frame stop codon,6.664307334426607e-06
INSC,60,Frameshift,2.0329722867656187e-05
INSIG1,24,Frameshift,1.2966478361844584e-05
INSIG2,8,In-frame stop codon,6.016182171169869e-06
INSL3,21,In-frame stop codon,1.562329747589923e-05
INSL4,21,In-frame stop codon,0.00020923938143364623
INSL5,25,Frameshift,1.274427334789038e-05
INSL6,29,Frameshift,4.52740798115163e-05
INSM1,23,Frameshift,2.817734374291601e-05
INSM2,24,Frameshift,2.2046514484519334e-05
INSR,49,In-frame stop codon,8.187648377416159e-06
INSRR,107,Frameshift,8.985281195751789e-06
INTS1,165,Frameshift,4.725745149099334e-05
INTS10,30,Frameshift,1.2597326576416461e-05
INTS12,20,Frameshift,7.12842658368148e-06
INTS2,46,Frameshift,7.025515995806422e-06
INTS3,42,Frameshift,9.560823219689355e-06
INTS4,75,In-frame stop codon,1.1211866609670264e-05
INTS5,20,Frameshift,4.977962212661692e-06
INTS6,27,Frameshift,6.12373368750367e-06
INTS7,35,In-frame stop codon,6.064252331670299e-06
INTS8,46,Frameshift,1.1563405324749436e-05
INTS9,48,Frameshift,1.119593410096913e-05
INTU,77,Frameshift,8.892599859629426e-06
INVS,97,Frameshift,1.3216088313743449e-05
IP6K1,12,Frameshift,8.659437776787458e-06
IP6K2,37,Frameshift,2.3768042157096858e-05
IP6K3,34,Frameshift,2.8853333375394517e-05
IPCEF1,23,Splice acceptor,8.860123666866039e-06
IPMK,10,Frameshift,8.085448643418096e-06
IPO11,45,In-frame stop codon,1.282247361353559e-05
IPO13,15,Frameshift,8.441428755940351e-06
IPO4,85,Frameshift,6.2290798530266145e-06
IPO5,23,Frameshift,4.9673450201943444e-05
IPO7,18,Splice acceptor,1.9975342954583956e-05
IPO8,46,In-frame stop codon,7.050409822760252e-06
IPO9,20,Frameshift,6.511762423054812e-06
IPP,53,Frameshift,1.6104972511512313e-05
IPPK,16,Frameshift,6.0979714046318145e-06
IQCB1,64,Frameshift,1.625722849552894e-05
IQCC,59,Frameshift,4.180367191016461e-05
IQCE,131,Frameshift,6.930269244391821e-05
IQCF1,21,In-frame stop codon,1.763255382273317e-05
IQCF2,17,In-frame stop codon,1.5452743284889042e-05
IQCF3,14,Frameshift,7.5421077546276516e-06
IQCF5,9,In-frame stop codon,1.2708996360389784e-05
IQCF6,12,In-frame stop codon,1.4395131848629508e-05
IQCH,97,Frameshift,6.17953427777651e-05
IQCJ,14,Frameshift,1.2248761846492908e-05
IQCK,46,Frameshift,5.191634231908465e-05
IQGAP1,46,In-frame stop codon,1.2522295117440203e-05
IQGAP2,131,Frameshift,1.5873423509789465e-05
IQGAP3,119,In-frame stop codon,2.6595874295534196e-05
IQSEC1,47,Frameshift,0.021423644591173453
IQSEC2,32,Frameshift,1.6442171819278592e-05
IQSEC3,48,Frameshift,0.00032140047192880675
IQUB,83,Frameshift,1.6193779907582233e-05
IRAK1,17,Frameshift,2.0629967254782486e-05
IRAK1BP1,42,Frameshift,0.004941734781134031
IRAK2,56,Frameshift,2.0581515310085925e-05
IRAK3,73,Frameshift,4.1667985267160657e-05
IRAK4,37,Frameshift,1.4009080827283203e-05
IREB2,16,Frameshift,1.0122844468081196e-05
IRF1,14,Frameshift,1.137863775323887e-06
IRF2,8,Splice acceptor,2.0612797889288648e-05
IRF2BP1,11,Frameshift,9.840701258878503e-06
IRF2BP2,13,Frameshift,1.958720688731513e-05
IRF2BPL,81,Frameshift,0.0003055054931082357
IRF3,42,Frameshift,1.8353053533497458e-05
IRF4,15,Frameshift,8.62947374668435e-06
IRF5,35,Frameshift,9.35182673853222e-06
IRF6,4,Frameshift,2.982961340137703e-06
IRF7,93,Frameshift,1.2445973761388935e-05
IRF8,14,In-frame stop codon,6.386351983951613e-06
IRF9,16,In-frame stop codon,1.182914328025238e-05
IRG1,26,Frameshift,9.92218704294977e-06
IRGC,22,Frameshift,1.8892254394311312e-05
IRGM,18,In-frame stop codon,1.0969200336712378e-05
IRGQ,40,Frameshift,8.786529136815766e-06
IRS1,25,Frameshift,3.8624145023462574e-05
IRS2,32,Frameshift,5.738351413220776e-06
IRS4,22,Frameshift,1.490069179502215e-05
IRX1,16,Frameshift,9.980751679471076e-06
IRX2,14,In-frame stop codon,1.7283611472776063e-05
IRX3,46,Frameshift,0.00023601558186622215
IRX4,34,Frameshift,1.4693164122048163e-05
IRX5,21,Frameshift,7.34406955336639e-05
IRX6,57,Frameshift,9.966361743953144e-06
ISCA1,18,Frameshift,1.658430242078243e-05
ISCA2,27,In-frame stop codon,8.708343618568829e-06
ISCU,24,Frameshift,1.812281515398835e-05
ISG15,15,Frameshift,8.538429008544657e-06
ISG20,17,Frameshift,1.013241327598799e-05
ISG20L2,14,Frameshift,1.0869707687557258e-05
ISL1,5,In-frame stop codon,1.9239596471869065e-05
ISL2,15,Frameshift,3.755624801673481e-06
ISLR,19,Frameshift,6.113667623542973e-06
ISLR2,20,In-frame stop codon,5.859917770303471e-06
ISM1,21,Frameshift,1.1712417238111312e-05
ISM2,48,In-frame stop codon,1.4726935978793148e-05
ISOC1,32,Frameshift,1.1827402600516453e-05
ISOC2,17,Frameshift,9.739993484812657e-06
ISPD,31,Frameshift,1.798739432098383e-05
IST1,44,Frameshift,1.2062787753731467e-05
ISX,24,In-frame stop codon,4.092453150340961e-05
ISY1,10,In-frame stop codon,0.002894632761661954
ISYNA1,47,Frameshift,1.1078898166149927e-05
ITCH,28,Splice acceptor,2.2794235707503167e-05
ITFG1,23,Splice donor,5.806653278756809e-05
ITFG2,40,In-frame stop codon,1.8708808802292516e-05
ITFG3,72,Frameshift,0.0001905495588380616
ITGA1,68,In-frame stop codon,6.950584596105899e-06
ITGA10,104,Frameshift,2.3075186623306146e-05
ITGA11,76,Frameshift,1.058750828646155e-05
ITGA2,72,Frameshift,1.285146180147203e-05
ITGA2B,86,Frameshift,7.507617335072759e-06
ITGA3,65,Frameshift,8.832154372845281e-06
ITGA4,63,Frameshift,1.0527674609046335e-05
ITGA5,34,In-frame stop codon,4.7431331400627295e-06
ITGA6,73,Frameshift,2.4371716478839525e-05
ITGA7,99,Frameshift,7.461257440194243e-05
ITGA8,67,Frameshift,7.150850653679507e-06
ITGA9,39,Frameshift,5.850592067695727e-06
ITGAD,112,Frameshift,2.597617601062118e-05
ITGAE,104,Frameshift,2.6436957088454553e-05
ITGAL,43,Frameshift,9.982841398522614e-06
ITGAM,89,Frameshift,1.387815208466902e-05
ITGAV,61,Frameshift,1.1416940140076605e-05
ITGAX,91,Frameshift,7.684840315755295e-06
ITGB1,36,In-frame stop codon,1.8987680324696802e-05
ITGB1BP1,21,Frameshift,8.653649587951004e-06
ITGB1BP2,30,In-frame stop codon,1.6367030375497925e-05
ITGB2,58,In-frame stop codon,0.014686320472134052
ITGB3,48,Frameshift,1.0698420805479366e-05
ITGB3BP,40,Frameshift,2.647017306776526e-05
ITGB4,136,Frameshift,1.9683597847328356e-05
ITGB5,41,Frameshift,1.0710028442571856e-05
ITGB6,60,In-frame stop codon,1.0133508800229944e-05
ITGB7,54,Frameshift,7.808651178434266e-06
ITGB8,13,In-frame stop codon,1.088567367123771e-05
ITGBL1,52,Frameshift,1.2871035360618394e-05
ITIH1,100,In-frame stop codon,0.0038774352745486514
ITIH2,90,Frameshift,2.0811182846922148e-05
ITIH3,84,Frameshift,1.169382699807104e-05
ITIH4,60,Frameshift,1.0895527103588458e-05
ITIH5,108,Frameshift,0.009748100076502994
ITIH6,84,Frameshift,2.880468178636434e-05
ITK,33,In-frame stop codon,6.1504023841617695e-06
ITLN1,33,Frameshift,9.298096798368738e-06
ITLN2,32,Frameshift,1.5615710009368436e-05
ITM2A,7,Frameshift,4.010892152060901e-06
ITM2B,12,Frameshift,6.887812985547524e-05
ITM2C,26,Frameshift,6.942168765929006e-06
ITPA,25,Frameshift,1.180021444327683e-05
ITPK1,54,Frameshift,0.004633935816985928
ITPKA,15,Frameshift,9.463840356924763e-06
ITPKB,14,Frameshift,4.7754896427361705e-06
ITPKC,28,Frameshift,7.0548798579564875e-06
ITPR1,55,Frameshift,6.041419232738689e-06
ITPR2,142,In-frame stop codon,7.078527714115087e-06
ITPR3,153,Frameshift,8.010818670547806e-06
ITPRIP,39,Frameshift,1.306843214588323e-05
ITPRIPL1,66,Frameshift,1.8693342885003582e-05
ITPRIPL2,37,Frameshift,7.1479752368445575e-06
ITSN1,64,Frameshift,2.133736896800851e-05
ITSN2,117,Frameshift,2.4908301433216013e-05
IVD,66,Frameshift,1.4702283565325832e-05
IVL,82,Frameshift,0.0005196600804522205
IVNS1ABP,14,In-frame stop codon,8.435272030600099e-06
IWS1,37,Frameshift,1.4510730329773129e-05
IYD,30,Frameshift,8.147969407618999e-05
IZUMO1,43,Frameshift,9.818067469240459e-06
IZUMO2,28,Frameshift,1.9655437625272396e-05
IZUMO3,29,In-frame stop codon,2.8425612837135632e-05
IZUMO4,50,Frameshift,1.235970254822425e-05
JADE1,13,Frameshift,6.137032711230024e-06
JADE2,19,Frameshift,1.0024405055180716e-05
JADE3,3,In-frame stop codon,1.728438879925072e-05
JAG1,16,In-frame stop codon,3.482644476601925e-06
JAG2,37,Frameshift,2.2828457136845097e-05
JAGN1,19,Frameshift,0.0001908678193541009
JAK1,14,Frameshift,7.871380772938586e-05
JAK2,48,Frameshift,7.004571170100785e-06
JAK3,56,In-frame stop codon,8.02760334791392e-06
JAKMIP1,16,Frameshift,8.172901648459255e-06
JAKMIP2,12,In-frame stop codon,9.130508053140948e-06
JAKMIP3,47,In-frame stop codon,8.68618334648274e-05
JAM2,23,Frameshift,9.901301975918147e-06
JAM3,37,Frameshift,8.66021438897892e-06
JARID2,29,Frameshift,9.757215191090514e-06
JAZF1,16,In-frame stop codon,0.0021572278187572944
JDP2,14,Frameshift,1.2072858556710954e-05
JKAMP,19,Frameshift,7.979078577202514e-06
JMJD1C,24,Frameshift,4.916150527918056e-06
JMJD4,58,Frameshift,2.2803576801568126e-05
JMJD6,21,Frameshift,9.37524364229505e-06
JMJD7,33,In-frame stop codon,1.2775470916056823e-05
JMJD8,64,Frameshift,2.885059726544629e-05
JMY,55,Frameshift,1.9024305402370656e-05
JOSD1,7,In-frame stop codon,3.980512336485457e-06
JOSD2,17,In-frame stop codon,8.608207729407927e-06
JPH1,15,Frameshift,2.400203723674633e-06
JPH2,30,Frameshift,3.1857301040688346e-05
JPH3,11,In-frame stop codon,4.029775414244164e-06
JPH4,18,Frameshift,0.00020690226692682607
JRK,17,Splice acceptor,0.007994959606260742
JRKL,20,In-frame stop codon,6.1328721549819075e-06
JSRP1,55,Frameshift,0.0016443226883486241
JTB,8,Frameshift,6.967290214709865e-06
JUN,8,In-frame stop codon,9.006116262558599e-05
JUNB,4,Frameshift,9.541962349028993e-06
JUND,18,Frameshift,3.22962094222124e-05
JUP,45,In-frame stop codon,1.2555521318221021e-05
KAL1,7,Frameshift,6.2650775229338665e-06
KALRN,63,Frameshift,3.341315946208905e-05
KANK1,94,Frameshift,9.440678964659251e-06
KANK2,28,In-frame stop codon,5.427900461542991e-05
KANK3,64,Frameshift,1.6843397901731683e-05
KANK4,47,Frameshift,0.00010301761744713165
KANSL1,27,Frameshift,1.039725764631675e-05
KANSL1L,38,Frameshift,1.6292573015786827e-05
KANSL2,46,In-frame stop codon,0.00015592362319267428
KANSL3,15,Splice donor,4.244164756850104e-05
KARS,59,Frameshift,1.2343555733927476e-05
KAT2A,41,Frameshift,0.0010652799521456051
KAT2B,26,Frameshift,1.1419904026078796e-05
KAT5,24,Frameshift,0.00010005190342422564
KAT6A,15,In-frame stop codon,2.4187791020130725e-05
KAT6B,24,Frameshift,1.3613711132632905e-05
KAT7,7,Start codon lost,5.128384814431142e-05
KAT8,27,Frameshift,1.018197298585107e-05
KATNA1,34,Frameshift,1.3197077712330341e-05
KATNAL1,22,Frameshift,4.931169234703368e-06
KATNAL2,70,Frameshift,0.007179377394052898
KATNB1,34,In-frame stop codon,5.808060662026281e-06
KATNBL1,20,Frameshift,6.399698725200553e-06
KAZALD1,26,Frameshift,4.263772055675649e-05
KAZN,26,In-frame stop codon,5.54505348459778e-06
KBTBD11,36,Frameshift,4.2221790197236876e-05
KBTBD12,53,In-frame stop codon,2.3401599070109656e-05
KBTBD13,61,Frameshift,1.5673088894197258e-05
KBTBD2,10,Frameshift,1.1619899564393019e-05
KBTBD3,46,Frameshift,1.1183124801590211e-05
KBTBD4,48,Frameshift,1.202708560256733e-05
KBTBD6,14,Frameshift,5.4096054552606e-06
KBTBD7,34,In-frame stop codon,5.969337199454203e-06
KBTBD8,40,Frameshift,7.2966346869882244e-06
KCMF1,12,In-frame stop codon,4.612539777526634e-06
KCNA1,9,In-frame stop codon,4.465536734488406e-06
KCNA10,27,Frameshift,1.6195916317684395e-05
KCNA2,9,Frameshift,6.496203643892164e-06
KCNA3,13,Frameshift,1.6053280118021478e-05
KCNA4,12,Frameshift,5.327107711475113e-06
KCNA5,25,Frameshift,1.264038942808944e-05
KCNA6,17,Frameshift,5.4621751221644135e-06
KCNA7,16,Frameshift,1.906978693465893e-05
KCNAB1,41,Frameshift,0.0003453163348826494
KCNAB2,30,Frameshift,2.4300154225191077e-05
KCNAB3,68,Frameshift,1.6652309712475795e-05
KCNB1,10,Frameshift,1.2151926029891409e-05
KCNB2,11,Frameshift,9.829933503853167e-06
KCNC1,6,In-frame stop codon,2.6373740302614363e-05
KCNC2,25,Frameshift,8.058534006248952e-06
KCNC3,47,Frameshift,0.00020774181430860275
KCNC4,30,Frameshift,2.3903901271630042e-05
KCND1,9,In-frame stop codon,7.545744161110109e-06
KCND2,20,In-frame stop codon,5.6928837960190085e-06
KCND3,8,Frameshift,7.474250176867085e-06
KCNE1,6,In-frame stop codon,5.307149854969601e-06
KCNE1L,7,In-frame stop codon,4.137672784291495e-05
KCNE2,18,Frameshift,1.592027870140525e-05
KCNE3,4,Frameshift,1.591817354859233e-05
KCNE4,9,Frameshift,9.316585268599339e-06
KCNF1,9,In-frame stop codon,5.955363548489946e-06
KCNG1,16,In-frame stop codon,2.237116149455734e-05
KCNG2,23,Frameshift,1.491889294867223e-05
KCNG3,9,Frameshift,5.8911640891701334e-06
KCNG4,49,Frameshift,1.1056263380031225e-05
KCNH1,37,Frameshift,9.651076585492391e-06
KCNH2,63,Frameshift,8.128277290712572e-05
KCNH3,27,Frameshift,6.236529861827994e-06
KCNH4,27,Frameshift,1.0361157349462334e-05
KCNH5,35,Frameshift,1.249672099110955e-05
KCNH6,114,Frameshift,1.803221829576775e-05
KCNH7,39,Frameshift,6.501517315578245e-06
KCNH8,59,In-frame stop codon,0.0007896350396332268
KCNIP1,21,Frameshift,1.744124227325097e-05
KCNIP2,30,Frameshift,1.2637123520075788e-05
KCNIP3,21,Frameshift,8.386548812379149e-06
KCNIP4,12,In-frame stop codon,6.843881323461477e-06
KCNJ1,19,In-frame stop codon,3.250847650073791e-05
KCNJ10,12,Frameshift,7.3119503068871285e-06
KCNJ11,14,Frameshift,3.982582958355677e-06
KCNJ12,44,Frameshift,8.616058100950051e-05
KCNJ13,17,In-frame stop codon,1.619816585775052e-05
KCNJ14,32,Frameshift,2.4121413841895955e-05
KCNJ15,10,Frameshift,8.183033674274798e-05
KCNJ16,45,In-frame stop codon,0.020855589998199635
KCNJ2,4,In-frame stop codon,4.973319818459823e-06
KCNJ3,4,In-frame stop codon,6.0206115033269915e-06
KCNJ4,7,Frameshift,5.799101852331986e-06
KCNJ5,17,In-frame stop codon,5.407747464656063e-06
KCNJ6,6,In-frame stop codon,8.736595738304734e-06
KCNJ8,10,Frameshift,6.767170823180213e-06
KCNJ9,12,Frameshift,6.545325813422306e-06
KCNK1,21,Frameshift,8.674174334077497e-06
KCNK10,28,Frameshift,1.4635004140859225e-05
KCNK12,7,Frameshift,3.8300509166440824e-05
KCNK13,12,Frameshift,9.819515440357944e-06
KCNK15,49,Frameshift,4.1990010649785134e-05
KCNK16,39,Frameshift,0.0001426885283983334
KCNK17,37,Frameshift,2.4347973128796687e-05
KCNK18,34,Frameshift,9.876477743456069e-05
KCNK2,19,Splice donor,8.184034235999928e-06
KCNK3,4,Frameshift,1.1547560670002878e-05
KCNK4,45,In-frame stop codon,1.3990792377332944e-05
KCNK5,13,Frameshift,7.98191550254022e-06
KCNK6,24,Frameshift,3.4349764863357694e-05
KCNK7,36,Frameshift,2.3321243105922064e-05
KCNK9,6,Frameshift,2.652961470276734e-06
KCNMA1,57,Frameshift,2.082437218531309e-05
KCNMB1,31,Frameshift,1.3701529126346626e-05
KCNMB2,9,Frameshift,1.3725065089000462e-05
KCNMB3,50,Frameshift,0.0012754677305935774
KCNMB4,2,Frameshift,2.0299800772681623e-05
KCNN1,26,Frameshift,1.3741270498200532e-05
KCNN2,19,Frameshift,8.072708116172654e-06
KCNN3,36,Frameshift,0.00021968203002104296
KCNN4,30,In-frame stop codon,3.996798269153836e-05
KCNQ1,64,Frameshift,1.1850460710970916e-05
KCNQ2,18,Frameshift,3.761710322484439e-06
KCNQ3,21,Frameshift,1.1244030000664058e-05
KCNQ4,35,Frameshift,2.2292562576153257e-05
KCNQ5,32,Frameshift,4.0419128428858735e-05
KCNRG,39,Frameshift,5.501999767214338e-05
KCNS1,17,Frameshift,1.3021320126961568e-05
KCNS2,10,In-frame stop codon,1.0115438271277533e-05
KCNS3,20,Frameshift,1.0550054629417755e-05
KCNT1,78,Frameshift,8.146779782999098e-06
KCNT2,45,In-frame stop codon,7.725970801678958e-06
KCNU1,90,Frameshift,1.917235662405178e-05
KCNV1,3,Frameshift,2.6815799298058208e-06
KCNV2,71,In-frame stop codon,9.871440592889244e-06
KCP,45,Splice donor,2.463471343953863e-05
KCTD1,26,Frameshift,8.171909703731583e-06
KCTD10,15,Frameshift,0.00019753303138645245
KCTD11,16,Frameshift,4.61860988542769e-06
KCTD12,11,In-frame stop codon,1.0190841446401777e-05
KCTD13,29,Frameshift,1.1520726489725742e-05
KCTD14,27,Frameshift,0.0006634319193194418
KCTD15,24,Frameshift,7.105381868800405e-06
KCTD16,5,Frameshift,1.4912262059247477e-05
KCTD17,25,Splice donor,5.835193110364476e-06
KCTD18,36,Frameshift,0.0002487880246181069
KCTD19,80,Frameshift,3.3323097774839026e-05
KCTD2,8,In-frame stop codon,2.552815500200797e-06
KCTD20,42,Frameshift,1.1602090763391394e-05
KCTD21,13,Frameshift,1.1395515631124614e-05
KCTD3,44,Frameshift,5.9222101191251453e-05
KCTD4,13,Frameshift,4.159917517996216e-05
KCTD5,20,In-frame stop codon,1.8070170362155513e-05
KCTD6,7,In-frame stop codon,7.554429879204351e-06
KCTD7,41,In-frame stop codon,1.0389439989349544e-05
KCTD8,27,Frameshift,9.401627248475276e-06
KCTD9,13,In-frame stop codon,7.1432151508676275e-06
KDELC1,36,Frameshift,1.3681869495670174e-05
KDELC2,46,Frameshift,3.705265347440459e-05
KDELR1,12,Frameshift,1.5201952703293592e-05
KDELR2,15,Frameshift,1.7516596008345087e-05
KDELR3,47,Frameshift,4.5609149866628266e-05
KDM1A,32,Frameshift,7.992881294167852e-06
KDM1B,36,Frameshift,9.405401988454553e-06
KDM2B,52,Frameshift,7.252688471609803e-05
KDM3A,35,Frameshift,1.6737009306956457e-05
KDM3B,16,Frameshift,1.338601970516068e-05
KDM4A,18,Frameshift,6.913981945283191e-05
KDM4B,41,Frameshift,7.412626914307477e-05
KDM4C,65,In-frame stop codon,1.9733017282153955e-05
KDM4D,9,Frameshift,7.551680130942757e-06
KDM4E,33,Frameshift,1.4356659843593718e-05
KDM5A,36,Frameshift,8.438758440936814e-06
KDM5B,90,In-frame stop codon,1.0648691726337426e-05
KDM5C,11,In-frame stop codon,3.5670596673043335e-06
KDM5D,16,Frameshift,1.4426702862860543e-05
KDM6A,19,Frameshift,2.121326081443907e-06
KDM6B,98,Frameshift,4.479738688202495e-05
KDM7A,15,Frameshift,3.263360861017323e-06
KDM8,39,Frameshift,1.260084557191234e-05
KDR,27,Frameshift,8.558771654392143e-06
KDSR,13,Frameshift,1.1852593268829231e-05
KEAP1,33,In-frame stop codon,7.6505681378741e-06
KEL,65,In-frame stop codon,2.643614635483399e-05
KERA,25,Frameshift,7.529812872576031e-06
KHDC1,29,In-frame stop codon,0.0025938055642279727
KHDC1L,19,Frameshift,1.5230211632498559e-05
KHDC3L,20,Frameshift,6.816245736823751e-06
KHDRBS1,9,Frameshift,5.7866490375849285e-06
KHDRBS2,17,Frameshift,1.3952151912771335e-05
KHDRBS3,18,In-frame stop codon,2.871134402108767e-05
KHK,32,In-frame stop codon,1.528851999611862e-05
KHNYN,40,In-frame stop codon,2.4206146226299e-05
KHSRP,18,Frameshift,1.7259035190347762e-05
KIAA0020,87,Frameshift,1.5086312527773776e-05
KIAA0040,17,Frameshift,0.039722980964856325
KIAA0100,94,Frameshift,8.168465442441145e-06
KIAA0101,7,Frameshift,4.0058095666081654e-06
KIAA0141,56,In-frame stop codon,2.998838858732996e-05
KIAA0195,89,Frameshift,8.253057757527097e-06
KIAA0196,86,Frameshift,7.785172731604266e-06
KIAA0226,62,Frameshift,9.814240770315985e-06
KIAA0226L,72,In-frame stop codon,3.001536567174099e-05
KIAA0232,24,Frameshift,5.042718035422027e-06
KIAA0247,12,Frameshift,7.064100373097105e-06
KIAA0319,99,Frameshift,8.866423306069646e-06
KIAA0319L,41,Frameshift,6.019822363415624e-06
KIAA0355,43,Frameshift,9.441713074799952e-06
KIAA0368,64,Frameshift,2.9076975315474956e-05
KIAA0391,46,Frameshift,1.6215287368950335e-05
KIAA0408,65,Frameshift,1.7327166177168795e-05
KIAA0430,70,Frameshift,0.00011911703769767009
KIAA0513,24,Frameshift,0.0010514986578137318
KIAA0556,133,Frameshift,1.4686302026968363e-05
KIAA0586,158,Frameshift,4.697607648507331e-05
KIAA0753,103,Frameshift,3.557912059066617e-05
KIAA0825,102,Frameshift,1.3057454888836011e-05
KIAA0895,53,Frameshift,7.312292635761197e-05
KIAA0895L,24,Frameshift,6.420497856707507e-06
KIAA0907,14,Frameshift,4.9384121251911086e-05
KIAA0922,46,Frameshift,7.520150753608235e-06
KIAA0930,33,Frameshift,0.0002734714925692352
KIAA0947,44,Frameshift,9.49301658768162e-06
KIAA1009,167,Frameshift,1.6281016879124575e-05
KIAA1024,53,Frameshift,8.646129950385301e-06
KIAA1024L,13,Frameshift,2.038516511470339e-05
KIAA1033,64,Frameshift,2.584209439594008e-05
KIAA1045,11,In-frame stop codon,7.668154354125298e-06
KIAA1109,248,Frameshift,2.233572975055586e-05
KIAA1143,20,Frameshift,8.830549603825855e-06
KIAA1147,30,Frameshift,1.611581569845029e-05
KIAA1161,57,In-frame stop codon,4.981293150293436e-06
KIAA1191,36,Frameshift,1.9160542460244106e-05
KIAA1199,74,In-frame stop codon,1.3104838562544802e-05
KIAA1210,28,Frameshift,8.775597493573653e-06
KIAA1211,49,In-frame stop codon,6.394770872378184e-05
KIAA1211L,29,Frameshift,1.0149879836158728e-05
KIAA1217,81,Frameshift,8.811703807683441e-06
KIAA1239,31,In-frame stop codon,8.480024952287898e-06
KIAA1244,53,Frameshift,8.892352127477966e-06
KIAA1257,47,Frameshift,3.433605840551863e-05
KIAA1279,28,Frameshift,1.4103729698608027e-05
KIAA1324,67,Frameshift,6.713036364790828e-06
KIAA1324L,52,In-frame stop codon,6.07144169123405e-05
KIAA1328,69,Frameshift,2.5448586316939573e-05
KIAA1377,95,Frameshift,1.7497768475688895e-05
KIAA1407,133,Frameshift,0.0001536237396938542
KIAA1429,52,Frameshift,8.324647547136928e-06
KIAA1430,43,Frameshift,1.2718175092566687e-05
KIAA1432,53,In-frame stop codon,7.106174033763908e-06
KIAA1456,65,In-frame stop codon,1.6331420215170582e-05
KIAA1462,47,Frameshift,6.4861942108319725e-06
KIAA1467,31,Frameshift,1.0447190108097423e-05
KIAA1468,41,Frameshift,5.3979335408585366e-05
KIAA1522,55,Frameshift,2.393545270266679e-05
KIAA1524,99,Frameshift,1.372339899693628e-05
KIAA1549,48,Frameshift,7.226110630282713e-05
KIAA1549L,58,Frameshift,6.346376980406769e-06
KIAA1551,98,Frameshift,8.677007496046235e-06
KIAA1586,86,Frameshift,6.0501442730827045e-05
KIAA1598,35,Frameshift,9.145170645021362e-06
KIAA1614,91,Frameshift,1.4879028871892125e-05
KIAA1644,11,In-frame stop codon,2.2045541412233423e-06
KIAA1671,15,Frameshift,2.9929070059847932e-05
KIAA1683,89,Frameshift,2.866423483856531e-05
KIAA1715,36,Frameshift,9.651123340491894e-06
KIAA1731,149,Frameshift,1.5702481445441314e-05
KIAA1755,114,Frameshift,0.00013897910492079364
KIAA1841,70,Frameshift,0.0007996317692134407
KIAA1875,122,Frameshift,7.281091222478375e-05
KIAA1958,27,In-frame stop codon,5.054141077120275e-06
KIAA2013,34,Frameshift,1.3402705288391466e-05
KIAA2018,47,Frameshift,0.001590587062132822
KIAA2022,9,Frameshift,1.123495284690999e-05
KIAA2026,77,Frameshift,3.6541913616584656e-05
KIDINS220,61,In-frame stop codon,1.5365568233104805e-05
KIF11,10,Frameshift,8.133646962254584e-06
KIF12,53,In-frame stop codon,1.2265515483735816e-05
KIF13A,50,In-frame stop codon,2.204568077286656e-05
KIF13B,88,In-frame stop codon,7.822066827440445e-06
KIF14,82,Frameshift,1.0216319510435828e-05
KIF15,128,Frameshift,1.0848999581793492e-05
KIF16B,109,Frameshift,1.7341398118711333e-05
KIF17,82,Frameshift,5.5817507703305366e-05
KIF18A,47,Frameshift,8.844899902502222e-06
KIF18B,40,Frameshift,8.458148210248483e-06
KIF19,94,Frameshift,5.8677869983648883e-05
KIF1A,40,Frameshift,5.756612693338724e-06
KIF1B,61,Frameshift,0.0006459761647985026
KIF1C,40,Frameshift,6.858184743975772e-06
KIF20A,59,Frameshift,8.375983913190365e-06
KIF20B,183,Frameshift,2.99633354621725e-05
KIF21A,74,Frameshift,0.00018708329666188578
KIF21B,61,Frameshift,1.2634622123745892e-05
KIF22,56,Frameshift,7.254792913772431e-06
KIF23,28,Splice acceptor,1.1099640956943572e-05
KIF24,123,Frameshift,3.4054684305833254e-05
KIF25,34,In-frame stop codon,6.292632837641017e-05
KIF26A,82,Frameshift,1.8324929503240696e-05
KIF26B,41,Frameshift,1.1787056108682298e-05
KIF27,127,Frameshift,1.4765011372861664e-05
KIF2A,18,Frameshift,1.0871855595484298e-05
KIF2B,50,Frameshift,9.478255922439316e-06
KIF2C,49,Frameshift,4.972506545705543e-05
KIF3A,20,In-frame stop codon,4.13610185575641e-06
KIF3B,20,In-frame stop codon,6.78692383938479e-06
KIF3C,8,Frameshift,2.9841424937533416e-06
KIF4A,18,In-frame stop codon,1.6401978240061517e-05
KIF4B,90,In-frame stop codon,1.272417986165393e-05
KIF5A,15,In-frame stop codon,5.656732481607426e-06
KIF5B,36,Frameshift,1.1777551795439826e-05
KIF5C,20,Frameshift,9.921404187566822e-06
KIF6,85,In-frame stop codon,1.7407985473629398e-05
KIF7,111,In-frame stop codon,1.1675048080524731e-05
KIF9,93,Frameshift,1.186952499122379e-05
KIFAP3,50,In-frame stop codon,8.545959875267802e-06
KIFC1,42,Frameshift,9.623338848910227e-06
KIFC2,66,Frameshift,7.327176738290389e-06
KIFC3,80,Frameshift,1.6230810516279925e-05
KIN,36,Frameshift,1.787333529741593e-05
KIR2DL1,50,Frameshift,0.0003237839292598054
KIR2DL3,64,Frameshift,6.972777917496743e-05
KIR2DL4,28,Frameshift,0.00015115008382761145
KIR2DS4,38,Frameshift,0.004127640247892947
KIR3DL1,63,Frameshift,2.6981603545160492e-05
KIR3DL2,31,In-frame stop codon,3.247617602300162e-05
KIR3DL3,21,Frameshift,3.793259307300663e-05
KIRREL,18,Frameshift,9.108383375960187e-06
KIRREL2,77,Frameshift,2.754533728854105e-05
KIRREL3,34,In-frame stop codon,1.0399265420183956e-05
KISS1,16,Frameshift,0.014254169286047499
KISS1R,31,Frameshift,2.9703371296573253e-05
KIT,14,In-frame stop codon,5.975319840987352e-06
KITLG,13,Frameshift,8.929381530756158e-06
KL,47,Frameshift,8.542508888069092e-06
KLB,34,Frameshift,1.500883102803836e-05
KLC1,41,Frameshift,3.381286046808743e-05
KLC2,34,Frameshift,2.9008402398594796e-05
KLC3,117,Frameshift,2.3037260534858315e-05
KLC4,40,Frameshift,1.1479648207291565e-05
KLF1,27,In-frame stop codon,7.416404744042882e-06
KLF10,14,Frameshift,6.1541782880458096e-06
KLF11,44,Frameshift,7.609170051231214e-06
KLF12,6,Frameshift,2.696949834952681e-06
KLF13,8,Frameshift,2.0143649356238437e-06
KLF14,17,In-frame stop codon,9.012639227385287e-06
KLF15,6,Frameshift,4.185836529490903e-06
KLF16,12,Frameshift,1.3861335976120075e-05
KLF17,38,Frameshift,1.3139264367105783e-05
KLF2,20,Frameshift,0.00014440779137042691
KLF3,14,Frameshift,6.3344237821368364e-06
KLF4,4,Start codon lost,1.0938658808381247e-05
KLF5,7,In-frame stop codon,1.1431480149317163e-06
KLF6,8,Frameshift,9.750241338813168e-06
KLF7,6,Splice donor,3.8769268138009025e-06
KLF8,14,Frameshift,4.0923239851342105e-06
KLF9,2,Frameshift,0.0
KLHDC1,55,Frameshift,1.6087247835169552e-05
KLHDC10,9,In-frame stop codon,3.139310431226787e-06
KLHDC2,34,Frameshift,1.5496211399487768e-05
KLHDC3,10,Frameshift,1.5914325668905072e-06
KLHDC4,105,Frameshift,2.176594550079759e-05
KLHDC7A,69,In-frame stop codon,3.32370469764722e-05
KLHDC7B,64,Frameshift,1.5623320292049904e-05
KLHDC8A,37,Frameshift,1.016841439923878e-05
KLHDC8B,20,Frameshift,7.81376837548145e-06
KLHDC9,39,Frameshift,3.6636739796450824e-05
KLHL1,37,Frameshift,1.344591512749057e-05
KLHL10,14,Frameshift,3.7204043543136556e-05
KLHL11,17,In-frame stop codon,9.324650551072128e-06
KLHL12,22,Frameshift,1.244463301966755e-05
KLHL13,16,Frameshift,1.72596635167915e-05
KLHL14,26,Frameshift,5.558025026534072e-06
KLHL15,3,In-frame stop codon,4.352016045592514e-06
KLHL17,58,Frameshift,0.00019828596488016432
KLHL18,24,Frameshift,7.850939042209525e-06
KLHL2,24,Frameshift,6.2866946180022845e-06
KLHL20,24,In-frame stop codon,1.1340917358073299e-05
KLHL21,43,Frameshift,9.68861036722081e-06
KLHL22,27,Frameshift,9.851510904374507e-06
KLHL23,36,Frameshift,0.0127320545447911
KLHL24,19,Frameshift,6.95651586726655e-06
KLHL25,70,Frameshift,9.2823770125162e-06
KLHL26,54,Frameshift,1.269634116989014e-05
KLHL28,11,In-frame stop codon,5.688952309096011e-06
KLHL29,13,In-frame stop codon,4.038355589724785e-06
KLHL3,14,In-frame stop codon,6.266114018201693e-06
KLHL30,61,In-frame stop codon,1.0979193695231767e-05
KLHL31,30,In-frame stop codon,5.901234335244215e-06
KLHL32,23,In-frame stop codon,7.287132674132254e-06
KLHL33,40,Frameshift,4.2904268152052817e-05
KLHL34,29,Frameshift,1.8022255645263233e-05
KLHL35,58,Frameshift,8.401069567969625e-05
KLHL36,24,Frameshift,3.137977386884033e-06
KLHL38,47,Frameshift,1.2362887364380481e-05
KLHL4,15,Frameshift,1.3629872640884055e-05
KLHL40,33,Frameshift,9.874471410811373e-06
KLHL41,42,Frameshift,8.467425343726784e-06
KLHL42,22,In-frame stop codon,8.571747991225419e-06
KLHL5,56,Frameshift,1.1272734642167634e-05
KLHL6,38,Frameshift,1.1592957858356832e-05
KLHL7,37,In-frame stop codon,1.4473705016835968e-05
KLHL8,37,In-frame stop codon,1.1462860998313764e-05
KLHL9,22,Frameshift,6.513805282242217e-06
KLK1,30,Frameshift,2.013877483693026e-05
KLK10,36,In-frame stop codon,2.7237479804095286e-05
KLK11,26,Frameshift,1.4732737055290033e-05
KLK12,33,Frameshift,0.017582616482324287
KLK13,27,Frameshift,0.0001151577589719564
KLK14,34,In-frame stop codon,0.0004274150938305121
KLK15,31,Frameshift,1.2286434949805206e-05
KLK2,35,Frameshift,1.3567274335983166e-05
KLK3,35,Frameshift,0.012392630498449029
KLK4,27,Frameshift,2.2483520661615996e-05
KLK5,20,Frameshift,1.1079996732938271e-05
KLK6,15,Frameshift,0.00038739118006225076
KLK7,31,Frameshift,7.97378200896028e-06
KLK8,23,In-frame stop codon,1.7929298452630035e-05
KLK9,33,Frameshift,1.957970611661399e-05
KLKB1,78,Frameshift,2.8079816987445815e-05
KLLN,21,Frameshift,9.215787686405624e-05
KLRB1,28,Frameshift,1.0430977385724685e-05
KLRC1,24,Frameshift,1.1057829145770203e-05
KLRC2,37,Frameshift,1.4183143659604411e-05
KLRC3,33,Frameshift,0.00047481415493611943
KLRC4,19,Frameshift,4.850641572061898e-06
KLRD1,24,Splice donor,0.00011443426530308657
KLRF1,30,Frameshift,1.448924429327177e-05
KLRF2,25,In-frame stop codon,6.840988909591641e-05
KLRG1,21,Frameshift,1.2318323866768666e-05
KLRG2,58,Frameshift,3.8190909178557444e-05
KLRK1,41,In-frame stop codon,1.4892306513808642e-05
KMO,34,Frameshift,1.897696891173007e-05
KMT2A,19,Frameshift,5.357703197585357e-06
KMT2B,9,Splice donor,0.002134221736445843
KMT2C,115,In-frame stop codon,0.0043245122333322615
KMT2D,95,In-frame stop codon,8.19353353868976e-06
KMT2E,76,Frameshift,0.0010147542055522
KNCN,14,Frameshift,0.00011907032849848098
KNDC1,88,In-frame stop codon,1.2873815014439982e-05
KNG1,48,Frameshift,0.0006237121381394674
KNOP1,48,Frameshift,2.233312784600459e-05
KNSTRN,50,Frameshift,4.537280774616069e-05
KNTC1,225,Frameshift,1.293443082550437e-05
KPNA1,12,Frameshift,6.655035367867045e-06
KPNA2,34,Frameshift,8.58343838364827e-06
KPNA3,12,Splice acceptor,7.385531817642527e-06
KPNA4,10,Frameshift,0.002728357241285507
KPNA5,34,Frameshift,1.4411360864124594e-05
KPNA6,8,Frameshift,8.474938128422593e-06
KPNA7,51,Frameshift,2.4935109994562288e-05
KPNB1,22,Frameshift,4.145818181291913e-05
KPRP,45,In-frame stop codon,9.779703527528455e-05
KPTN,43,Frameshift,1.6637570554687138e-05
KRAS,16,Frameshift,1.64059084979159e-05
KRCC1,23,Frameshift,5.4138794755384785e-06
KREMEN1,26,Frameshift,2.4145699218568906e-05
KREMEN2,44,Frameshift,1.273247285911752e-05
KRI1,128,Frameshift,0.003523191555111262
KRIT1,31,Frameshift,6.044845347859205e-06
KRR1,59,Frameshift,0.00011170850140249131
KRT1,30,Frameshift,3.316723177564781e-05
KRT10,42,Frameshift,0.0001439737791895695
KRT12,43,Frameshift,9.839070350578116e-06
KRT13,27,Frameshift,2.643206838324955e-05
KRT14,21,Frameshift,3.405374317594197e-05
KRT15,40,In-frame stop codon,1.5565108828224526e-05
KRT16,46,In-frame stop codon,1.5973215278218355e-05
KRT17,39,Frameshift,1.559895979779143e-05
KRT18,15,Frameshift,0.024762441129970832
KRT19,21,Frameshift,2.3875098917986416e-05
KRT2,26,Frameshift,9.685809804492684e-06
KRT20,46,Frameshift,1.1480749028666648e-05
KRT222,29,Frameshift,2.1596340189318885e-05
KRT23,40,In-frame stop codon,2.1639056301587938e-05
KRT24,45,Frameshift,0.010869610745799839
KRT25,36,Frameshift,9.053302523731692e-06
KRT26,51,Frameshift,5.301752212776838e-05
KRT27,39,Frameshift,0.00018772761684092542
KRT28,38,Frameshift,1.0607508237570866e-05
KRT3,60,Frameshift,8.582354326137065e-06
KRT31,24,Frameshift,0.0007409166130775145
KRT32,47,In-frame stop codon,8.79961148169113e-06
KRT33A,47,In-frame stop codon,1.511143991832563e-05
KRT33B,43,In-frame stop codon,1.630701486169886e-05
KRT34,40,Frameshift,8.57568193306186e-06
KRT35,34,Frameshift,9.23892258818633e-06
KRT36,49,Frameshift,9.211118125482335e-05
KRT37,31,In-frame stop codon,0.004915728021946723
KRT38,40,Frameshift,0.00018701490592613372
KRT39,45,In-frame stop codon,1.4637607233637377e-05
KRT4,43,Frameshift,4.808395459801953e-05
KRT40,35,In-frame stop codon,2.1177582316883255e-05
KRT5,25,Frameshift,1.5235133964600656e-05
KRT6A,23,Frameshift,6.944141650709261e-06
KRT6B,49,Frameshift,7.779254834720874e-06
KRT6C,62,Frameshift,6.306007513748237e-05
KRT7,33,In-frame stop codon,1.380854753020087e-05
KRT71,37,Frameshift,8.232413122499846e-06
KRT72,45,In-frame stop codon,2.019683432881124e-05
KRT73,40,Frameshift,2.6902041592868094e-05
KRT74,47,Frameshift,3.999791050626126e-05
KRT75,47,Frameshift,2.190916468847621e-05
KRT76,48,Frameshift,0.00017965017675353371
KRT77,65,Frameshift,0.00011475772626619035
KRT78,57,Frameshift,9.572203796479759e-06
KRT79,69,Frameshift,1.2135690710807893e-05
KRT8,40,Frameshift,2.17693455434586e-05
KRT80,32,Frameshift,1.0157123057689382e-05
KRT81,52,In-frame stop codon,0.00035389391426659763
KRT82,59,Frameshift,6.876976513765192e-05
KRT83,65,Frameshift,0.0002929429310343397
KRT84,48,Frameshift,5.626922332761618e-05
KRT85,34,Frameshift,2.378296380742243e-05
KRT86,34,Frameshift,2.2402121549422288e-05
KRT9,42,Frameshift,4.2574330184280006e-05
KRTAP1-1,26,Frameshift,0.007444699835473939
KRTAP1-3,15,Frameshift,1.0375575692873868e-05
KRTAP1-4,16,Frameshift,1.2333824735845886e-05
KRTAP1-5,17,Frameshift,0.0030615731391307635
KRTAP10-1,44,Frameshift,0.02835594165205909
KRTAP10-10,45,Frameshift,3.506330487710241e-05
KRTAP10-11,31,Frameshift,3.363917423645544e-05
KRTAP10-12,31,Frameshift,2.134147161700669e-05
KRTAP10-2,33,Frameshift,1.702087817540031e-05
KRTAP10-3,21,Frameshift,0.00015516198121507966
KRTAP10-4,58,Frameshift,0.000470309420385027
KRTAP10-5,22,Frameshift,0.0008858545963171797
KRTAP10-6,104,Frameshift,0.0022826296068819696
KRTAP10-7,55,Frameshift,2.412968418290053e-05
KRTAP10-8,24,Frameshift,2.7210336705259623e-05
KRTAP10-9,25,Frameshift,9.75230935354741e-06
KRTAP11-1,18,Frameshift,1.8851622970549858e-05
KRTAP12-1,16,Frameshift,3.330595977672931e-05
KRTAP12-2,12,In-frame stop codon,1.5110719918497938e-05
KRTAP12-3,9,Frameshift,1.2508893126556479e-05
KRTAP12-4,12,Frameshift,2.2824008868890702e-05
KRTAP13-1,26,Frameshift,0.00019043135625898484
KRTAP13-2,18,In-frame stop codon,0.022131498819452547
KRTAP13-3,14,In-frame stop codon,1.0642262513258207e-05
KRTAP13-4,20,Frameshift,1.28159912609243e-05
KRTAP15-1,12,Frameshift,8.372548748413963e-06
KRTAP16-1,29,Frameshift,1.935792565861078e-05
KRTAP17-1,15,Frameshift,1.0387927092314878e-05
KRTAP19-1,8,In-frame stop codon,7.963518575148893e-06
KRTAP19-2,7,Frameshift,8.528846147957706e-06
KRTAP19-3,6,In-frame stop codon,0.00029162870989480905
KRTAP19-4,13,In-frame stop codon,2.1109224449265903e-05
KRTAP19-5,7,In-frame stop codon,1.2507640771479016e-05
KRTAP19-6,6,Frameshift,0.12090687721017658
KRTAP19-7,6,Frameshift,1.062177042252102e-05
KRTAP19-8,8,In-frame stop codon,2.245313512172454e-05
KRTAP2-1,22,In-frame stop codon,4.714496983893269e-05
KRTAP2-2,16,Frameshift,0.0002727960859985597
KRTAP2-3,15,Frameshift,0.0005798341922975092
KRTAP2-4,22,In-frame stop codon,0.0001294510473647163
KRTAP20-1,7,In-frame stop codon,8.580893063880396e-06
KRTAP20-2,7,Frameshift,1.7061916878667758e-05
KRTAP20-3,10,Frameshift,3.345816631958266e-05
KRTAP20-4,3,Start codon lost,6.549417538716635e-06
KRTAP21-1,4,Frameshift,2.404191853848224e-05
KRTAP21-2,5,In-frame stop codon,0.0003998007528068214
KRTAP21-3,4,Frameshift,2.214911434850748e-05
KRTAP22-1,7,Frameshift,2.3877271997936285e-05
KRTAP22-2,4,In-frame stop codon,4.322633073516447e-05
KRTAP23-1,3,Frameshift,1.8595609295519018e-05
KRTAP24-1,24,Frameshift,0.00010367357772380672
KRTAP25-1,11,In-frame stop codon,1.566570591585678e-05
KRTAP26-1,18,In-frame stop codon,9.837941969504069e-06
KRTAP27-1,21,Frameshift,0.00010651415038978155
KRTAP29-1,34,Frameshift,0.004796501405689853
KRTAP3-1,9,Frameshift,1.3010987284456573e-05
KRTAP3-2,11,Frameshift,1.5204934231000068e-05
KRTAP3-3,13,Frameshift,1.1325022319265e-05
KRTAP4-1,36,Frameshift,1.5482505615831787e-05
KRTAP4-11,23,Frameshift,0.00011727668266021061
KRTAP4-12,18,Frameshift,7.138935936385905e-05
KRTAP4-16P,45,Frameshift,0.002003363708377503
KRTAP4-2,17,In-frame stop codon,6.880226118612458e-05
KRTAP4-3,31,Frameshift,1.6130888923834762e-05
KRTAP4-4,23,In-frame stop codon,1.13391499104849e-05
KRTAP4-5,35,Frameshift,0.0002614356717349112
KRTAP4-6,15,In-frame stop codon,9.23283531190745e-06
KRTAP4-7,72,Frameshift,0.00020748387951122053
KRTAP4-8,28,Frameshift,0.02224440343816734
KRTAP4-9,23,Frameshift,5.4003202465028844e-05
KRTAP5-1,48,Frameshift,6.043701851754979e-05
KRTAP5-10,70,Frameshift,0.00170498501587004
KRTAP5-11,12,Frameshift,6.306435216526077e-06
KRTAP5-2,29,Frameshift,1.498245202093545e-05
KRTAP5-3,22,Frameshift,9.939857662438935e-06
KRTAP5-4,45,Frameshift,0.0009733021235581916
KRTAP5-5,97,Frameshift,0.0011837866778488908
KRTAP5-6,13,Frameshift,5.510178234132862e-05
KRTAP5-7,26,Frameshift,0.0001335743430353967
KRTAP5-8,20,Frameshift,1.7681746852701352e-05
KRTAP5-9,15,In-frame stop codon,5.308065349418401e-06
KRTAP6-1,6,In-frame stop codon,3.316337513342956e-05
KRTAP6-2,8,Frameshift,0.00040394981704249726
KRTAP6-3,11,Frameshift,1.895520989944788e-05
KRTAP8-1,8,In-frame stop codon,8.191143933692972e-05
KRTAP9-1,51,Frameshift,0.003932231467388048
KRTAP9-2,17,Frameshift,5.045715419005707e-05
KRTAP9-3,18,Frameshift,9.763630069444712e-06
KRTAP9-4,15,Frameshift,2.0724417147365207e-05
KRTAP9-6,29,Frameshift,2.0134525778682884e-05
KRTAP9-7,15,Frameshift,1.1727525362792823e-05
KRTAP9-8,13,In-frame stop codon,7.007963425310902e-06
KRTAP9-9,22,Frameshift,1.3654704986056064e-05
KRTCAP2,10,Frameshift,1.3702446051551044e-05
KRTCAP3,42,Frameshift,2.4879782828130095e-05
KRTDAP,7,In-frame stop codon,1.422537599737913e-05
KSR1,42,Frameshift,2.420036799469315e-05
KSR2,23,Frameshift,8.678622494896267e-06
KTI12,24,Frameshift,1.77616280896563e-05
KTN1,82,Frameshift,8.90927172827834e-06
KXD1,10,Splice donor,0.0003870573872487858
KY,44,Frameshift,9.118911965604167e-06
KYNU,62,Frameshift,1.6823704568586977e-05
L1CAM,9,In-frame stop codon,2.430568007168815e-06
L1TD1,121,Frameshift,8.677230310889171e-05
L2HGDH,45,Frameshift,9.384395291503418e-06
L3HYPDH,36,Frameshift,1.6153371376020278e-05
L3MBTL1,72,Frameshift,2.0944713330505756e-05
L3MBTL2,52,Frameshift,2.0928471750089137e-05
L3MBTL3,22,Frameshift,7.367664494439505e-05
L3MBTL4,52,In-frame stop codon,1.391804883377516e-05
LACC1,20,In-frame stop codon,7.642053667906583e-06
LACE1,49,Frameshift,2.0333496905379894e-05
LACRT,24,Frameshift,1.0619370485776331e-05
LACTB,41,Frameshift,1.4874439612032695e-05
LACTB2,28,Frameshift,7.844890747858844e-06
LACTBL1,24,Frameshift,0.0008496447697522871
LAD1,54,Frameshift,0.000125500511053181
LAG3,37,Frameshift,1.881506940972216e-05
LAGE3,4,Frameshift,6.137996655636978e-06
LAIR1,37,Frameshift,0.0030117845674190887
LAIR2,15,In-frame stop codon,0.004755799903949339
LALBA,7,Frameshift,7.436702137149028e-06
LAMA1,175,Frameshift,9.233999979624182e-06
LAMA2,217,Frameshift,1.206547610119828e-05
LAMA3,199,Frameshift,1.207764887955234e-05
LAMA4,117,Frameshift,1.4457864301695478e-05
LAMA5,182,Frameshift,1.4024340851699018e-05
LAMB1,133,Frameshift,2.2790977908492756e-05
LAMB2,110,Frameshift,7.761131530788679e-06
LAMB3,93,Frameshift,1.6262315961450693e-05
LAMB4,188,Frameshift,5.9816670901206055e-05
LAMC1,24,Splice donor,4.030969028770892e-06
LAMC2,74,Frameshift,8.998050953801946e-06
LAMC3,135,Frameshift,1.792694290271776e-05
LAMP1,12,Frameshift,0.00034876558717728136
LAMP2,6,Splice acceptor,1.3455600485521637e-05
LAMP3,27,Frameshift,2.2540542177370485e-05
LAMP5,21,In-frame stop codon,1.0066974108160425e-05
LAMTOR1,14,In-frame stop codon,1.6838867591891694e-05
LAMTOR2,6,Frameshift,8.631562863410815e-06
LAMTOR3,4,Frameshift,1.794946814154064e-05
LAMTOR4,26,Frameshift,1.288329481651523e-05
LAMTOR5,20,Frameshift,9.969473432120105e-06
LANCL1,42,In-frame stop codon,3.502056721623681e-05
LANCL2,17,In-frame stop codon,7.129465691823246e-06
LANCL3,26,Frameshift,1.2837958518268122e-05
LAP3,48,Frameshift,1.6970349040142375e-05
LAPTM4A,25,Frameshift,1.6311157144149805e-05
LAPTM4B,88,Frameshift,0.006266287067358978
LAPTM5,8,Splice donor,5.543935379117511e-06
LARGE,26,Frameshift,9.972879025224353e-06
LARP1,47,Frameshift,0.00028310270796840366
LARP1B,76,Frameshift,0.000208790472933895
LARP4,31,Frameshift,0.0001415308442610743
LARP4B,21,Frameshift,4.767270602994121e-05
LARP6,18,Frameshift,1.8505827543237583e-05
LARP7,119,Frameshift,0.0003266178757112661
LARS,65,Frameshift,1.1147266658605799e-05
LARS2,74,Frameshift,8.467995267467611e-06
LAS1L,7,In-frame stop codon,2.9605903731021833e-06
LASP1,21,Frameshift,0.00021965449670081463
LAT,28,Frameshift,1.9396442078222033e-05
LAT2,29,Frameshift,7.392469807527942e-06
LATS1,32,Frameshift,1.8567161461505455e-05
LATS2,25,Frameshift,8.340498225913432e-06
LAX1,28,Frameshift,1.4830827684306614e-05
LAYN,52,Frameshift,1.3099866054220261e-05
LBH,22,Frameshift,1.1230386638946278e-05
LBP,54,Frameshift,3.2250549981638835e-05
LBR,21,In-frame stop codon,8.876243740305394e-06
LBX1,4,Frameshift,3.244933941396073e-06
LBX2,24,Frameshift,8.007109724287901e-06
LCA5,43,Frameshift,9.198368366839264e-06
LCA5L,63,Frameshift,1.65264092729212e-05
LCAT,21,Frameshift,1.2313647937968482e-05
LCE1A,11,Frameshift,1.2788775782751031e-05
LCE1B,11,Frameshift,8.355548180669246e-06
LCE1C,14,Frameshift,1.4774314024771912e-05
LCE1D,14,Frameshift,0.0037460406401235023
LCE1E,20,Frameshift,8.99142519590292e-06
LCE1F,20,Frameshift,3.392640327805631e-05
LCE2A,14,Frameshift,2.3017350430902836e-05
LCE2B,11,Frameshift,1.0864019663444028e-05
LCE2C,15,Frameshift,1.0893945467371895e-05
LCE2D,8,Frameshift,1.1987632573145184e-05
LCE3A,5,Frameshift,3.979582148888983e-06
LCE3B,8,In-frame stop codon,1.7299390797189942e-05
LCE3C,5,Frameshift,0.00022236405108289758
LCE3D,14,In-frame stop codon,1.678174712641416e-05
LCE3E,7,Frameshift,5.345548443259955e-05
LCE4A,9,In-frame stop codon,0.0005813593567029493
LCE5A,10,Frameshift,0.00021766293266475525
LCE6A,5,Frameshift,6.853826173453286e-05
LCK,16,Frameshift,2.5342217073421893e-05
LCLAT1,32,Frameshift,1.115891151315884e-05
LCMT1,39,Frameshift,1.357487704089801e-05
LCMT2,79,Frameshift,1.3616266086886675e-05
LCN1,28,Splice donor,1.3805625567898824e-05
LCN10,26,Frameshift,0.0066715850434237445
LCN12,26,Frameshift,2.814306582981032e-05
LCN15,26,Frameshift,9.910998821823004e-06
LCN2,36,In-frame stop codon,5.557427430916663e-05
LCN6,18,In-frame stop codon,1.7275362350534756e-05
LCN8,14,Splice donor,1.8325267881944168e-05
LCN9,18,Frameshift,5.5345719025654046e-05
LCNL1,31,Frameshift,0.00016541603106906154
LCOR,7,In-frame stop codon,5.620564335709236e-06
LCORL,24,Frameshift,1.6035490250171617e-05
LCP1,17,In-frame stop codon,5.70608256478268e-06
LCP2,25,Frameshift,2.5836331738143203e-05
LCT,60,Frameshift,2.435382468853699e-05
LCTL,64,Frameshift,1.0598182473362628e-05
LDB1,3,Splice donor,2.6509412830179688e-06
LDB2,15,Splice donor,1.4942117628661855e-05
LDB3,61,Frameshift,0.00025682081842924343
LDHA,45,Frameshift,3.3264816377510114e-05
LDHAL6A,51,Frameshift,4.1910906941602883e-05
LDHAL6B,33,Frameshift,3.063553608552737e-05
LDHB,28,Frameshift,0.000291880212045995
LDHC,24,Frameshift,1.2839490831532851e-05
LDHD,52,Frameshift,1.7236367486596233e-05
LDLR,98,In-frame stop codon,9.035880487397198e-06
LDLRAD1,34,Frameshift,7.70596618057033e-05
LDLRAD2,26,Frameshift,1.4532463693669315e-05
LDLRAD3,28,Frameshift,2.0958919413588877e-05
LDLRAD4,9,Frameshift,5.7508179376740995e-06
LDLRAP1,29,Frameshift,1.0201277620333717e-05
LDOC1,3,Frameshift,0.0
LDOC1L,7,Frameshift,3.994189518560911e-06
LEAP2,14,Frameshift,1.9047294012391272e-05
LECT1,37,Frameshift,2.9722609510040036e-05
LECT2,18,Frameshift,1.9483724522886127e-05
LEF1,15,Frameshift,4.046910819338969e-06
LEFTY1,29,In-frame stop codon,9.926948771406296e-06
LEFTY2,19,In-frame stop codon,5.287238976424854e-06
LEKR1,77,Frameshift,0.00018978783898648604
LELP1,6,In-frame stop codon,7.971415336522855e-06
LEMD1,24,In-frame stop codon,2.174149568264704e-05
LEMD2,23,Frameshift,7.568178750052277e-06
LEMD3,32,Frameshift,1.1923435078235765e-05
LENEP,12,Frameshift,5.672399309178062e-06
LENG1,48,Frameshift,1.1711183839271223e-05
LENG8,49,Frameshift,3.795157637870617e-05
LENG9,73,Frameshift,0.0082819066550803
LEO1,13,Frameshift,8.950253673807545e-06
LEP,7,Frameshift,1.1395108120422807e-05
LEPR,54,Frameshift,8.428216253307338e-06
LEPRE1,90,In-frame stop codon,1.5509913209237464e-05
LEPREL1,86,Frameshift,1.0535191600282086e-05
LEPREL2,79,Frameshift,0.012671099687374223
LEPREL4,47,In-frame stop codon,1.0079117176952006e-05
LEPROT,10,Frameshift,6.756937154787484e-06
LEPROTL1,28,Frameshift,9.041244590279448e-05
LETM1,33,Frameshift,1.1358392398283629e-05
LETM2,63,Frameshift,3.612987012469341e-05
LETMD1,37,Frameshift,1.0304320636689759e-05
LEUTX,11,In-frame stop codon,1.4490713883103699e-05
LFNG,45,Frameshift,0.009263016260991557
LGALS1,16,Frameshift,1.2113335396116598e-05
LGALS12,33,In-frame stop codon,2.750440131338273e-05
LGALS13,17,In-frame stop codon,8.561107332356139e-05
LGALS14,17,Frameshift,5.998755818387968e-05
LGALS16,21,In-frame stop codon,1.272894117012573e-05
LGALS2,15,Frameshift,5.071545610880824e-06
LGALS3,36,Frameshift,1.2283692109297336e-05
LGALS3BP,52,In-frame stop codon,1.7247420535843652e-05
LGALS4,23,In-frame stop codon,1.0739610515405612e-05
LGALS7,6,Frameshift,0.0006723509021409531
LGALS7B,7,Frameshift,4.548627907682786e-05
LGALS8,56,Frameshift,0.0012732756666509238
LGALS9,30,Frameshift,1.4979619651827306e-05
LGALS9B,38,Frameshift,0.0003749486277153131
LGALS9C,53,Frameshift,3.3934187789558e-05
LGALSL,7,In-frame stop codon,1.4797564497949684e-05
LGI1,16,Frameshift,7.318964407263586e-05
LGI2,33,In-frame stop codon,1.3081944372536487e-05
LGI3,34,Frameshift,3.277969956942815e-05
LGI4,50,Frameshift,4.9654034192063585e-05
LGMN,33,Frameshift,5.06905934580223e-05
LGR4,28,Frameshift,9.766496828523795e-06
LGR5,55,Frameshift,1.2629267134179856e-05
LGR6,59,Frameshift,0.0010242781189318073
LGSN,46,In-frame stop codon,1.052152296697499e-05
LHB,12,Frameshift,6.31514578564868e-06
LHCGR,38,Frameshift,3.4032165391832807e-05
LHFP,5,Frameshift,4.81157776615997e-06
LHFPL1,13,Frameshift,7.213057915850149e-06
LHFPL2,12,Frameshift,3.7075298880589515e-06
LHFPL3,8,Splice donor,2.1512832325723717e-05
LHFPL4,5,In-frame stop codon,1.5946833287154718e-05
LHFPL5,13,Frameshift,1.0103439028728133e-05
LHPP,31,Frameshift,1.722612374549248e-05
LHX1,11,Frameshift,5.304218439626779e-05
LHX2,10,Frameshift,2.721598016767049e-05
LHX3,29,Frameshift,9.690677307021677e-06
LHX4,16,Frameshift,7.71762329973781e-06
LHX5,11,Frameshift,2.68427149141861e-06
LHX6,18,Frameshift,0.00010411443552721224
LHX8,11,Frameshift,6.945621610061319e-05
LHX9,28,Frameshift,0.00015050283029450557
LIAS,22,Frameshift,1.0445647807733934e-05
LIF,10,In-frame stop codon,6.888042909465623e-06
LIFR,73,Frameshift,7.922143115768642e-06
LIG1,48,Frameshift,8.525180899770116e-06
LIG3,61,Frameshift,9.990956519721125e-06
LIG4,58,Frameshift,1.4857371957806122e-05
LILRA1,60,Frameshift,0.0006261698392591497
LILRA2,58,In-frame stop codon,0.0011892087062501126
LILRA3,45,Frameshift,0.0009019393916474042
LILRA4,60,Frameshift,1.0381683966181776e-05
LILRA5,30,Frameshift,1.7931505227154084e-05
LILRA6,116,Frameshift,1.4337127661472415e-05
LILRB1,85,Frameshift,2.4924985023317074e-05
LILRB2,66,Frameshift,2.763880346536551e-05
LILRB3,90,Frameshift,0.004573753273260845
LILRB4,56,Frameshift,0.00010907978202676111
LILRB5,99,Frameshift,0.0004638667468884172
LIM2,14,Frameshift,6.265403716454344e-06
LIMA1,56,Frameshift,2.803324043794272e-05
LIMCH1,102,Frameshift,3.768529030299367e-05
LIMD1,25,Frameshift,1.1501157241970676e-05
LIMD2,12,Frameshift,1.20139641034122e-05
LIME1,36,Frameshift,3.026044015507008e-05
LIMK1,18,In-frame stop codon,1.1258298919738833e-05
LIMK2,61,Frameshift,7.915584331879144e-05
LIMS1,45,Frameshift,0.0011112143938952707
LIMS2,39,Frameshift,1.824024851027194e-05
LIMS3,1,In-frame stop codon,0.0
LIN28A,6,In-frame stop codon,4.7158844702439106e-06
LIN28B,6,In-frame stop codon,1.005697884754855e-05
LIN37,15,In-frame stop codon,0.06668308896613477
LIN52,6,Frameshift,8.474346214676127e-06
LIN54,7,Splice donor,1.0726525485313632e-05
LIN7A,24,In-frame stop codon,5.486733690570877e-05
LIN7B,16,Frameshift,1.1351200322372036e-05
LIN7C,12,Frameshift,1.0289646156163624e-05
LIN9,17,Frameshift,8.152870221913647e-05
LINC00086,1,Splice acceptor,4.5242727231597524e-05
LINC00094,2,Splice donor,0.00030293268118989286
LINC00116,5,Splice acceptor,8.282204010421296e-05
LINC00176,3,Splice donor,3.510203523789468e-05
LINC00238,4,Splice acceptor,6.458255836651653e-05
LINC00371,4,Splice donor,6.371609698093877e-05
LINC00483,4,Splice donor,7.724155570619287e-05
LINC00514,3,Splice donor,4.254549722090181e-05
LINC00521,13,Splice donor,2.4859739091006746e-05
LINC00633,1,Splice donor,5.9772863120143455e-05
LINC00672,1,Splice donor,3.257328990228013e-05
LINC00854,9,Splice donor,0.06327940996299922
LINC00935,14,Frameshift,0.000690548534746629
LINC00948,4,Splice acceptor,3.9999421835648295e-05
LINC00961,1,Splice donor,3.187149413564508e-05
LINC00998,1,Stop codon lost,7.132667617689016e-06
LINC01125,9,Splice acceptor,0.00016190457131726608
LINC01155,3,Splice donor,0.00019978909575091826
LINC01171,3,Splice acceptor,1.0615711252653927e-05
LINGO1,12,In-frame stop codon,7.488288103012051e-06
LINGO2,16,Frameshift,4.620031163841532e-06
LINGO3,27,Frameshift,1.5343717948865403e-05
LINGO4,40,Frameshift,1.804872533643136e-05
LINS,68,Frameshift,2.5732545738851727e-05
LIPA,33,Frameshift,0.007481160721351456
LIPC,44,Frameshift,2.0045555236805903e-05
LIPE,91,Frameshift,2.4456951188835668e-05
LIPF,29,Frameshift,1.3889958495697426e-05
LIPG,46,Frameshift,1.3187785100611304e-05
LIPH,43,Frameshift,1.0642085359432475e-05
LIPI,50,Frameshift,1.0706532924810112e-05
LIPJ,37,Frameshift,0.0004893653094102075
LIPK,44,In-frame stop codon,4.687676853982815e-05
LIPM,37,Frameshift,0.00014739580638493325
LIPN,35,In-frame stop codon,4.1333778327239884e-05
LIPT1,42,Frameshift,4.455681110363523e-05
LIPT2,16,Frameshift,2.599896652273502e-05
LITAF,24,In-frame stop codon,1.8081570239486254e-05
LIX1,26,Frameshift,1.7821005400231126e-05
LIX1L,23,Frameshift,2.8677831139520916e-05
LL0XNC01-16G2.1,2,Splice donor,0.0001615189992036844
LLGL1,41,In-frame stop codon,7.435504519957936e-06
LLGL2,63,In-frame stop codon,1.4358519818553897e-05
LLPH,15,Frameshift,0.0001287970213478953
LMAN1,42,Frameshift,1.5016551063744209e-05
LMAN1L,61,Frameshift,4.778161324300786e-05
LMAN2,25,In-frame stop codon,1.4527973149166498e-05
LMAN2L,36,In-frame stop codon,1.1059017992606042e-05
LMBR1,58,Frameshift,3.1167468284313895e-05
LMBR1L,59,Frameshift,1.806038945773062e-05
LMBRD1,57,Frameshift,1.5196279315312626e-05
LMBRD2,34,Frameshift,1.8588593325862195e-05
LMCD1,24,In-frame stop codon,0.00021238309750482593
LMF1,90,Frameshift,0.00014479119511225376
LMF2,129,In-frame stop codon,1.9211547469064348e-05
LMLN,64,In-frame stop codon,1.2294288501740765e-05
LMNA,33,Frameshift,9.751374305250337e-06
LMNB1,18,Frameshift,4.5583393614811806e-05
LMNB2,2,Frameshift,8.925978421898082e-06
LMO1,7,Splice donor,1.4986980800432162e-05
LMO2,14,Frameshift,1.7672557393286122e-05
LMO3,11,In-frame stop codon,1.6646585926198855e-05
LMO4,1,In-frame stop codon,3.9782311193151075e-06
LMO7,133,Frameshift,0.00013805030417559283
LMOD1,11,Frameshift,4.7241815344669936e-06
LMOD2,31,In-frame stop codon,7.902828516290905e-06
LMOD3,52,Frameshift,8.103994684005227e-06
LMTK2,30,Frameshift,5.828604270825055e-06
LMTK3,65,Frameshift,0.007419345261976144
LMX1A,5,Splice acceptor,1.2794218591405317e-05
LMX1B,21,In-frame stop codon,1.4530069684818135e-05
LNP1,28,Frameshift,2.2049513218881e-05
LNPEP,31,Frameshift,1.1137280627026042e-05
LNX1,62,Frameshift,1.4141012871261068e-05
LNX2,32,Frameshift,6.653230169057644e-06
LOH12CR1,11,In-frame stop codon,1.4488401197428973e-05
LONP1,45,Frameshift,8.63775724744546e-06
LONP2,87,In-frame stop codon,1.6249132071886034e-05
LONRF1,29,Frameshift,6.123374862155561e-06
LONRF2,34,Frameshift,7.076299447967108e-06
LONRF3,18,In-frame stop codon,3.361189257087844e-05
LOR,10,Frameshift,8.41301972957959e-05
LOX,11,Frameshift,2.8702966194479886e-05
LOXHD1,162,In-frame stop codon,0.00021794312176869087
LOXL1,28,Frameshift,1.3932081185765818e-05
LOXL2,63,Frameshift,0.0003194387749171875
LOXL3,57,Frameshift,1.0642324947950776e-05
LOXL4,72,Frameshift,1.7995140500173012e-05
LPA,211,In-frame stop codon,0.000645394180691825
LPAR1,12,Frameshift,0.0022896830942217704
LPAR2,21,Frameshift,6.629078818241851e-06
LPAR3,18,Frameshift,1.3343070181185767e-05
LPAR4,7,In-frame stop codon,6.309279218911361e-06
LPAR5,18,Frameshift,1.5981784342314718e-05
LPAR6,38,Frameshift,2.2280434182507232e-05
LPCAT1,19,Frameshift,3.0972903237418894e-05
LPCAT2,64,Frameshift,4.8785911833541664e-05
LPCAT3,12,Frameshift,0.0004400205734121719
LPCAT4,15,Frameshift,1.894141069841203e-05
LPGAT1,7,Frameshift,3.461172868917711e-06
LPHN1,47,Frameshift,0.00023657303256675557
LPHN2,40,Frameshift,9.914537539522128e-06
LPHN3,30,In-frame stop codon,6.745536259441945e-06
LPIN1,77,In-frame stop codon,3.143206930057849e-05
LPIN2,43,Frameshift,9.60753600652745e-06
LPIN3,84,Frameshift,2.5005194896072664e-05
LPL,35,Frameshift,0.0026405954744746435
LPO,61,In-frame stop codon,2.8469660104508697e-05
LPP,32,Frameshift,1.1760443439180079e-05
LPPR1,5,Splice donor,3.992059328741528e-06
LPPR3,41,Frameshift,5.4738162290268914e-05
LPPR4,20,In-frame stop codon,1.4826953716673376e-05
LPPR5,13,In-frame stop codon,7.928238024039192e-06
LPXN,30,In-frame stop codon,8.395188381415725e-06
LRAT,10,Frameshift,9.162937798257054e-06
LRBA,117,Frameshift,1.6470510293299007e-05
LRCH1,27,Frameshift,1.2672647498513921e-05
LRCH2,12,Frameshift,5.6616247649191965e-06
LRCH3,59,Frameshift,1.0900457522709792e-05
LRCH4,45,Frameshift,8.66349704467011e-06
LRCOL1,5,Splice donor,3.710367549020494e-05
LRFN1,17,In-frame stop codon,2.4992691954800565e-06
LRFN2,18,Frameshift,5.2447581014950074e-06
LRFN3,10,Frameshift,1.2071522486019987e-05
LRFN4,31,Frameshift,9.092746785025995e-06
LRFN5,9,Frameshift,5.4003794934521395e-06
LRG1,27,Frameshift,1.9795646164880194e-05
LRGUK,72,Frameshift,0.00015601760690187668
LRIF1,43,Frameshift,9.331636601254526e-06
LRIG1,64,Frameshift,2.8060492392973714e-05
LRIG2,85,Frameshift,9.73281446479692e-06
LRIG3,73,Frameshift,1.9560106871457663e-05
LRIT1,68,Frameshift,2.7452594143066788e-05
LRIT2,50,Frameshift,1.8108188681625815e-05
LRIT3,44,In-frame stop codon,1.2674108740966585e-05
LRMP,57,Frameshift,1.435533399819296e-05
LRP1,44,Frameshift,2.2794639587954297e-05
LRP10,41,In-frame stop codon,1.1317134105552545e-05
LRP11,28,Frameshift,2.1092198771693956e-05
LRP12,27,Frameshift,8.221859148483012e-06
LRP1B,134,In-frame stop codon,6.739719062416902e-05
LRP2,88,In-frame stop codon,1.1403012082692112e-05
LRP2BP,39,Frameshift,1.512562483703044e-05
LRP3,43,Frameshift,1.2638842741665042e-05
LRP4,63,In-frame stop codon,6.967874751047575e-06
LRP5,58,Frameshift,1.076918618406845e-05
LRP6,39,In-frame stop codon,4.29218716249215e-06
LRP8,39,Frameshift,4.17309758594688e-05
LRPAP1,32,Frameshift,8.526653330448888e-06
LRPPRC,79,Frameshift,1.0994200177997557e-05
LRR1,33,Frameshift,1.6725715347895333e-05
LRRC1,22,In-frame stop codon,5.869673539599893e-06
LRRC10,11,Frameshift,1.3033567929132601e-05
LRRC10B,15,Frameshift,3.059752519428788e-05
LRRC14,22,Frameshift,5.908747966165099e-06
LRRC14B,52,Frameshift,2.2135051349042674e-05
LRRC15,41,Frameshift,1.2193894243432782e-05
LRRC16A,56,Frameshift,7.726264228040935e-06
LRRC16B,89,Frameshift,1.4988870443095856e-05
LRRC17,50,Frameshift,9.558320970791272e-06
LRRC18,31,Frameshift,6.307519632595901e-06
LRRC19,39,Frameshift,3.822820365233877e-05
LRRC2,29,Frameshift,8.896666362561073e-06
LRRC20,12,Frameshift,2.2563931013695477e-05
LRRC23,44,Frameshift,1.088690939519247e-05
LRRC24,34,Frameshift,1.3464010547818424e-05
LRRC25,7,In-frame stop codon,5.722413357050725e-06
LRRC26,34,Frameshift,4.5881319237697885e-05
LRRC27,72,In-frame stop codon,4.7348744180620306e-05
LRRC28,46,Frameshift,1.72284568461504e-05
LRRC3,10,Frameshift,8.097056760805095e-06
LRRC30,34,Frameshift,7.342094279665458e-06
LRRC31,47,Frameshift,9.717032558215694e-05
LRRC32,16,Frameshift,7.804885230713372e-06
LRRC34,45,Frameshift,7.808706762344165e-05
LRRC36,76,Frameshift,1.2898485517598535e-05
LRRC37A,46,Frameshift,2.8912654313380296e-05
LRRC37A2,83,Frameshift,3.960821204532787e-05
LRRC37A3,81,Frameshift,2.1237649830196743e-05
LRRC37B,48,Frameshift,3.6121417674201705e-05
LRRC38,13,Frameshift,3.558240097654088e-05
LRRC39,38,Frameshift,7.658476417744743e-05
LRRC3B,10,Frameshift,9.963804766200785e-06
LRRC3C,23,Frameshift,1.2422880791971174e-05
LRRC4,8,Frameshift,3.025658665358552e-06
LRRC40,72,Frameshift,1.156422493893676e-05
LRRC41,20,Frameshift,2.3125149670739764e-05
LRRC42,53,Frameshift,1.605526400110267e-05
LRRC43,76,Frameshift,1.5637750089341106e-05
LRRC45,57,Frameshift,1.0117578388940124e-05
LRRC46,24,Frameshift,4.5997195676071734e-05
LRRC47,29,Frameshift,7.524430298625798e-06
LRRC48,48,Frameshift,8.317544235217651e-06
LRRC49,55,Frameshift,1.120905837694949e-05
LRRC4B,9,Frameshift,4.650396755763829e-05
LRRC4C,5,Frameshift,4.846810476933054e-06
LRRC52,29,Frameshift,1.413895416632769e-05
LRRC53,60,Frameshift,9.934594997286795e-05
LRRC55,15,Frameshift,0.00013598164811439917
LRRC56,62,Frameshift,1.0452783097196063e-05
LRRC57,11,Frameshift,5.214956214709788e-06
LRRC58,16,Frameshift,1.1163266635660074e-05
LRRC59,14,In-frame stop codon,1.7349530255501755e-05
LRRC6,50,Frameshift,1.5127002430662823e-05
LRRC61,30,Frameshift,2.0727032907532768e-05
LRRC63,46,Frameshift,2.258721416892483e-05
LRRC66,104,Frameshift,1.7315933670991117e-05
LRRC69,33,Frameshift,0.00033560883637856833
LRRC7,23,Frameshift,1.7289151705112685e-05
LRRC70,44,Frameshift,1.4729203507117781e-05
LRRC71,62,Frameshift,6.576536644452364e-05
LRRC72,29,Frameshift,1.956431520006191e-05
LRRC73,11,Frameshift,7.716145088824287e-06
LRRC8A,13,Frameshift,2.4541825670440255e-06
LRRC8B,24,Frameshift,8.300845653701851e-06
LRRC8C,25,Frameshift,5.425154826259962e-06
LRRC8D,12,Frameshift,3.3202735913869236e-06
LRRC8E,51,Frameshift,1.6291002038823914e-05
LRRC9,121,Frameshift,0.00027827412182931184
LRRCC1,105,Frameshift,1.6424591313051238e-05
LRRD1,45,Frameshift,3.974599526856532e-05
LRRFIP1,73,Frameshift,1.0205900261381298e-05
LRRFIP2,81,In-frame stop codon,1.4809252555041921e-05
LRRIQ1,200,Frameshift,0.0015354860585832185
LRRIQ3,98,Frameshift,0.0006586625987812239
LRRIQ4,35,Frameshift,1.183438920257414e-05
LRRK1,94,Frameshift,2.339055436377482e-05
LRRK2,146,In-frame stop codon,1.768535308694742e-05
LRRN1,16,Frameshift,1.2029471147343358e-05
LRRN2,15,Frameshift,5.844695187753362e-06
LRRN3,16,In-frame stop codon,9.968752863818068e-06
LRRN4,72,Frameshift,1.7703099809270345e-05
LRRN4CL,27,Frameshift,2.8516943603509026e-05
LRRTM1,8,In-frame stop codon,4.123733123606202e-06
LRRTM2,11,In-frame stop codon,1.4156966540027413e-05
LRRTM3,9,Frameshift,4.4400373634430355e-06
LRRTM4,27,Frameshift,8.864942510669039e-06
LRSAM1,56,Frameshift,1.980465613570802e-05
LRTM1,44,Frameshift,0.0001303857727139276
LRTM2,5,In-frame stop codon,1.6178333634579947e-06
LRTOMT,60,Frameshift,8.435125685152474e-05
LRWD1,102,Frameshift,2.6192546134121036e-05
LSAMP,16,In-frame stop codon,0.0014587520094145685
LSG1,58,Frameshift,1.217139358597206e-05
LSM1,13,Frameshift,6.12886102338618e-06
LSM10,9,In-frame stop codon,5.747202470568736e-06
LSM11,16,Frameshift,2.3411583311487894e-05
LSM12,4,In-frame stop codon,0.0
LSM14A,26,Frameshift,3.652736822894552e-05
LSM14B,19,Frameshift,2.6193914841234937e-05
LSM2,15,Frameshift,9.308950410032497e-06
LSM3,18,Splice donor,9.105099443340815e-06
LSM4,28,In-frame stop codon,0.028579022292120986
LSM5,9,In-frame stop codon,1.4280780981652308e-05
LSM6,5,Splice acceptor,8.83218534045023e-06
LSM7,4,Frameshift,8.658748848232488e-06
LSMD1,32,Frameshift,0.0003004724256072595
LSMEM1,14,Frameshift,9.414050094504894e-06
LSMEM2,28,Frameshift,3.875664746155467e-05
LSP1,43,Frameshift,1.1952551631242389e-05
LSR,80,Frameshift,3.4547354864255914e-05
LSS,77,Frameshift,7.002722535165963e-06
LST1,22,In-frame stop codon,1.8341748803880497e-05
LTA,5,Frameshift,3.2102975386244955e-06
LTA4H,49,Frameshift,8.73415437609065e-06
LTB,30,Splice donor,5.264073640347928e-06
LTB4R,18,Frameshift,7.279943824231025e-06
LTB4R2,44,Frameshift,6.0476831811990654e-05
LTBP1,85,Frameshift,1.1057709786052915e-05
LTBP2,89,Frameshift,6.662974944931797e-06
LTBP3,79,Frameshift,1.2015790891149471e-05
LTBP4,87,Frameshift,0.011971719394941587
LTBR,15,Frameshift,1.2125104345582015e-05
LTC4S,21,Frameshift,0.00012048372650098305
LTF,67,In-frame stop codon,2.194424065537889e-05
LTK,112,Frameshift,0.0010469831628170119
LTN1,87,Frameshift,0.001575882247936556
LTV1,40,Frameshift,2.3615290594017914e-05
LUC7L,20,Frameshift,3.8515930682978166e-05
LUC7L3,33,Frameshift,0.0010054880923142716
LUM,10,Frameshift,6.792265305578969e-06
LURAP1,9,In-frame stop codon,8.160406467510471e-06
LURAP1L,16,Frameshift,7.328339134271302e-06
LUZP1,28,Frameshift,7.159603393621495e-06
LUZP2,40,In-frame stop codon,1.4510113586800615e-05
LUZP4,43,Frameshift,2.2989315423592725e-05
LXN,31,Frameshift,1.881529096411549e-05
LY6D,15,Frameshift,1.749415674656833e-05
LY6E,23,Frameshift,1.0893835116222564e-05
LY6G5B,33,Frameshift,1.291559361916114e-05
LY6G5C,26,Frameshift,1.4746782322452243e-05
LY6G6C,13,Frameshift,3.96016724045499e-05
LY6G6D,18,Frameshift,1.387492080147377e-05
LY6G6F,35,Frameshift,1.7256780391316363e-05
LY6H,11,Frameshift,4.1804823001253154e-05
LY6K,27,Frameshift,3.0020610143176394e-05
LY75,188,Frameshift,2.1878823874692186e-05
LY86,22,Frameshift,2.2584425931092536e-05
LY9,67,Frameshift,3.202915187586016e-05
LY96,21,Frameshift,9.88192400180654e-06
LYAR,24,In-frame stop codon,8.02335809966141e-06
LYG1,17,Frameshift,7.186277756306618e-05
LYG2,23,Frameshift,2.551474552477615e-05
LYL1,7,Frameshift,1.5803857775928877e-05
LYN,5,Frameshift,4.055308958024851e-06
LYNX1,19,Frameshift,2.5440806956551673e-05
LYPD1,19,Frameshift,8.275274718267841e-06
LYPD2,13,Frameshift,2.5351510234350517e-05
LYPD3,33,In-frame stop codon,2.009437312910636e-05
LYPD4,21,Frameshift,1.1046651815091004e-05
LYPD5,22,In-frame stop codon,3.560490407283513e-05
LYPD6,21,In-frame stop codon,2.9061922577243227e-05
LYPD6B,24,Frameshift,1.4329045152321306e-05
LYPD8,3,In-frame stop codon,1.7111202240444168e-05
LYPLA1,24,Frameshift,1.0191932823415198e-05
LYPLA2,18,Frameshift,1.2177747549579397e-05
LYPLAL1,32,Frameshift,1.4662219885825384e-05
LYRM1,19,In-frame stop codon,1.2808040901457944e-05
LYRM2,21,In-frame stop codon,1.6392493072290464e-05
LYRM4,12,Frameshift,1.1127102945807642e-05
LYRM5,39,Frameshift,2.8603697760370676e-05
LYRM7,9,Splice donor,5.51194699326614e-06
LYRM9,15,Frameshift,1.2960531711548627e-05
LYSMD1,22,Frameshift,1.3613297573126864e-05
LYSMD2,20,Frameshift,6.778988412848498e-05
LYSMD3,34,Frameshift,9.345355024685939e-06
LYSMD4,40,In-frame stop codon,1.8605880070415807e-05
LYST,117,In-frame stop codon,8.264189840245341e-06
LYVE1,27,Frameshift,9.147917824767852e-06
LYZ,21,In-frame stop codon,2.4054240848261033e-05
LYZL1,26,In-frame stop codon,3.5527181069356564e-05
LYZL2,27,In-frame stop codon,0.0001315459682920581
LYZL4,10,Frameshift,3.0405903386415202e-05
LYZL6,15,In-frame stop codon,1.2229404601534287e-05
LZIC,21,Frameshift,8.917803581535087e-06
LZTFL1,19,Frameshift,9.168009762284281e-06
LZTR1,225,Frameshift,1.1739944589402677e-05
LZTS1,15,Frameshift,6.533634710365912e-06
LZTS2,30,Frameshift,3.270936753361456e-06
LZTS3,20,Frameshift,3.0967733019229874e-06
M1AP,50,Frameshift,5.641944994715891e-05
M6PR,20,Frameshift,1.3737965896912079e-05
MAATS1,67,Frameshift,1.2958360089916927e-05
MAB21L1,8,In-frame stop codon,7.990136034515403e-06
MAB21L2,9,In-frame stop codon,3.849553966255927e-06
MAB21L3,25,In-frame stop codon,2.434468460011714e-05
MACC1,104,Frameshift,1.52452889603357e-05
MACF1,186,Frameshift,2.4354421475165533e-05
MACROD1,28,Frameshift,1.541508523300216e-05
MACROD2,25,Splice donor,9.900628911890031e-06
MAD1L1,108,Frameshift,2.1825947869988454e-05
MAD2L1,12,Frameshift,3.69535652363124e-06
MAD2L1BP,31,Frameshift,1.1786786832725863e-05
MAD2L2,20,Frameshift,0.00048187430167440093
MADCAM1,58,Frameshift,0.008034528784509252
MADD,99,Frameshift,0.00039889450727237786
MAEA,31,In-frame stop codon,2.194037582820477e-05
MAEL,31,Frameshift,5.8277681332966545e-06
MAF,7,Frameshift,2.85333418067811e-06
MAF1,19,Frameshift,4.0713447756552655e-05
MAFA,19,Frameshift,5.5461596465814114e-05
MAFB,2,Splice donor,4.1487756146625075e-06
MAFF,7,In-frame stop codon,1.0416886372645662e-05
MAFG,1,Frameshift,0.0
MAFK,5,In-frame stop codon,8.077291649838569e-05
MAG,24,Frameshift,9.381756061195264e-06
MAGEA1,6,In-frame stop codon,5.460675638047647e-06
MAGEA10,13,Frameshift,6.386926458043631e-06
MAGEA11,9,Frameshift,1.3957411294854046e-05
MAGEA12,3,In-frame stop codon,1.8163027704066158e-06
MAGEA3,6,Frameshift,2.0868431042734052e-05
MAGEA4,1,Frameshift,7.604707313827259e-05
MAGEA6,5,In-frame stop codon,1.884442539158584e-05
MAGEA8,9,Frameshift,7.4755623059801704e-06
MAGEB1,9,In-frame stop codon,1.9275592516486922e-05
MAGEB16,24,Frameshift,0.023952955995901113
MAGEB17,18,Frameshift,2.2635559152001707e-05
MAGEB18,18,In-frame stop codon,1.543569343940452e-05
MAGEB2,26,Frameshift,1.198652868333709e-05
MAGEB3,2,Frameshift,1.3669841010067583e-05
MAGEB4,3,In-frame stop codon,1.887121214282932e-05
MAGEB5,11,Frameshift,1.0849488903173483e-05
MAGEB6,8,Frameshift,5.528092522124261e-06
MAGEC1,221,Frameshift,6.051993637331773e-05
MAGEC2,2,Frameshift,2.813905193906207e-06
MAGEC3,63,Frameshift,0.00029881427231320806
MAGED1,16,Frameshift,1.4997964982255822e-05
MAGED2,6,In-frame stop codon,4.1994731047494506e-06
MAGEE1,11,Frameshift,7.904532934636904e-06
MAGEE2,38,In-frame stop codon,0.004471829062795823
MAGEF1,22,Frameshift,0.000285433841205975
MAGEH1,4,In-frame stop codon,5.426916189769652e-06
MAGEL2,12,Frameshift,1.3464191723202811e-05
MAGI1,60,Frameshift,1.7472896191370786e-05
MAGI2,46,Frameshift,1.1500801708809392e-05
MAGI3,73,Frameshift,8.902183277939114e-06
MAGIX,29,In-frame stop codon,3.409799270962626e-05
MAGOH,2,Splice donor,3.985429307049349e-06
MAGOHB,13,Frameshift,1.0099375650431916e-05
MAGT1,4,Frameshift,6.569770001364264e-05
MAK,75,Frameshift,1.0312643958932464e-05
MAK16,7,Splice donor,1.3302263882997153e-05
MAL,14,Frameshift,5.351092282045566e-06
MAL2,17,Frameshift,0.05882246350653325
MALL,9,In-frame stop codon,1.3333803820470996e-05
MALRD1,158,Frameshift,0.0002869005617055143
MALSU1,47,Frameshift,1.7514707881029054e-05
MALT1,45,Frameshift,1.768611885736611e-05
MAMDC2,52,Frameshift,6.029736840350133e-06
MAMDC4,203,Frameshift,9.296268996728422e-05
MAML1,11,Frameshift,9.792845558706258e-06
MAML2,36,Frameshift,1.910465964842618e-05
MAML3,67,Frameshift,0.023539591214902192
MAMLD1,16,Frameshift,8.931476154758857e-06
MAMSTR,40,Frameshift,2.5336643414687593e-05
MAN1A1,34,Frameshift,2.2402632975511476e-05
MAN1A2,22,In-frame stop codon,1.1284963102041236e-05
MAN1B1,102,Frameshift,4.607179522607046e-05
MAN1C1,36,Frameshift,6.474533290013281e-06
MAN2A1,53,In-frame stop codon,7.887769647936416e-06
MAN2A2,81,Frameshift,2.6026932177713215e-05
MAN2B1,91,Frameshift,1.3590735056152151e-05
MAN2B2,98,Frameshift,1.9913860495625723e-05
MAN2C1,130,Frameshift,3.0216226538720203e-05
MANBA,72,Frameshift,1.4926260926611337e-05
MANBAL,10,Frameshift,7.132513726243492e-06
MANEA,51,Frameshift,0.010398063131114502
MANEAL,32,Frameshift,7.336162833212027e-06
MANF,20,Frameshift,7.593061185031344e-06
MANSC1,24,Frameshift,1.9084915072594534e-05
MANSC4,28,Frameshift,4.171355135137749e-05
MAOA,3,In-frame stop codon,3.6411964971689694e-06
MAOB,8,Frameshift,8.661797850561838e-06
MAP10,112,Frameshift,1.2369956843302672e-05
MAP1A,60,Frameshift,2.9877210103042917e-05
MAP1B,23,Frameshift,1.4739235932759172e-05
MAP1LC3A,17,Splice donor,4.061395114655248e-06
MAP1LC3B,20,Start codon lost,1.4330342122409335e-05
MAP1LC3B2,12,Frameshift,1.9885173682969245e-05
MAP1LC3C,10,Frameshift,1.4387063544378065e-05
MAP1S,70,Frameshift,0.00024904596349511554
MAP2,31,Frameshift,7.520664163994388e-05
MAP2K1,11,Frameshift,4.339442928567235e-06
MAP2K2,20,Frameshift,4.574094011707805e-06
MAP2K3,74,Frameshift,0.014071812720713145
MAP2K4,7,In-frame stop codon,1.945933182818671e-06
MAP2K5,36,Frameshift,1.5386804028854968e-05
MAP2K6,8,In-frame stop codon,6.9859689434247635e-06
MAP2K7,18,Frameshift,2.7246267112068243e-05
MAP3K1,33,Frameshift,3.4479475429523807e-05
MAP3K10,34,Frameshift,1.997543436156532e-05
MAP3K11,37,In-frame stop codon,9.464908682588982e-06
MAP3K12,15,Frameshift,1.2192962296157571e-05
MAP3K13,39,Frameshift,5.9946581877961225e-06
MAP3K14,2,Splice acceptor,0.0
MAP3K15,124,Frameshift,4.7628553785894744e-05
MAP3K19,96,In-frame stop codon,1.7794947840592576e-05
MAP3K2,14,Frameshift,9.139820826055197e-06
MAP3K3,11,Splice donor,4.725028577389178e-06
MAP3K4,38,Frameshift,6.156236165086437e-06
MAP3K5,43,In-frame stop codon,4.9691289166616215e-06
MAP3K6,114,Frameshift,4.500819958191676e-05
MAP3K7,13,In-frame stop codon,1.4196846506117082e-05
MAP3K7CL,31,In-frame stop codon,1.2508255001714627e-05
MAP3K8,15,Frameshift,7.455747389141006e-06
MAP3K9,47,Frameshift,9.546508502731726e-06
MAP4,110,Frameshift,0.0001845303191557649
MAP4K1,33,In-frame stop codon,3.6638291226986385e-05
MAP4K2,68,Frameshift,3.0492685624262455e-05
MAP4K3,38,Frameshift,7.188504714185965e-06
MAP4K4,36,In-frame stop codon,7.389841048608302e-06
MAP4K5,45,Frameshift,1.1850719053303548e-05
MAP6,29,Frameshift,4.743874751119904e-05
MAP6D1,18,In-frame stop codon,2.592472782290392e-05
MAP7,39,Frameshift,1.4887476117435918e-05
MAP7D1,31,Frameshift,1.283473308916265e-05
MAP7D2,28,Frameshift,1.7541001020856228e-05
MAP7D3,66,Frameshift,1.2194059943881965e-05
MAP9,101,Frameshift,3.390052713831335e-05
MAPK10,18,Splice donor,5.3297175570945755e-06
MAPK11,33,Frameshift,0.007679042728598785
MAPK12,52,Frameshift,5.410208267636946e-05
MAPK13,51,Frameshift,3.170685169104876e-05
MAPK14,13,In-frame stop codon,5.318771229823633e-06
MAPK15,131,Frameshift,0.0003172910478807718
MAPK1IP1L,3,Frameshift,3.984375379223732e-06
MAPK3,29,Frameshift,1.8906421051319795e-05
MAPK4,17,Frameshift,1.6998666015849922e-05
MAPK6,29,Frameshift,1.0881657422414365e-05
MAPK7,36,Frameshift,1.3096242882936743e-05
MAPK8,10,Frameshift,8.777612908395058e-06
MAPK8IP1,22,Frameshift,3.3686391905488194e-05
MAPK8IP2,33,Frameshift,0.03031558107259599
MAPK8IP3,29,Frameshift,0.00010640804982142556
MAPK9,28,Frameshift,1.3194428656511226e-05
MAPKAP1,21,Frameshift,2.490803269151104e-05
MAPKAPK2,14,Frameshift,1.6265954831835574e-05
MAPKAPK3,38,In-frame stop codon,1.2121083697237593e-05
MAPKAPK5,29,Frameshift,5.1353081901134855e-06
MAPKBP1,56,Frameshift,4.647796740065434e-06
MAPRE2,13,In-frame stop codon,1.1264208762238396e-05
MAPRE3,6,Frameshift,0.00010096445460666026
MAPT,62,Frameshift,0.0023447572075673585
MARC1,31,Frameshift,0.0001090881601738637
MARC2,27,Frameshift,9.035125187706736e-06
MARCH1,39,Frameshift,1.7738157929784456e-05
MARCH10,79,Frameshift,0.0031761558732825213
MARCH11,16,In-frame stop codon,1.5087678305443179e-05
MARCH2,8,In-frame stop codon,6.618607797642589e-06
MARCH3,13,Frameshift,6.742584281678364e-06
MARCH4,18,Frameshift,1.7627069549259668e-05
MARCH5,5,In-frame stop codon,3.286906227814204e-06
MARCH6,20,Frameshift,4.514806172011964e-06
MARCH7,25,In-frame stop codon,1.0021016199965839e-05
MARCH8,38,Frameshift,2.4695382826968605e-05
MARCH9,21,Frameshift,3.241474949174961e-05
MARCKS,17,Frameshift,0.011685622719600403
MARCKSL1,12,Frameshift,6.034170052093717e-06
MARCO,67,Frameshift,1.2763189066236769e-05
MARK1,26,Splice acceptor,7.013097744744169e-05
MARK2,35,Frameshift,1.4818370372610302e-05
MARK3,56,In-frame stop codon,1.0960164460911491e-05
MARK4,20,Frameshift,4.628529510614606e-06
MARS,88,Frameshift,9.990658805631528e-06
MARS2,42,Frameshift,1.334126750221392e-05
MARVELD1,5,Frameshift,8.52330095020746e-06
MARVELD2,50,In-frame stop codon,1.3383813733909152e-05
MARVELD3,67,Frameshift,1.1804939399633656e-05
MAS1,20,Frameshift,1.8142357927162105e-05
MAS1L,38,Frameshift,5.182558462186286e-05
MASP1,94,In-frame stop codon,1.3209773752698018e-05
MASP2,98,Frameshift,1.3224155014829419e-05
MAST1,27,Frameshift,3.912357584309565e-06
MAST2,128,Frameshift,9.282166164528335e-06
MAST3,33,In-frame stop codon,5.320383073132109e-06
MAST4,153,Frameshift,1.6677277817016384e-05
MASTL,58,Frameshift,1.361734748264345e-05
MAT1A,20,Frameshift,4.01384993899279e-06
MAT2A,21,Frameshift,3.253450618559934e-05
MAT2B,11,In-frame stop codon,1.1573296129964218e-05
MATK,46,Frameshift,0.00011967090266859078
MATN1,27,Frameshift,1.2489065815480035e-05
MATN2,93,Frameshift,0.004840898051406323
MATN3,33,Frameshift,0.00012263926365224927
MATN4,51,Frameshift,4.1243318709725174e-05
MATR3,34,Frameshift,2.3855200725613883e-05
MAU2,9,In-frame stop codon,7.900390893009715e-06
MAVS,42,Frameshift,2.0960550388118052e-05
MAX,23,In-frame stop codon,7.22038526686107e-06
MAZ,90,Frameshift,0.0004859423128527793
MB,8,Frameshift,4.476238590155549e-06
MB21D1,34,Frameshift,2.0784392627035928e-05
MB21D2,21,Frameshift,7.993396826187383e-06
MBD1,33,In-frame stop codon,8.710041150322693e-06
MBD2,30,Frameshift,0.0001405551190761526
MBD3,11,Frameshift,4.47049368412166e-06
MBD3L1,19,Frameshift,3.557679323664155e-05
MBD3L2,14,Frameshift,2.180546542088828e-05
MBD3L3,19,Frameshift,5.908490645912667e-05
MBD3L4,3,Frameshift,9.697517950785473e-05
MBD3L5,4,In-frame stop codon,5.171628602159719e-05
MBD4,62,Frameshift,7.270304354427342e-05
MBD5,10,Frameshift,6.4357152253557425e-06
MBD6,43,Frameshift,5.174917272971233e-05
MBIP,46,Frameshift,3.8589218760957285e-05
MBL2,18,Frameshift,4.439762087911542e-05
MBLAC1,18,Frameshift,1.2512806469562782e-05
MBLAC2,21,In-frame stop codon,1.9127053697157447e-05
MBNL1,13,Splice donor,5.9387354731495e-06
MBNL2,11,Frameshift,5.813533299025929e-06
MBNL3,4,In-frame stop codon,4.172332387539783e-06
MBOAT1,62,Frameshift,8.807721180563024e-06
MBOAT2,24,Frameshift,2.1078547806672288e-05
MBOAT4,33,In-frame stop codon,9.369169031363503e-05
MBOAT7,41,Frameshift,9.259697613202628e-06
MBP,45,Frameshift,0.0001442659636758957
MBTD1,6,Frameshift,1.4108752640127054e-05
MBTPS1,51,In-frame stop codon,1.0885370418650224e-05
MBTPS2,3,Frameshift,6.43403690269975e-06
MC1R,52,Frameshift,8.178294270886321e-05
MC2R,18,Frameshift,9.954413805857537e-06
MC3R,26,Frameshift,2.066099037038595e-05
MC4R,25,Frameshift,1.3053126039241866e-05
MC5R,25,Frameshift,1.591139092884503e-05
MCAM,54,Frameshift,1.8798788850834513e-05
MCAT,38,Frameshift,5.489402903594085e-05
MCC,92,Frameshift,2.2354621370829996e-05
MCCC1,66,Frameshift,7.911238561556581e-06
MCCC2,52,Frameshift,1.1476087352160978e-05
MCCD1,18,Frameshift,1.7813756287970106e-05
MCEE,16,Frameshift,2.2200493653580796e-05
MCF2,29,In-frame stop codon,0.00012316485098404407
MCF2L,116,Frameshift,0.005629205495284786
MCF2L2,115,Frameshift,3.4542307254854984e-05
MCFD2,19,Frameshift,2.0312336510523146e-05
MCHR1,32,Frameshift,9.245722810823958e-06
MCHR2,25,In-frame stop codon,4.5511950659036794e-05
MCIDAS,12,In-frame stop codon,9.995056673322863e-06
MCL1,10,Frameshift,0.0002293338978128722
MCM10,66,Frameshift,7.269462044738591e-06
MCM2,40,Frameshift,8.963213536785222e-06
MCM3,58,In-frame stop codon,3.1585860448083454e-05
MCM3AP,116,Frameshift,1.5807276121826155e-05
MCM4,51,Frameshift,1.1226240919513803e-05
MCM5,44,Frameshift,8.2596899740837e-06
MCM6,22,Frameshift,9.639942497095489e-06
MCM7,97,Frameshift,9.87104379513267e-06
MCM8,95,Frameshift,1.2347959819478224e-05
MCM9,76,In-frame stop codon,3.2748564501794185e-05
MCMBP,15,Frameshift,9.870566903470627e-06
MCMDC2,52,Frameshift,2.6814442790804732e-05
MCOLN1,39,In-frame stop codon,2.024521282129991e-05
MCOLN2,57,Frameshift,2.007087855374552e-05
MCOLN3,46,In-frame stop codon,1.4735812098388987e-05
MCPH1,91,Frameshift,2.4231731600628415e-05
MCRS1,36,Frameshift,7.645619173093596e-06
MCTP1,68,Frameshift,2.0552183371906176e-05
MCTP2,144,Frameshift,2.808586065804305e-05
MCTS1,4,Frameshift,2.4985758117872813e-06
MCU,22,Frameshift,0.00022176806534618648
MCUR1,46,Frameshift,5.1835361101749726e-05
MDC1,97,Frameshift,5.6544814522008224e-05
MDFI,15,Frameshift,9.15016370339081e-06
MDFIC,20,Frameshift,4.3205157394077e-05
MDGA1,40,Frameshift,1.6046746948431887e-05
MDGA2,30,In-frame stop codon,0.0002031681271260859
MDH1,16,Frameshift,1.0170397451880676e-05
MDH1B,49,In-frame stop codon,1.1237710013975959e-05
MDH2,23,Frameshift,1.4589930660630069e-05
MDK,18,Frameshift,7.434780930795955e-06
MDM2,15,Splice donor,1.3953680139642718e-05
MDM4,19,Splice donor,2.778996625439956e-05
MDN1,181,Frameshift,8.428991087565396e-06
MDP1,24,Frameshift,0.004354557054949888
ME1,57,Frameshift,0.00010163756571175498
ME2,57,Frameshift,9.643224209361266e-06
ME3,46,Frameshift,1.0059714902330671e-05
MEA1,28,Frameshift,6.345370363871789e-06
MEAF6,14,Frameshift,1.1282953632798211e-05
MECOM,13,Frameshift,6.738890283814056e-06
MECP2,15,Frameshift,5.234259958827652e-05
MECR,32,In-frame stop codon,7.662260844243254e-06
MED1,20,Frameshift,4.701782080273929e-06
MED10,11,Frameshift,1.2016007758192394e-05
MED11,18,In-frame stop codon,1.4242972548681557e-05
MED12,14,In-frame stop codon,3.956363431848939e-06
MED12L,38,In-frame stop codon,8.561054139962417e-06
MED13,16,Frameshift,1.284298594088901e-05
MED13L,28,Splice acceptor,6.652034456320259e-05
MED14,5,Frameshift,5.983816018992509e-06
MED14-AS1,1,Splice donor,1.0404852823356814e-05
MED15,33,Frameshift,0.0004940035940665728
MED16,134,Frameshift,0.00033149521496206113
MED17,56,Frameshift,1.3280918308153552e-05
MED18,13,Frameshift,1.1551927883901079e-05
MED19,5,Frameshift,4.454229021166616e-06
MED20,26,Frameshift,7.568218050552441e-06
MED21,18,Frameshift,1.3428777914453232e-05
MED22,28,Frameshift,1.0222214448421733e-05
MED23,88,Frameshift,8.540672389961143e-06
MED24,62,In-frame stop codon,1.0157292702734491e-05
MED25,72,Frameshift,8.459840925616105e-06
MED26,17,In-frame stop codon,0.014756497366118377
MED27,28,Frameshift,1.004472803154597e-05
MED28,24,Frameshift,6.423393153521592e-06
MED29,28,Frameshift,8.176629009767533e-06
MED30,7,Frameshift,1.85454264261317e-05
MED31,19,Frameshift,3.573263726098811e-05
MED4,23,Frameshift,0.0017935678566534377
MED6,19,Frameshift,5.952662932557113e-06
MED7,10,In-frame stop codon,1.0877092317141239e-05
MED8,24,In-frame stop codon,7.01575432116226e-05
MED9,6,Frameshift,1.3372672185594365e-05
MEDAG,33,Frameshift,2.336356282597235e-05
MEF2A,29,Frameshift,2.060526147864175e-05
MEF2B,27,Frameshift,4.744468550586716e-05
MEF2BNB,15,Frameshift,8.692944647028299e-06
MEF2C,23,In-frame stop codon,9.026228077151139e-06
MEF2D,12,Frameshift,1.1594233227163633e-05
MEFV,82,Frameshift,9.971979004837683e-06
MEGF10,41,Frameshift,9.578885663287033e-06
MEGF11,144,In-frame stop codon,1.8575854614562275e-05
MEGF6,188,Frameshift,1.944394486407496e-05
MEGF8,142,Frameshift,9.207087044980971e-06
MEGF9,26,Frameshift,2.2350449413841764e-05
MEI1,95,Frameshift,9.089615251360342e-06
MEI4,7,Frameshift,8.766959453858846e-05
MEIG1,12,Frameshift,7.974850600031362e-06
MEIOB,51,Frameshift,1.2651113706628505e-05
MEIS1,34,Frameshift,0.007729310757730472
MEIS2,12,Frameshift,6.13281734484877e-06
MEIS3,67,Frameshift,0.0005377355065872018
MELK,99,Frameshift,1.8254527644711738e-05
MEMO1,9,Splice acceptor,0.0009290457473347676
MEN1,11,Frameshift,9.481880700893194e-06
MEOX1,27,In-frame stop codon,7.752674721896101e-06
MEOX2,15,Frameshift,0.00031231245899217215
MEP1A,49,In-frame stop codon,7.095780037013099e-06
MEP1B,84,In-frame stop codon,2.3463290961867822e-05
MEPCE,13,Frameshift,5.833253658064143e-05
MEPE,53,Frameshift,3.292520052301809e-05
MERTK,91,Frameshift,9.293849595419284e-06
MESDC1,13,Frameshift,4.392381361054317e-06
MESDC2,30,Frameshift,5.2481806112574e-05
MESP1,39,Frameshift,0.001756067298321735
MESP2,51,Frameshift,7.655982306701181e-05
MEST,18,Frameshift,4.223577996609833e-06
MET,36,Splice acceptor,0.0013241444806252215
METAP1,14,Splice acceptor,2.0016384070057238e-05
METAP1D,40,Frameshift,2.291680502791386e-05
METAP2,19,In-frame stop codon,1.3152454918231476e-05
METRN,33,Frameshift,0.008307026851215411
METRNL,10,Frameshift,1.6067225058975417e-05
METTL1,22,In-frame stop codon,1.385656759030858e-05
METTL10,41,Frameshift,1.654168332230011e-05
METTL11B,14,Frameshift,2.3440834404695582e-05
METTL12,36,Frameshift,8.780911364283494e-05
METTL13,53,Frameshift,9.622693463805966e-06
METTL14,30,In-frame stop codon,1.529051483194911e-05
METTL15,53,Frameshift,1.645533165224046e-05
METTL16,21,In-frame stop codon,8.564208583180445e-06
METTL17,68,Frameshift,0.005164097998009124
METTL18,29,Frameshift,8.28008743534853e-06
METTL20,34,Frameshift,0.00016510218792810955
METTL21A,31,Frameshift,5.755365687690408e-05
METTL21B,33,Frameshift,1.2179421570255606e-05
METTL21C,41,Frameshift,2.558582132855762e-05
METTL22,78,In-frame stop codon,0.006447428931961914
METTL23,43,Frameshift,1.0313929801706805e-05
METTL24,23,In-frame stop codon,5.294052948389966e-05
METTL25,74,Frameshift,1.0926436988203014e-05
METTL2A,53,Frameshift,3.26712549318019e-05
METTL2B,50,Frameshift,1.9713252452082513e-05
METTL3,34,Frameshift,2.3357459869294666e-05
METTL4,40,Frameshift,1.46746051001129e-05
METTL5,21,Splice acceptor,9.176012660415147e-06
METTL6,40,In-frame stop codon,4.745718800269175e-05
METTL7A,21,Frameshift,1.710646244506583e-05
METTL7B,15,Frameshift,0.0002432264778379733
METTL8,47,Frameshift,0.02129832902284238
METTL9,27,Frameshift,3.5560132560334344e-05
MEX3A,5,Frameshift,6.817977990444156e-05
MEX3B,23,Frameshift,1.0954570908940703e-05
MEX3C,14,Frameshift,6.812522347449363e-05
MEX3D,22,Frameshift,0.00010819363168774694
MFAP1,12,In-frame stop codon,4.652544333531721e-06
MFAP2,12,Splice acceptor,9.575895801615328e-06
MFAP3,29,Frameshift,9.344452442959707e-06
MFAP3L,11,Frameshift,3.984273262687626e-06
MFAP4,25,Frameshift,8.497119996511852e-05
MFAP5,25,Frameshift,1.1229734203931908e-05
MFF,53,Splice donor,0.0001091769590793
MFGE8,40,Frameshift,2.7574458804313152e-05
MFHAS1,46,Frameshift,7.9333542261729e-06
MFI2,88,Frameshift,2.2959492818783806e-05
MFN1,74,Frameshift,4.934802595051948e-06
MFN2,30,Frameshift,4.664541322410602e-06
MFNG,50,Frameshift,1.8826366955563008e-05
MFRP,78,Frameshift,1.4292740419250423e-05
MFSD1,69,Splice acceptor,0.00014719166191824596
MFSD11,45,Frameshift,1.203776106219728e-05
MFSD12,93,Frameshift,1.7928320070126136e-05
MFSD2A,22,Frameshift,1.1228536165140457e-05
MFSD2B,51,Frameshift,1.8273139420566678e-05
MFSD6,38,Frameshift,6.977185738504945e-06
MFSD6L,47,Frameshift,3.804170792441278e-05
MFSD7,86,Frameshift,0.00010148044912385114
MFSD8,42,In-frame stop codon,7.875831415610344e-06
MGA,52,Frameshift,5.2334547706374855e-06
MGAM,226,Frameshift,2.0790706016962157e-05
MGARP,26,Frameshift,1.998438288076791e-05
MGAT1,12,Frameshift,7.330847488188937e-06
MGAT2,24,Frameshift,6.693665220625314e-06
MGAT3,31,Frameshift,1.0187657313655719e-05
MGAT4A,33,Frameshift,8.223555258623962e-06
MGAT4B,50,In-frame stop codon,2.2177235740371076e-05
MGAT4C,29,Frameshift,9.153053731958504e-06
MGAT5,15,Frameshift,6.899913231547713e-06
MGAT5B,39,Frameshift,6.370772633772692e-06
MGEA5,24,Frameshift,8.570280361438217e-06
MGLL,19,In-frame stop codon,7.835041026834884e-06
MGME1,36,Frameshift,2.395342377429703e-05
MGMT,29,In-frame stop codon,1.497445256369786e-05
MGP,20,Frameshift,1.3730461855937064e-05
MGRN1,40,Frameshift,1.2142511965889086e-05
MGST1,11,Frameshift,0.00010909732988714579
MGST2,14,Frameshift,9.346367583093708e-05
MGST3,17,Splice acceptor,0.03962027016186511
MIA,17,Splice donor,1.1952013419408141e-05
MIA2,43,Frameshift,3.7012055088770884e-05
MIA3,73,Frameshift,1.1756892139629603e-05
MIB1,231,Frameshift,9.310964855993762e-06
MIB2,90,Frameshift,0.009724987500515047
MICA,34,Frameshift,0.023652197267067156
MICAL1,119,Frameshift,2.9351935303611057e-05
MICAL2,60,Frameshift,0.000156448956128311
MICAL3,96,Frameshift,1.0645729390748535e-05
MICALL1,55,Frameshift,7.616649681634877e-06
MICALL2,107,Frameshift,1.29351258040769e-05
MICB,56,Frameshift,0.00011151886434091216
MICU1,48,Frameshift,1.1096499609254495e-05
MICU2,71,Frameshift,5.5093174921940033e-05
MICU3,64,Frameshift,0.001874273949305819
MID1,10,In-frame stop codon,7.3339966765853665e-06
MID1IP1,1,Start codon lost,6.5789906512542845e-06
MID2,10,In-frame stop codon,6.008349463110169e-06
MIDN,16,Frameshift,1.2905877355623274e-05
MIEF1,18,Frameshift,1.4067598742570143e-05
MIEF2,30,In-frame stop codon,4.381781387859668e-05
MIEN1,13,Frameshift,0.00011044638335143682
MIER1,40,Frameshift,1.2279620115925017e-05
MIER2,26,Frameshift,1.1339365429399063e-05
MIER3,17,Frameshift,0.000799660667412724
MIF,13,Frameshift,1.563277831676301e-05
MIF4GD,46,Frameshift,1.8530494687249786e-05
MIIP,59,Frameshift,2.84970558169559e-05
MILR1,8,Frameshift,0.00034134503430321083
MINA,52,Frameshift,2.0835155946063384e-05
MINK1,35,Frameshift,0.00010560860991847008
MINOS1,3,Start codon lost,2.9528005676953627e-05
MINPP1,27,Frameshift,3.636416317147285e-06
MIOS,43,In-frame stop codon,8.710849987367156e-06
MIOX,50,In-frame stop codon,1.6376856677051512e-05
MIP,16,Frameshift,1.6920429686300654e-05
MIPEP,74,Frameshift,1.0599266072216485e-05
MIPOL1,56,Frameshift,1.6321954288200122e-05
MIS12,9,Frameshift,2.8636856294969015e-05
MIS18A,14,Frameshift,1.0745840230294353e-05
MIS18BP1,81,Frameshift,0.0005653782873913766
MISP,51,Frameshift,1.2992891799804875e-05
MITD1,24,In-frame stop codon,1.0823523781229977e-05
MITF,19,In-frame stop codon,1.3695533189630202e-05
MIXL1,16,Frameshift,8.142950619111367e-05
MKI67,154,Frameshift,1.218564514340729e-05
MKKS,44,Frameshift,1.47495454226806e-05
MKL1,36,Frameshift,1.925447051508149e-05
MKL2,45,Frameshift,0.00021698117347789447
MKLN1,20,Frameshift,0.0002865055217087486
MKNK1,55,In-frame stop codon,4.7456647606829193e-05
MKNK2,63,Frameshift,1.1113727391879023e-05
MKRN1,21,Frameshift,1.010539636722806e-05
MKRN2,28,Frameshift,4.4089173636167414e-06
MKRN3,32,Frameshift,7.69444244553253e-06
MKS1,68,Frameshift,1.2058411774977152e-05
MKX,12,Frameshift,1.3787420982625269e-05
MLANA,17,In-frame stop codon,7.83943058358375e-05
MLC1,39,Frameshift,1.0181831525004364e-05
MLEC,11,Frameshift,1.3576582798177351e-05
MLF1,51,Frameshift,1.8385090359172758e-05
MLF2,17,Frameshift,6.646143056308017e-05
MLH1,28,Splice acceptor,0.00012481476817503807
MLH3,103,Frameshift,2.4988472129833745e-05
MLIP,76,Frameshift,1.894034290328239e-05
MLK4,60,Frameshift,2.288888601683355e-05
MLKL,56,In-frame stop codon,0.0001655557484728212
MLLT1,8,Frameshift,6.666748136157654e-05
MLLT10,47,Frameshift,1.1502650578485182e-05
MLLT11,1,Frameshift,7.963051441312312e-06
MLLT3,9,Frameshift,1.6513859022912325e-05
MLLT4,44,In-frame stop codon,4.4218666196125665e-05
MLLT6,43,Frameshift,0.00034150442870241966
MLN,9,Frameshift,2.3422976533379405e-05
MLNR,50,Frameshift,0.0001947136640347814
MLPH,57,Frameshift,0.0014865149724267524
MLST8,34,Frameshift,1.0526279249174025e-05
MLTK,51,Frameshift,1.0962808721718153e-05
MLX,15,Frameshift,1.3857991907095592e-05
MLXIP,34,Frameshift,0.0003203502069449968
MLXIPL,54,Frameshift,7.152628563080062e-06
MLYCD,41,Frameshift,2.258747912188085e-05
MMAA,32,In-frame stop codon,1.4483419345102044e-05
MMAB,21,Frameshift,1.265394240350108e-05
MMACHC,59,Frameshift,5.879888560492379e-05
MMADHC,28,In-frame stop codon,1.6746469486316223e-05
MMD,13,In-frame stop codon,9.252653314763888e-06
MMD2,35,In-frame stop codon,1.2358723232258859e-05
MME,67,In-frame stop codon,1.4388596689290475e-05
MMEL1,93,Frameshift,9.6683950097009e-06
MMGT1,9,Frameshift,1.6045522629314645e-05
MMP1,44,In-frame stop codon,0.0003189487289633264
MMP10,59,Frameshift,0.000296594909997083
MMP11,33,Frameshift,1.642032678830234e-05
MMP12,17,Splice acceptor,5.111173025157017e-06
MMP13,58,Frameshift,2.09457903632662e-05
MMP14,16,In-frame stop codon,8.384045027995919e-05
MMP15,34,In-frame stop codon,3.5754833522956904e-05
MMP16,17,Frameshift,0.00020429790029635186
MMP17,70,Frameshift,1.2325446400822499e-05
MMP19,68,In-frame stop codon,7.939505634306739e-05
MMP2,25,Frameshift,8.50418410058509e-06
MMP20,45,In-frame stop codon,3.40792215187555e-05
MMP21,47,Frameshift,5.656826402550187e-05
MMP23B,30,Frameshift,0.0002661569657503505
MMP24,20,Frameshift,0.008020516721397922
MMP24-AS1,5,Splice acceptor,5.7629176269912756e-05
MMP25,54,In-frame stop codon,1.8083697572926458e-05
MMP26,26,In-frame stop codon,1.076522811773413e-05
MMP27,62,Frameshift,2.5419547987617047e-05
MMP28,39,Frameshift,0.026376700257791732
MMP3,58,Frameshift,0.002377716021333766
MMP7,33,In-frame stop codon,1.1363936534107963e-05
MMP8,58,In-frame stop codon,0.00033732275702742857
MMP9,70,Frameshift,3.0385078415027958e-05
MMRN1,90,Frameshift,1.6727388930135278e-05
MMRN2,65,Frameshift,1.576339530780379e-05
MMS19,75,Frameshift,7.051537349184959e-06
MMS22L,65,Frameshift,7.29383565972904e-06
MN1,30,Frameshift,1.0375536284991863e-05
MNAT1,31,In-frame stop codon,8.259722003185654e-06
MND1,31,Frameshift,1.0834537859635705e-05
MNDA,53,Frameshift,3.798703147199281e-05
MNS1,72,Frameshift,3.309907796871202e-05
MNT,13,Frameshift,6.788602351047267e-05
MNX1,24,Frameshift,3.193257843396083e-05
MOAP1,40,Frameshift,1.045339729517896e-05
MOB1A,9,Frameshift,1.6194956243473786e-05
MOB1B,20,Frameshift,1.7414937043781232e-05
MOB2,14,In-frame stop codon,5.749275544436563e-06
MOB3A,21,Frameshift,9.62238880416979e-06
MOB3B,9,In-frame stop codon,7.967035586470348e-06
MOB3C,24,Frameshift,0.023089469842520444
MOB4,4,In-frame stop codon,2.0936961491736166e-06
MOBP,10,Frameshift,1.1588990187924374e-05
MOCOS,64,Frameshift,2.5131949903163947e-05
MOCS1,55,Frameshift,1.682768669452466e-05
MOCS2,36,Frameshift,1.531905177021589e-05
MOCS3,37,Frameshift,1.0655902365566097e-05
MOG,26,Frameshift,0.0008915034234242097
MOGAT1,35,Frameshift,0.00044626114885345863
MOGAT2,19,In-frame stop codon,5.6360902360733914e-05
MOGAT3,48,In-frame stop codon,2.6871020189040947e-05
MOGS,81,Frameshift,3.306240733786353e-05
MOK,82,Frameshift,0.0013974824679450948
MON1A,50,Frameshift,8.54403187642012e-06
MON1B,20,Frameshift,5.584475074519491e-06
MON2,55,Frameshift,8.169679593736714e-06
MORC1,53,Frameshift,2.9021344702805496e-05
MORC2,17,In-frame stop codon,1.8447955017129683e-05
MORC3,22,Frameshift,9.793278657904554e-06
MORC4,19,Frameshift,4.4808957034821016e-05
MORF4L1,15,Frameshift,1.4285947243904332e-05
MORF4L2,1,Frameshift,5.480983726959315e-06
MORN1,67,Frameshift,2.6649465055718194e-05
MORN2,13,Frameshift,2.375512269462803e-05
MORN3,38,In-frame stop codon,1.3550489629182648e-05
MORN4,23,In-frame stop codon,0.010924989993719998
MORN5,19,Frameshift,6.503695615127424e-06
MOS,15,Frameshift,9.983337454454224e-06
MOSPD1,1,Start codon lost,4.610419548178884e-05
MOSPD2,10,Splice acceptor,2.64831921293447e-05
MOSPD3,21,Frameshift,8.63180597495534e-06
MOV10,35,In-frame stop codon,9.277637180365782e-06
MOV10L1,91,Frameshift,1.1935430144875246e-05
MOXD1,61,In-frame stop codon,3.9116419306246384e-05
MPC1,10,Frameshift,4.1347848155101725e-06
MPC2,9,Frameshift,1.0812364025873516e-05
MPDU1,45,Frameshift,1.2061684853331184e-05
MPDZ,197,Frameshift,1.0351915005140764e-05
MPEG1,68,Frameshift,1.5799911838519247e-05
MPG,51,Frameshift,3.7338938878490456e-05
MPHOSPH10,32,Frameshift,1.2100804297414586e-05
MPHOSPH6,23,Splice donor,1.0275913168617265e-05
MPHOSPH8,76,Frameshift,7.869351805805698e-06
MPHOSPH9,72,Frameshift,1.0259711087025928e-05
MPI,72,Frameshift,1.1598368516608627e-05
MPL,60,Frameshift,1.8067238233883543e-05
MPLKIP,30,Frameshift,7.285622420338732e-06
MPND,52,Frameshift,0.0018526462217253598
MPO,80,Frameshift,8.029344726500605e-05
MPP1,10,Frameshift,1.1448977840703106e-05
MPP2,53,Frameshift,0.01687303452242352
MPP3,49,Frameshift,1.0154552607756212e-05
MPP4,85,Frameshift,1.7121078680353436e-05
MPP5,30,Frameshift,1.5677151147646288e-05
MPP6,16,Frameshift,7.371903654773795e-06
MPP7,57,Frameshift,7.456549289962215e-06
MPPE1,57,Frameshift,3.7613726766377555e-05
MPPED1,14,In-frame stop codon,2.4695878193218988e-05
MPPED2,4,Frameshift,1.9936852275626304e-05
MPRIP,61,Frameshift,0.002450786807519462
MPST,35,Frameshift,2.0044526653892378e-05
MPV17,55,Frameshift,0.018232592613477802
MPV17L,26,Frameshift,1.19151789628722e-05
MPV17L2,24,In-frame stop codon,1.2772528009308121e-05
MPZ,13,Frameshift,8.421184503390569e-06
MPZL1,12,Frameshift,4.984561322575707e-06
MPZL2,37,Frameshift,5.78742333966213e-05
MPZL3,28,Splice donor,5.594884559935622e-05
MR1,47,In-frame stop codon,1.2537775042593015e-05
MRAP,27,Frameshift,1.6838204175106815e-05
MRAP2,18,Frameshift,9.335159714171155e-06
MRAS,4,Splice donor,1.2108110778608603e-05
MRC1,12,In-frame stop codon,1.7014997102854358e-05
MRC2,71,Frameshift,1.2209112304291993e-05
MRE11A,57,Frameshift,0.008733674730092367
MREG,28,In-frame stop codon,2.0879992781989614e-05
MRFAP1,3,Frameshift,5.8779754770703564e-06
MRFAP1L1,11,Frameshift,5.0715484490922634e-06
MRGBP,10,Frameshift,5.542114809083553e-06
MRGPRD,26,Frameshift,1.4074922588972508e-05
MRGPRE,18,In-frame stop codon,2.598200313393787e-05
MRGPRF,30,Frameshift,9.461062532576266e-05
MRGPRG,17,In-frame stop codon,3.901230866968893e-05
MRGPRX1,26,Frameshift,1.5569328403562322e-05
MRGPRX2,22,Frameshift,7.283030504321295e-06
MRGPRX3,31,Frameshift,0.0018555665295781937
MRGPRX4,22,Frameshift,1.9530737754392355e-05
MRI1,47,Frameshift,2.1926098176120214e-05
MRM1,32,Frameshift,1.6294501721394523e-05
MRO,32,Frameshift,0.0002923080634121358
MROH1,33,Frameshift,1.2149198926918612e-05
MROH2A,125,Frameshift,0.0014009900212513685
MROH2B,157,Frameshift,0.0015753168719219949
MROH5,151,Frameshift,0.008455114718836585
MROH6,116,Frameshift,0.001731289916776887
MROH7,132,Frameshift,1.9542910234425217e-05
MROH8,106,Frameshift,9.323984456142774e-05
MROH9,76,Frameshift,1.3296921349391438e-05
MRP63,15,Frameshift,1.474690647160941e-05
MRPL1,34,Frameshift,1.4055470132287386e-05
MRPL10,22,Frameshift,3.0348068591486598e-05
MRPL11,20,Splice acceptor,1.2521214366660827e-05
MRPL12,11,In-frame stop codon,7.283302757179297e-06
MRPL13,24,Splice acceptor,6.099909151431687e-06
MRPL14,13,Frameshift,6.44807074537925e-06
MRPL15,34,Frameshift,2.125965947521031e-05
MRPL16,25,Frameshift,1.2605241478484272e-05
MRPL17,14,Frameshift,1.797360157365869e-05
MRPL18,15,In-frame stop codon,8.776387853579711e-06
MRPL19,40,Frameshift,0.0009199964018289522
MRPL2,41,Frameshift,1.1999431881586984e-05
MRPL20,34,Frameshift,8.863140943746432e-06
MRPL21,44,Frameshift,0.0003164060222814639
MRPL22,28,Frameshift,8.827725175235989e-06
MRPL23,34,Frameshift,1.437428743653166e-05
MRPL24,18,In-frame stop codon,1.758633885579961e-05
MRPL27,14,Frameshift,0.030532321952348694
MRPL28,56,Frameshift,0.002363931126216571
MRPL3,50,Frameshift,2.41840461393011e-05
MRPL30,13,Frameshift,7.220986537217877e-06
MRPL32,24,In-frame stop codon,9.00177059744985e-05
MRPL33,13,Frameshift,7.356130331838331e-06
MRPL34,27,In-frame stop codon,1.6459810342175522e-05
MRPL35,29,Frameshift,7.590924402527277e-06
MRPL36,13,Frameshift,2.1161384933714474e-05
MRPL37,55,Frameshift,1.5017801731018155e-05
MRPL38,33,Frameshift,1.1693072574795e-05
MRPL39,35,Frameshift,8.732553889433337e-05
MRPL4,60,Frameshift,0.0016293950392009362
MRPL40,20,Frameshift,1.380154113767873e-05
MRPL41,9,Frameshift,5.307933297443108e-06
MRPL42,14,Frameshift,8.886356043509616e-06
MRPL43,40,In-frame stop codon,1.972779494152835e-05
MRPL44,30,In-frame stop codon,1.0958150835886639e-05
MRPL45,23,Frameshift,2.827488524140747e-05
MRPL46,24,In-frame stop codon,1.5619723800599633e-05
MRPL47,35,Frameshift,1.4509305501779259e-05
MRPL48,22,Frameshift,1.6623478023073744e-05
MRPL49,36,In-frame stop codon,9.342401689506578e-06
MRPL50,15,In-frame stop codon,1.0642127004934212e-05
MRPL51,13,Frameshift,5.92035086089557e-06
MRPL52,33,In-frame stop codon,8.954695508067503e-06
MRPL53,8,Frameshift,1.2981977775369571e-05
MRPL54,17,Frameshift,1.6124531931777566e-05
MRPL55,14,In-frame stop codon,1.4610323898647865e-05
MRPL9,50,Frameshift,1.0370996915493552e-05
MRPS10,25,In-frame stop codon,9.068657157715116e-06
MRPS11,22,In-frame stop codon,7.458538734303376e-06
MRPS12,20,Frameshift,6.895199382909753e-06
MRPS14,12,In-frame stop codon,1.1029723042539131e-05
MRPS15,32,Frameshift,2.2944788380608964e-05
MRPS16,21,Frameshift,1.679998153246542e-05
MRPS17,8,In-frame stop codon,1.196169270618552e-05
MRPS18A,30,In-frame stop codon,9.492620737808246e-05
MRPS18B,35,Frameshift,1.1370718901571829e-05
MRPS18C,20,Frameshift,2.0966345972327622e-05
MRPS2,29,Frameshift,9.675596053570822e-06
MRPS21,9,In-frame stop codon,1.0623070390247884e-05
MRPS22,46,Frameshift,1.2432490463902365e-05
MRPS23,23,In-frame stop codon,1.5608247290861545e-05
MRPS24,14,In-frame stop codon,9.100435319460376e-06
MRPS25,19,Frameshift,6.615895733454826e-06
MRPS26,27,Frameshift,5.652139923336754e-06
MRPS27,38,In-frame stop codon,6.811317628337275e-06
MRPS28,34,Frameshift,2.6370364345841214e-05
MRPS30,42,Frameshift,1.3389270650322453e-05
MRPS31,27,Frameshift,1.5443931494050995e-05
MRPS33,9,In-frame stop codon,1.4591214972054658e-05
MRPS34,25,Frameshift,3.03098983690936e-05
MRPS35,43,Frameshift,6.42382222568673e-06
MRPS36,14,Splice acceptor,1.3862706809539549e-05
MRPS5,26,Frameshift,8.074382444568426e-06
MRPS6,13,Frameshift,1.554972888979237e-05
MRPS7,37,Frameshift,6.82733159443708e-05
MRPS9,40,Frameshift,6.2032047705512875e-06
MRRF,33,Frameshift,3.1886709923708625e-05
MRS2,51,Frameshift,1.9238795929993264e-05
MRTO4,6,Splice acceptor,1.3586137520768429e-05
MRVI1,64,Frameshift,0.0038775717596962076
MS4A1,27,In-frame stop codon,9.347674898761496e-06
MS4A10,31,Splice acceptor,1.1872265251782823e-05
MS4A12,31,Frameshift,0.015623772441717705
MS4A13,18,Frameshift,7.464323803776624e-06
MS4A14,74,Frameshift,0.017532349545921033
MS4A15,27,Frameshift,1.0885934517878617e-05
MS4A18,34,Frameshift,6.963196825156653e-05
MS4A2,35,Frameshift,0.00011510429135877356
MS4A3,18,Frameshift,1.36801308148525e-05
MS4A4A,24,Frameshift,1.4958142656304534e-05
MS4A4E,25,In-frame stop codon,8.062433505691336e-06
MS4A5,24,Frameshift,0.0001609207865211107
MS4A6A,54,Frameshift,0.00012074475244829009
MS4A6E,19,Frameshift,1.507659822342311e-05
MS4A7,27,Frameshift,5.320039899345865e-05
MS4A8,25,Frameshift,6.372690727279377e-06
MSANTD1,24,Frameshift,1.704539115022638e-05
MSANTD2,14,Frameshift,8.809875319800486e-06
MSANTD3,15,Frameshift,1.0648536806183374e-05
MSANTD4,11,In-frame stop codon,9.056035491225885e-06
MSC,15,Frameshift,8.657225808897334e-06
MSGN1,13,Frameshift,4.667778564530793e-06
MSH2,42,Frameshift,1.1849046222984543e-05
MSH3,142,Frameshift,2.1057743158062095e-05
MSH4,86,In-frame stop codon,1.0890149422267164e-05
MSH5,69,Frameshift,2.5695945000620142e-05
MSH6,112,Frameshift,4.652442051792451e-05
MSI1,6,Frameshift,2.6694298141506924e-06
MSI2,18,Frameshift,1.1569608939765363e-05
MSL1,21,Frameshift,2.040468440646607e-05
MSL2,6,In-frame stop codon,2.6520960674467262e-06
MSL3,8,Frameshift,1.4110260202951063e-05
MSLN,111,Frameshift,2.5144039087272256e-05
MSMB,15,Frameshift,1.4055587394261207e-05
MSMO1,16,Frameshift,9.968727502732119e-06
MSMP,13,Frameshift,4.329956821183777e-06
MSN,5,In-frame stop codon,1.0959444575348922e-06
MSR1,64,In-frame stop codon,0.0043165162173075524
MSRA,65,In-frame stop codon,2.8797293511153535e-05
MSRB1,35,Frameshift,2.190962177183413e-05
MSRB2,19,In-frame stop codon,1.4458540265976934e-05
MSRB3,27,Frameshift,1.8035280646503598e-05
MSS51,55,Frameshift,9.298052561502548e-05
MST1,130,Frameshift,0.0004724586133380976
MST1R,147,Frameshift,2.417100432593286e-05
MST4,7,In-frame stop codon,2.0910147498070857e-05
MSTN,9,Frameshift,1.1530272722737956e-05
MSTO1,69,Frameshift,2.2571674790022956e-05
MSX1,14,Frameshift,1.6434632270542528e-05
MSX2,5,In-frame stop codon,1.5875516389626714e-05
MT1A,11,In-frame stop codon,5.423290022555432e-06
MT1B,9,In-frame stop codon,4.994101339258741e-05
MT1E,16,In-frame stop codon,1.1787529909342762e-05
MT1F,13,In-frame stop codon,1.866943236986288e-05
MT1G,11,Frameshift,0.017369204523343725
MT1H,15,Frameshift,5.213095949045478e-05
MT1HL1,12,In-frame stop codon,2.221599179866253e-05
MT1M,9,In-frame stop codon,1.0193451679600056e-05
MT1X,11,Frameshift,4.772552876055563e-05
MT2A,19,Frameshift,8.59189796727334e-06
MT3,21,Frameshift,2.1070222948882886e-05
MT4,12,In-frame stop codon,5.754579830426267e-05
MTA1,33,Frameshift,6.33297907626049e-05
MTA2,20,Splice donor,4.153303420475396e-05
MTA3,35,Frameshift,1.3355180365671874e-05
MTAP,45,Frameshift,1.0649263933758591e-05
MTBP,88,Frameshift,1.001310504638431e-05
MTCH1,24,In-frame stop codon,0.003176505338393216
MTCH2,20,Splice acceptor,0.011301080553214521
MTCP1,1,In-frame stop codon,5.499309836615505e-06
MTDH,18,Frameshift,7.245990811977876e-06
MTERF,36,Frameshift,4.02167352557038e-05
MTERFD1,36,Frameshift,2.3318553892041583e-05
MTERFD2,61,Frameshift,0.0016453543641179152
MTERFD3,32,Frameshift,3.0015674175232977e-05
MTF1,13,In-frame stop codon,4.908964024045981e-06
MTF2,28,Splice acceptor,8.488373768836643e-05
MTFMT,42,In-frame stop codon,1.3843108473933006e-05
MTFP1,20,Frameshift,0.0001250331577754568
MTFR1,38,Frameshift,1.2002849098295492e-05
MTFR1L,26,Frameshift,1.730158354944754e-05
MTFR2,40,Frameshift,2.1904787101461772e-05
MTG1,33,Frameshift,1.9080247873681955e-05
MTG2,30,Frameshift,6.713371719999865e-05
MTHFD1,47,Frameshift,3.43684663801391e-05
MTHFD1L,73,Frameshift,8.338175840262265e-06
MTHFD2,31,Frameshift,2.6913442649350454e-05
MTHFD2L,34,In-frame stop codon,1.641976527167043e-05
MTHFR,50,In-frame stop codon,8.440013606900175e-06
MTHFS,15,In-frame stop codon,1.2789554297221215e-05
MTHFSD,70,Frameshift,1.6857791174265626e-05
MTIF2,78,Frameshift,1.0345525539719044e-05
MTIF3,41,Frameshift,1.2288660082494884e-05
MTL5,37,Frameshift,9.357648738908051e-06
MTM1,8,In-frame stop codon,9.685401775090763e-06
MTMR1,18,Frameshift,1.2598001282442313e-05
MTMR10,60,Frameshift,1.074381800819361e-05
MTMR11,95,Frameshift,0.00013205033739355608
MTMR12,20,Frameshift,8.166928550435617e-06
MTMR14,62,Frameshift,1.1592031732560019e-05
MTMR2,109,Splice acceptor,2.9770324934534064e-05
MTMR3,23,Frameshift,9.516500223803077e-06
MTMR4,18,In-frame stop codon,1.8909537149874057e-05
MTMR6,38,Frameshift,0.0020145551045431466
MTMR7,48,In-frame stop codon,7.525634717114146e-06
MTMR8,70,Frameshift,1.8224161015065705e-05
MTMR9,24,In-frame stop codon,6.6927164009829806e-06
MTNR1A,27,Frameshift,2.794837212654435e-05
MTNR1B,28,Frameshift,1.8745384920188575e-05
MTO1,62,Frameshift,1.470742063755119e-05
MTOR,46,Frameshift,5.891237796903957e-06
MTPAP,53,Frameshift,2.5756416393033964e-05
MTPN,5,Frameshift,4.021212825037425e-06
MTR,101,Frameshift,0.0003470983844931606
MTRF1,44,Frameshift,1.2141967518099416e-05
MTRF1L,60,Frameshift,1.0555428086415962e-05
MTRR,63,Frameshift,2.9386864441901632e-05
MTSS1,25,Frameshift,1.2077282056146205e-05
MTSS1L,14,Frameshift,6.102296813317176e-06
MTTP,53,Frameshift,0.004880161292480564
MTURN,13,Frameshift,7.391320927208448e-05
MTUS1,96,Frameshift,2.9837914462696138e-05
MTUS2,27,Frameshift,6.076613908959489e-06
MTX1,33,Frameshift,2.514808228276588e-05
MTX2,20,Frameshift,9.569696818319137e-06
MTX3,33,Frameshift,7.493826754353911e-06
MUC1,30,Frameshift,0.01669693655118815
MUC12,398,Frameshift,0.0008857360770087922
MUC13,24,Frameshift,9.17401747388158e-06
MUC15,48,Frameshift,1.9388607207313132e-05
MUC16,815,Frameshift,0.0005829436566844653
MUC17,402,Frameshift,5.0364826363755474e-05
MUC19,339,Frameshift,0.006093272068414525
MUC2,286,Frameshift,0.0006895439057226936
MUC20,127,Frameshift,0.0028335593251475944
MUC21,140,Frameshift,0.00015507483229284052
MUC22,151,Frameshift,0.00028826338371981826
MUC3A,137,Frameshift,0.004007207556200076
MUC4,1972,Frameshift,0.0006325004228371785
MUC5AC,54,In-frame stop codon,9.976807633623863e-06
MUC5B,180,Frameshift,4.428963925379346e-05
MUC6,417,Frameshift,0.0014009088913412239
MUC7,20,Frameshift,0.008230827254838317
MUC8,76,Frameshift,0.00599876996228204
MUCL1,22,Frameshift,0.0002351711580876068
MUL1,21,Frameshift,1.2679857978621566e-05
MUM1,56,Frameshift,1.2459914254254158e-05
MUM1L1,10,In-frame stop codon,4.440223896796347e-06
MURC,31,Frameshift,1.2116568698713278e-05
MUS81,77,Frameshift,1.026455691099385e-05
MUSK,40,Frameshift,2.3692794246939826e-05
MUSTN1,21,Frameshift,3.274669754953831e-05
MUT,81,Frameshift,1.1468153849986832e-05
MUTYH,70,In-frame stop codon,3.3183174701368386e-05
MVB12A,35,In-frame stop codon,1.3877320480157756e-05
MVB12B,11,In-frame stop codon,6.46624021175857e-06
MVD,52,Frameshift,1.1787629786640115e-05
MVK,25,Frameshift,8.9714005598168e-06
MVP,81,Frameshift,1.4683424263216655e-05
MX1,63,In-frame stop codon,3.217975575321021e-05
MX2,48,Frameshift,1.2114600266419573e-05
MXD1,8,Frameshift,2.091712923897363e-05
MXD3,54,Frameshift,2.4168204562695037e-05
MXD4,7,Frameshift,1.7328298191325835e-06
MXI1,32,In-frame stop codon,2.784196335318111e-05
MXRA5,32,Frameshift,7.922289925798928e-06
MXRA7,30,Frameshift,4.650061694595577e-05
MXRA8,46,Frameshift,7.566934312299819e-05
MYADM,22,Frameshift,5.997299139347292e-06
MYADML2,21,In-frame stop codon,8.59632029480643e-06
MYB,32,Frameshift,9.537201414720311e-06
MYBBP1A,189,Frameshift,1.998275324764044e-05
MYBL1,17,Frameshift,3.959597755591057e-06
MYBL2,20,In-frame stop codon,7.393816678541429e-06
MYBPC1,41,In-frame stop codon,7.75688067212292e-06
MYBPC2,122,Frameshift,3.7325013835958555e-05
MYBPC3,99,Frameshift,1.1018051212223595e-05
MYBPH,55,Frameshift,2.045423728108688e-05
MYBPHL,29,Frameshift,5.937131571640539e-05
MYC,4,Frameshift,1.4025811010608785e-05
MYCBP,6,In-frame stop codon,1.990338671420532e-05
MYCBP2,66,Frameshift,4.0043467918262164e-05
MYCBPAP,87,Frameshift,0.0002501379858407329
MYCL,19,Frameshift,1.2616327776088942e-05
MYCN,10,Frameshift,1.383465931706818e-05
MYCT1,21,In-frame stop codon,0.00265488022726938
MYD88,22,Frameshift,2.6262384586149612e-05
MYEF2,16,Frameshift,0.00016603816125223785
MYEOV,31,Frameshift,6.837480245084786e-05
MYEOV2,28,Frameshift,1.4537340263398312e-05
MYF5,18,In-frame stop codon,8.857569918094888e-06
MYF6,27,Frameshift,1.4891321104070625e-05
MYH1,207,Frameshift,4.473630816539251e-05
MYH10,42,In-frame stop codon,5.075547026862152e-06
MYH11,57,Frameshift,2.347890197329267e-05
MYH13,155,Frameshift,2.0711261617760918e-05
MYH14,79,In-frame stop codon,1.0517641744667123e-05
MYH15,199,Frameshift,3.4814549704092604e-05
MYH16,30,Splice acceptor,6.857836271666114e-05
MYH2,111,Frameshift,8.753048153235062e-06
MYH3,92,In-frame stop codon,7.616148668552099e-06
MYH4,153,In-frame stop codon,2.047115455735514e-05
MYH6,132,In-frame stop codon,2.3716752341599655e-05
MYH7,83,Frameshift,5.965548755350734e-06
MYH7B,245,Frameshift,1.6305811810732746e-05
MYH8,172,Frameshift,2.8287819435424557e-05
MYH9,24,Frameshift,4.206853754480909e-06
MYL1,22,Frameshift,0.002105201083706834
MYL10,17,Frameshift,9.540862073155733e-06
MYL12A,16,Frameshift,8.782154357168814e-06
MYL12B,5,Frameshift,3.2489809712049865e-06
MYL2,27,Frameshift,9.61994879682961e-06
MYL3,10,Frameshift,9.167264535853332e-06
MYL4,17,Splice donor,1.0561768530694304e-05
MYL5,39,Frameshift,3.371701557860044e-05
MYL6,47,Frameshift,0.00019228285591551823
MYL6B,27,Frameshift,1.1427429238949068e-05
MYL7,24,Frameshift,0.04167564521596953
MYL9,11,Frameshift,6.988343117779017e-06
MYLIP,16,Frameshift,4.425957979479557e-06
MYLK,77,In-frame stop codon,7.96088045643869e-06
MYLK2,30,Frameshift,5.896208217199706e-06
MYLK3,40,Frameshift,1.4173536668337936e-05
MYLK4,49,Frameshift,3.301541008869172e-05
MYLPF,18,Frameshift,1.8651249162155712e-05
MYNN,27,Frameshift,1.105286821219148e-05
MYO10,87,Frameshift,1.1607444172306026e-05
MYO15A,325,Frameshift,2.6465055173866115e-05
MYO15B,76,Frameshift,0.00018713175696677422
MYO16,67,Frameshift,1.504934514699983e-05
MYO18A,72,In-frame stop codon,4.602083053206573e-05
MYO18B,178,In-frame stop codon,1.3939638280209114e-05
MYO19,125,Frameshift,1.5614087575167394e-05
MYO1A,140,Frameshift,4.785921045527707e-05
MYO1B,47,In-frame stop codon,8.511830838373468e-06
MYO1C,105,Frameshift,0.0002567974157550114
MYO1D,69,Frameshift,7.5464672782872456e-06
MYO1E,59,Frameshift,5.141147776158583e-05
MYO1F,44,Frameshift,9.62077801487513e-06
MYO1G,57,In-frame stop codon,6.2329571523483235e-06
MYO1H,130,Frameshift,1.6006342018008504e-05
MYO3A,178,Frameshift,1.8311653809248438e-05
MYO3B,144,Frameshift,1.3341198584943064e-05
MYO5A,57,In-frame stop codon,1.0303759777911717e-05
MYO5B,109,In-frame stop codon,1.2061194894293234e-05
MYO5C,160,Frameshift,9.872476342421832e-06
MYO6,51,In-frame stop codon,1.8720791570622333e-05
MYO7A,192,In-frame stop codon,0.0019878116699462325
MYO7B,181,Frameshift,1.2673592203745327e-05
MYO9A,96,Frameshift,1.245899053683724e-05
MYO9B,76,Frameshift,0.0010140050649187716
MYOC,41,In-frame stop codon,5.9594268253931274e-05
MYOCD,24,Frameshift,5.9103958378656145e-06
MYOD1,16,Frameshift,6.7621736121307554e-06
MYOF,210,Frameshift,1.9692039234053537e-05
MYOG,8,Frameshift,3.088446843927761e-06
MYOM1,158,Frameshift,1.3229400284723761e-05
MYOM2,195,In-frame stop codon,2.4023965582552713e-05
MYOM3,158,Frameshift,5.789714532705019e-05
MYOT,41,Frameshift,8.07720780547279e-06
MYOZ1,21,Frameshift,1.2322337887444837e-05
MYOZ2,13,In-frame stop codon,1.19489036252882e-05
MYOZ3,38,Frameshift,5.2476255042020527e-05
MYPN,53,Frameshift,8.157268086663913e-06
MYPOP,23,Frameshift,0.00018339495617245062
MYRF,47,Frameshift,2.9022000552892636e-05
MYRFL,98,Frameshift,0.0011033873491989128
MYRIP,39,Frameshift,1.6063541000311896e-05
MYSM1,37,Frameshift,9.966679448795425e-06
MYT1,30,Frameshift,6.6630774709445e-06
MYT1L,11,Frameshift,4.5613263121831606e-05
MYZAP,49,Frameshift,1.2675018364635951e-05
MZB1,23,In-frame stop codon,1.612992295635063e-05
MZF1,79,Frameshift,1.5649874495742217e-05
MZT1,9,Start codon lost,5.038306555541518e-06
MZT2A,30,Frameshift,0.0023836727427284936
MZT2B,42,Frameshift,1.802384931452442e-05
N4BP1,15,In-frame stop codon,6.8212332031957615e-06
N4BP2,88,Frameshift,2.024403833727604e-05
N4BP2L1,21,Frameshift,1.7652859537059197e-05
N4BP2L2,115,Frameshift,1.2865365175140938e-05
N4BP3,32,In-frame stop codon,6.667573521730767e-06
N6AMT2,15,In-frame stop codon,5.913524156667606e-06
NAA10,9,In-frame stop codon,1.7817391214297593e-05
NAA11,15,Frameshift,2.3849165267343913e-05
NAA15,33,Frameshift,5.8638724593347195e-06
NAA16,102,Frameshift,7.173483740699136e-06
NAA20,20,Frameshift,8.26379485223445e-06
NAA25,22,Frameshift,5.810273650818116e-06
NAA30,4,Frameshift,1.212092260813088e-05
NAA35,11,Frameshift,5.2787960100124835e-06
NAA38,16,Frameshift,1.0615364111454575e-05
NAA40,23,In-frame stop codon,6.603135987287834e-06
NAA50,14,Splice acceptor,5.889071821747971e-06
NAA60,27,Frameshift,7.884389569040637e-06
NAAA,42,Frameshift,7.715259231787755e-05
NAALAD2,103,Frameshift,1.2578007254873672e-05
NAALADL1,90,Frameshift,1.6525456285061402e-05
NAALADL2,54,Frameshift,1.3960798928571422e-05
NAB1,28,Frameshift,8.966263965172784e-06
NAB2,12,Frameshift,4.614806428460909e-06
NABP1,21,Frameshift,6.8934377310090324e-06
NABP2,24,Frameshift,0.0015139725029548164
NACA,141,Frameshift,3.400173856089225e-05
NACA2,21,Frameshift,0.00749994413625459
NACAD,56,Frameshift,0.00040645359629124195
NACC1,12,Frameshift,4.20231084994718e-06
NACC2,8,Frameshift,2.561848166479499e-06
NADK,82,Frameshift,6.455194101359681e-05
NADK2,32,Frameshift,1.7446876984153353e-05
NADSYN1,67,In-frame stop codon,9.819355308835024e-06
NAE1,68,In-frame stop codon,9.847771704035517e-06
NAF1,27,Frameshift,2.1902623301737885e-05
NAGA,37,In-frame stop codon,8.679837056269997e-06
NAGK,38,In-frame stop codon,1.2218129368751086e-05
NAGLU,65,Frameshift,1.7995758824595807e-05
NAGPA,63,Frameshift,5.815753176419434e-05
NAGS,39,In-frame stop codon,1.1211138847733248e-05
NAIF1,11,Frameshift,4.766234906431891e-06
NAIP,19,Frameshift,3.10377281206687e-05
NALCN,102,Frameshift,2.0204621201544274e-05
NAMPT,10,Frameshift,6.79268552968602e-06
NANOG,26,Frameshift,0.00045075861745473567
NANOGNB,18,In-frame stop codon,4.25250428321267e-05
NANOGP8,1,Splice donor,3.187149413564508e-05
NANOS1,34,Frameshift,2.1021526787254918e-05
NANOS2,9,Frameshift,1.0250835314923817e-05
NANOS3,15,Splice donor,6.473623657421672e-06
NANP,15,In-frame stop codon,8.350807454839702e-06
NAP1L1,25,Splice donor,1.0417446596359839e-05
NAP1L2,9,Frameshift,7.293007381986057e-06
NAP1L3,13,Frameshift,3.093231070587201e-06
NAP1L4,11,Splice acceptor,5.542900475232634e-05
NAP1L5,9,Frameshift,1.0819993984643569e-05
NAPA,34,Frameshift,5.897026856286818e-06
NAPB,11,In-frame stop codon,9.106433061646831e-06
NAPEPLD,39,Frameshift,7.433898921394311e-06
NAPG,33,Frameshift,1.6028960756102584e-05
NAPRT1,84,Frameshift,1.7228714143408307e-05
NAPSA,57,Frameshift,1.6942465833127885e-05
NARF,55,Frameshift,1.952107776541703e-05
NARFL,49,In-frame stop codon,2.7368019311125943e-05
NARG2,77,Frameshift,1.1687086805524765e-05
NARS,46,In-frame stop codon,1.2355875910254126e-05
NARS2,37,In-frame stop codon,1.0103436340418692e-05
NASP,26,Frameshift,5.8144733979448686e-06
NAT1,31,In-frame stop codon,8.568697001530776e-05
NAT10,104,Frameshift,1.7631752624167894e-05
NAT14,28,Frameshift,3.9982402729569173e-05
NAT16,35,Frameshift,1.8161636559991768e-05
NAT2,36,In-frame stop codon,8.380483546039226e-06
NAT6,20,Frameshift,7.4905272244239105e-06
NAT8,21,Frameshift,1.755031425354905e-05
NAT8L,13,Frameshift,1.6783047536352897e-05
NAT9,29,Frameshift,0.00012840527954026323
NAV1,15,Frameshift,1.845070931201619e-05
NAV2,56,Frameshift,0.0006284042933181848
NAV3,52,In-frame stop codon,7.939961669277828e-06
NBAS,196,Frameshift,1.2260043605899842e-05
NBEA,37,In-frame stop codon,1.6018940432421964e-05
NBEAL1,193,Frameshift,2.1477333142135505e-05
NBEAL2,125,Frameshift,2.1810619675940375e-05
NBL1,23,Frameshift,1.0572560144308942e-05
NBN,83,Frameshift,1.0912547176498625e-05
NBPF1,334,Frameshift,0.00033169911800283897
NBPF10,473,Frameshift,0.0014163796135213801
NBPF11,29,In-frame stop codon,0.018719449837987293
NBPF12,129,Frameshift,0.0010516431467486604
NBPF14,206,Frameshift,0.0001715963917175912
NBPF15,69,In-frame stop codon,0.00016676411002964492
NBPF3,93,Frameshift,4.514344435636276e-05
NBPF4,13,In-frame stop codon,1.5822526993340028e-05
NBPF6,20,Frameshift,0.004082183567713478
NBPF8,70,Frameshift,2.695664067877876e-05
NBPF9,153,In-frame stop codon,0.0014813286513094966
NBR1,46,Frameshift,7.054290926182533e-06
NCALD,9,Frameshift,1.2494599393598405e-05
NCAM1,72,Frameshift,0.03264283465031096
NCAM2,40,Frameshift,0.00024064285322418803
NCAN,41,Frameshift,6.643952947472411e-06
NCAPD2,86,Frameshift,1.5739952286862348e-05
NCAPD3,103,Frameshift,1.708646943796354e-05
NCAPG,57,Frameshift,2.6793608709199056e-05
NCAPG2,44,Frameshift,1.0413529283360418e-05
NCAPH,37,Frameshift,9.68496297543265e-06
NCAPH2,42,Frameshift,0.004566202664368795
NCBP1,7,Frameshift,1.672855621873009e-05
NCBP2,21,Frameshift,8.592551521113328e-06
NCBP2L,12,Frameshift,2.8581266658269243e-05
NCCRP1,31,Frameshift,1.523938869733323e-05
NCDN,4,Frameshift,9.952799100185618e-06
NCEH1,19,Frameshift,1.1005411388063032e-05
NCF1,31,Frameshift,6.37840041963332e-05
NCF2,35,Frameshift,9.889434426444714e-06
NCF4,44,Frameshift,1.5915259755099187e-05
NCK1,22,In-frame stop codon,0.0002492884920239776
NCK2,13,Splice acceptor,8.597707729293775e-06
NCKAP1,11,Splice acceptor,3.8036501991643087e-06
NCKAP1L,41,Frameshift,8.734190070181372e-06
NCKAP5,61,In-frame stop codon,7.528970306142718e-06
NCKAP5L,57,Frameshift,1.2534756405881407e-05
NCKIPSD,59,Frameshift,1.8863359057046437e-05
NCL,20,Frameshift,2.147798280863411e-05
NCLN,27,Frameshift,6.654535619837775e-06
NCMAP,10,In-frame stop codon,8.87958071253708e-05
NCOA1,26,Frameshift,4.00868878439727e-06
NCOA2,13,Frameshift,7.3738379077388296e-06
NCOA3,77,Frameshift,3.650261802796462e-05
NCOA4,55,Frameshift,0.0006403787148597794
NCOA5,13,Frameshift,7.070625030333948e-06
NCOA6,42,Frameshift,2.200532435183636e-05
NCOA7,53,Frameshift,1.144327446157136e-05
NCOR1,57,Frameshift,0.004513301868761017
NCOR2,85,Frameshift,2.2345843394153575e-05
NCR1,31,In-frame stop codon,7.973624107890029e-06
NCR2,37,Frameshift,1.193382865378257e-05
NCR3,19,Frameshift,1.3704883160928257e-05
NCR3LG1,40,Frameshift,0.0019035830615533316
NCS1,11,In-frame stop codon,8.421657384342565e-06
NCSTN,18,Frameshift,5.719457861550033e-06
NDC1,17,Frameshift,9.263253772498669e-06
NDC80,51,Frameshift,1.061807015371063e-05
NDE1,39,Frameshift,1.4540992136498048e-05
NDEL1,19,Frameshift,1.4215727676456191e-05
NDFIP1,5,Frameshift,3.296420910882789e-06
NDFIP2,15,Frameshift,1.0592550848615287e-05
NDN,12,Frameshift,1.189439835675455e-05
NDNF,10,Frameshift,3.6130260863672366e-06
NDNL2,26,Frameshift,1.0044223796996206e-05
NDOR1,58,Frameshift,1.3446286333792864e-05
NDRG1,32,Splice acceptor,0.00012910626903118728
NDRG2,38,In-frame stop codon,1.5732551879797745e-05
NDRG3,25,Splice donor,1.4827684714625011e-05
NDRG4,43,Frameshift,8.302154229085974e-05
NDST1,11,Frameshift,7.988722009114476e-06
NDST2,42,Frameshift,1.0142737385742428e-05
NDST3,35,In-frame stop codon,5.284171199949859e-06
NDST4,47,In-frame stop codon,8.619672910497274e-06
NDUFA1,2,Frameshift,2.731509049489481e-06
NDUFA10,78,Frameshift,6.890515316476233e-05
NDUFA11,26,Frameshift,2.344133661459372e-05
NDUFA12,25,In-frame stop codon,1.78153869058514e-05
NDUFA13,57,Frameshift,1.846927653202089e-05
NDUFA2,6,Frameshift,4.864081772519305e-06
NDUFA3,24,Frameshift,1.2743628398683412e-05
NDUFA5,22,Frameshift,0.0004727057394500293
NDUFA6,28,Frameshift,1.6767761974475267e-05
NDUFA7,16,Frameshift,6.462449784470369e-06
NDUFA8,10,Frameshift,1.6330327508270705e-05
NDUFA9,31,Frameshift,0.010102391946043707
NDUFAB1,5,In-frame stop codon,4.639603416985892e-06
NDUFAF1,25,Frameshift,6.694885986646647e-06
NDUFAF2,24,Frameshift,2.6704065528875085e-05
NDUFAF3,25,Frameshift,1.4608900321922947e-05
NDUFAF4,12,Frameshift,1.3281075199747847e-05
NDUFAF5,43,Frameshift,1.106718773842115e-05
NDUFAF6,54,Frameshift,2.016281598220026e-05
NDUFAF7,79,Frameshift,1.1511290896554067e-05
NDUFB1,21,Frameshift,1.0429681014913966e-05
NDUFB10,47,Frameshift,0.0003030330816675331
NDUFB11,1,Splice donor,0.011410390037851775
NDUFB2,38,Frameshift,0.00031837624501448417
NDUFB3,12,In-frame stop codon,1.4763921146146213e-05
NDUFB4,18,Frameshift,2.013816103993853e-05
NDUFB5,19,Frameshift,0.005727849563138783
NDUFB6,17,In-frame stop codon,4.576457221839115e-06
NDUFB7,15,Frameshift,1.1341018612539189e-05
NDUFB8,22,Splice donor,1.357752222224112e-05
NDUFB9,26,In-frame stop codon,0.024461371412861137
NDUFC1,9,Splice donor,2.1534452575695928e-05
NDUFC2,11,Frameshift,5.5615383073052326e-05
NDUFS1,65,Frameshift,9.67491614276276e-06
NDUFS2,22,In-frame stop codon,8.877413665209585e-06
NDUFS3,36,Frameshift,1.1477999177648408e-05
NDUFS4,29,Frameshift,1.3738284008882897e-05
NDUFS5,7,Frameshift,5.683535100995373e-06
NDUFS6,31,Frameshift,0.025422828665039875
NDUFS7,23,Frameshift,4.480163790000876e-06
NDUFS8,26,Start codon lost,0.00011590233178498228
NDUFV1,62,Frameshift,9.986101324429536e-06
NDUFV2,31,Frameshift,0.002095135306216844
NDUFV3,49,In-frame stop codon,0.001341491734824548
NEB,388,Frameshift,1.3161053465380016e-05
NEBL,116,Frameshift,3.153201997546562e-05
NECAB1,26,In-frame stop codon,8.51577924502186e-06
NECAB2,53,Frameshift,9.643174577676704e-06
NECAB3,35,Frameshift,1.138672557538475e-05
NECAP1,12,Frameshift,7.341619993216275e-06
NECAP2,35,Frameshift,2.151018649631784e-05
NEDD1,30,Frameshift,9.144235639740192e-06
NEDD4,95,Frameshift,9.736218070537327e-06
NEDD4L,30,Splice acceptor,3.685642687073052e-05
NEDD8,1,In-frame stop codon,4.0308277707910095e-06
NEDD9,34,Frameshift,8.878910105373461e-06
NEFH,74,Frameshift,9.501356165659466e-06
NEFL,1,Splice acceptor,4.167395960959835e-06
NEFM,27,In-frame stop codon,9.658943766455358e-06
NEGR1,9,Start codon lost,8.423297896668098e-06
NEIL1,62,Frameshift,0.00016182487856035473
NEIL2,39,In-frame stop codon,1.741084788100466e-05
NEIL3,59,Frameshift,1.2791766738875854e-05
NEK1,115,Frameshift,1.154162309917432e-05
NEK10,90,In-frame stop codon,0.0028477852454892186
NEK11,91,Frameshift,1.1926224534335165e-05
NEK2,32,In-frame stop codon,1.918440346182504e-05
NEK3,75,Frameshift,0.007894632525403523
NEK4,106,Frameshift,1.4101234454109033e-05
NEK5,87,Frameshift,1.656027594252398e-05
NEK6,28,In-frame stop codon,1.0155819740271175e-05
NEK7,29,Frameshift,0.0016735590101260055
NEK8,58,Frameshift,9.088011628295942e-06
NEK9,57,In-frame stop codon,1.2477670135295377e-05
NELFA,46,Frameshift,1.950991140923009e-05
NELFB,31,Frameshift,7.99505773643351e-06
NELFCD,39,Frameshift,1.7529902409668537e-05
NELFE,28,In-frame stop codon,4.22293363853696e-05
NELL1,56,In-frame stop codon,6.665373593565795e-06
NELL2,33,Frameshift,1.2511579936298832e-05
NEMF,60,Frameshift,9.004801198787989e-06
NENF,18,Frameshift,2.0668075881482758e-05
NEO1,39,Splice acceptor,1.8683438735979977e-05
NES,80,Frameshift,1.1065840265977888e-05
NET1,39,In-frame stop codon,1.2340086966939249e-05
NETO1,20,In-frame stop codon,7.5118845294062236e-06
NETO2,21,Frameshift,6.0707296803926365e-06
NEU1,28,Frameshift,7.503463221682489e-06
NEU2,41,In-frame stop codon,1.3750940128003428e-05
NEU3,49,Frameshift,6.817049315183054e-05
NEU4,50,Frameshift,2.0943762362618844e-05
NEURL1,21,Frameshift,2.0108820878524217e-05
NEURL1B,12,Frameshift,1.9566603606893897e-05
NEURL2,21,Frameshift,0.00020827278854158512
NEURL3,2,Splice donor,8.02253461813399e-05
NEURL4,32,Frameshift,2.8468842812741763e-05
NEUROD1,9,Frameshift,1.726642536691198e-05
NEUROD2,2,Frameshift,4.766615679477566e-06
NEUROD4,17,Frameshift,2.097702742527997e-05
NEUROD6,9,Frameshift,2.822082857801699e-06
NEUROG1,9,In-frame stop codon,5.41097418203093e-06
NEUROG2,8,Frameshift,8.32557939329843e-06
NEUROG3,18,Frameshift,1.0188658566923981e-05
NEXN,72,Frameshift,8.948521810396128e-06
NF1,130,Frameshift,0.0043081571545119535
NF2,17,In-frame stop codon,1.38066950627516e-05
NFAM1,19,In-frame stop codon,9.994440459044452e-06
NFASC,35,In-frame stop codon,9.00377963213085e-06
NFAT5,25,Frameshift,1.3257775447276544e-05
NFATC1,46,In-frame stop codon,1.0761586989049561e-05
NFATC2,23,Frameshift,1.666939499685935e-05
NFATC2IP,32,Frameshift,8.456683350133166e-06
NFATC3,46,Frameshift,0.00013100834926251808
NFATC4,52,Frameshift,2.7647512538655074e-05
NFE2,11,Frameshift,5.266007402455959e-06
NFE2L1,17,Frameshift,1.3525854580518806e-05
NFE2L2,24,Frameshift,6.20124373130164e-05
NFE2L3,144,Frameshift,1.7757880848171356e-05
NFIA,23,In-frame stop codon,0.0007285855068418112
NFIB,14,Frameshift,1.8397291792928074e-05
NFIC,11,Splice acceptor,7.181854603722105e-06
NFIL3,8,Frameshift,0.0004419109013258087
NFIX,21,Frameshift,8.601786056381597e-06
NFKB1,13,Frameshift,0.0003127040906801993
NFKB2,21,Frameshift,7.76746810477701e-05
NFKBIA,11,Frameshift,5.883289960755016e-06
NFKBIB,12,Frameshift,1.0684244825067366e-05
NFKBID,23,Frameshift,8.051724148224915e-06
NFKBIE,37,Frameshift,6.695733880109886e-05
NFKBIL1,27,Frameshift,9.538635607501567e-06
NFKBIZ,14,Frameshift,2.375865977105272e-05
NFRKB,49,Frameshift,9.65296448278182e-06
NFS1,19,Frameshift,1.0952732095059567e-05
NFU1,27,Frameshift,0.014555584883116266
NFX1,51,In-frame stop codon,1.042296488488629e-05
NFXL1,47,In-frame stop codon,0.00011030776756465294
NFYA,10,In-frame stop codon,9.954543301164179e-06
NFYB,15,Splice acceptor,8.158024638204671e-06
NFYC,28,Frameshift,3.420305281007832e-05
NGB,10,In-frame stop codon,5.183098415587969e-06
NGDN,38,Frameshift,1.6145325827391206e-05
NGEF,39,Frameshift,1.6272312048315037e-05
NGF,6,Frameshift,9.853928287255748e-05
NGFR,15,In-frame stop codon,7.574026834954203e-06
NGFRAP1,2,In-frame stop codon,2.880234105428089e-06
NGLY1,67,In-frame stop codon,1.1237383665264404e-05
NGRN,27,Frameshift,1.0941943373080714e-05
NHEJ1,27,In-frame stop codon,1.1216141993239714e-05
NHLH1,5,Frameshift,8.119808861964402e-06
NHLH2,4,Frameshift,1.0087393258347714e-05
NHLRC1,21,Frameshift,9.457954848965869e-06
NHLRC2,38,Frameshift,7.818857027532596e-06
NHLRC3,30,Frameshift,1.5537829453239478e-05
NHLRC4,12,Frameshift,1.8296916326278722e-05
NHP2,24,Frameshift,0.00010907961284413703
NHP2L1,9,Start codon lost,0.00034836947929201424
NHS,8,In-frame stop codon,1.787771482158475e-05
NHSL1,47,Frameshift,1.7651805513476742e-05
NHSL2,20,In-frame stop codon,6.96985205771546e-05
NICN1,16,Frameshift,8.558322116749061e-06
NID1,58,In-frame stop codon,8.576439419220375e-06
NID2,85,Frameshift,1.925933060833406e-05
NIF3L1,50,Frameshift,1.625148101790465e-05
NIFK,39,Frameshift,3.698085794059182e-05
NIM1K,43,Frameshift,1.3347053008627752e-05
NIN,113,Frameshift,8.45060184034846e-06
NINJ1,9,Frameshift,6.656886439862944e-06
NINJ2,10,In-frame stop codon,1.9287594655085078e-05
NINL,155,Frameshift,2.739022349984331e-05
NIP7,12,Splice donor,0.00023698163610200978
NIPA1,22,Frameshift,6.772287705989375e-06
NIPA2,28,Frameshift,9.526947706152597e-06
NIPAL1,55,Frameshift,1.5306876040464416e-05
NIPAL2,40,Frameshift,0.013573549377687713
NIPAL3,40,Frameshift,1.6896533081143104e-05
NIPAL4,21,Frameshift,1.085975921488745e-05
NIPBL,13,Frameshift,3.985294703898589e-06
NIPSNAP1,20,Frameshift,8.673489378682636e-06
NIPSNAP3A,39,Frameshift,0.0001421106752978747
NIPSNAP3B,26,In-frame stop codon,6.946135332362588e-05
NISCH,46,Frameshift,9.769115843500256e-06
NIT1,44,Frameshift,2.00808998131506e-05
NIT2,55,Frameshift,0.01277638639557902
NKAIN1,12,Frameshift,5.19234955060368e-06
NKAIN2,14,In-frame stop codon,6.6118742168504395e-06
NKAIN3,13,In-frame stop codon,6.24089268446581e-06
NKAIN4,28,Frameshift,1.5174573427033137e-05
NKAP,5,Frameshift,8.001051566777348e-06
NKAPL,44,Frameshift,1.6599860818134667e-05
NKD1,10,Frameshift,5.6712037030360425e-06
NKD2,114,Frameshift,0.0049805203739450524
NKG7,31,Frameshift,9.45803929638408e-06
NKIRAS1,26,Frameshift,1.3214905778720763e-05
NKIRAS2,18,Frameshift,1.213868736258436e-05
NKPD1,65,Frameshift,1.626714595098108e-05
NKRF,10,Frameshift,2.1508614199987094e-06
NKTR,56,Frameshift,9.975636919122935e-06
NKX1-1,16,Frameshift,9.279586779138361e-05
NKX1-2,38,Frameshift,6.238705761289075e-05
NKX2-1,13,In-frame stop codon,6.905193634904784e-06
NKX2-2,9,Frameshift,1.1833517108232041e-05
NKX2-3,13,Frameshift,0.00015739796278455438
NKX2-4,15,Frameshift,1.508406634692577e-05
NKX2-5,21,Frameshift,1.4686684420935841e-05
NKX2-6,19,Frameshift,1.3230308042996564e-05
NKX2-8,15,Frameshift,6.839235929497588e-06
NKX3-1,14,In-frame stop codon,9.180708056157046e-06
NKX3-2,8,Frameshift,2.7034913494845565e-06
NKX6-1,15,Frameshift,2.4917243313496296e-05
NKX6-2,18,Frameshift,9.377181913204218e-05
NKX6-3,26,Frameshift,1.3142245181311494e-05
NLE1,35,Frameshift,3.268801241971382e-05
NLGN1,28,Frameshift,5.1675170225069155e-06
NLGN2,31,Frameshift,0.0001793051058044648
NLGN3,7,Frameshift,4.089138033653917e-05
NLGN4X,10,Frameshift,3.94302003002771e-05
NLGN4Y,10,Frameshift,0.0002756239219894477
NLK,8,Frameshift,2.7257564281263527e-05
NLN,59,Frameshift,9.636396411992903e-06
NLRC3,95,Frameshift,6.857397648732275e-05
NLRC4,68,Frameshift,1.5184681562772744e-05
NLRC5,101,Frameshift,0.0030949694786361354
NLRP1,105,Frameshift,1.3208613679460021e-05
NLRP10,63,Frameshift,1.5397249210514843e-05
NLRP11,52,Frameshift,9.061854813368659e-06
NLRP12,128,Frameshift,2.6315927082471492e-05
NLRP13,89,Frameshift,0.00017460424992719786
NLRP14,106,In-frame stop codon,0.00014588400712316115
NLRP2,131,Frameshift,1.4186874861723275e-05
NLRP3,30,In-frame stop codon,5.0582989101989265e-06
NLRP4,71,Frameshift,2.257140410782629e-05
NLRP5,90,Frameshift,1.24841293405511e-05
NLRP6,61,Frameshift,1.3410850537458442e-05
NLRP7,88,Frameshift,1.3535902062252863e-05
NLRP8,94,Frameshift,0.007960801509058448
NLRP9,136,Frameshift,1.6461021934595305e-05
NLRX1,83,In-frame stop codon,2.348906583246799e-05
NMB,12,Frameshift,1.9782577939596297e-05
NMBR,30,Frameshift,1.817238719591344e-05
NMD3,52,Frameshift,3.0121705869419913e-05
NME1,17,Frameshift,2.960499782584085e-05
NME1-NME2,35,Frameshift,1.9950865716373948e-05
NME3,36,In-frame stop codon,3.5766600528070986e-05
NME4,52,Frameshift,0.00606497809522701
NME5,21,Frameshift,9.234291851063843e-06
NME6,38,Frameshift,2.2827882498097355e-05
NME7,37,Frameshift,1.8726518522068158e-05
NME8,81,In-frame stop codon,2.89931399787399e-05
NME9,43,Frameshift,1.0357793563343146e-05
NMI,35,Frameshift,2.46956606656299e-05
NMNAT1,22,Frameshift,1.712998791855084e-05
NMNAT2,12,Frameshift,4.978028671460246e-06
NMNAT3,30,In-frame stop codon,2.1643616518611522e-05
NMRAL1,38,Frameshift,1.776673872968624e-05
NMRK1,29,Frameshift,2.608447055145733e-05
NMRK2,43,Frameshift,4.786072868996015e-05
NMS,36,Frameshift,0.0002750850982800245
NMT1,6,In-frame stop codon,4.025922293143308e-06
NMT2,27,Frameshift,1.116513296052615e-05
NMU,16,Frameshift,2.1843834716723988e-05
NMUR1,31,Frameshift,2.4141684890702835e-05
NMUR2,25,Frameshift,7.139384759836042e-05
NNAT,6,In-frame stop codon,1.1435119082065745e-05
NNMT,31,Frameshift,1.3794586319958466e-05
NNT,34,Frameshift,4.044349194803198e-05
NOA1,49,Frameshift,1.1895182397867242e-05
NOB1,44,Frameshift,9.357425915886327e-06
NOBOX,49,Frameshift,1.902812263350897e-05
NOC2L,99,In-frame stop codon,1.258100091430434e-05
NOC3L,87,Frameshift,2.2535215723606533e-05
NOC4L,47,Splice donor,0.0018539345511596793
NOD1,88,Frameshift,2.4872994973226813e-05
NOD2,86,In-frame stop codon,0.00018795319803200026
NODAL,15,Frameshift,6.92085068977367e-06
NOG,2,Frameshift,1.7962292868504694e-05
NOL10,34,In-frame stop codon,5.455560194849313e-06
NOL11,52,Frameshift,8.398991522963535e-06
NOL12,24,Frameshift,8.258688398606393e-06
NOL3,37,Frameshift,5.804129214278931e-05
NOL4,24,In-frame stop codon,7.555657264197948e-06
NOL6,37,Frameshift,8.335317784322083e-06
NOL7,43,Frameshift,1.893263216122216e-05
NOL8,102,Frameshift,1.0757517517649591e-05
NOL9,22,In-frame stop codon,9.610715479963705e-06
NOLC1,48,Frameshift,2.1180021094315893e-05
NOM1,80,Frameshift,8.126907501315566e-06
NOMO1,93,Frameshift,4.340850393711192e-05
NOMO2,61,Frameshift,0.0007264444126467742
NOMO3,41,Frameshift,0.0015856473450313229
NONO,6,In-frame stop codon,6.409214581870674e-06
NOP10,4,In-frame stop codon,2.8862343797100078e-05
NOP14,59,Frameshift,9.982785842204511e-06
NOP16,29,Frameshift,0.03390130633962124
NOP2,42,Frameshift,5.846867970008433e-05
NOP56,43,Frameshift,2.567264365214599e-05
NOP58,41,Frameshift,1.2435303539936283e-05
NOP9,54,Frameshift,9.256589032754808e-06
NOS1,37,Frameshift,1.0032110942396506e-05
NOS1AP,17,Splice acceptor,7.545359540654539e-06
NOS2,84,Frameshift,9.986496300964332e-06
NOS3,95,Frameshift,2.9184738884147277e-05
NOSIP,37,Frameshift,1.0563061901299033e-05
NOSTRIN,69,Frameshift,8.504450119338214e-06
NOTCH1,30,In-frame stop codon,6.373851075999802e-06
NOTCH2,43,In-frame stop codon,0.004748102019862302
NOTCH3,80,Frameshift,1.774798371358345e-05
NOTCH4,162,Frameshift,1.0992502215269511e-05
NOTO,18,Frameshift,1.274813722228231e-05
NOTUM,23,In-frame stop codon,1.1178174463340354e-05
NOV,22,Frameshift,7.115291630028101e-06
NOVA1,25,Frameshift,1.2380411692006529e-05
NOVA2,10,Frameshift,2.475657840582685e-05
NOX1,37,Frameshift,2.69429307263478e-05
NOX3,56,In-frame stop codon,2.3191015620802522e-05
NOX4,77,In-frame stop codon,1.0258171055649658e-05
NOX5,96,Frameshift,7.4889406855731e-05
NOXA1,50,Frameshift,4.4710627938211415e-05
NOXO1,54,Frameshift,0.0002216288542051556
NOXRED1,31,Frameshift,1.0766164292298143e-05
NPAP1,47,Frameshift,1.1106245664609969e-05
NPAS1,29,Frameshift,1.3855145680139156e-05
NPAS2,23,Frameshift,8.452496796749427e-06
NPAS3,28,Frameshift,4.895744092309823e-05
NPAS4,9,In-frame stop codon,2.803714210092677e-06
NPAT,52,Frameshift,1.3005412369402065e-05
NPB,22,Frameshift,4.770999974325685e-05
NPBWR1,39,Frameshift,1.2191836050642724e-05
NPBWR2,17,Frameshift,9.422307270909948e-06
NPC1,80,Frameshift,8.415403174915145e-06
NPC1L1,98,Frameshift,1.730269200151972e-05
NPC2,36,Frameshift,0.00013093455431149482
NPDC1,26,Frameshift,0.03845097707772785
NPEPL1,56,Frameshift,0.0003537540438341766
NPEPPS,30,Frameshift,1.807977400830075e-05
NPFF,27,Frameshift,2.7462042298552345e-05
NPFFR1,42,Frameshift,6.793113744866313e-05
NPFFR2,47,Frameshift,4.9972968720703726e-05
NPHP1,74,Frameshift,7.325778847811122e-05
NPHP3,102,Frameshift,1.3055557882607035e-05
NPHP4,149,Frameshift,0.005554927344185235
NPHS1,93,Frameshift,5.5386008761232165e-05
NPHS2,34,Frameshift,2.331002083347151e-05
NPIPA1,49,Frameshift,6.397490867446176e-05
NPIPA2,16,Frameshift,0.00018183329528500414
NPIPA3,6,Frameshift,3.741374724351432e-05
NPIPA5,56,Frameshift,0.00033444000097641245
NPIPA7,23,Frameshift,0.00019795744315331438
NPIPA8,6,In-frame stop codon,0.00013052162566006405
NPIPB11,142,Frameshift,0.0001879348913568811
NPIPB15,103,Frameshift,0.0001144642957677189
NPIPB3,47,Frameshift,0.013831910786930149
NPIPB4,45,Frameshift,0.00024065911912821757
NPIPB5,45,Frameshift,4.325118837753606e-05
NPIPB6,53,Frameshift,7.720398418379345e-05
NPIPB7,27,Frameshift,0.007759374942030213
NPIPB8,14,In-frame stop codon,7.209569776195025e-05
NPIPB9,14,In-frame stop codon,0.013648369134317785
NPL,49,Frameshift,1.8130204342718718e-05
NPLOC4,23,In-frame stop codon,1.789553907706774e-05
NPM1,6,Splice acceptor,1.2799613218407085e-05
NPM2,22,Frameshift,1.9281609513275457e-05
NPM3,19,Frameshift,7.583475354411743e-06
NPNT,57,Frameshift,1.9907958849305714e-05
NPPA,12,In-frame stop codon,0.011466608813878355
NPPB,12,In-frame stop codon,1.420915058578955e-05
NPPC,5,Frameshift,8.458180377886634e-06
NPR1,48,Frameshift,6.98498270726823e-06
NPR2,30,In-frame stop codon,6.380393618177905e-06
NPR3,43,Frameshift,0.00020374214366384024
NPRL2,12,In-frame stop codon,7.967962197307265e-06
NPRL3,17,Frameshift,0.059560371623166165
NPS,13,Frameshift,9.566212727795743e-06
NPSR1,37,In-frame stop codon,0.01234145762500448
NPTN,4,Splice acceptor,4.240122413611396e-06
NPTX1,8,In-frame stop codon,3.80249830061721e-06
NPTX2,17,Frameshift,3.3927739797621603e-06
NPTXR,20,Frameshift,1.579159325760834e-05
NPVF,20,Frameshift,2.0649848851732525e-05
NPW,28,Frameshift,0.03575140275511041
NPY,10,In-frame stop codon,1.0078727951914748e-05
NPY1R,12,In-frame stop codon,5.33738932131808e-06
NPY2R,14,Frameshift,9.407559477010032e-06
NPY4R,46,Frameshift,3.0264000442996887e-05
NPY5R,15,Frameshift,5.630266932871005e-06
NQO1,43,Frameshift,0.00022364858247606075
NQO2,25,In-frame stop codon,1.3495905809403445e-05
NR0B1,7,Frameshift,7.929547555875557e-07
NR0B2,22,Frameshift,4.836774501001346e-05
NR1D1,17,Frameshift,4.724386976192798e-06
NR1D2,20,In-frame stop codon,6.582722387756083e-06
NR1H2,18,Frameshift,5.474170068056406e-06
NR1H3,28,Frameshift,1.0623138341424831e-05
NR1H4,25,In-frame stop codon,1.6761095227672398e-05
NR1I2,37,Frameshift,1.0156649365330382e-05
NR1I3,49,Frameshift,1.8760208363125493e-05
NR2C1,25,Frameshift,7.035519952039354e-06
NR2C2,23,Frameshift,0.00035103395184175954
NR2C2AP,26,Frameshift,7.111962423415315e-06
NR2E1,13,Frameshift,1.1220529169819807e-05
NR2E3,7,Splice acceptor,0.1429360758833196
NR2F1,6,Frameshift,6.791806721072357e-05
NR2F2,6,Frameshift,1.1303394122855159e-05
NR2F6,17,Frameshift,2.9786033632011922e-05
NR3C1,22,In-frame stop codon,2.3078137204245634e-05
NR3C2,17,In-frame stop codon,5.861570910412297e-06
NR4A1,46,Frameshift,2.5571510924980888e-05
NR4A2,12,Frameshift,7.013554572376741e-06
NR4A3,15,Frameshift,2.2179671065194335e-05
NR5A1,5,Frameshift,6.993229419113281e-06
NR5A2,31,Frameshift,1.7074883279038028e-05
NR6A1,7,In-frame stop codon,8.47088219452839e-06
NRAP,170,In-frame stop codon,2.2703742037317682e-05
NRARP,1,In-frame stop codon,4.381237787299668e-06
NRAS,4,Frameshift,3.9763328684115815e-06
NRBF2,21,Frameshift,6.862930522960631e-06
NRBP1,7,Splice acceptor,6.254933146117654e-06
NRBP2,45,Frameshift,1.8251337293510967e-05
NRCAM,61,Frameshift,1.5073997351905749e-05
NRD1,60,Frameshift,1.917015569230852e-05
NRDE2,88,Frameshift,1.693498096458535e-05
NREP,25,Frameshift,0.0004243869968369181
NRF1,6,Frameshift,1.0500795526921972e-05
NRG1,44,Frameshift,5.9470439150894216e-05
NRG2,29,Frameshift,3.9586496787935845e-05
NRG3,33,Frameshift,2.5770600176101863e-05
NRG4,19,Frameshift,2.138022653998403e-05
NRGN,1,Splice donor,0.0
NRIP1,38,Frameshift,1.1801512633144487e-05
NRIP2,44,Frameshift,2.695720385679937e-05
NRIP3,26,In-frame stop codon,1.4193916425633357e-05
NRK,49,Frameshift,9.325304981727586e-06
NRL,32,Frameshift,1.690784449176183e-05
NRM,26,Frameshift,9.698448804578504e-06
NRN1,3,Frameshift,1.3326403603459535e-06
NRN1L,38,In-frame stop codon,3.8411229792368336e-05
NRP1,56,Frameshift,1.636177051998158e-05
NRP2,57,Frameshift,0.00017364660101552707
NRROS,19,Frameshift,8.676824246198288e-06
NRSN1,17,In-frame stop codon,3.304140543903372e-05
NRSN2,18,Frameshift,1.1538125877665408e-05
NRTN,7,Frameshift,2.2753772909742885e-05
NRXN1,60,Frameshift,8.974246677202777e-06
NRXN2,41,Frameshift,3.0531048154373483e-05
NRXN3,21,Frameshift,1.1905830731016006e-05
NSA2,28,Frameshift,5.935599434917134e-06
NSD1,25,Frameshift,4.933021993244375e-06
NSDHL,1,In-frame stop codon,5.454823154633327e-06
NSF,21,Splice donor,0.0001387181359989582
NSFL1C,13,Splice acceptor,7.507534513262417e-06
NSG1,8,Frameshift,1.3440349255208331e-05
NSG2,5,In-frame stop codon,7.874581696384721e-06
NSL1,33,Frameshift,7.893363848365642e-05
NSMAF,92,Frameshift,1.862697971355712e-05
NSMCE1,24,Frameshift,1.421751583798956e-05
NSMCE2,20,Frameshift,2.5331591131847124e-05
NSMCE4A,35,Frameshift,9.97545091857e-06
NSMF,30,Frameshift,1.1945905732280123e-05
NSRP1,37,Frameshift,1.2922424455626447e-05
NSUN2,61,Frameshift,8.773064918286806e-06
NSUN3,28,In-frame stop codon,1.0857292612319367e-05
NSUN4,41,Frameshift,2.541871426799582e-05
NSUN5,52,Frameshift,1.646181323405069e-05
NSUN6,69,Frameshift,1.5218214083710419e-05
NSUN7,58,Frameshift,1.1475531969059738e-05
NT5C,27,Frameshift,3.028302502757146e-05
NT5C1A,23,Frameshift,3.322935873356324e-05
NT5C1B,51,In-frame stop codon,0.0013000589784650679
NT5C2,46,Frameshift,7.330259574181779e-06
NT5C3A,22,Frameshift,1.0993053268643724e-05
NT5C3B,39,Frameshift,1.0591766046419157e-05
NT5DC1,34,Frameshift,0.00020791222462745724
NT5DC2,41,Frameshift,0.00011772159931592178
NT5DC3,41,Frameshift,3.8109858727767575e-05
NT5DC4,38,Frameshift,2.891716167184906e-05
NT5E,50,Frameshift,1.3191905998021842e-05
NT5M,30,Frameshift,5.934991326755027e-05
NTAN1,37,Frameshift,5.436296527239936e-06
NTF3,12,Frameshift,1.5067181944090756e-05
NTF4,39,Frameshift,6.258946441855764e-05
NTHL1,36,In-frame stop codon,5.437274694970866e-05
NTM,24,Frameshift,1.3311236160260635e-05
NTMT1,25,Frameshift,7.737978479727744e-06
NTN1,19,In-frame stop codon,2.0463673551587806e-05
NTN3,58,Frameshift,0.00010838848756367134
NTN4,23,Frameshift,9.05024690606659e-06
NTN5,50,Frameshift,3.2335481863164375e-05
NTNG1,16,Splice acceptor,8.665757836702315e-06
NTNG2,31,Frameshift,1.6982429533956598e-05
NTPCR,28,Frameshift,0.0001303499403565352
NTRK1,57,Frameshift,8.130697300231562e-06
NTRK2,11,Frameshift,4.71668047366259e-06
NTRK3,27,In-frame stop codon,8.787607699452933e-06
NTS,18,Frameshift,1.227081278320802e-05
NTSR1,32,Frameshift,1.3556289445408746e-05
NTSR2,31,Frameshift,0.0003772698556946434
NUAK1,19,In-frame stop codon,6.717158426860186e-06
NUAK2,28,In-frame stop codon,1.3604070496711894e-05
NUB1,47,Frameshift,1.4957773990344454e-05
NUBP1,41,Frameshift,9.678994607303196e-06
NUBP2,48,Frameshift,2.4554950618624046e-05
NUBPL,45,Frameshift,1.1339767107490086e-05
NUCB1,41,In-frame stop codon,8.866748341484178e-06
NUCB2,46,Frameshift,8.659961933917215e-06
NUCKS1,4,Splice acceptor,3.0799451803689404e-06
NUDC,15,Frameshift,8.255530671283915e-06
NUDCD1,51,Frameshift,1.0771074158566756e-05
NUDCD2,20,Frameshift,2.0927246532148264e-05
NUDCD3,18,Frameshift,2.724397044030448e-06
NUDT1,39,Frameshift,0.0002093042667710273
NUDT10,5,Frameshift,2.4089097802400997e-05
NUDT11,4,In-frame stop codon,1.5690881489112908e-05
NUDT12,44,Frameshift,1.2087820677401414e-05
NUDT13,52,Frameshift,0.00032457470675006434
NUDT14,21,Frameshift,8.94664925947014e-06
NUDT15,31,Frameshift,2.9438126516902117e-05
NUDT16,32,Frameshift,0.0002687393123649218
NUDT16L1,32,Frameshift,0.00021504832407451846
NUDT17,57,Frameshift,0.0002301949170828412
NUDT18,86,Frameshift,0.027955600060872648
NUDT19,50,Frameshift,4.843063324030971e-05
NUDT2,14,Frameshift,3.390189296915235e-05
NUDT21,6,Frameshift,0.0001866644775074576
NUDT22,31,In-frame stop codon,1.2942909898345262e-05
NUDT3,12,Frameshift,6.067065564177539e-06
NUDT4,18,Frameshift,1.0052565621964535e-05
NUDT5,17,Splice donor,9.420894166419351e-05
NUDT6,39,Frameshift,2.343867001901699e-05
NUDT7,39,In-frame stop codon,0.0003083471317893374
NUDT8,25,Frameshift,0.0003100483737999826
NUDT9,35,In-frame stop codon,1.2888176518287545e-05
NUF2,34,Frameshift,1.4079957232513737e-05
NUFIP1,48,Frameshift,1.7282004835517527e-05
NUFIP2,7,Frameshift,4.083455862582995e-06
NUGGC,63,Frameshift,9.414406663934342e-05
NUMA1,45,In-frame stop codon,1.3310779911685021e-05
NUMB,31,Frameshift,1.4964197440596251e-05
NUMBL,25,Frameshift,3.0763863104732125e-05
NUP107,88,Frameshift,6.348028691924412e-06
NUP133,51,Frameshift,1.259913614859906e-05
NUP153,22,Splice acceptor,1.7506277957798025e-05
NUP155,36,In-frame stop codon,7.302605882701912e-06
NUP160,86,Frameshift,1.1548834916643736e-05
NUP188,71,Frameshift,9.406548143426554e-06
NUP205,43,Frameshift,7.484896758452755e-06
NUP210,115,Frameshift,1.0585964867788241e-05
NUP210L,68,Frameshift,1.0831824186496471e-05
NUP214,108,Frameshift,0.0005165788507076289
NUP35,23,Frameshift,1.1987067979815964e-05
NUP37,26,Frameshift,5.991482307286914e-06
NUP43,40,Frameshift,0.00012832352842665756
NUP50,27,Frameshift,9.451326124668925e-06
NUP54,31,In-frame stop codon,6.341399475122174e-06
NUP62,6,Splice donor,0.0001933177356050099
NUP62CL,16,Frameshift,3.2844514886122385e-05
NUP85,29,Frameshift,0.001261407022216333
NUP88,62,Frameshift,1.0650431436759675e-05
NUP93,47,Frameshift,0.0021559829722319138
NUP98,39,Frameshift,9.897761432389568e-06
NUPL1,21,Frameshift,6.7056600442345455e-06
NUPL2,47,Frameshift,2.6929129136925263e-05
NUPR1,10,In-frame stop codon,2.9329488134391194e-05
NUPR1L,9,Frameshift,1.3428075017726205e-05
NUS1,4,Frameshift,1.910409438950956e-06
NUSAP1,45,Frameshift,2.07657183450172e-05
NUTM1,51,Frameshift,1.1644260202348406e-05
NUTM2A,77,Frameshift,2.865639757146351e-05
NUTM2B,71,Frameshift,0.0001693160007380308
NUTM2D,63,Frameshift,8.876937480418921e-05
NUTM2E,45,Frameshift,0.00023211692148087247
NUTM2F,74,Frameshift,4.677528452799541e-05
NUTM2G,98,Frameshift,1.3818935545322842e-05
NVL,88,In-frame stop codon,4.3813862220215956e-05
NWD1,141,Frameshift,6.228925092865489e-05
NXF1,30,Frameshift,5.986559692976168e-06
NXF2,4,Frameshift,0.01143537121018796
NXF2B,6,Frameshift,2.5761018071886614e-06
NXF3,15,Splice donor,1.577787664987933e-05
NXF5,31,In-frame stop codon,4.324085008285444e-05
NXN,12,Frameshift,3.664362841637637e-05
NXNL1,53,Frameshift,0.0023615509716695886
NXNL2,14,Frameshift,0.00011013086933171883
NXPE1,63,Frameshift,1.9075805462379695e-05
NXPE2,45,Frameshift,3.560349595611527e-05
NXPE3,26,Frameshift,7.836846359360316e-06
NXPE4,54,In-frame stop codon,1.2694574938268276e-05
NXPH1,6,Frameshift,1.7933082043680788e-05
NXPH2,4,Frameshift,2.429495928061993e-05
NXPH3,12,Frameshift,1.0903909901534908e-05
NXPH4,9,Frameshift,2.5179572022825155e-05
NXT1,2,Frameshift,3.98195856023743e-06
NYAP1,22,Frameshift,1.3089514382883865e-05
NYAP2,32,In-frame stop codon,7.639246653519189e-06
NYNRIN,69,In-frame stop codon,7.5368053213921954e-06
NYX,10,In-frame stop codon,1.4048086487866514e-05
OAF,15,Frameshift,1.6582971117514733e-05
OARD1,28,Frameshift,0.009814179216153159
OAS1,53,Frameshift,0.025870507944426798
OAS2,80,Frameshift,0.009397978372923206
OAS3,99,In-frame stop codon,0.00012282411238366203
OASL,59,Frameshift,1.6869758320154538e-05
OAT,33,In-frame stop codon,9.296622681262762e-06
OAZ1,30,Frameshift,9.865503026596364e-05
OAZ2,12,Frameshift,1.9152402594890956e-05
OAZ3,45,Frameshift,4.9117252539351983e-05
OBFC1,33,In-frame stop codon,7.974082927544253e-06
OBP2A,27,In-frame stop codon,0.009123728169959216
OBP2B,31,Splice acceptor,0.025313554401172344
OBSCN,846,Frameshift,6.217628297262871e-05
OBSL1,203,Frameshift,3.4320656729919846e-05
OC90,51,Frameshift,1.748553119850167e-05
OCA2,81,Frameshift,1.272045340102447e-05
OCEL1,50,Frameshift,7.208720059672483e-05
OCIAD1,32,Frameshift,1.7073254091543715e-05
OCIAD2,23,Frameshift,1.1241417509372338e-05
OCLN,40,Frameshift,2.4268377738567546e-05
OCM,16,In-frame stop codon,0.00021460194271483661
OCM2,6,Splice donor,5.567927251830148e-05
OCRL,8,Splice acceptor,1.3650292652006945e-06
OCSTAMP,22,In-frame stop codon,6.138981826947279e-05
ODAM,39,In-frame stop codon,2.2193871949666684e-05
ODC1,22,Splice acceptor,3.8057696269318004e-06
ODF1,24,Frameshift,0.001757382102463237
ODF2,55,Frameshift,8.053202989534033e-06
ODF2L,94,Frameshift,3.447427571313668e-05
ODF3,21,Frameshift,6.961403836572284e-05
ODF3B,42,Frameshift,1.2485330493095356e-05
ODF3L1,35,In-frame stop codon,9.25122075948469e-05
ODF3L2,43,Frameshift,0.0031314658735333194
ODF4,23,Frameshift,2.434648274044951e-05
OFD1,32,Splice acceptor,2.0963757044236258e-05
OGDH,34,Frameshift,1.1023621805559066e-05
OGDHL,52,Frameshift,8.526283769019382e-06
OGFOD1,71,Frameshift,1.5219954099704054e-05
OGFOD2,60,Frameshift,1.6882056739508964e-05
OGFOD3,49,Frameshift,0.0001324648275544699
OGFR,57,Frameshift,1.774598401233737e-05
OGFRL1,33,Frameshift,8.83822209223587e-06
OGG1,66,In-frame stop codon,1.0659926933255433e-05
OGN,22,Frameshift,1.2580041623519037e-05
OGT,7,Splice acceptor,1.7886965878112339e-06
OIP5,26,Frameshift,1.607898904187669e-05
OIT3,38,Frameshift,1.553551603705637e-05
OLA1,32,Frameshift,7.94557268641535e-06
OLAH,40,Frameshift,4.200402377371527e-05
OLFM1,34,Frameshift,0.030208740936015104
OLFM2,20,Frameshift,6.486088556531778e-06
OLFM3,28,Frameshift,1.0226148634044913e-05
OLFM4,37,Frameshift,0.000367413453635218
OLFML1,42,Frameshift,8.744333806841146e-05
OLFML2A,56,Frameshift,1.7885694830136355e-05
OLFML2B,64,Frameshift,1.6841495010397195e-05
OLFML3,39,Frameshift,9.951887790254331e-06
OLIG1,14,Frameshift,1.3828180377107179e-05
OLIG2,5,Frameshift,2.3945797232131784e-05
OLIG3,4,Frameshift,7.00689334965787e-06
OLR1,25,Frameshift,7.866145025906934e-06
OMA1,58,Frameshift,1.3867554013657817e-05
OMD,36,Frameshift,5.528888491972536e-05
OMG,13,Frameshift,5.822058286292981e-06
OMP,13,Frameshift,1.1397924340607051e-05
ONECUT1,15,In-frame stop codon,7.957658855132063e-06
ONECUT2,12,Frameshift,5.971417808622504e-05
ONECUT3,18,Frameshift,0.00011039534706456303
OOEP,16,In-frame stop codon,1.7824040059718625e-05
OOSP1,13,In-frame stop codon,2.967983013975771e-05
OOSP2,12,Frameshift,1.3610712345753322e-05
OPA1,48,Frameshift,2.9379144926488458e-05
OPA3,27,In-frame stop codon,1.2210286038775158e-05
OPALIN,19,Frameshift,5.052475372985566e-06
OPCML,10,Splice donor,1.1021732329435593e-05
OPHN1,6,In-frame stop codon,9.474396311517396e-06
OPLAH,111,Frameshift,0.009331141390753302
OPN1LW,6,Frameshift,5.277344035314872e-06
OPN1MW,5,In-frame stop codon,3.34459079709033e-05
OPN1MW2,8,Frameshift,4.206533054508429e-05
OPN1SW,31,Frameshift,1.1190968226132343e-05
OPN3,19,Frameshift,6.731033028318662e-06
OPN4,51,Frameshift,6.18847785959342e-05
OPN5,14,Frameshift,1.1639898495186711e-05
OPRD1,24,Frameshift,1.1030506361539839e-05
OPRK1,25,In-frame stop codon,2.122556815870425e-05
OPRL1,19,Frameshift,2.142772851591461e-05
OPRM1,67,Frameshift,0.0038344381958389726
OPTC,28,Frameshift,9.874135322402676e-06
OPTN,67,Frameshift,1.144117754613958e-05
OR10A2,20,Frameshift,2.0704403078001193e-05
OR10A3,30,In-frame stop codon,2.786581246312073e-05
OR10A4,21,Frameshift,1.992022341896607e-05
OR10A5,16,Frameshift,7.3251198644954436e-06
OR10A6,30,In-frame stop codon,0.00033630229088988197
OR10A7,26,Frameshift,6.619985029336368e-05
OR10AC1P,8,Frameshift,0.0931528683098374
OR10AD1,28,Frameshift,0.007217638968127259
OR10AG1,26,Frameshift,3.698444981037289e-05
OR10C1,21,Frameshift,0.0005268663722815375
OR10D3,18,Frameshift,0.02857269714905554
OR10G2,20,Frameshift,8.684738068141931e-06
OR10G3,28,Frameshift,1.4681622233986999e-05
OR10G4,19,Frameshift,1.3756806027516726e-05
OR10G6,9,Frameshift,4.253913492876416e-05
OR10G7,24,Frameshift,0.00010531305983529949
OR10G8,21,Frameshift,4.668255947761227e-05
OR10G9,22,Frameshift,1.9084519310099977e-05
OR10H1,29,Frameshift,9.086459784579009e-06
OR10H2,18,Frameshift,2.178468791738242e-05
OR10H3,21,Frameshift,8.490786027273989e-05
OR10H4,15,Frameshift,6.778742611062327e-05
OR10H5,15,Frameshift,9.027811348422295e-06
OR10J1,28,Frameshift,0.00446873302972693
OR10J3,24,Frameshift,9.958417504619195e-06
OR10J4,12,Frameshift,0.08044373585706495
OR10J5,20,Frameshift,1.6195175792355685e-05
OR10K1,19,Frameshift,8.638948833392334e-05
OR10K2,17,In-frame stop codon,1.0325729926268063e-05
OR10P1,20,Frameshift,1.6028350872748095e-05
OR10Q1,39,Frameshift,6.650840367667674e-05
OR10R2,17,Frameshift,0.0008545710245289627
OR10S1,24,Frameshift,3.9962261661584775e-05
OR10T2,16,Frameshift,2.2994301651950994e-05
OR10V1,17,Frameshift,0.0026273453786408666
OR10W1,18,Frameshift,2.961459152713691e-05
OR10X1,19,Frameshift,0.02497017583651678
OR10Z1,19,Frameshift,0.00020304601937639542
OR11A1,15,Frameshift,7.845082297079741e-06
OR11G2,28,Frameshift,0.02471773627189341
OR11H1,32,Frameshift,0.00011590839020474944
OR11H12,37,Frameshift,0.002205342105471801
OR11H4,24,In-frame stop codon,6.282324767373908e-05
OR11H6,22,Frameshift,4.308871730750408e-05
OR11H7,27,Frameshift,0.016042030084006724
OR11L1,23,Frameshift,1.110045496403095e-05
OR12D1,32,Frameshift,0.0336354784566121
OR12D2,13,Frameshift,8.948664706587746e-05
OR12D3,23,Frameshift,2.92023950094304e-05
OR13A1,16,Frameshift,0.001881787618468596
OR13C2,32,Frameshift,0.016612097019873675
OR13C3,24,Frameshift,2.191860440580587e-05
OR13C4,30,Frameshift,3.715246571154572e-05
OR13C5,24,Frameshift,0.011732290811498201
OR13C7P,34,Frameshift,0.015128953176096546
OR13C8,18,Frameshift,0.0004074705174088888
OR13C9,27,Frameshift,0.00010615292693936702
OR13D1,21,Frameshift,0.0002625171246370996
OR13F1,23,Frameshift,1.8567318615155262e-05
OR13G1,16,Frameshift,0.00011447201342595184
OR13H1,24,Frameshift,0.0001268507479938016
OR13J1,17,Frameshift,6.852023003399321e-05
OR14A16,23,Frameshift,1.0256309178655393e-05
OR14A2,24,Frameshift,2.8141945847950286e-05
OR14C36,26,Frameshift,0.00020871083312749535
OR14I1,25,Frameshift,2.265959066677613e-05
OR14J1,23,In-frame stop codon,9.719392882326212e-06
OR14K1,17,In-frame stop codon,7.772707488527486e-05
OR1A1,21,Frameshift,2.145430988119018e-05
OR1A2,19,Frameshift,0.0001343311657308508
OR1B1,31,Frameshift,0.026057470619939366
OR1C1,14,Frameshift,3.2382092992871124e-05
OR1D2,25,Frameshift,7.964980585913653e-06
OR1D5,27,Frameshift,0.0004513644833186406
OR1E1,20,Frameshift,2.6454172088675667e-05
OR1E2,24,Frameshift,0.00034778907473789696
OR1F1,23,Frameshift,4.1048129404505846e-05
OR1G1,25,Frameshift,2.663604796538517e-05
OR1I1,27,Frameshift,8.082372372155024e-06
OR1J1,22,Frameshift,0.0004737545030305675
OR1J2,21,Frameshift,0.003485253290825635
OR1J4,18,Frameshift,1.5284490431234182e-05
OR1K1,17,Frameshift,3.0866119367711156e-05
OR1L1,31,Frameshift,1.2865506887440624e-05
OR1L3,27,Frameshift,0.00014664774433498912
OR1L4,24,Frameshift,8.023173275677436e-06
OR1L6,13,In-frame stop codon,7.05447677873475e-06
OR1L8,19,Frameshift,3.215577443136841e-05
OR1M1,23,Frameshift,8.394585685898697e-06
OR1N1,20,Frameshift,1.1646479310566802e-05
OR1N2,23,Frameshift,3.226187050139511e-05
OR1Q1,18,Frameshift,3.813954169099736e-05
OR1S1,24,Frameshift,0.0163707010614944
OR1S2,29,Frameshift,8.473284915881903e-06
OR2A1,25,Frameshift,0.0001869280324959631
OR2A12,19,Frameshift,8.15614897436394e-05
OR2A14,31,Frameshift,2.3793871545682e-05
OR2A2,20,Frameshift,9.011353422925993e-06
OR2A25,18,Frameshift,1.1103304384863962e-05
OR2A4,16,Frameshift,5.105280572344664e-05
OR2A42,16,Frameshift,5.5385445686551364e-05
OR2A5,25,Frameshift,0.0002421980190755955
OR2A7,38,Frameshift,3.562881385971417e-05
OR2AE1,21,Frameshift,2.1530658302517125e-05
OR2AG1,19,In-frame stop codon,0.00013059379311721042
OR2AG2,20,Frameshift,2.7444725005787793e-05
OR2AJ1,25,Frameshift,0.00016478177338222715
OR2AK2,24,Frameshift,9.453820473246164e-05
OR2AP1,22,Frameshift,7.992394860945169e-05
OR2AT4,21,Frameshift,1.1163961080698203e-05
OR2B11,24,Frameshift,0.019323067990567374
OR2B2,26,Frameshift,3.196460442164383e-05
OR2B3,17,Frameshift,1.1029166117057187e-05
OR2B6,19,Frameshift,3.0411859965652204e-05
OR2C1,23,Frameshift,0.0020945506693225966
OR2C3,20,Frameshift,2.4667090856931966e-05
OR2D2,27,Frameshift,0.0004294560240283519
OR2D3,25,Frameshift,0.0017614115999274127
OR2F1,27,Frameshift,2.402306029870059e-05
OR2F2,18,Frameshift,1.218371432626008e-05
OR2G2,18,Frameshift,1.909888935882544e-05
OR2G3,18,Frameshift,1.0256129577742297e-05
OR2G6,41,Frameshift,0.00020265481061717479
OR2H1,23,Frameshift,0.00039690777890742033
OR2H2,25,Frameshift,8.416215968021916e-05
OR2J1,22,Frameshift,0.022953260784959042
OR2J2,16,Frameshift,0.00012244656698625505
OR2J3,22,Frameshift,9.690271153812732e-06
OR2K2,26,Frameshift,5.2488829555816234e-05
OR2L13,23,Frameshift,1.333793343900034e-05
OR2L2,18,Frameshift,2.039391172412926e-05
OR2L3,23,In-frame stop codon,4.270011184725744e-05
OR2L5,23,Frameshift,1.882148684336071e-05
OR2L8,23,Frameshift,0.038759651297258266
OR2M2,26,Frameshift,4.443684534831784e-05
OR2M3,21,Frameshift,0.0004111062333676969
OR2M4,25,Frameshift,4.5266408063017983e-05
OR2M5,23,Frameshift,5.292776320790539e-05
OR2M7,20,Frameshift,5.0238594746653086e-05
OR2S2,17,Frameshift,0.00017525672622149696
OR2T1,35,Frameshift,3.5989514361686765e-05
OR2T10,31,Frameshift,7.428600266052307e-06
OR2T11,48,Frameshift,0.00018516427761586325
OR2T12,28,Frameshift,0.007649355224276127
OR2T2,88,Frameshift,0.0005349063182094917
OR2T27,101,Frameshift,0.00025587404650986086
OR2T29,24,Frameshift,0.002150381791296512
OR2T3,50,Frameshift,0.00011223054127069306
OR2T33,37,Frameshift,8.95104945224012e-05
OR2T34,35,Frameshift,2.0610775914582098e-05
OR2T35,69,Frameshift,0.00969231953638271
OR2T4,37,Frameshift,0.0186136832587594
OR2T5,20,Frameshift,0.0029277854044669127
OR2T6,19,Frameshift,1.663091100809688e-05
OR2T7,87,Frameshift,0.00012914319337669827
OR2T8,36,Frameshift,0.00018926725755614263
OR2V1,25,Frameshift,1.8732922427617667e-05
OR2V2,22,Frameshift,0.0029515420853634708
OR2W1,20,Frameshift,2.6105152523663206e-05
OR2W3,26,Frameshift,0.005577646019327638
OR2Y1,24,Frameshift,7.685634899335258e-06
OR2Z1,26,Frameshift,1.959953349015534e-05
OR3A1,24,Frameshift,0.00030077405186096866
OR3A2,24,Frameshift,8.721734073271345e-06
OR3A3,28,Frameshift,1.0680106797613465e-05
OR4A15,49,Frameshift,0.00011745950698782482
OR4A16,38,Frameshift,2.7672277439795742e-05
OR4A47,32,Frameshift,1.5668644073831483e-05
OR4A5,42,Frameshift,2.696486096746613e-05
OR4A8P,32,In-frame stop codon,7.748350393162537e-05
OR4B1,25,Frameshift,7.487258243736832e-05
OR4C11,33,Frameshift,0.004135982110620828
OR4C12,22,Frameshift,6.1623087204453036e-06
OR4C13,50,Frameshift,5.908727376699519e-06
OR4C15,38,Frameshift,0.00013568043205863955
OR4C16,36,Frameshift,0.008100910747073404
OR4C3,53,Frameshift,0.009452152721124693
OR4C46,41,Frameshift,0.00015484498554626033
OR4C5,47,Frameshift,0.004989032310166469
OR4C6,27,Frameshift,6.059306468017327e-06
OR4D1,30,Frameshift,0.00037131597466218553
OR4D10,29,Frameshift,0.0023364476950489405
OR4D11,37,Frameshift,4.195308607380824e-05
OR4D2,18,Frameshift,1.4585606960928465e-05
OR4D5,27,Frameshift,3.524298274953348e-05
OR4D6,19,Frameshift,0.0010252059599766663
OR4D9,29,Frameshift,2.1717541693026252e-05
OR4E2,19,Frameshift,1.7129311028058914e-05
OR4F15,21,Frameshift,0.0001338755624324455
OR4F16,1,Frameshift,0.0
OR4F17,17,Frameshift,0.0003303455966464243
OR4F21,17,Frameshift,0.00021630152017322764
OR4F4,16,Frameshift,8.668054138198665e-05
OR4F5,10,Frameshift,0.003936406173424839
OR4F6,33,Frameshift,1.7851624599290074e-05
OR4K1,40,Frameshift,1.570192403035841e-05
OR4K13,31,Frameshift,2.2263795929936146e-05
OR4K14,29,Frameshift,3.127691125525069e-05
OR4K15,22,Frameshift,7.79702715469094e-06
OR4K17,22,Frameshift,1.1333267952023386e-05
OR4K2,29,Frameshift,1.1024765359634425e-05
OR4K5,35,Frameshift,1.0360026246782484e-05
OR4L1,25,Frameshift,0.018501594012086623
OR4M1,22,Frameshift,2.26126576547579e-05
OR4M2,44,Frameshift,0.0008020946106808507
OR4N2,36,Frameshift,8.144136975367474e-05
OR4N4,37,Frameshift,9.876224731497139e-05
OR4N5,24,Frameshift,1.1168440956428747e-05
OR4P4,24,Frameshift,0.008379305370618931
OR4Q2,25,Frameshift,0.01949003398539449
OR4Q3,55,Frameshift,0.0003715703586258522
OR4S1,18,Frameshift,1.5308566973672296e-05
OR4S2,29,In-frame stop codon,5.049038113109562e-05
OR4X1,29,Frameshift,0.02450730493200913
OR4X2,24,In-frame stop codon,0.006160278454896297
OR51A2,15,Frameshift,1.4942626223417777e-05
OR51A4,19,Frameshift,2.0031604552847218e-05
OR51A7,21,Frameshift,9.11394023894884e-06
OR51B2,31,Frameshift,2.846378841143567e-05
OR51B4,29,Frameshift,0.00012116458157713935
OR51B6,26,Frameshift,7.239106177634708e-06
OR51D1,30,Frameshift,1.5983023320812687e-05
OR51E1,20,In-frame stop codon,8.064554968433016e-05
OR51E2,22,Frameshift,1.9917769671377545e-05
OR51F1,25,Frameshift,0.008302624722634327
OR51F2,21,In-frame stop codon,2.368122856011571e-05
OR51G1,24,Frameshift,0.0003245093190645889
OR51G2,15,Frameshift,4.6883639845165585e-05
OR51H1P,24,Frameshift,0.0003117100399516004
OR51I1,14,Frameshift,0.0053194033571280705
OR51I2,26,Frameshift,0.012114263112364413
OR51J1,18,Frameshift,0.006455488906711926
OR51L1,13,Frameshift,5.9381897688979384e-05
OR51M1,26,Frameshift,7.345192850156745e-05
OR51Q1,25,Frameshift,0.017204686099426506
OR51S1,21,Frameshift,1.8263348487283008e-05
OR51T1,30,Frameshift,0.00022171912670169297
OR51V1,27,Frameshift,0.00032642715682021015
OR52A1,15,Frameshift,0.015451314197245254
OR52A5,33,Frameshift,2.0523262425666717e-05
OR52B2,28,Frameshift,2.9930170450128834e-05
OR52B4,27,Frameshift,0.01342501883515494
OR52B6,19,Frameshift,1.9066855207330344e-05
OR52D1,22,Frameshift,0.006415546718539057
OR52E2,13,Frameshift,1.3791867342273609e-05
OR52E4,27,Frameshift,1.7742956746173433e-05
OR52E6,22,Frameshift,6.526450522267716e-05
OR52E8,17,Frameshift,0.023479852011857687
OR52H1,20,Frameshift,0.00034748531253707085
OR52I1,28,Frameshift,1.828497877916583e-05
OR52I2,22,Frameshift,0.0003136451880744008
OR52J3,21,In-frame stop codon,0.006821285393546549
OR52K1,41,Frameshift,6.303289566522442e-05
OR52K2,28,Frameshift,8.897790009310843e-05
OR52L1,19,In-frame stop codon,0.00027958976819019837
OR52M1,73,Frameshift,0.00019044280174143824
OR52N1,18,Frameshift,0.002269071887221084
OR52N2,25,Frameshift,1.7402136863796935e-05
OR52N4,28,Frameshift,0.008372355004025911
OR52N5,23,Frameshift,0.00035090698058674706
OR52R1,25,In-frame stop codon,3.7624610971640946e-05
OR52W1,20,Frameshift,1.9423576309307836e-05
OR56A1,21,Frameshift,5.1328241450660474e-06
OR56A3,25,In-frame stop codon,1.5119261386420784e-05
OR56A4,29,Frameshift,1.214770464377766e-05
OR56B1,46,Frameshift,2.6000934078510556e-05
OR56B4,28,Frameshift,1.3085235943830469e-05
OR5A1,27,Frameshift,4.439826223826128e-05
OR5A2,21,Frameshift,2.768448581930466e-05
OR5AC1,13,Frameshift,0.03488591083169526
OR5AC2,27,Frameshift,0.007383488911633672
OR5AK2,27,Frameshift,0.00026027859371924837
OR5AL1,1,Splice acceptor,0.9048991354466859
OR5AN1,30,Frameshift,6.05565983002326e-06
OR5AP2,25,Frameshift,2.5537013338110885e-05
OR5AR1,30,Frameshift,0.023164658513379437
OR5AS1,24,Frameshift,1.176689688548194e-05
OR5AU1,20,In-frame stop codon,6.124677096093878e-05
OR5B12,26,Frameshift,0.00044762888683007616
OR5B17,31,Frameshift,0.00019200150423088653
OR5B2,26,Frameshift,7.162014800259414e-06
OR5B21,23,Frameshift,7.820051569823113e-06
OR5B3,24,Frameshift,0.0014175565536067379
OR5C1,20,In-frame stop codon,1.4689973181438546e-05
OR5D13,24,Frameshift,1.2391873697361446e-05
OR5D14,36,Frameshift,3.619297218549108e-05
OR5D16,25,Frameshift,0.0001481476874074843
OR5D18,20,Frameshift,1.9095588347896958e-05
OR5F1,35,Frameshift,1.478241667928417e-05
OR5G3,17,Frameshift,0.07926121790052694
OR5H1,37,Frameshift,0.00013021067643462727
OR5H14,40,Frameshift,3.622267513400649e-05
OR5H15,30,Frameshift,0.0013407794524914398
OR5H2,28,Frameshift,2.5594348857081043e-05
OR5H6,48,Frameshift,1.4628438310833737e-05
OR5H8P,42,Frameshift,0.007168921440874142
OR5I1,29,Frameshift,6.204034983640183e-05
OR5J2,25,Frameshift,2.0589337772740664e-05
OR5K1,30,Frameshift,1.0514199162241128e-05
OR5K2,22,Frameshift,0.006971551637234393
OR5K3,37,Frameshift,0.012700098427461379
OR5K4,27,Frameshift,0.017445763558843308
OR5L1,38,Frameshift,0.0019719030468028317
OR5L2,30,Frameshift,0.0006275279543952322
OR5M1,23,Frameshift,0.007867497589846681
OR5M10,26,Frameshift,0.0025329379215135064
OR5M11,22,Frameshift,0.0030911431834753683
OR5M3,36,Frameshift,4.2086589223320787e-05
OR5M8,24,Frameshift,2.155092316852243e-05
OR5M9,41,Frameshift,1.0911000692425575e-05
OR5P2,37,Frameshift,5.636215998788821e-05
OR5P3,32,Frameshift,2.684125961359735e-05
OR5T1,34,Frameshift,1.6098170970696826e-05
OR5T2,28,Frameshift,3.342066665417601e-05
OR5T3,31,Frameshift,0.00016036888570963043
OR5V1,31,Frameshift,1.6027878717574372e-05
OR5W2,21,Frameshift,3.117265826514758e-05
OR6A2,19,Frameshift,0.000172791845662772
OR6B1,21,Frameshift,1.699122745903794e-05
OR6B2,26,Frameshift,7.518529971031821e-05
OR6B3,28,Frameshift,1.7114913841846036e-05
OR6C1,18,Frameshift,0.022312770228001627
OR6C2,27,Frameshift,1.0654712609203745e-05
OR6C3,34,Frameshift,5.6118800799874065e-05
OR6C4,32,Frameshift,0.0004734102668235332
OR6C6,27,Frameshift,9.737869826237558e-05
OR6C65,33,Frameshift,3.8936749157633174e-05
OR6C68,31,Frameshift,4.169202523307652e-05
OR6C70,30,Frameshift,0.00015579600831606578
OR6C74,23,Frameshift,0.011841687354194374
OR6C75,24,Frameshift,0.00032866163869748585
OR6C76,39,Frameshift,0.012670126635832687
OR6F1,19,Frameshift,0.00010540534525233482
OR6J1,19,In-frame stop codon,3.4008438772010814e-05
OR6K2,39,Frameshift,4.939972830049448e-05
OR6K3,33,Frameshift,1.3622224720253515e-05
OR6K6,25,Frameshift,9.934084954290503e-06
OR6M1,23,Frameshift,3.942073978354624e-05
OR6N1,19,Frameshift,8.799884751982774e-06
OR6N2,20,Frameshift,3.2839725889715864e-05
OR6P1,32,Frameshift,0.00011251000004508768
OR6Q1,21,Frameshift,0.007057449412090017
OR6S1,22,Frameshift,1.4503297826405815e-05
OR6T1,29,Frameshift,1.525213784249558e-05
OR6V1,26,Frameshift,0.0002600588270695176
OR6X1,18,Frameshift,3.189442384386702e-05
OR6Y1,23,Frameshift,2.0851968443354594e-05
OR7A10,21,Frameshift,1.289911912819986e-05
OR7A17,26,Frameshift,8.237594971029207e-06
OR7A5,27,Frameshift,0.0001501784400848954
OR7C1,19,Frameshift,0.000604903732684588
OR7C2,26,Frameshift,9.381262966995051e-05
OR7D2,20,Frameshift,4.488176055768777e-05
OR7D4,28,Frameshift,2.5721211339334193e-05
OR7E24,29,Frameshift,0.007435587726868231
OR7G1,28,Frameshift,0.00044529306819638195
OR7G2,20,Frameshift,1.1810585680113157e-05
OR7G3,23,Frameshift,0.016973311806232436
OR8A1,16,Frameshift,5.243854244186405e-06
OR8B12,16,Frameshift,1.3904883903996897e-05
OR8B2,40,Frameshift,7.298875483077248e-06
OR8B3,22,Frameshift,0.002240635136273742
OR8B4,19,Frameshift,1.6142787893475843e-05
OR8B8,21,Frameshift,2.5794801020418165e-05
OR8D1,22,Frameshift,1.8378041026464773e-05
OR8D2,19,Frameshift,1.8995514967731164e-05
OR8D4,17,Frameshift,0.00027392134620194726
OR8G1,38,Frameshift,0.013442594111962955
OR8G5,29,Frameshift,2.4171639726095698e-05
OR8H1,36,Frameshift,1.0448544764539243e-05
OR8H2,25,Frameshift,9.004487974898174e-06
OR8H3,21,Frameshift,1.8764557142995925e-05
OR8I2,37,Frameshift,0.004380930508958037
OR8J1,23,Frameshift,4.116318718170882e-05
OR8J2,33,In-frame stop codon,3.676739872390716e-05
OR8J3,24,Frameshift,3.6756052726351156e-05
OR8K1,29,Frameshift,0.02506998854622303
OR8K3,32,Frameshift,0.00046152301118299857
OR8K5,20,In-frame stop codon,3.1504480672713975e-05
OR8S1,36,Frameshift,4.3184157253137166e-05
OR8U1,56,Frameshift,0.0062075791346771795
OR9A2,22,Frameshift,1.3306983134685382e-05
OR9A4,26,Frameshift,0.00011241203541051003
OR9G1,46,Frameshift,1.2105627608906756e-05
OR9G4,33,Frameshift,1.134563781391172e-05
OR9I1,13,Frameshift,1.8439051629325453e-05
OR9K2,32,Frameshift,0.009115020984342274
OR9Q1,21,Frameshift,1.7771592245280795e-05
OR9Q2,27,Frameshift,1.31184616233595e-05
ORAI1,29,Frameshift,0.00017280475495915382
ORAI2,7,In-frame stop codon,4.538220118831893e-06
ORAI3,26,Frameshift,6.458177295970403e-05
ORAOV1,27,Frameshift,1.3850238356140123e-05
ORC1,55,In-frame stop codon,8.248625754491368e-06
ORC2,27,Frameshift,6.3441796820389e-05
ORC3,50,Frameshift,1.4512809353982877e-05
ORC4,58,Frameshift,8.165203328518233e-06
ORC5,42,Frameshift,7.923985874328978e-06
ORM1,39,Frameshift,1.3766430503545594e-05
ORM2,43,Frameshift,1.3180124232876312e-05
ORMDL1,9,Frameshift,4.540552379775995e-05
ORMDL2,11,Frameshift,4.038032675947076e-05
ORMDL3,6,Frameshift,0.0002283202157876503
OS9,52,Frameshift,7.729197848183932e-06
OSBP,16,In-frame stop codon,5.749995469258621e-06
OSBP2,68,Frameshift,1.0522169459788023e-05
OSBPL10,51,Frameshift,1.6533000535777774e-05
OSBPL11,18,Frameshift,5.346336561755786e-06
OSBPL1A,71,Frameshift,4.588470718286717e-05
OSBPL2,27,Frameshift,6.8395805203409835e-06
OSBPL3,48,Frameshift,7.166713089692806e-06
OSBPL5,43,In-frame stop codon,1.5841676735505853e-05
OSBPL6,36,Frameshift,1.4429263376312184e-05
OSBPL7,40,Frameshift,1.0254114868463064e-05
OSBPL8,42,In-frame stop codon,1.1051244719282585e-05
OSBPL9,34,Splice donor,1.0803068905104668e-05
OSCAR,44,Frameshift,1.9448564701825693e-05
OSCP1,40,In-frame stop codon,0.00013863641911528415
OSER1,20,Frameshift,2.6058496278419015e-05
OSGEP,27,In-frame stop codon,7.85150088543024e-06
OSGEPL1,35,Frameshift,9.37057785821591e-05
OSGIN1,73,Frameshift,1.8493203094841943e-05
OSGIN2,32,Frameshift,3.985893017653788e-05
OSM,9,Frameshift,1.1472552712342704e-05
OSMR,92,Frameshift,1.1817113963180842e-05
OSR1,2,Frameshift,3.977250355751781e-06
OSR2,28,Frameshift,1.548560686668724e-05
OST4,4,Frameshift,8.13948365779181e-06
OSTC,19,Frameshift,1.028512454558734e-05
OSTF1,16,Frameshift,5.21037055190262e-06
OSTM1,15,In-frame stop codon,8.74408237920104e-06
OSTN,15,Frameshift,1.0476457518784081e-05
OTC,4,Frameshift,2.767415214567263e-06
OTOA,75,Frameshift,2.0109661138479318e-05
OTOF,167,Frameshift,6.73303489201216e-05
OTOG,201,In-frame stop codon,2.1997606366023608e-05
OTOGL,236,Frameshift,1.4231990433475004e-05
OTOL1,53,Frameshift,1.5509621495059908e-05
OTOP1,69,In-frame stop codon,6.36760246903308e-05
OTOP2,54,Frameshift,2.1809763161832165e-05
OTOP3,53,Frameshift,9.38756447038882e-05
OTOR,23,Frameshift,0.0015206058926762018
OTOS,17,In-frame stop codon,4.5652303679870234e-05
OTP,5,Frameshift,9.412050461780544e-06
OTUB1,17,Splice acceptor,1.121050741971366e-05
OTUB2,34,Frameshift,1.011195174036929e-05
OTUD1,16,Frameshift,6.678534749487259e-05
OTUD3,27,Frameshift,1.4433860813258926e-05
OTUD4,24,Frameshift,1.1405685402632838e-05
OTUD5,7,Frameshift,2.495408448454843e-06
OTUD6A,1,In-frame stop codon,0.0
OTUD6B,38,Frameshift,1.2814666350044453e-05
OTUD7A,24,Frameshift,1.8563179952736138e-05
OTUD7B,32,Frameshift,7.507486339041018e-06
OTX1,6,In-frame stop codon,9.308917433826121e-06
OTX2,5,Frameshift,4.001452187796414e-06
OVCA2,38,Frameshift,4.055655090643625e-05
OVCH1,158,Frameshift,3.3634276846007047e-05
OVCH2,88,In-frame stop codon,0.006681698207391432
OVGP1,68,Frameshift,1.2878319011588217e-05
OVOL1,10,Frameshift,6.97848405313298e-06
OVOL2,7,Frameshift,2.8826665739884327e-05
OVOL3,22,Frameshift,1.212516147414077e-05
OXA1L,52,Frameshift,7.305963166032105e-05
OXCT1,24,Frameshift,0.001674431639519883
OXCT2,34,Frameshift,1.895020612118547e-05
OXER1,41,Frameshift,1.3813643652035003e-05
OXGR1,28,Frameshift,0.00041225575034851237
OXLD1,21,Frameshift,1.92816516744015e-05
OXNAD1,45,Frameshift,1.9347709831024955e-05
OXR1,46,Frameshift,0.00017286477621613334
OXSM,40,Frameshift,0.000289095671901588
OXSR1,23,Frameshift,4.762378098317131e-06
OXT,5,Splice donor,2.7106132492088165e-06
OXTR,23,Frameshift,1.6172510004445695e-05
P2RX1,40,Frameshift,1.2774733384846818e-05
P2RX2,84,Frameshift,6.364008406533977e-05
P2RX3,35,Frameshift,1.8290229331766216e-05
P2RX4,40,In-frame stop codon,1.378715289925374e-05
P2RX5,58,Frameshift,0.011690497169257939
P2RX6,60,Frameshift,0.00011352842142589416
P2RX7,69,Frameshift,9.482405030043345e-05
P2RY1,7,Frameshift,8.53611954836791e-06
P2RY10,6,In-frame stop codon,4.598868545962561e-06
P2RY11,79,Frameshift,1.7436235829205096e-05
P2RY12,22,Frameshift,7.072023470939597e-06
P2RY13,26,Frameshift,8.06021072217357e-06
P2RY14,17,Frameshift,9.1365261101349e-06
P2RY2,17,Frameshift,1.7735683163155338e-05
P2RY4,15,Frameshift,0.0009543564248954851
P2RY6,32,Frameshift,6.965482382271374e-06
P2RY8,8,In-frame stop codon,4.004049181108014e-06
P4HA1,18,Frameshift,9.279870344800359e-06
P4HA2,42,In-frame stop codon,2.6142796407732356e-05
P4HA3,40,In-frame stop codon,0.005001207351687921
P4HB,21,Frameshift,1.1899710078444753e-05
P4HTM,50,Frameshift,1.0202789842168527e-05
PA2G4,7,Frameshift,1.2006381334903036e-05
PAAF1,65,Frameshift,5.144726830687767e-05
PABPC1,65,Frameshift,0.0015988804502528554
PABPC1L,47,In-frame stop codon,2.046076933804271e-05
PABPC1L2A,1,Frameshift,0.000224517287831163
PABPC3,74,Frameshift,0.009308501463537304
PABPC4,22,In-frame stop codon,1.2033246599894291e-05
PABPC4L,22,Frameshift,1.6426186831613736e-05
PABPC5,7,Frameshift,1.6171248358239022e-05
PABPN1,18,Frameshift,1.4425045623940142e-05
PABPN1L,61,In-frame stop codon,0.00011979491202480859
PACRG,31,In-frame stop codon,1.564015193757776e-05
PACRGL,49,Frameshift,0.00018522976054661172
PACS1,27,Frameshift,8.530305969116313e-06
PACS2,32,In-frame stop codon,9.035938362552632e-06
PACSIN1,8,Frameshift,2.6171507869325525e-06
PACSIN2,24,In-frame stop codon,3.036564150690939e-05
PACSIN3,36,Frameshift,9.209187139126862e-06
PADI1,61,Frameshift,3.959904281965064e-05
PADI2,59,In-frame stop codon,3.994318686203344e-05
PADI3,47,Frameshift,1.697711500903986e-05
PADI4,74,Frameshift,3.8795513285373505e-05
PADI6,17,Splice donor,0.05883553828141033
PAEP,24,In-frame stop codon,2.0595681351831616e-05
PAF1,36,Frameshift,5.529383782638706e-06
PAFAH1B1,10,Frameshift,3.2008731010477624e-05
PAFAH1B2,23,Frameshift,3.791551622526195e-05
PAFAH1B3,22,In-frame stop codon,1.5196361544276163e-05
PAFAH2,47,Frameshift,2.8118799369691612e-05
PAG1,20,In-frame stop codon,9.78455787174852e-06
PAGE1,5,Frameshift,2.283026836980469e-06
PAGE2,8,Frameshift,1.1264182938906901e-05
PAGE2B,11,Frameshift,1.0726465591235662e-05
PAGE3,7,Splice donor,1.0713245106477929e-05
PAGE5,9,In-frame stop codon,0.0009391665576272013
PAGR1,17,Frameshift,1.1706297343911767e-05
PAH,56,Frameshift,1.747831506660786e-05
PAICS,51,Frameshift,0.00024117747566165806
PAIP1,18,Frameshift,2.3680595292723163e-05
PAIP2,3,In-frame stop codon,4.0001693789115565e-06
PAIP2B,13,Frameshift,5.303010454623605e-06
PAK1,25,Splice acceptor,5.8474846936816495e-06
PAK1IP1,22,Frameshift,1.0006421469685479e-05
PAK2,15,Splice donor,4.098969867280223e-05
PAK3,3,In-frame stop codon,3.644527598433062e-06
PAK4,40,Frameshift,0.004997608246085051
PAK6,34,Frameshift,5.9255291784129896e-06
PAK7,21,Frameshift,1.970922821314111e-05
PALB2,103,Frameshift,1.1757939348203364e-05
PALD1,62,In-frame stop codon,1.0834822832975534e-05
PALLD,72,Frameshift,3.523258333842906e-05
PALM,12,In-frame stop codon,2.0815457186661027e-05
PALM2-AKAP2,52,Frameshift,2.2153729874433532e-05
PALM3,32,Frameshift,9.235722702911935e-06
PALMD,28,Frameshift,7.159536031288765e-06
PAM,49,Frameshift,0.0014664240420128919
PAM16,14,Frameshift,1.889753376160429e-05
PAMR1,74,In-frame stop codon,1.3450449631351703e-05
PAN2,31,Frameshift,1.3791554550296345e-05
PAN3,13,Frameshift,4.095999332057325e-05
PANK1,35,Frameshift,1.0079135962947016e-05
PANK2,55,Frameshift,1.1150024919457008e-05
PANK3,23,In-frame stop codon,1.0528826089504655e-05
PANK4,21,Frameshift,7.499291813782472e-06
PANX1,29,Frameshift,8.462842870008412e-06
PANX2,49,Frameshift,8.465954248775916e-05
PANX3,24,Frameshift,9.824031505828834e-06
PAOX,56,Frameshift,1.5455709416044467e-05
PAPD4,34,Frameshift,1.1342430972399673e-05
PAPD5,13,Frameshift,1.525422791757353e-05
PAPD7,5,Frameshift,0.00029636383293719004
PAPL,38,In-frame stop codon,1.8743707030825237e-05
PAPLN,167,Frameshift,5.37647474551329e-05
PAPOLA,21,Frameshift,6.835841746697443e-06
PAPOLB,35,Frameshift,1.0059577065649017e-05
PAPOLG,28,Frameshift,3.325247632768468e-05
PAPPA,44,Frameshift,3.3900131070003217e-05
PAPPA2,66,In-frame stop codon,7.248635975958057e-06
PAPSS1,50,In-frame stop codon,2.280084709857996e-05
PAPSS2,50,Frameshift,2.7684954452952404e-05
PAQR3,37,Frameshift,8.845696130996054e-06
PAQR4,27,Frameshift,1.326477242074342e-05
PAQR5,20,Frameshift,1.516946235478267e-05
PAQR6,76,Frameshift,1.1744768347025045e-05
PAQR7,21,Frameshift,7.0418047393505645e-06
PAQR8,18,Frameshift,4.7141698597327286e-05
PAQR9,19,Frameshift,1.3679109634465574e-05
PARD3,54,Frameshift,1.3058109956145044e-05
PARD3B,112,Frameshift,8.128465619073214e-06
PARD6A,16,Frameshift,1.104743110171199e-05
PARD6B,8,Frameshift,1.5207217378747349e-05
PARD6G,12,In-frame stop codon,0.00017528643165888656
PARG,19,In-frame stop codon,6.783553658095234e-05
PARK2,45,Frameshift,0.00011878562026564796
PARK7,10,Frameshift,2.5047347039471568e-05
PARL,31,Frameshift,1.344653583114919e-05
PARM1,15,Frameshift,1.5965339759670045e-05
PARN,42,Frameshift,1.6348794030651444e-05
PARP1,42,Frameshift,5.948707359632304e-06
PARP10,66,Frameshift,9.719375390778703e-06
PARP11,43,Frameshift,1.160608069172478e-05
PARP12,56,Frameshift,9.544194875011344e-06
PARP14,62,Frameshift,0.00011004698178114547
PARP15,68,Frameshift,2.734372541407345e-05
PARP16,29,Frameshift,1.2819777077735033e-05
PARP2,73,Frameshift,1.9254279892232715e-05
PARP3,48,In-frame stop codon,3.9940565497283136e-05
PARP4,172,Frameshift,1.4283084106922241e-05
PARP6,12,Splice donor,6.6639024133855576e-06
PARP8,53,In-frame stop codon,1.9184161823619054e-05
PARP9,55,Frameshift,1.0069185281311733e-05
PARPBP,65,Frameshift,4.202574376363349e-05
PARS2,25,Frameshift,1.099746051576021e-05
PARVA,45,Frameshift,2.1128638860621128e-05
PARVB,45,Frameshift,2.2117228853167603e-05
PARVG,32,Frameshift,4.597672467365255e-05
PASD1,30,Frameshift,2.34575485059581e-05
PASK,130,Frameshift,3.564831428947637e-05
PATE1,17,In-frame stop codon,3.389967306733892e-05
PATE2,17,Frameshift,1.1018600921311162e-05
PATE3,11,Frameshift,2.428678614609089e-05
PATE4,16,In-frame stop codon,0.03462045159543034
PATL1,28,Splice acceptor,1.6444812000001865e-05
PATL2,58,Frameshift,0.01722163014776355
PATZ1,12,Frameshift,6.101482857493716e-06
PAWR,23,In-frame stop codon,3.4687926496909244e-05
PAX1,35,Frameshift,3.74306801679693e-05
PAX2,24,Frameshift,1.2570205710596996e-05
PAX3,20,In-frame stop codon,5.0781111822867535e-05
PAX4,30,In-frame stop codon,0.024479421266466243
PAX5,11,Frameshift,9.386534474236443e-06
PAX6,17,Frameshift,0.0013155333559846352
PAX7,21,In-frame stop codon,6.381371629108621e-06
PAX8,16,In-frame stop codon,6.866270726690919e-06
PAX9,8,In-frame stop codon,5.030898332411949e-06
PAXBP1,25,Frameshift,6.86129272504847e-05
PAXIP1,30,Frameshift,4.896284755018034e-05
PBDC1,11,In-frame stop codon,9.375175408008169e-06
PBK,35,Frameshift,1.001875195962246e-05
PBLD,31,Frameshift,3.719590324432059e-05
PBOV1,15,Frameshift,0.007919772634925274
PBRM1,24,Splice acceptor,2.1914346450385786e-05
PBX1,13,Frameshift,1.4584830739030602e-05
PBX2,19,Frameshift,2.964777757010972e-05
PBX3,14,Frameshift,7.790365354905977e-06
PBX4,36,Frameshift,3.5452669519054264e-05
PBXIP1,75,Frameshift,1.2832153247920398e-05
PC,58,Frameshift,7.576761069170254e-06
PCBD1,10,In-frame stop codon,2.8634978508275845e-05
PCBD2,6,In-frame stop codon,2.6731363849376732e-06
PCBP1,2,Frameshift,3.98117861054647e-06
PCBP2,7,Frameshift,8.061173198908823e-06
PCBP3,13,Frameshift,9.466082501362931e-06
PCBP4,30,Frameshift,6.3945961992740076e-06
PCCA,76,Frameshift,1.1660927915615871e-05
PCCB,71,Frameshift,4.0362591719350544e-05
PCDH1,29,Frameshift,0.0001457510745633943
PCDH10,29,Frameshift,5.733320517204888e-06
PCDH11X,30,In-frame stop codon,0.0005135501808540071
PCDH11Y,30,Frameshift,1.5917951249548183e-05
PCDH12,75,Frameshift,7.961272978244335e-06
PCDH15,280,Frameshift,0.003332826041100801
PCDH17,29,Frameshift,3.949902164168932e-05
PCDH18,31,Frameshift,1.1159027218792993e-05
PCDH19,13,Frameshift,1.342599422449377e-05
PCDH20,26,Frameshift,9.428450746177313e-05
PCDH7,17,Frameshift,7.663112590644669e-06
PCDH8,35,Frameshift,1.3992970044179195e-05
PCDH9,17,Frameshift,4.936351068141135e-06
PCDP1,88,Frameshift,0.011389296410346366
PCED1A,42,Frameshift,7.179004968885793e-05
PCED1B,28,Frameshift,1.406833554908296e-05
PCF11,17,Frameshift,9.194113178184644e-06
PCGF1,2,Splice acceptor,6.15839389087326e-06
PCGF2,26,In-frame stop codon,0.0167990930387755
PCGF3,23,Frameshift,0.0004707277288375799
PCGF5,6,In-frame stop codon,5.052142879606376e-06
PCGF6,24,Frameshift,1.4239706667952154e-05
PCID2,57,Frameshift,1.8103133002989477e-05
PCIF1,9,Frameshift,6.69566421317525e-06
PCK1,44,In-frame stop codon,1.0086865055511762e-05
PCK2,97,Frameshift,5.3947572578800356e-05
PCLO,115,Frameshift,1.2030424039600787e-05
PCM1,126,Frameshift,2.5644615941658755e-05
PCMT1,11,In-frame stop codon,1.33587666023893e-05
PCMTD1,31,In-frame stop codon,0.006633951103616536
PCMTD2,49,Frameshift,2.1317507865180824e-05
PCNA,1,In-frame stop codon,0.0
PCNP,5,In-frame stop codon,1.010320497289369e-05
PCNT,295,Frameshift,1.1669746229749273e-05
PCNX,55,In-frame stop codon,1.6412146569246772e-05
PCNXL2,154,Frameshift,0.00030059298514242014
PCNXL3,51,Frameshift,8.900785791231965e-05
PCNXL4,136,Frameshift,1.6187710360422563e-05
PCOLCE,31,Frameshift,7.757337825683127e-06
PCOLCE2,55,Frameshift,1.699533275350793e-05
PCP2,23,Frameshift,1.2706519987794502e-05
PCP4,7,Splice donor,1.0806668971094218e-05
PCP4L1,5,Splice acceptor,1.1361779530209026e-05
PCSK1,39,In-frame stop codon,9.047976202937705e-06
PCSK1N,18,Frameshift,6.373548287332765e-05
PCSK2,9,In-frame stop codon,6.719714907461447e-06
PCSK4,83,Frameshift,0.005481764497082366
PCSK5,177,Frameshift,0.002971966440950714
PCSK6,80,Frameshift,0.013203845702022248
PCSK7,52,Frameshift,4.7318805832521855e-05
PCSK9,81,Frameshift,2.99481807698262e-05
PCTP,40,Frameshift,1.9377756675651198e-05
PCYOX1,56,Frameshift,1.3776627398602136e-05
PCYOX1L,39,Frameshift,8.619089469100844e-06
PCYT1A,44,Frameshift,2.5649839327579848e-05
PCYT1B,4,In-frame stop codon,4.636651843556823e-06
PCYT2,32,Frameshift,2.308921738848316e-05
PDAP1,7,Splice acceptor,1.0816507694721778e-05
PDC,24,Frameshift,1.2015621055756292e-05
PDCD1,12,In-frame stop codon,5.462218126164588e-06
PDCD10,2,Splice acceptor,4.009700750420791e-06
PDCD11,90,In-frame stop codon,9.683597849723115e-06
PDCD1LG2,22,Frameshift,0.00012671052206611108
PDCD2,49,Frameshift,1.7891415054986347e-05
PDCD2L,43,Frameshift,3.6580808541209996e-05
PDCD4,54,Frameshift,9.809227020002073e-06
PDCD5,23,Frameshift,9.471323598200285e-06
PDCD6,15,Frameshift,2.091297505791383e-05
PDCD6IP,33,In-frame stop codon,1.2668567278226151e-05
PDCD7,34,Frameshift,1.618013262203804e-05
PDCL,14,Frameshift,9.056444899102426e-06
PDCL2,22,Frameshift,7.401368087385724e-06
PDCL3,24,Frameshift,0.00023263762586001553
PDDC1,38,Frameshift,1.732490081678197e-05
PDE10A,21,In-frame stop codon,1.0857979043635008e-05
PDE11A,130,Frameshift,0.00012851188592450348
PDE12,32,Frameshift,7.0216916081160665e-06
PDE1A,39,Frameshift,9.713809490792839e-05
PDE1B,23,In-frame stop codon,4.071083391898361e-05
PDE1C,51,In-frame stop codon,3.3109810234084074e-05
PDE2A,59,Frameshift,1.5190694113215012e-05
PDE3A,38,In-frame stop codon,9.807839596708685e-06
PDE3B,55,Frameshift,1.7225243031250796e-05
PDE4A,38,Frameshift,1.0842119170904562e-05
PDE4B,29,Frameshift,1.2819898552341107e-05
PDE4C,71,Frameshift,1.7189645912368385e-05
PDE4D,35,Frameshift,9.059067664092593e-06
PDE4DIP,518,Frameshift,0.006152171341346212
PDE5A,46,In-frame stop codon,5.207076374137238e-05
PDE6A,73,Frameshift,1.0366873780157169e-05
PDE6B,95,Frameshift,0.00040795663629529283
PDE6C,59,Splice donor,8.920244473523932e-06
PDE6D,9,Splice donor,4.880972861133995e-06
PDE6G,25,Frameshift,0.00241440641729913
PDE6H,6,In-frame stop codon,1.923877815790426e-05
PDE7A,30,In-frame stop codon,9.29231251954126e-06
PDE7B,33,Frameshift,8.606939473835837e-06
PDE8A,45,In-frame stop codon,6.767680389832023e-06
PDE8B,27,Frameshift,1.095702812892262e-05
PDE9A,38,In-frame stop codon,7.744255638373463e-05
PDF,38,Frameshift,1.747032075870071e-05
PDGFA,11,Splice donor,1.236239924774652e-05
PDGFB,11,Frameshift,9.426562190921441e-06
PDGFC,10,Splice donor,8.485710564820632e-06
PDGFD,28,Frameshift,1.4677507124152254e-05
PDGFRA,21,Frameshift,2.374813509590671e-05
PDGFRB,28,In-frame stop codon,7.775693279096351e-06
PDGFRL,41,In-frame stop codon,1.8707477278951057e-05
PDHA1,30,Frameshift,0.015827468797869827
PDHA2,41,Frameshift,2.4956067699240138e-05
PDHB,20,Frameshift,7.708033296590008e-06
PDHX,40,Frameshift,1.7138938502645194e-05
PDIA2,118,Frameshift,0.00024133667607340048
PDIA3,21,Frameshift,1.3122282975527224e-05
PDIA4,30,In-frame stop codon,7.89204651211424e-05
PDIA5,39,Frameshift,0.0001017841701774469
PDIA6,42,Frameshift,2.8536374380946355e-05
PDIK1L,7,In-frame stop codon,9.136451662142534e-06
PDILT,46,Frameshift,1.0917073962437099e-05
PDK1,39,In-frame stop codon,2.132087595898234e-05
PDK2,37,Frameshift,5.969084135252662e-06
PDK3,9,Frameshift,7.28792911439538e-06
PDK4,44,Frameshift,1.5633921952205732e-05
PDLIM1,46,Frameshift,1.2991534989003376e-05
PDLIM2,52,Frameshift,0.0005751503648335271
PDLIM3,31,Frameshift,5.859664596740534e-06
PDLIM4,13,Frameshift,6.345462962635322e-06
PDLIM5,59,Frameshift,1.4326287475454335e-05
PDLIM7,54,Frameshift,1.100393747834838e-05
PDP1,25,Frameshift,1.4787884347648738e-05
PDP2,27,Frameshift,1.1381295045736922e-05
PDPK1,6,Frameshift,0.0007951853530198242
PDPN,28,Frameshift,6.311461801256345e-05
PDPR,93,In-frame stop codon,0.00045444558531427257
PDRG1,19,In-frame stop codon,8.700343056812661e-06
PDS5A,22,Splice acceptor,5.37379106052473e-06
PDS5B,56,Frameshift,8.694999130870187e-05
PDSS1,32,In-frame stop codon,1.4393379223650536e-05
PDSS2,32,Splice acceptor,0.00020205094918938245
PDX1,25,Frameshift,9.671675164784557e-06
PDXDC1,99,Frameshift,4.504566148919107e-05
PDXK,21,In-frame stop codon,0.0005788478328091441
PDXP,15,Frameshift,3.9289398193833175e-05
PDYN,23,Frameshift,1.907859249267374e-05
PDZD11,2,In-frame stop codon,5.474424655124508e-06
PDZD2,76,Frameshift,7.14229276499711e-06
PDZD3,83,Frameshift,0.0001182805019330001
PDZD4,10,Frameshift,4.456341366199887e-06
PDZD7,57,Frameshift,1.3529739475682889e-05
PDZD8,15,Frameshift,8.86431129988543e-06
PDZD9,25,Frameshift,7.853149525496812e-05
PDZK1,46,Frameshift,2.7838693733970785e-05
PDZK1IP1,9,In-frame stop codon,1.1228948307623162e-05
PDZRN3,42,Frameshift,7.649293778203176e-05
PDZRN4,68,Frameshift,2.6126099679428164e-05
PEA15,6,Start codon lost,1.2042083963087506e-05
PEAK1,50,Frameshift,6.606181800683654e-06
PEAR1,95,Frameshift,9.28861554914097e-06
PEBP1,19,Frameshift,1.8652207185208914e-05
PEBP4,43,Frameshift,0.007298748858931726
PECR,24,Frameshift,3.925633601286278e-05
PEF1,22,Frameshift,7.518386178264209e-05
PEG10,7,Start codon lost,5.906900186388017e-06
PEG3,53,Frameshift,3.612788236096e-05
PELI1,29,Frameshift,7.6192253889708e-05
PELI2,9,In-frame stop codon,1.0512455116073597e-05
PELI3,23,Frameshift,8.727322874549789e-06
PELO,26,Frameshift,8.733018081281912e-06
PELP1,49,Frameshift,4.270840705476273e-05
PEMT,23,Frameshift,0.00015455608672429891
PENK,37,Frameshift,2.570959311252574e-05
PEPD,53,Frameshift,8.63784113098078e-06
PER1,68,Frameshift,2.1082599803760874e-05
PER2,51,Frameshift,8.746735705644865e-05
PER3,146,Frameshift,1.4421308865856525e-05
PERP,8,Splice acceptor,3.6121460449093825e-06
PES1,31,Frameshift,0.00011162174686056564
PET100,14,In-frame stop codon,7.696256933180376e-06
PET112,54,Frameshift,1.8485526618141953e-05
PET117,7,Frameshift,1.9850118921684462e-05
PEX1,90,Frameshift,1.5074242730902242e-05
PEX10,40,Frameshift,7.592841051372875e-05
PEX11A,24,In-frame stop codon,1.3818028190505018e-05
PEX11B,24,Frameshift,1.751229218817622e-05
PEX11G,37,Frameshift,9.209989682657359e-05
PEX12,46,Frameshift,7.310296635661228e-05
PEX13,31,Frameshift,9.84739946832456e-06
PEX14,15,In-frame stop codon,7.508689961445595e-06
PEX16,26,In-frame stop codon,6.565272576160083e-06
PEX19,22,Frameshift,1.0792580239820317e-05
PEX2,30,Frameshift,1.1940533048032344e-05
PEX26,24,Frameshift,1.6564975344068256e-05
PEX3,22,Frameshift,9.06362308071122e-06
PEX5,65,Frameshift,0.0001472239873328704
PEX5L,27,In-frame stop codon,1.0243306123925462e-05
PEX6,71,Frameshift,1.436116455668744e-05
PEX7,50,Frameshift,0.00011976679636115706
PF4,16,Frameshift,4.3401307483007135e-05
PF4V1,12,Frameshift,8.346506141920103e-06
PFAS,109,Frameshift,9.463695257588127e-06
PFDN1,8,Frameshift,1.2160134057269868e-05
PFDN2,4,Frameshift,5.01269345145982e-06
PFDN4,10,In-frame stop codon,6.754359852076422e-06
PFDN5,16,Frameshift,1.2093113185344738e-05
PFDN6,2,Splice acceptor,4.085998348053977e-06
PFKFB1,25,In-frame stop codon,1.9133944884765023e-05
PFKFB2,36,Frameshift,1.1917770374649455e-05
PFKFB3,34,Frameshift,1.957329076637286e-05
PFKFB4,51,Frameshift,1.751003639789733e-05
PFKL,89,Frameshift,0.00036912565240426726
PFKM,77,Frameshift,1.3663936796026546e-05
PFKP,121,Frameshift,2.7032693184429905e-05
PFN1,15,Frameshift,0.0001277780297293535
PFN2,17,Frameshift,0.00020635307780646347
PFN3,12,Frameshift,8.000914590049161e-06
PFN4,11,Frameshift,7.241194017164484e-06
PGA3,14,Frameshift,6.416322133598796e-06
PGA4,18,Splice donor,6.636873985712814e-05
PGA5,29,Frameshift,8.417923391441902e-05
PGAM1,26,Frameshift,7.1482749157556825e-06
PGAM2,25,Frameshift,2.8109727910060987e-05
PGAM4,8,In-frame stop codon,1.5933042801827747e-05
PGAM5,17,In-frame stop codon,8.647143760428456e-05
PGAP1,66,In-frame stop codon,1.6899367118156565e-05
PGAP2,46,Frameshift,2.35156333633786e-05
PGAP3,23,In-frame stop codon,1.636914941603065e-05
PGBD1,55,Frameshift,1.8453673190513145e-05
PGBD2,51,In-frame stop codon,9.856836059126263e-06
PGBD3,83,Frameshift,1.2097693256842016e-05
PGBD4,46,Frameshift,1.6623402316432572e-05
PGBD5,34,Frameshift,1.418101659000213e-05
PGC,57,Frameshift,0.0072770413410534725
PGD,26,Frameshift,6.167709091579699e-06
PGF,12,In-frame stop codon,2.0590353630906314e-05
PGGT1B,18,Frameshift,5.516568069564556e-06
PGK1,4,In-frame stop codon,9.544949532511943e-06
PGK2,32,Frameshift,3.086180801948802e-05
PGLS,17,Frameshift,1.0927637704583322e-05
PGLYRP1,23,In-frame stop codon,9.436606321995562e-06
PGLYRP2,59,Frameshift,0.009827629087852856
PGLYRP3,25,In-frame stop codon,1.8594459464191088e-05
PGLYRP4,43,In-frame stop codon,3.65683947474203e-05
PGM1,64,Frameshift,0.00015326174548305644
PGM2,70,Frameshift,3.249464440281683e-05
PGM2L1,31,Frameshift,7.546446448565387e-06
PGM3,60,Frameshift,2.124781791908876e-05
PGM5,24,Frameshift,8.178545812260306e-06
PGP,13,Frameshift,1.2060766322545215e-05
PGPEP1,30,In-frame stop codon,1.096411405361515e-05
PGPEP1L,40,Frameshift,0.012782892375097577
PGR,23,In-frame stop codon,1.991161611183784e-05
PGRMC1,1,Frameshift,5.456549496360481e-06
PGRMC2,19,Frameshift,3.216170199838348e-05
PGS1,68,In-frame stop codon,9.586374538065242e-05
PHACTR1,85,Frameshift,0.0009252504483096724
PHACTR2,42,Frameshift,1.4002141189539765e-05
PHACTR3,16,Frameshift,6.463532021526622e-06
PHACTR4,49,Frameshift,8.143710273217781e-05
PHAX,31,Frameshift,8.011808417790753e-06
PHB,4,In-frame stop codon,6.117140114918419e-06
PHB2,26,Frameshift,3.5180636062998846e-05
PHC1,31,In-frame stop codon,0.00021332649473809837
PHC2,34,Frameshift,9.297846267374261e-06
PHC3,25,Frameshift,4.495033059863339e-05
PHEX,12,Splice acceptor,9.286253282695092e-06
PHF1,18,Frameshift,1.481576852392031e-05
PHF10,42,Frameshift,9.333399815035891e-06
PHF11,49,Frameshift,1.731984511279152e-05
PHF12,29,Frameshift,5.8286055091918485e-05
PHF13,1,Frameshift,4.000128004096131e-06
PHF14,48,Frameshift,7.576739340052579e-06
PHF19,14,In-frame stop codon,0.00019810625299161486
PHF2,35,Frameshift,2.699368842482638e-05
PHF20,28,Splice acceptor,2.903920488450817e-05
PHF20L1,30,Frameshift,1.036255949184076e-05
PHF21A,15,Splice acceptor,2.3061420699971087e-05
PHF21B,19,Frameshift,3.732147004978422e-05
PHF23,13,Frameshift,2.1808610435017244e-05
PHF3,58,Frameshift,9.560711212333743e-06
PHF6,8,Frameshift,4.223837090117174e-06
PHF7,19,Frameshift,9.858990268654462e-06
PHF8,12,Splice donor,0.00020839331778574387
PHGDH,35,Frameshift,1.2187264300011856e-05
PHGR1,10,Frameshift,1.88917135743158e-05
PHIP,40,Frameshift,7.028310850391359e-06
PHKA1,35,In-frame stop codon,9.702688282633407e-06
PHKA2,19,In-frame stop codon,4.560010503496694e-06
PHKB,104,Frameshift,3.601746273838469e-05
PHKG1,54,In-frame stop codon,1.7517394524887743e-05
PHKG2,30,Frameshift,1.1152213565796435e-05
PHLDA1,31,Frameshift,5.466801416907634e-05
PHLDA2,6,In-frame stop codon,1.0379632976099824e-05
PHLDA3,8,Frameshift,2.155102297182431e-05
PHLDB1,47,Frameshift,9.858156758574548e-06
PHLDB2,68,In-frame stop codon,8.502914326360481e-06
PHLDB3,105,Frameshift,2.116854386815008e-05
PHLPP1,35,Frameshift,6.873273188292933e-05
PHLPP2,67,Frameshift,4.2656290592192995e-05
PHOSPHO1,15,Frameshift,1.5031416999748743e-05
PHOSPHO2,23,Frameshift,6.161826240948397e-06
PHOX2A,10,Frameshift,2.957603158184733e-06
PHOX2B,12,Frameshift,1.989450527503055e-05
PHPT1,33,Frameshift,1.4826807470976578e-05
PHRF1,58,Frameshift,2.8817458303578135e-05
PHTF1,108,Frameshift,1.5599382982546404e-05
PHTF2,52,Frameshift,7.970599532180962e-06
PHYH,36,Splice acceptor,1.685014510897281e-05
PHYHD1,42,In-frame stop codon,3.0266852725132545e-05
PHYHIP,7,In-frame stop codon,1.9368275118700477e-05
PHYHIPL,14,Frameshift,9.401957956735237e-06
PHYKPL,67,Frameshift,1.7965693217284677e-05
PI15,21,Frameshift,5.880031946188983e-06
PI16,39,Frameshift,3.8521920879146686e-05
PI3,9,Frameshift,5.321883462060482e-06
PI4K2A,31,In-frame stop codon,1.5590718370401886e-05
PI4K2B,40,Frameshift,1.1069902055723197e-05
PI4KA,126,Frameshift,1.2430012958447549e-05
PI4KB,24,Frameshift,1.2078107070820499e-05
PIANP,12,In-frame stop codon,7.531971784076056e-06
PIAS1,4,Frameshift,4.993404687814658e-06
PIAS2,20,Frameshift,4.243863865064127e-05
PIAS3,19,Frameshift,1.1638747147494658e-05
PIAS4,4,Frameshift,1.0489184768491638e-05
PIBF1,80,Frameshift,1.1197000000467293e-05
PICALM,24,Frameshift,1.0896382406924005e-05
PICK1,21,Splice acceptor,8.388730317006969e-05
PID1,19,In-frame stop codon,1.2652675407860604e-05
PIDD,79,Frameshift,1.0206140503643034e-05
PIEZO1,181,Frameshift,6.661271711042793e-05
PIEZO2,109,In-frame stop codon,4.2753435353145165e-05
PIF1,81,Frameshift,0.00026098849537422133
PIFO,27,Frameshift,1.076482257233914e-05
PIGA,2,Start codon lost,0.00014425851125216387
PIGB,66,Frameshift,1.8169092623022535e-05
PIGC,18,Frameshift,1.3146831456406933e-05
PIGF,25,Splice acceptor,1.3380713390672615e-05
PIGG,85,Frameshift,2.1266105999328302e-05
PIGH,34,Frameshift,0.011930422373312386
PIGK,25,Frameshift,1.2893154883305434e-05
PIGL,39,Frameshift,1.372556497458413e-05
PIGM,29,Frameshift,1.0854444995656551e-05
PIGN,97,Frameshift,0.01032125694255772
PIGO,75,Frameshift,9.79483492221737e-06
PIGP,31,Frameshift,1.657122402137072e-05
PIGQ,84,Frameshift,1.7840666716793582e-05
PIGR,20,Frameshift,5.009332144396676e-06
PIGS,41,Frameshift,1.0859033992008326e-05
PIGT,58,Frameshift,0.000118308054292677
PIGU,29,Splice acceptor,1.2558205728235477e-05
PIGV,36,Frameshift,5.788738639898853e-05
PIGW,49,Frameshift,1.77410044004019e-05
PIGX,32,Frameshift,1.1736275655011169e-05
PIGY,5,Frameshift,8.854666754734949e-06
PIGZ,51,Frameshift,1.4615993421092522e-05
PIH1D1,26,In-frame stop codon,1.0006069288210993e-05
PIH1D2,44,Frameshift,8.045947886434923e-06
PIH1D3,2,Frameshift,2.271385090628265e-05
PIK3AP1,9,Frameshift,0.004097139637310532
PIK3C2A,55,In-frame stop codon,7.557408696024584e-06
PIK3C2B,65,Frameshift,8.83323277661406e-06
PIK3C2G,172,Frameshift,0.00010831446150841951
PIK3C3,75,Frameshift,9.02612610427439e-06
PIK3CA,13,In-frame stop codon,3.996665301367071e-06
PIK3CB,30,Frameshift,9.11642670885741e-06
PIK3CD,31,Frameshift,1.3271467541854428e-05
PIK3CG,49,In-frame stop codon,7.737292326707805e-06
PIK3IP1,32,Frameshift,1.0393024151297744e-05
PIK3R1,28,Frameshift,1.0073664647504926e-05
PIK3R2,39,Frameshift,1.784187411088563e-05
PIK3R3,79,Frameshift,2.0863482420017884e-05
PIK3R4,41,Frameshift,9.290716979599207e-06
PIK3R5,17,In-frame stop codon,1.1552903290440222e-05
PIK3R6,95,Frameshift,0.010621841546378913
PIKFYVE,108,Frameshift,7.681391307975143e-06
PILRA,34,In-frame stop codon,3.0433024049967907e-05
PILRB,46,Frameshift,1.6851887049813145e-05
PIM1,11,In-frame stop codon,2.5524073792726655e-06
PIM2,1,Frameshift,1.9095266283488324e-05
PIM3,12,Frameshift,8.961456253225451e-06
PIN1,9,Frameshift,3.254597515637425e-05
PIN4,9,Frameshift,3.807504363053287e-05
PINK1,51,Frameshift,1.2860013356530436e-05
PINLYP,14,Frameshift,1.118358355473269e-05
PINX1,50,Frameshift,1.8532337041346077e-05
PIP,20,Frameshift,3.583707807090299e-05
PIP4K2A,19,Frameshift,5.074265920939201e-06
PIP4K2B,6,Frameshift,1.1300682919144383e-05
PIP4K2C,24,Frameshift,1.2470348186268713e-05
PIP5K1A,41,Frameshift,1.303188176521538e-05
PIP5K1B,49,Frameshift,7.401031521694105e-06
PIP5K1C,42,Frameshift,3.266271778907556e-05
PIP5KL1,36,Frameshift,1.5547067880157525e-05
PIPOX,41,In-frame stop codon,1.2144933692574766e-05
PIR,23,Frameshift,1.7149190260542623e-05
PIRT,9,Frameshift,2.7461484041220012e-05
PISD,49,Frameshift,1.6562937955047034e-05
PITHD1,18,Frameshift,1.490200877208731e-05
PITPNA,14,Frameshift,1.1980560112915242e-05
PITPNB,10,Start codon lost,3.2241985671765627e-06
PITPNC1,16,Frameshift,6.578519206882853e-06
PITPNM1,53,Frameshift,6.407559325054596e-06
PITPNM2,30,Frameshift,4.521768726714922e-05
PITPNM3,25,Frameshift,1.5729461174792437e-05
PITRM1,131,Frameshift,0.005358253150593974
PITX1,17,Frameshift,0.02555354180925208
PITX2,24,In-frame stop codon,0.006449782233967158
PITX3,10,Frameshift,1.969107770684974e-05
PIWIL1,52,In-frame stop codon,7.137964990675233e-06
PIWIL2,46,In-frame stop codon,1.018672316292531e-05
PIWIL3,116,Frameshift,8.281251196186956e-05
PIWIL4,57,Frameshift,1.0744239214665286e-05
PJA1,12,Frameshift,1.1691317641979341e-05
PJA2,22,Frameshift,5.822200828829327e-06
PKD1,95,In-frame stop codon,2.0294069886888674e-05
PKD1L1,232,Frameshift,1.939177145036947e-05
PKD1L2,407,Frameshift,0.005827095573140574
PKD1L3,44,Splice acceptor,3.672011569444438e-05
PKD2,43,In-frame stop codon,1.8850698499121042e-05
PKD2L1,82,Frameshift,0.00018341191621203186
PKD2L2,83,Frameshift,2.761634988756277e-05
PKDCC,30,Frameshift,2.8229607008578676e-05
PKDREJ,132,Frameshift,2.011747672974379e-05
PKHD1,242,Frameshift,3.824161989840185e-05
PKHD1L1,405,Frameshift,0.00025696469518123597
PKIA,2,Splice acceptor,4.021654684934941e-06
PKIB,9,Start codon lost,1.178020661280888e-05
PKIG,4,Stop codon lost,6.938719412342946e-06
PKLR,46,Frameshift,7.922308363990522e-06
PKM,24,Frameshift,7.298688685477367e-06
PKMYT1,47,Frameshift,4.90541046669155e-05
PKN1,68,Frameshift,4.1067071490933126e-05
PKN2,31,Frameshift,6.868639183535265e-06
PKN3,80,Frameshift,6.4348671352889855e-06
PKNOX1,8,Frameshift,4.0957950862097706e-05
PKNOX2,11,Frameshift,4.091705915588398e-06
PKP1,25,In-frame stop codon,7.178252184091827e-06
PKP2,68,Frameshift,1.0950847558578246e-05
PKP3,69,Frameshift,1.3884243658545688e-05
PKP4,69,In-frame stop codon,9.20546726467691e-05
PLA1A,41,Frameshift,3.462605080102703e-05
PLA2G10,11,In-frame stop codon,0.0004190058013114119
PLA2G12A,21,In-frame stop codon,2.0879951631577838e-05
PLA2G12B,12,In-frame stop codon,1.2320422734854111e-05
PLA2G15,37,Frameshift,9.606846483514797e-06
PLA2G16,19,In-frame stop codon,1.1958014270319518e-05
PLA2G1B,21,Frameshift,1.793124168035648e-05
PLA2G2A,8,Frameshift,1.841345584498679e-05
PLA2G2C,13,Frameshift,0.015649628522598196
PLA2G2D,16,Frameshift,3.5096163470179115e-05
PLA2G2E,12,Frameshift,1.539584693759617e-05
PLA2G2F,24,Frameshift,2.4505787544178112e-05
PLA2G3,44,In-frame stop codon,0.00014313389782524532
PLA2G4A,26,In-frame stop codon,1.0723590855432959e-05
PLA2G4B,161,Frameshift,2.6949009618221027e-05
PLA2G4C,62,Frameshift,0.00032617544887283517
PLA2G4D,87,Frameshift,0.002985236826625583
PLA2G4E,106,Frameshift,0.00025170005276860025
PLA2G4F,103,Frameshift,2.0454234132272642e-05
PLA2G5,16,In-frame stop codon,1.120015497380461e-05
PLA2G6,75,In-frame stop codon,2.9432224994521138e-05
PLA2G7,58,Frameshift,3.8463327071368396e-05
PLA2R1,162,Frameshift,0.00020508199060533365
PLAA,33,In-frame stop codon,8.076746939539548e-06
PLAC1,3,Frameshift,3.217184201461735e-05
PLAC8,8,Frameshift,1.07168673545192e-05
PLAC8L1,11,Frameshift,1.0132285230335616e-05
PLAC9,14,In-frame stop codon,1.2485179655554678e-05
PLAG1,3,Start codon lost,2.7457689097710823e-06
PLAGL1,9,Frameshift,1.327760573921326e-05
PLAGL2,5,Frameshift,4.790588886897267e-06
PLAT,32,In-frame stop codon,5.340697130760798e-05
PLAU,37,Frameshift,1.536009036630842e-05
PLAUR,34,Splice donor,0.00010084717712967846
PLB1,236,Frameshift,1.8317673859690095e-05
PLBD1,66,Frameshift,2.0762631276210822e-05
PLBD2,52,Frameshift,2.0238553603896152e-05
PLCB1,46,Frameshift,1.423762661905499e-05
PLCB2,94,Frameshift,2.5418782344689723e-05
PLCB3,60,Frameshift,0.00027496187935872353
PLCB4,51,In-frame stop codon,9.235524593232373e-06
PLCD1,77,Frameshift,1.3123621938310437e-05
PLCD3,63,Frameshift,0.02309208822256972
PLCD4,67,Frameshift,2.0285101920154834e-05
PLCE1,107,Frameshift,8.611072188374039e-06
PLCG1,72,Frameshift,8.563816835518635e-06
PLCG2,36,Frameshift,1.4727761863888705e-05
PLCH1,52,Frameshift,0.0001508071501047476
PLCH2,145,Frameshift,0.0009023525943014289
PLCL1,36,Frameshift,3.074997490451343e-05
PLCL2,8,Frameshift,0.0002657866871443305
PLCXD1,50,Frameshift,2.8232813935221336e-05
PLCXD2,27,In-frame stop codon,6.434395054608271e-05
PLCXD3,10,In-frame stop codon,9.220776449789568e-06
PLCZ1,99,Frameshift,1.0518048831484849e-05
PLD1,88,In-frame stop codon,1.1173595654674603e-05
PLD2,96,Frameshift,1.9792541343604397e-05
PLD3,32,In-frame stop codon,5.453110093087013e-06
PLD4,64,Frameshift,3.62345631788292e-05
PLD5,34,Frameshift,5.480728257906148e-06
PLD6,23,Frameshift,1.801335120465141e-05
PLEC,235,In-frame stop codon,4.8861240557326776e-05
PLEK,16,In-frame stop codon,1.3453295877315005e-05
PLEK2,35,Frameshift,1.60552276443547e-05
PLEKHA1,41,Frameshift,1.5776987150387128e-05
PLEKHA2,21,Frameshift,0.04826531424002817
PLEKHA3,15,In-frame stop codon,9.191192750869357e-06
PLEKHA4,72,Frameshift,1.4123191046224525e-05
PLEKHA5,35,Frameshift,1.891826694191427e-05
PLEKHA6,38,Frameshift,7.94024672506598e-06
PLEKHA7,84,In-frame stop codon,8.620916882653726e-06
PLEKHA8,41,Frameshift,1.3511872578083412e-05
PLEKHB1,40,Frameshift,2.8480377274879054e-05
PLEKHB2,57,Frameshift,2.364909363894401e-05
PLEKHD1,27,In-frame stop codon,8.868150217058887e-06
PLEKHF1,9,In-frame stop codon,2.9845596490649557e-05
PLEKHF2,4,Frameshift,3.202710333250876e-06
PLEKHG1,45,Frameshift,0.00016734615019000417
PLEKHG2,80,Frameshift,4.5720537801777046e-05
PLEKHG3,58,Frameshift,2.1627633290002722e-05
PLEKHG4,113,Frameshift,1.3430638367287566e-05
PLEKHG4B,146,Frameshift,1.1088740724120596e-05
PLEKHG5,93,Frameshift,0.00015869089751912544
PLEKHG6,93,Frameshift,5.7746413755171955e-05
PLEKHG7,57,Frameshift,2.44442971368373e-05
PLEKHH1,111,Frameshift,7.863447847944528e-05
PLEKHH2,110,In-frame stop codon,8.239784985329993e-06
PLEKHH3,67,Frameshift,1.141319596130533e-05
PLEKHJ1,24,Frameshift,1.002295918930124e-05
PLEKHM1,39,In-frame stop codon,1.4147998027448814e-05
PLEKHM2,57,In-frame stop codon,8.777317566917273e-06
PLEKHM3,34,In-frame stop codon,1.0880170085632587e-05
PLEKHN1,98,Frameshift,1.560280939118951e-05
PLEKHO1,27,Frameshift,1.2265858624456164e-05
PLEKHO2,16,Frameshift,4.05886395828612e-06
PLEKHS1,72,In-frame stop codon,1.8670789953152312e-05
PLET1,20,Frameshift,0.00011324841328513199
PLG,34,Frameshift,7.526420834743419e-06
PLGLB1,5,In-frame stop codon,0.00031409038099045104
PLGLB2,6,Frameshift,2.794432300520769e-05
PLGRKT,22,In-frame stop codon,1.1653829048660809e-05
PLIN1,53,Frameshift,2.4193893176883698e-05
PLIN2,40,Frameshift,9.116685571241306e-06
PLIN3,47,Frameshift,1.8510317542057692e-05
PLIN4,289,Frameshift,0.00016982932516722645
PLIN5,99,Frameshift,5.820295536485665e-05
PLK1,12,Frameshift,4.46830176441316e-06
PLK1S1,19,Splice acceptor,0.0011816295632866092
PLK2,10,Frameshift,1.5963646742685664e-05
PLK3,34,Frameshift,1.1611349864022843e-05
PLK4,60,Frameshift,1.340545297785018e-05
PLK5,36,Frameshift,0.008502862905103832
PLLP,12,Frameshift,4.315835966565679e-06
PLN,5,Frameshift,5.574931020539841e-06
PLOD1,64,Frameshift,8.483889853752688e-06
PLOD2,56,Frameshift,2.2720284563926804e-05
PLOD3,62,Frameshift,1.0367427190208884e-05
PLP1,1,In-frame stop codon,0.0
PLP2,8,Frameshift,4.849001154631675e-05
PLRG1,30,Frameshift,0.0012230384821165323
PLS1,34,Frameshift,1.2904396018422413e-05
PLS3,15,Splice acceptor,2.0132006228557295e-05
PLSCR1,33,In-frame stop codon,9.489932615430307e-05
PLSCR2,30,Frameshift,0.00014442668900706718
PLSCR4,30,Frameshift,7.905499906089992e-05
PLSCR5,33,In-frame stop codon,0.00013519096371724374
PLTP,44,Frameshift,7.0981482429663555e-06
PLVAP,23,In-frame stop codon,7.627235997714939e-06
PLXDC1,43,Frameshift,0.0002496346547608826
PLXDC2,18,Frameshift,4.939855579336892e-06
PLXNA1,48,Frameshift,7.781401543631969e-06
PLXNA2,59,In-frame stop codon,7.934518633745895e-06
PLXNA3,43,Frameshift,1.2923503081487345e-05
PLXNA4,43,In-frame stop codon,2.4247550368616427e-05
PLXNB1,78,Frameshift,6.709414742357677e-06
PLXNB2,56,In-frame stop codon,1.827513263211325e-05
PLXNB3,72,Frameshift,4.3663696218026846e-05
PLXNC1,54,Frameshift,1.7297115468659222e-05
PLXND1,51,Frameshift,7.189623454407626e-06
PM20D1,60,Frameshift,1.4957899339389244e-05
PM20D2,38,Frameshift,1.1652334735615483e-05
PMAIP1,14,Frameshift,1.4393323110823187e-05
PMCH,13,Frameshift,1.0219448507320677e-05
PMEL,70,Frameshift,3.0133630736504612e-05
PMEPA1,14,Frameshift,2.1057534579215284e-05
PMF1,45,Frameshift,2.7006790992160265e-05
PMFBP1,115,In-frame stop codon,4.2494237279239676e-05
PML,64,Frameshift,8.862155268753835e-06
PMM1,27,Frameshift,1.3316411195512067e-05
PMM2,45,In-frame stop codon,1.3535854649488775e-05
PMP2,13,Frameshift,6.475947131912676e-06
PMP22,14,Frameshift,0.0017735739844813153
PMPCA,53,In-frame stop codon,1.6679394580510454e-05
PMPCB,38,Frameshift,9.519342613514634e-06
PMS1,116,Frameshift,0.002643434590279208
PMS2,96,Frameshift,3.284717328570995e-05
PMVK,19,Frameshift,1.3257250895693632e-05
PNCK,33,Frameshift,2.2348986914476903e-05
PNISR,23,Frameshift,7.2323008797098e-06
PNKD,57,Frameshift,2.174371840366356e-05
PNKP,114,Frameshift,1.9960782427584862e-05
PNLDC1,53,In-frame stop codon,1.3726531392161285e-05
PNLIP,40,Frameshift,1.0435665344764964e-05
PNLIPRP1,58,Frameshift,0.00024303758982172945
PNLIPRP2,48,Frameshift,0.02139592884877016
PNLIPRP3,60,Frameshift,0.0008768479755113509
PNMA1,20,Frameshift,1.0526209114777229e-05
PNMA2,24,Frameshift,8.055720926910552e-06
PNMA3,20,Frameshift,2.0163021663821327e-05
PNMA5,11,In-frame stop codon,6.019065227906917e-06
PNMAL1,29,Frameshift,1.001716664062515e-05
PNMAL2,38,Frameshift,1.6495155369328867e-05
PNMT,24,Frameshift,5.49444002606867e-05
PNN,32,Frameshift,6.412223275681679e-06
PNO1,13,Splice acceptor,5.6407873489592e-06
PNOC,9,Frameshift,7.086740016773652e-06
PNP,23,Frameshift,8.808978868924544e-06
PNPLA1,35,Frameshift,0.00034581269033656225
PNPLA2,52,Frameshift,1.1992141619822274e-05
PNPLA3,47,Frameshift,1.8552083939077837e-05
PNPLA4,25,Frameshift,3.432651871712708e-05
PNPLA5,46,Frameshift,2.0771060428179602e-05
PNPLA6,114,Frameshift,1.3759270697418235e-05
PNPLA7,156,Frameshift,0.00011998277397396939
PNPLA8,51,Frameshift,7.97717858277233e-06
PNPO,27,In-frame stop codon,8.902373519867873e-06
PNPT1,42,Frameshift,4.473412023119158e-06
PNRC1,13,Frameshift,9.16595973448784e-06
PNRC2,5,Frameshift,5.5563981500578454e-05
POC1A,34,Frameshift,1.474621865077422e-05
POC1B,51,Frameshift,1.4453950254271919e-05
POC5,39,Frameshift,7.933175541396642e-06
PODN,53,Frameshift,1.662405468942858e-05
PODNL1,75,Frameshift,2.8541359815691107e-05
PODXL,31,Frameshift,3.7813745777595846e-05
PODXL2,10,Frameshift,1.27082091154473e-05
POF1B,43,In-frame stop codon,8.180259370776426e-06
POFUT1,18,Frameshift,7.765595325455729e-06
POFUT2,33,Frameshift,9.486186137049913e-06
POGK,7,In-frame stop codon,0.00011061008594520358
POGLUT1,38,In-frame stop codon,1.197758518261284e-05
POGZ,10,Frameshift,1.5209992708447129e-05
POLA1,21,Frameshift,0.0002761108423639987
POLA2,45,Frameshift,1.2856000064529064e-05
POLB,33,Splice donor,9.362968800335891e-06
POLD1,76,Frameshift,1.1223882899663399e-05
POLD2,29,Frameshift,6.657239239315521e-06
POLD3,28,Frameshift,4.087790307609459e-05
POLD4,20,Frameshift,9.564979529525745e-06
POLDIP2,23,Frameshift,0.04349642525415427
POLDIP3,19,Frameshift,6.767201814075859e-06
POLE,161,In-frame stop codon,8.280927687452883e-06
POLE2,57,Frameshift,1.038137303514395e-05
POLE3,15,Frameshift,1.9646260401959684e-05
POLE4,10,In-frame stop codon,1.1945998841830979e-05
POLG,81,Frameshift,6.6322212768573645e-06
POLG2,46,In-frame stop codon,1.1348011553655251e-05
POLH,54,Frameshift,9.15345159705181e-06
POLI,69,Frameshift,1.4210700975958115e-05
POLK,84,Frameshift,2.0171952046450817e-05
POLL,68,Frameshift,1.579762354518932e-05
POLM,79,Frameshift,0.00011691348132105046
POLN,124,Frameshift,8.724063268683216e-05
POLQ,258,Frameshift,3.76730259066751e-05
POLR1A,52,Frameshift,5.011178304608667e-05
POLR1B,34,Frameshift,0.0034737036608165246
POLR1C,39,Frameshift,4.382486016624096e-05
POLR1D,10,In-frame stop codon,4.922659779454828e-06
POLR1E,44,Frameshift,1.5459189575571575e-05
POLR2A,43,Frameshift,1.2566505937892965e-05
POLR2B,61,Frameshift,6.421917340947602e-06
POLR2C,26,Splice donor,7.88439253342241e-06
POLR2D,9,Start codon lost,5.966391444841148e-06
POLR2E,24,In-frame stop codon,1.1413558196519398e-05
POLR2F,41,Frameshift,4.994711158191287e-05
POLR2G,19,Frameshift,8.617247694125395e-06
POLR2H,4,In-frame stop codon,2.1927572350082183e-05
POLR2I,9,In-frame stop codon,3.1017917941281745e-06
POLR2J,18,Splice donor,1.1851569574126486e-05
POLR2J2,10,Frameshift,0.0011058331796702872
POLR2J3,34,Frameshift,0.0002462079039322818
POLR2K,14,In-frame stop codon,5.84394660345322e-06
POLR2L,13,Frameshift,6.1035310119946835e-06
POLR2M,27,In-frame stop codon,1.0137646497287158e-05
POLR3A,86,Frameshift,8.29693256652507e-06
POLR3B,96,In-frame stop codon,0.00012015905245336966
POLR3C,54,Frameshift,2.9160723608992382e-05
POLR3D,40,Frameshift,9.744909065550657e-06
POLR3E,34,Frameshift,1.1170048083351323e-05
POLR3F,32,Frameshift,1.8420869662436445e-05
POLR3G,46,Frameshift,0.0005447774691264493
POLR3GL,21,Frameshift,1.2956058815757927e-05
POLR3H,20,Frameshift,6.394893319109108e-06
POLR3K,10,In-frame stop codon,9.181096309964372e-06
POLRMT,116,Frameshift,1.4569456868239833e-05
POM121,69,Frameshift,0.0001161395418366839
POM121C,68,Frameshift,0.00026645782735687545
POM121L12,31,Frameshift,0.00015216103415528233
POM121L2,43,Frameshift,2.102003012598564e-05
POMC,33,Frameshift,2.5094905836976247e-05
POMGNT1,79,Frameshift,1.4644809420269204e-05
POMGNT2,24,Frameshift,6.180556854702397e-06
POMK,27,Frameshift,1.5191749503738008e-05
POMP,2,Frameshift,2.0454247938211806e-06
POMT1,113,Frameshift,0.0009081956207952296
POMT2,59,Frameshift,9.887453920288273e-06
POMZP3,40,Frameshift,0.012191286663532237
PON1,46,Frameshift,5.128545939576206e-05
PON2,34,Frameshift,4.660616294097741e-05
PON3,31,Frameshift,5.672787070479694e-05
POP1,73,Frameshift,1.2461363490171937e-05
POP4,40,Frameshift,0.0004655285047175056
POP5,16,In-frame stop codon,8.986960608041328e-06
POP7,8,Frameshift,5.475183357575156e-06
POPDC2,24,Frameshift,1.4929822615879927e-05
POPDC3,26,Frameshift,1.5812297483205736e-05
POR,111,Frameshift,1.770463769318693e-05
PORCN,1,Splice donor,0.0
POSTN,67,Frameshift,1.0003464428944523e-05
POT1,38,Frameshift,0.01534374396608235
POTEA,18,Splice donor,0.0001510025328222014
POTEB,10,In-frame stop codon,4.2297962304568176e-05
POTEB2,18,Frameshift,2.8860159951256346e-05
POTEC,80,Frameshift,0.00013787960391048554
POTED,21,Frameshift,3.1603118378511416e-05
POTEE,104,Frameshift,2.3260086274400087e-05
POTEF,105,Frameshift,6.892302904369645e-05
POTEG,82,Frameshift,2.2540506649474827e-05
POTEH,77,Frameshift,0.0002529894523283765
POTEI,80,Frameshift,7.927059400261666e-05
POTEJ,79,Frameshift,2.9127248501136797e-05
POTEM,36,Frameshift,0.0015573559282488362
POU1F1,18,Frameshift,6.845159529871443e-06
POU2AF1,7,Splice donor,9.284569976765778e-06
POU2F1,25,Frameshift,0.00011513698024038056
POU2F2,40,Frameshift,0.0001327899290547859
POU2F3,26,In-frame stop codon,4.263222448538574e-05
POU3F1,16,Frameshift,4.4766089050314755e-05
POU3F2,5,Frameshift,0.0008897907764147369
POU3F3,11,Frameshift,5.936443675073915e-05
POU3F4,3,In-frame stop codon,1.916050177522049e-06
POU4F1,4,Frameshift,3.2812705079406746e-06
POU4F2,9,Frameshift,6.630899305997888e-06
POU4F3,5,Frameshift,4.790006168529636e-06
POU5F1,8,Frameshift,9.1597217211889e-06
POU5F1B,48,Frameshift,4.6860671345868005e-05
POU5F2,19,In-frame stop codon,1.4330149486507848e-05
POU6F1,8,Frameshift,0.00017031230328161894
POU6F2,36,Frameshift,6.550509118451079e-05
PP2D1,55,Frameshift,0.00013673061148332662
PPA1,28,Frameshift,1.4402812169333426e-05
PPA2,44,Frameshift,1.1358372874292417e-05
PPAN,132,Frameshift,2.347665266975501e-05
PPAP2A,19,Frameshift,8.534063289495615e-06
PPAP2B,6,Frameshift,7.380122294081471e-06
PPAP2C,29,Frameshift,0.0001565083205406132
PPAPDC1A,29,Frameshift,6.579285771866567e-06
PPAPDC1B,41,Frameshift,2.807399752119145e-05
PPAPDC2,25,Frameshift,1.2190816374086184e-05
PPAPDC3,18,Frameshift,1.0680558496775858e-05
PPARA,11,In-frame stop codon,1.1581947846784538e-05
PPARD,15,Frameshift,7.058553984233725e-06
PPARG,15,In-frame stop codon,6.211948799854892e-06
PPARGC1A,19,In-frame stop codon,1.048818920753284e-05
PPARGC1B,45,Frameshift,6.044867187081084e-06
PPAT,10,In-frame stop codon,7.625466969302096e-06
PPBP,8,Frameshift,8.95120654571748e-06
PPCDC,15,Frameshift,6.115183653518205e-06
PPCS,20,Frameshift,1.608983445169845e-05
PPDPF,25,Frameshift,6.657390606417048e-06
PPEF1,8,In-frame stop codon,5.357207510724316e-05
PPEF2,70,Frameshift,0.0004930581940833802
PPFIA1,28,Frameshift,0.01198988591513188
PPFIA2,39,Splice acceptor,0.0007203741585558369
PPFIA3,16,Frameshift,0.01019196433303497
PPFIA4,94,In-frame stop codon,0.0024187537390834963
PPFIBP1,95,Frameshift,1.3030546393125173e-05
PPFIBP2,123,Frameshift,1.3852841204236867e-05
PPHLN1,61,Splice acceptor,1.9668894139084573e-05
PPIA,11,Frameshift,0.00010478023062849571
PPIAL4A,5,Frameshift,9.195751507878552e-05
PPIAL4C,2,Frameshift,0.0
PPIAL4D,4,Frameshift,0.004078605511723141
PPIAL4G,23,Frameshift,9.802236339504879e-06
PPIB,27,Frameshift,1.5058875661123036e-05
PPIC,22,Frameshift,0.00023716321441011426
PPID,47,Frameshift,9.854600556367326e-05
PPIE,22,Frameshift,3.630762091446507e-05
PPIF,22,Frameshift,2.2193455406149893e-05
PPIG,51,Frameshift,0.003343428401954276
PPIH,36,Frameshift,8.625652581390911e-06
PPIL1,9,Frameshift,1.33408478023392e-05
PPIL2,46,Frameshift,5.092789134949089e-05
PPIL3,11,In-frame stop codon,7.599560081962092e-05
PPIL4,59,Frameshift,3.983278688115328e-05
PPIL6,37,Frameshift,1.426328543366272e-05
PPIP5K1,19,In-frame stop codon,5.2195488246689495e-05
PPIP5K2,92,Frameshift,1.1075854379127654e-05
PPL,169,Frameshift,1.1236309185458629e-05
PPM1A,19,Frameshift,1.324826101615036e-05
PPM1B,21,Frameshift,5.240338286101273e-06
PPM1D,87,Frameshift,5.556409927777405e-06
PPM1E,17,Frameshift,6.747444360345561e-06
PPM1F,29,In-frame stop codon,1.9030566375310945e-05
PPM1G,9,In-frame stop codon,1.1495069412445207e-05
PPM1H,15,Frameshift,4.039985797896441e-06
PPM1J,58,Frameshift,3.4792131644215983e-05
PPM1K,24,Frameshift,8.621854876660324e-06
PPM1L,21,Frameshift,3.540612532952976e-05
PPM1M,60,Frameshift,1.8574043046178068e-05
PPM1N,63,Frameshift,1.7622729270297984e-05
PPME1,11,Frameshift,1.5207700504902345e-05
PPOX,36,Frameshift,1.4332966516548887e-05
PPP1CA,32,Frameshift,3.203693286021307e-05
PPP1CB,10,Frameshift,0.00032250336061888607
PPP1CC,28,Frameshift,6.199672577843633e-06
PPP1R10,16,Frameshift,8.473719704034983e-06
PPP1R11,4,Frameshift,6.111403668449989e-06
PPP1R12A,27,Frameshift,0.0008391961702431092
PPP1R12B,69,Frameshift,0.00025774863601730217
PPP1R12C,47,Frameshift,3.547051557011385e-05
PPP1R13B,38,In-frame stop codon,1.4939826386327175e-05
PPP1R13L,60,Frameshift,1.750239612604886e-05
PPP1R14A,18,Frameshift,2.0336417105020624e-05
PPP1R14B,12,Frameshift,2.7953145030552433e-05
PPP1R14C,11,In-frame stop codon,6.053644586028988e-06
PPP1R14D,26,Frameshift,0.00010366532517109723
PPP1R15A,104,Frameshift,0.0040887305167926855
PPP1R15B,31,Frameshift,2.2389196456619207e-05
PPP1R16A,34,Frameshift,2.122484387988141e-05
PPP1R16B,6,Frameshift,5.974699275569034e-06
PPP1R17,15,In-frame stop codon,3.103496888590982e-05
PPP1R18,18,In-frame stop codon,7.671314840623815e-06
PPP1R1A,16,Frameshift,1.0462154830356241e-05
PPP1R1B,10,Splice donor,1.4525419433150254e-05
PPP1R1C,11,In-frame stop codon,2.9529609917463978e-05
PPP1R2,15,In-frame stop codon,7.519758934814026e-06
PPP1R21,47,In-frame stop codon,9.529500675148013e-06
PPP1R26,25,Frameshift,1.231989153913876e-05
PPP1R27,17,Frameshift,9.932744631192641e-06
PPP1R32,64,Frameshift,7.430825072533023e-05
PPP1R35,36,Frameshift,1.3083801630394834e-05
PPP1R36,51,Frameshift,2.5082097714345087e-05
PPP1R37,35,Frameshift,0.00022370254381484086
PPP1R3A,98,Frameshift,3.258069042695713e-05
PPP1R3B,18,Frameshift,1.4095848895834892e-05
PPP1R3C,21,Frameshift,9.295962241700082e-06
PPP1R3D,32,Frameshift,7.870784666090579e-05
PPP1R3E,26,Frameshift,2.7206764730140374e-05
PPP1R3F,36,Frameshift,0.00014277071305577205
PPP1R3G,31,Frameshift,2.8218740224995584e-05
PPP1R42,33,In-frame stop codon,6.776885199180306e-05
PPP1R7,20,In-frame stop codon,6.62167729235519e-06
PPP1R8,3,Frameshift,2.771328880410055e-06
PPP1R9A,53,Frameshift,1.2573915151613276e-05
PPP1R9B,28,Splice acceptor,0.11579657382663323
PPP2CA,6,Frameshift,6.589184232840592e-06
PPP2CB,16,Frameshift,2.203020633783221e-05
PPP2R1A,22,Frameshift,1.73243921202657e-05
PPP2R1B,69,Frameshift,3.5841673849992926e-05
PPP2R2A,14,Frameshift,2.6178752991781435e-05
PPP2R2B,32,Frameshift,3.121658663156757e-05
PPP2R2C,13,Start codon lost,4.5242198488651356e-05
PPP2R2D,8,In-frame stop codon,7.714488903074818e-06
PPP2R3A,63,Frameshift,4.03452240892023e-05
PPP2R3B,83,Frameshift,6.688816645219238e-05
PPP2R3C,51,Frameshift,6.428148300951033e-05
PPP2R4,44,Frameshift,0.0065736241854449295
PPP2R5A,29,Frameshift,5.2763793027533916e-05
PPP2R5B,17,Frameshift,1.063813783507969e-05
PPP2R5C,41,Frameshift,1.764036086329406e-05
PPP2R5D,9,Splice acceptor,1.555987905831514e-05
PPP2R5E,5,Splice acceptor,7.982374916185063e-07
PPP3CA,7,Frameshift,1.1628395756658094e-05
PPP3CB,22,Frameshift,1.0878996703336733e-05
PPP3CC,38,Frameshift,1.1817230468474871e-05
PPP3R1,8,Splice acceptor,8.612708166988634e-06
PPP3R2,10,Frameshift,2.4371538163132717e-05
PPP4C,6,In-frame stop codon,3.3478712358270876e-06
PPP4R1,27,Frameshift,1.2708633805105973e-05
PPP4R2,19,Frameshift,8.748532435051426e-06
PPP4R4,58,In-frame stop codon,1.015790588532114e-05
PPP5C,10,Frameshift,0.00023643820172002095
PPP6C,18,Frameshift,6.027684907810343e-05
PPP6R1,33,Frameshift,7.995519665533594e-06
PPP6R2,46,Frameshift,4.5828192280352185e-05
PPP6R3,33,Splice acceptor,0.00013333667453596174
PPRC1,28,Frameshift,3.884654392617536e-05
PPT1,25,Frameshift,2.2519908059307935e-05
PPT2,25,Frameshift,1.258929676982929e-05
PPTC7,6,Frameshift,1.3448274073764022e-05
PPWD1,47,Frameshift,2.0400818195583376e-05
PPY,13,Frameshift,8.753010881047824e-05
PQBP1,9,Frameshift,1.3564532888101182e-05
PQLC1,22,Frameshift,1.0700653600475902e-05
PQLC2,29,Frameshift,1.0716018015369072e-05
PQLC3,42,Frameshift,2.2645562891968626e-05
PRAC1,11,Frameshift,1.4462913474920024e-05
PRADC1,20,In-frame stop codon,1.768356683810551e-05
PRAF2,9,Frameshift,1.6003953979103764e-05
PRAM1,66,Frameshift,0.003177390408427531
PRAME,43,Frameshift,1.1151502091722984e-05
PRAMEF1,71,Frameshift,0.003788874757621016
PRAMEF10,40,In-frame stop codon,2.6558766959034163e-05
PRAMEF11,40,Frameshift,0.0005615370627070392
PRAMEF12,33,Frameshift,5.910599131162223e-05
PRAMEF13,13,In-frame stop codon,0.00016453547437252658
PRAMEF14,11,Frameshift,8.57040318118181e-06
PRAMEF15,6,Frameshift,0.0009447471544212161
PRAMEF17,29,In-frame stop codon,4.570774409465975e-05
PRAMEF18,9,Frameshift,2.0692394600983926e-05
PRAMEF19,10,Frameshift,1.3320866869990784e-05
PRAMEF2,53,Frameshift,0.0014041418784573087
PRAMEF20,14,Frameshift,2.2738183423204297e-05
PRAMEF26,34,Frameshift,9.289796625596738e-05
PRAMEF4,66,Frameshift,0.001276320449748027
PRAMEF5,13,Frameshift,0.00025235858821328293
PRAMEF6,63,Frameshift,0.0003450403804902135
PRAMEF7,17,Frameshift,7.127573828309224e-05
PRAP1,19,In-frame stop codon,7.8215684165599e-06
PRB1,72,Frameshift,0.00018671450198964195
PRB2,75,Frameshift,3.228729467912026e-05
PRB3,130,Frameshift,0.008360754183973406
PRB4,74,In-frame stop codon,0.0031340366171718464
PRC1,68,Frameshift,9.756667292941992e-05
PRCC,27,Frameshift,9.183391734827109e-06
PRCD,15,Frameshift,8.15662612620149e-06
PRCP,55,In-frame stop codon,1.602619685994064e-05
PRDM1,21,Frameshift,1.1154776258376047e-05
PRDM10,35,In-frame stop codon,6.807488151774117e-06
PRDM11,26,Frameshift,1.0234230876746031e-05
PRDM12,16,Frameshift,0.0006634839153256901
PRDM13,27,Frameshift,1.3343423176973629e-05
PRDM14,22,Frameshift,4.634872944012686e-06
PRDM15,94,Frameshift,0.014716209984502756
PRDM16,18,Splice acceptor,1.597801759827752e-05
PRDM2,58,Frameshift,6.332000791692384e-05
PRDM4,36,Frameshift,2.075605829739672e-05
PRDM5,39,In-frame stop codon,9.839029776147253e-06
PRDM6,23,Frameshift,3.3691744938710435e-05
PRDM7,65,Frameshift,5.8420664234461785e-05
PRDM8,13,Frameshift,1.2265324138250861e-05
PRDM9,201,Frameshift,3.350751936985598e-05
PRDX1,27,Frameshift,1.1424990005188584e-05
PRDX2,15,Frameshift,1.2846289176674045e-05
PRDX3,21,In-frame stop codon,9.45956084165597e-06
PRDX4,31,Frameshift,2.4451514386307156e-05
PRDX5,24,Frameshift,1.2955865079939251e-05
PRDX6,12,Frameshift,1.324793393858772e-05
PREB,28,Frameshift,1.3220199940446417e-05
PRELID1,18,Frameshift,6.919081806097628e-06
PRELID2,33,Frameshift,1.740715924444585e-05
PRELP,18,In-frame stop codon,7.267286623857548e-06
PREP,27,Frameshift,1.1039983700724709e-05
PREPL,69,Frameshift,1.3179736155561994e-05
PREX1,20,In-frame stop codon,7.526549572780969e-06
PREX2,93,Frameshift,1.3027257823715291e-05
PRF1,37,Frameshift,1.4817708564737283e-05
PRG2,22,In-frame stop codon,2.5571417902150527e-05
PRG3,28,Frameshift,3.218947963797509e-05
PRG4,127,Frameshift,1.376563284783332e-05
PRH1,26,Frameshift,4.3625349004123287e-05
PRH2,30,Frameshift,4.7244819923787425e-05
PRICKLE1,9,Frameshift,7.605700933642627e-06
PRICKLE2,13,In-frame stop codon,1.0074143876163318e-05
PRICKLE3,33,Frameshift,0.0020602554146312716
PRICKLE4,62,Frameshift,2.2233494955819022e-05
PRIM1,27,Frameshift,8.850644143976133e-06
PRIM2,66,In-frame stop codon,0.023350397071953966
PRIMA1,21,Frameshift,2.486295743932249e-05
PRIMPOL,78,Frameshift,5.620496964836612e-05
PRKAA1,23,Frameshift,6.842514047268908e-06
PRKAA2,32,Frameshift,7.246908101265751e-06
PRKAB1,16,Frameshift,4.8202810790588695e-06
PRKAB2,14,In-frame stop codon,1.4490070850179244e-05
PRKACA,9,In-frame stop codon,0.00010448122835897353
PRKACB,33,Frameshift,6.754908233837593e-06
PRKACG,27,Frameshift,2.3444650789811968e-05
PRKAG1,43,In-frame stop codon,1.0077168263510535e-05
PRKAG2,14,Start codon lost,9.571413166186028e-06
PRKAG3,45,Frameshift,0.0008838323740804345
PRKAR1A,12,Frameshift,1.0624512826866696e-05
PRKAR1B,20,Frameshift,9.401969643180322e-06
PRKAR2A,22,Frameshift,9.93663185582889e-06
PRKAR2B,11,Frameshift,5.663348456369494e-06
PRKCA,19,In-frame stop codon,6.317810196487013e-06
PRKCB,24,Frameshift,3.332787773301256e-05
PRKCD,13,Frameshift,7.36712252651204e-06
PRKCDBP,39,Frameshift,3.030580544238064e-05
PRKCE,11,Splice acceptor,5.958783061103815e-06
PRKCG,21,Frameshift,1.4751430876680957e-05
PRKCH,25,Frameshift,8.62831868012853e-06
PRKCI,31,Frameshift,5.048468784637177e-06
PRKCQ,22,Frameshift,1.0859250845188587e-05
PRKCSH,48,Frameshift,1.617874808488766e-05
PRKCZ,24,Frameshift,1.532248557266056e-05
PRKD1,46,In-frame stop codon,1.289401898131946e-05
PRKD2,22,Frameshift,7.176486628441605e-06
PRKD3,70,Splice donor,0.00011968866216598168
PRKDC,47,Frameshift,0.022014441897039654
PRKG1,17,In-frame stop codon,5.8370079790466286e-05
PRKG2,31,In-frame stop codon,4.64394919979217e-06
PRKRA,62,Frameshift,0.009873916154353273
PRKRIP1,41,In-frame stop codon,1.10474650563759e-05
PRKRIR,21,Frameshift,6.422108320682494e-06
PRKX,7,In-frame stop codon,3.913661453948016e-06
PRL,20,Frameshift,1.3252569739927812e-05
PRLH,10,Frameshift,0.00012977019105857025
PRLHR,35,Frameshift,1.1988497899102963e-05
PRLR,32,Frameshift,0.0001069291504578853
PRM1,9,In-frame stop codon,2.1221574050357792e-05
PRM2,14,In-frame stop codon,1.2908086816460204e-05
PRM3,15,Frameshift,7.319258809152081e-05
PRMT1,9,Splice acceptor,1.3991096454269505e-05
PRMT10,53,Frameshift,6.026261749361356e-06
PRMT2,56,Frameshift,9.299401109106726e-06
PRMT3,66,Frameshift,7.40513314423241e-06
PRMT5,21,Frameshift,9.319517297397011e-06
PRMT6,31,Frameshift,8.688107596826496e-06
PRMT7,71,Frameshift,7.931847396912413e-06
PRMT8,27,Frameshift,0.0003328222934709535
PRND,6,In-frame stop codon,6.646277869549166e-06
PRNP,10,In-frame stop codon,3.6113003746435404e-06
PROB1,45,Frameshift,2.579847461618804e-05
PROC,35,Frameshift,1.6724971602809338e-05
PROCA1,50,Frameshift,9.023422710868676e-05
PROCR,23,Frameshift,1.3719206689013634e-05
PRODH,51,In-frame stop codon,0.0007840543903784805
PRODH2,63,Frameshift,2.8584386725343453e-05
PROK1,16,Frameshift,1.0938416128322248e-05
PROK2,11,Frameshift,5.329304144251253e-05
PROKR1,20,In-frame stop codon,1.0388681262947439e-05
PROKR2,19,In-frame stop codon,1.84398024353618e-05
PROL1,27,Frameshift,8.995610739770158e-05
PROM1,90,Frameshift,1.4723849546323576e-05
PROM2,77,Frameshift,1.748688405009649e-05
PROP1,26,Frameshift,1.573930551641725e-05
PROS1,27,Frameshift,9.874738124923976e-06
PROSC,30,Frameshift,0.0001602056263379172
PROSER1,24,Frameshift,1.0705342835181652e-05
PROSER2,52,Frameshift,1.2576741585971909e-05
PROX1,6,Frameshift,1.8155251749306465e-05
PROX2,55,Frameshift,1.022501438983752e-05
PROZ,59,Frameshift,1.762081574539038e-05
PRPF18,21,In-frame stop codon,9.76795594877831e-06
PRPF19,2,Splice donor,0.00038089892145463293
PRPF3,10,Splice acceptor,2.061088568160649e-05
PRPF31,15,Splice acceptor,2.3645824287197758e-05
PRPF38A,11,Frameshift,9.781078592772488e-06
PRPF38B,32,Frameshift,1.0879741618161288e-05
PRPF39,15,In-frame stop codon,8.436664956658697e-06
PRPF4,9,Splice acceptor,3.828611594652985e-05
PRPF40A,53,In-frame stop codon,4.0722106737099684e-06
PRPF40B,48,Frameshift,0.00020556199222872704
PRPF6,33,In-frame stop codon,3.229038379686065e-05
PRPF8,56,Frameshift,5.981829012449252e-06
PRPH,60,Frameshift,8.770323360319821e-05
PRPH2,14,Frameshift,7.109613680211125e-06
PRPS1,3,In-frame stop codon,3.914170056668033e-06
PRPS1L1,22,Frameshift,0.0010619238000540937
PRPS2,9,In-frame stop codon,1.2690385825655779e-05
PRPSAP1,35,Frameshift,3.432702243153527e-05
PRPSAP2,19,Frameshift,1.0431470529865607e-05
PRR11,32,Frameshift,2.895324092096275e-05
PRR12,20,Frameshift,3.53227062038531e-05
PRR13,18,Frameshift,1.8128323434913333e-05
PRR14,34,Frameshift,5.1797261734527354e-05
PRR14L,76,Frameshift,0.00012217559013134584
PRR15,13,Frameshift,1.3088754064426805e-05
PRR15L,7,Frameshift,1.3269075886541472e-05
PRR16,18,Frameshift,9.644993232529762e-06
PRR18,15,Frameshift,9.412113896254613e-05
PRR19,21,Frameshift,1.8606171650401945e-05
PRR20B,1,Splice donor,0.0018486186710485776
PRR22,40,Frameshift,1.7068484339182723e-05
PRR23A,31,Frameshift,0.00012462175143646698
PRR23B,33,Frameshift,2.2290584423328086e-05
PRR23C,24,Frameshift,4.044850922951312e-05
PRR23D1,13,Frameshift,0.028553657246653787
PRR23D2,2,Frameshift,1.3056875750770355e-05
PRR24,12,Frameshift,1.816305104102745e-05
PRR3,12,Frameshift,3.7654466801312057e-06
PRR4,31,Frameshift,1.835050897862595e-05
PRR5,45,Frameshift,1.5815638621531484e-05
PRR5L,20,Frameshift,1.8316860294171413e-05
PRR7,5,Frameshift,3.085335325310147e-05
PRR9,11,In-frame stop codon,1.2158512816285919e-05
PRRC1,46,Frameshift,1.7112397212973367e-05
PRRC2A,48,Frameshift,1.5730299245778558e-05
PRRC2B,60,Frameshift,7.224353628115136e-06
PRRC2C,53,Frameshift,4.7840633117583014e-05
PRRG1,12,Frameshift,1.6332651517606872e-05
PRRG2,27,Frameshift,3.827064191444076e-05
PRRG3,32,Frameshift,0.00011546433291790675
PRRG4,19,Frameshift,1.8574990853024032e-05
PRRT1,13,Frameshift,4.5525107147376375e-06
PRRT2,22,Frameshift,0.00042810288340198235
PRRT3,68,Frameshift,9.18381198684638e-06
PRRT4,43,Frameshift,8.999456717042591e-06
PRRX1,8,Splice acceptor,3.4867502275698115e-06
PRRX2,15,Frameshift,1.7046119934892884e-05
PRSS1,42,Frameshift,2.226576524690257e-05
PRSS12,106,Frameshift,3.3147877309564425e-05
PRSS16,42,Frameshift,9.921523991003079e-06
PRSS21,49,Frameshift,0.00014661837963066924
PRSS22,20,Frameshift,9.235283269330232e-06
PRSS23,37,In-frame stop codon,5.0930341735125924e-05
PRSS27,26,In-frame stop codon,1.1340301521326798e-05
PRSS3,47,Frameshift,0.008449706469205674
PRSS33,30,Frameshift,1.7369488661499292e-05
PRSS35,36,Frameshift,1.2198449669899732e-05
PRSS36,101,Frameshift,1.7104286162857544e-05
PRSS37,30,Frameshift,2.8275365460839135e-05
PRSS38,31,Frameshift,1.0185550098261025e-05
PRSS41,13,Splice acceptor,0.026603567537782282
PRSS48,39,Frameshift,0.031168294617584812
PRSS50,34,Frameshift,3.10765154442471e-05
PRSS51,2,Splice acceptor,4.776968749528095e-05
PRSS53,64,Frameshift,1.4610036720261987e-05
PRSS54,21,Frameshift,1.0544024457908004e-05
PRSS55,49,Frameshift,0.0005129332106650734
PRSS56,40,Frameshift,2.59964278732052e-05
PRSS57,38,Frameshift,7.183873346722745e-05
PRSS58,24,Frameshift,1.2798522106251652e-05
PRSS8,20,Frameshift,4.56012149135536e-06
PRTFDC1,39,In-frame stop codon,0.00026904911060357094
PRTG,73,Frameshift,1.0981875921360663e-05
PRTN3,30,Frameshift,1.9574224671342778e-05
PRUNE,29,Frameshift,6.725819552085572e-06
PRUNE2,177,Frameshift,2.5071341172708707e-05
PRX,82,Frameshift,1.2292042183789546e-05
PSAP,17,Frameshift,6.908916938271746e-06
PSAPL1,46,Frameshift,1.6701426911411344e-05
PSAT1,25,In-frame stop codon,7.238956196046313e-06
PSCA,22,In-frame stop codon,0.0009694724825623707
PSD,35,Frameshift,6.475254974889798e-06
PSD2,25,Frameshift,2.030855416769119e-05
PSD3,60,Frameshift,0.00014864580409694513
PSD4,42,Frameshift,1.268172616156614e-05
PSEN1,25,Frameshift,1.0866300689114196e-05
PSEN2,32,Frameshift,2.5379156307931597e-05
PSENEN,8,Frameshift,1.9431814569198427e-05
PSG1,69,In-frame stop codon,0.002099658152336309
PSG11,61,In-frame stop codon,4.257634347170067e-05
PSG2,57,In-frame stop codon,1.6176775339706394e-05
PSG3,76,Frameshift,2.3931287679225404e-05
PSG4,92,In-frame stop codon,0.006448565881914157
PSG5,61,In-frame stop codon,3.461890661844106e-05
PSG6,71,Frameshift,0.00015367387412075503
PSG7,67,In-frame stop codon,0.0023331381367128865
PSG8,74,Frameshift,0.0010730186631384088
PSG9,72,Frameshift,0.0026755543341735366
PSIP1,30,Frameshift,1.6757061266590182e-05
PSKH1,7,In-frame stop codon,4.045940172942288e-06
PSKH2,35,Frameshift,3.323305410459425e-05
PSMA1,10,Start codon lost,9.738475546852154e-05
PSMA2,2,In-frame stop codon,1.8375816257999004e-05
PSMA3,12,Frameshift,6.983540145872372e-06
PSMA4,15,Frameshift,0.04437243443804787
PSMA6,7,Frameshift,3.767111139791691e-05
PSMA7,9,Frameshift,5.0414258830587355e-06
PSMA8,26,Frameshift,1.1343723992512292e-05
PSMB1,3,In-frame stop codon,5.409680408824041e-06
PSMB10,36,Frameshift,2.815188198520859e-05
PSMB11,28,Frameshift,0.0002005560029704574
PSMB2,6,Frameshift,2.046325238781577e-06
PSMB3,2,In-frame stop codon,3.979719931089409e-06
PSMB4,18,Frameshift,1.820535094661028e-05
PSMB5,5,Splice acceptor,6.7509839748861505e-06
PSMB6,10,Frameshift,4.267333045035713e-06
PSMB7,7,Frameshift,2.3056397290232865e-05
PSMB8,23,Frameshift,1.0793958330482287e-05
PSMB9,25,Frameshift,1.1475101644365236e-05
PSMC1,11,Frameshift,1.3715968489719106e-05
PSMC2,6,Frameshift,6.663463887605896e-06
PSMC3,22,Frameshift,1.3061787643932746e-05
PSMC3IP,33,Frameshift,1.1945545979109535e-05
PSMC4,15,Frameshift,5.353142718486273e-06
PSMC5,17,Frameshift,3.525473597275794e-05
PSMC6,5,Frameshift,0.00015561954354338065
PSMD1,14,Frameshift,2.374365090943896e-05
PSMD10,7,Frameshift,0.0007465283039512254
PSMD11,12,In-frame stop codon,1.8935414224682208e-05
PSMD12,1,Splice donor,3.980131185123862e-06
PSMD13,7,Frameshift,6.8352376555624325e-06
PSMD14,4,Frameshift,1.4091103973792921e-05
PSMD2,14,Frameshift,4.103094368057658e-05
PSMD3,11,Splice donor,2.3362443058038944e-05
PSMD4,9,Frameshift,1.3266055011343748e-05
PSMD5,39,Frameshift,1.008711470553308e-05
PSMD6,19,In-frame stop codon,1.2199306447933403e-05
PSMD7,16,Splice acceptor,8.516265170284422e-06
PSMD8,38,In-frame stop codon,1.2828623283546657e-05
PSMD9,29,Frameshift,1.5746676899962522e-05
PSME1,25,Frameshift,1.0033094726863015e-05
PSME2,24,Frameshift,6.498303310267369e-06
PSME3,14,Frameshift,0.0005310312968565758
PSME4,41,Splice acceptor,9.359270814588262e-06
PSMF1,24,In-frame stop codon,7.821015290356445e-06
PSMG1,18,In-frame stop codon,8.084121532004755e-06
PSMG2,45,Frameshift,0.006006148300374156
PSMG3,11,Frameshift,1.584591182874534e-05
PSMG4,68,Frameshift,0.01783869408990943
PSORS1C1,27,Frameshift,0.009698310343357783
PSORS1C2,17,Frameshift,0.004489062805912166
PSPC1,17,Frameshift,5.590128329572585e-05
PSPH,21,Frameshift,2.6829509794277237e-05
PSPN,25,In-frame stop codon,0.0017353341059005232
PSRC1,55,Frameshift,0.018376227393593316
PSTK,48,Frameshift,1.3614452242039397e-05
PSTPIP1,59,In-frame stop codon,2.45744406432349e-05
PSTPIP2,19,In-frame stop codon,6.773949291179617e-06
PTAFR,12,Frameshift,1.1652248977706929e-05
PTAR1,20,Splice acceptor,1.6077277983113845e-05
PTBP1,17,Frameshift,8.381368451464407e-06
PTBP2,16,Frameshift,9.082689798630505e-05
PTBP3,34,Frameshift,7.649363686286628e-06
PTCD1,57,Frameshift,1.0942121287633275e-05
PTCD2,41,Frameshift,1.028639868011222e-05
PTCD3,91,Frameshift,1.0642511779287352e-05
PTCH1,32,Frameshift,1.0774751819882939e-05
PTCH2,105,Frameshift,2.098138754124154e-05
PTCHD1,6,In-frame stop codon,1.1831697832732308e-05
PTCHD2,82,Frameshift,2.473332893020792e-05
PTCHD3,93,Frameshift,0.010639878591800307
PTCHD4,34,Frameshift,7.142030529843686e-06
PTCRA,22,Frameshift,3.9888642286849786e-05
PTDSS1,31,Frameshift,0.00010256507775532168
PTDSS2,32,Frameshift,8.032538091346929e-06
PTEN,21,Frameshift,1.3716650301217378e-05
PTER,35,Frameshift,1.4387937243931624e-05
PTF1A,15,Frameshift,1.3126899355829385e-05
PTGDR,25,Frameshift,0.00011803909862696051
PTGDR2,25,Frameshift,6.040563409773221e-05
PTGDS,34,Frameshift,5.3990306205634216e-05
PTGER1,31,Frameshift,3.1080780774403586e-05
PTGER2,29,Frameshift,9.836310310185945e-06
PTGER3,35,In-frame stop codon,0.000174316091032941
PTGER4,7,Frameshift,3.838107339686178e-06
PTGES,1,Frameshift,4.114549045424621e-06
PTGES2,35,Frameshift,1.8923264208965373e-05
PTGES3,11,In-frame stop codon,3.099578653160811e-05
PTGES3L,15,Frameshift,2.6075267492064587e-05
PTGFR,22,In-frame stop codon,1.0225463587678971e-05
PTGFRN,46,Frameshift,1.0273254239950456e-05
PTGIR,40,In-frame stop codon,1.1362627640227037e-05
PTGIS,51,Frameshift,1.5395191663463316e-05
PTGR1,35,Frameshift,2.7720676473357364e-05
PTGR2,45,Frameshift,1.8525968934450672e-05
PTGS1,37,Frameshift,2.9265556698714466e-05
PTGS2,5,In-frame stop codon,0.0014695819302441603
PTH,11,Frameshift,1.4505957455617434e-05
PTH1R,27,In-frame stop codon,4.572996564181048e-06
PTH2,13,Frameshift,1.6064024781538215e-05
PTH2R,67,In-frame stop codon,0.00020151591533559347
PTHLH,23,Frameshift,0.010219407401869432
PTK2,54,In-frame stop codon,4.953940777101702e-05
PTK2B,32,Frameshift,2.5388060926349616e-05
PTK6,53,In-frame stop codon,2.2378938270312314e-05
PTK7,41,Frameshift,2.671108063642589e-05
PTMA,37,Frameshift,0.00015970216715026865
PTMS,8,In-frame stop codon,1.5051059397248313e-05
PTN,14,Frameshift,0.00032232153723404266
PTOV1,50,Frameshift,1.0879891303269196e-05
PTP4A1,6,Frameshift,4.8144369350248e-06
PTP4A2,5,Frameshift,8.492588253864887e-05
PTP4A3,12,Frameshift,1.2976412681845008e-05
PTPDC1,67,Frameshift,1.2644090636894918e-05
PTPLA,46,In-frame stop codon,6.07871075853378e-05
PTPLAD1,24,Frameshift,8.583904566467124e-06
PTPLAD2,23,Frameshift,2.13005126804764e-05
PTPLB,16,Frameshift,1.0613564291798245e-05
PTPMT1,21,Frameshift,0.00024745840844419095
PTPN1,20,Frameshift,1.2107626559121004e-05
PTPN11,8,In-frame stop codon,7.42458909489402e-05
PTPN12,45,Frameshift,8.031184775019063e-06
PTPN13,135,In-frame stop codon,9.531207932644822e-06
PTPN14,27,In-frame stop codon,7.099853537107134e-06
PTPN18,48,Frameshift,1.476586232316174e-05
PTPN2,15,Frameshift,3.241549286563235e-05
PTPN20A,7,Frameshift,8.710111473248676e-06
PTPN21,101,Frameshift,3.629356079616488e-05
PTPN22,66,Frameshift,3.060347257499891e-05
PTPN23,88,Frameshift,2.403078133120527e-05
PTPN3,63,In-frame stop codon,7.609188889244954e-06
PTPN4,42,Frameshift,0.015850622115531305
PTPN5,43,Frameshift,1.0667805947735832e-05
PTPN6,19,Frameshift,2.011743461118474e-05
PTPN7,69,In-frame stop codon,2.0139912724643242e-05
PTPN9,29,Frameshift,1.2207942318112724e-05
PTPRA,24,Frameshift,8.146345778275009e-06
PTPRB,52,In-frame stop codon,1.0900774552985627e-05
PTPRC,37,Frameshift,1.0893626892056966e-05
PTPRCAP,18,Frameshift,9.601267115873904e-06
PTPRD,51,Frameshift,7.081520681084131e-06
PTPRE,43,Frameshift,1.790212453084346e-05
PTPRF,49,Frameshift,4.719051801384782e-05
PTPRG,66,Frameshift,6.516286661380977e-06
PTPRH,106,In-frame stop codon,5.734151398787908e-05
PTPRJ,71,Frameshift,7.647427285590177e-06
PTPRK,60,Frameshift,8.14673397765522e-06
PTPRM,33,In-frame stop codon,0.0029053323253592743
PTPRN,53,Frameshift,1.1576858130361805e-05
PTPRN2,68,Frameshift,0.0001698826453842598
PTPRO,42,In-frame stop codon,7.793398281030836e-06
PTPRQ,161,Frameshift,0.0016957748113003773
PTPRR,32,In-frame stop codon,1.1966028470064587e-05
PTPRS,56,Frameshift,0.00015822140124021122
PTPRT,28,Frameshift,1.0158005536571298e-05
PTPRU,54,Frameshift,8.978339162825113e-06
PTPRZ1,50,Frameshift,7.814252471740119e-06
PTRF,19,Frameshift,8.062586026846318e-06
PTRH1,33,Frameshift,1.1627540869989235e-05
PTRH2,15,Frameshift,4.1759784357771e-06
PTRHD1,18,Frameshift,1.7384793677620365e-05
PTS,26,Frameshift,2.009910243458077e-05
PTTG1,19,Frameshift,5.482686601276047e-05
PTTG1IP,25,Frameshift,0.00010316062082159103
PTTG2,24,Frameshift,0.0005629476858888893
PTX3,24,In-frame stop codon,1.1374870990303157e-05
PTX4,57,Frameshift,3.5843110971782675e-05
PUF60,16,Frameshift,9.222926999687748e-06
PUM1,25,Frameshift,1.2721950434441207e-05
PUM2,28,Frameshift,1.047696799839982e-05
PURB,6,Frameshift,2.9398230165045198e-06
PURG,8,Frameshift,4.496531278033724e-06
PUS1,31,Frameshift,2.5443256298855162e-05
PUS10,52,In-frame stop codon,0.0008349539509679137
PUS3,36,Frameshift,9.341736193275081e-06
PUS7,46,Frameshift,1.0595964830506055e-05
PUS7L,70,Frameshift,2.0311202358313492e-05
PUSL1,62,Frameshift,3.1597832740840134e-05
PVALB,10,Frameshift,6.797847185655687e-06
PVR,42,In-frame stop codon,1.4843537971661598e-05
PVRIG,48,Frameshift,0.004418543721516832
PVRL1,30,In-frame stop codon,1.1871953764367614e-05
PVRL2,33,Frameshift,2.8103387778865122e-05
PVRL3,26,Frameshift,2.853798411052373e-05
PVRL4,20,Frameshift,1.2550989899665784e-05
PWP1,56,Frameshift,1.772421062232858e-05
PWP2,46,Frameshift,6.3587852557992234e-06
PWWP2A,16,Frameshift,2.733769471271023e-05
PWWP2B,21,Frameshift,0.00019022217511769946
PXDC1,12,In-frame stop codon,2.383249545183312e-05
PXDN,67,Frameshift,7.225449493773989e-06
PXDNL,162,Frameshift,0.0001433977377184081
PXK,38,Frameshift,6.46905505398164e-05
PXMP2,60,Frameshift,9.535587062961736e-05
PXMP4,20,Frameshift,2.8116953492165797e-05
PXN,44,Frameshift,3.5545110901344334e-05
PXT1,14,Splice donor,2.271372285235493e-05
PYCARD,22,In-frame stop codon,8.083586355281515e-05
PYCR1,41,Frameshift,2.0763175252543313e-05
PYCR2,24,Frameshift,7.285560609676873e-06
PYCRL,27,Frameshift,1.589581135390342e-05
PYDC1,17,Frameshift,3.763500044210713e-05
PYDC2,10,In-frame stop codon,1.4008410864320517e-05
PYGB,79,Frameshift,8.092990084892081e-06
PYGL,75,Frameshift,0.005884227839719702
PYGM,80,Frameshift,3.014674334161506e-05
PYGO1,6,Frameshift,1.9940072231286558e-06
PYGO2,17,Frameshift,2.249316336217221e-05
PYHIN1,44,Frameshift,2.2944265929688703e-05
PYROXD1,57,Frameshift,9.209458535062482e-06
PYROXD2,69,Frameshift,4.987280560901186e-05
PYURF,11,Frameshift,1.7498008313019873e-05
PYY,11,Frameshift,6.923745987314985e-06
PZP,143,Frameshift,0.00010190418480343528
QARS,87,Frameshift,8.203066416486888e-06
QDPR,20,In-frame stop codon,7.48447091589972e-06
QKI,23,Splice acceptor,0.00010199431935725422
QPCT,46,In-frame stop codon,2.6247198786637638e-05
QPCTL,40,Frameshift,2.41277469134171e-05
QPRT,19,Frameshift,1.261538253087083e-05
QRFP,21,Frameshift,1.7918139257021327e-05
QRFPR,67,Frameshift,4.923612893674596e-05
QRICH1,8,In-frame stop codon,3.5103564393193106e-06
QRICH2,178,Frameshift,1.8897526347524975e-05
QRSL1,51,Frameshift,2.643803765406077e-05
QSER1,52,Frameshift,4.197264297319556e-05
QSOX1,50,Frameshift,1.9637208128973977e-05
QSOX2,42,Frameshift,8.941344811524658e-06
QTRT1,29,In-frame stop codon,7.577142581561861e-06
QTRTD1,46,Frameshift,1.02866938742952e-05
R3HCC1,54,Frameshift,0.010041848196089777
R3HCC1L,72,Frameshift,2.072054560881555e-05
R3HDM1,35,In-frame stop codon,1.1237575700668897e-05
R3HDM2,19,In-frame stop codon,1.0867879957050906e-05
R3HDM4,32,Frameshift,1.1931706873661216e-05
R3HDML,24,Frameshift,8.660177246927392e-05
RAB10,1,In-frame stop codon,0.0
RAB11A,9,Frameshift,1.2870722646464672e-05
RAB11B,5,Frameshift,5.214357945394433e-06
RAB11FIP1,64,Frameshift,1.269658954521052e-05
RAB11FIP2,22,Frameshift,1.83905080964548e-05
RAB11FIP3,19,Frameshift,6.368602383169858e-06
RAB11FIP4,21,Frameshift,5.676464429899361e-06
RAB11FIP5,24,In-frame stop codon,7.393522250914267e-06
RAB12,8,Splice donor,1.8133936463165277e-05
RAB13,12,Frameshift,5.985341538591092e-06
RAB14,2,Frameshift,1.8626290388006326e-05
RAB15,20,In-frame stop codon,8.028307739592383e-06
RAB17,24,Frameshift,1.024593210298717e-05
RAB18,32,Frameshift,0.0002079627594010135
RAB19,25,Frameshift,3.333900466365544e-05
RAB1A,8,Start codon lost,5.173766285158079e-06
RAB1B,4,Frameshift,5.047381193305365e-06
RAB20,11,In-frame stop codon,1.0877319674294911e-05
RAB21,10,Frameshift,1.1903825540775676e-05
RAB22A,8,In-frame stop codon,4.490372496819168e-06
RAB23,15,Frameshift,2.9223972178036368e-05
RAB24,12,Frameshift,1.4589832990778802e-05
RAB25,27,In-frame stop codon,5.676325945543695e-05
RAB26,53,Frameshift,1.8338814056834633e-05
RAB27A,23,Frameshift,1.2810498558356473e-05
RAB27B,15,In-frame stop codon,2.4697799240859043e-05
RAB28,38,Frameshift,1.2932811937357764e-05
RAB2A,20,Frameshift,1.811564364466929e-05
RAB2B,17,Frameshift,9.479496680999086e-06
RAB30,13,In-frame stop codon,6.4248960800564965e-06
RAB31,13,Splice donor,8.866824109636648e-06
RAB32,22,Frameshift,4.057364077388981e-05
RAB33A,2,Frameshift,2.725122357993874e-06
RAB33B,6,Frameshift,1.3950901680649791e-05
RAB34,37,Frameshift,1.577203149815463e-05
RAB35,37,Frameshift,2.4659168755363876e-05
RAB36,62,Frameshift,0.0031246126453449577
RAB37,38,In-frame stop codon,1.0229370052398803e-05
RAB38,25,In-frame stop codon,9.112350137205218e-06
RAB39A,14,In-frame stop codon,6.436125094823303e-06
RAB3A,2,Start codon lost,3.9799098835091635e-06
RAB3B,8,Frameshift,1.5441472506256452e-05
RAB3C,10,In-frame stop codon,4.030637640749147e-06
RAB3D,27,Frameshift,5.418271050004427e-06
RAB3GAP1,74,Frameshift,1.4318419721189805e-05
RAB3GAP2,63,Frameshift,8.295509340254707e-06
RAB3IL1,36,In-frame stop codon,1.257383296338312e-05
RAB3IP,39,Frameshift,3.0414483045764738e-05
RAB40A,23,Frameshift,0.002015036982234074
RAB40AL,20,Frameshift,1.0436812796458908e-05
RAB40B,42,Frameshift,0.00047752539273485827
RAB40C,14,Frameshift,4.164043925332154e-05
RAB41,18,Frameshift,0.0001102764861924202
RAB42,13,Frameshift,2.2275420520248712e-05
RAB43,8,In-frame stop codon,1.1044105927755838e-05
RAB44,32,Frameshift,0.00010366595957822548
RAB4A,16,Frameshift,1.9585418770096074e-05
RAB4B,12,Frameshift,5.321331673712171e-06
RAB5A,5,In-frame stop codon,3.2151318477631906e-06
RAB5B,20,Frameshift,0.0007418988356279248
RAB5C,26,Frameshift,0.0012717004859283054
RAB6A,8,Frameshift,1.1457973029119645e-05
RAB6B,9,Frameshift,9.395016636568043e-06
RAB6C,31,Frameshift,8.619021109500717e-06
RAB7A,1,Splice acceptor,3.977598167122764e-06
RAB7L1,10,Splice donor,6.027629945325509e-05
RAB8A,7,Frameshift,6.088722100980485e-06
RAB8B,11,In-frame stop codon,7.220239102371809e-06
RAB9B,2,Frameshift,2.8734311066157877e-06
RABAC1,18,In-frame stop codon,1.8956733202224428e-05
RABEP1,25,Frameshift,1.2904657800475986e-05
RABEP2,48,Frameshift,1.4954839923295141e-05
RABEPK,54,Frameshift,0.00011930638679792088
RABGAP1,13,Frameshift,1.0498479910616189e-05
RABGAP1L,73,Frameshift,9.085181010234332e-06
RABGEF1,17,In-frame stop codon,8.650704947739125e-06
RABGGTA,62,Frameshift,5.829424645465435e-06
RABGGTB,35,Frameshift,9.725784152644692e-06
RABIF,14,In-frame stop codon,7.51568840788185e-06
RABL2A,31,Frameshift,0.0010286269186906235
RABL2B,32,In-frame stop codon,4.703897106514709e-05
RABL3,17,Frameshift,1.3136659630660551e-05
RABL5,12,Frameshift,9.614810034780092e-06
RABL6,84,Frameshift,5.117165395550338e-05
RAC1,4,Splice donor,1.4959861810484183e-05
RAC2,6,Splice acceptor,1.982037046278969e-05
RAC3,9,Frameshift,3.557362835237171e-06
RACGAP1,43,Frameshift,1.386454865309779e-05
RAD1,29,Frameshift,2.5389833517784812e-05
RAD17,38,Frameshift,2.4864862952855517e-05
RAD18,45,Frameshift,9.998464378586491e-06
RAD21,27,Frameshift,4.949140212333462e-05
RAD21L1,28,Frameshift,4.2046162571995034e-05
RAD23A,14,In-frame stop codon,6.294727900486913e-06
RAD23B,21,Frameshift,0.036291530436210466
RAD50,146,Frameshift,2.1272820883103746e-05
RAD51,13,In-frame stop codon,1.1839860506552654e-05
RAD51AP1,47,Frameshift,8.508956689769326e-05
RAD51AP2,110,Frameshift,1.2865319865628294e-05
RAD51B,84,Splice acceptor,0.00039998702169458274
RAD51C,60,Frameshift,1.6940030933422663e-05
RAD51D,44,Frameshift,6.256924008962988e-05
RAD52,55,In-frame stop codon,0.002901285244905953
RAD54B,97,Frameshift,1.5795262155959352e-05
RAD54L,81,Frameshift,1.8051533870870638e-05
RAD54L2,15,Frameshift,1.5112085514188716e-05
RAD9A,34,Frameshift,4.987255566202557e-06
RAD9B,67,Frameshift,7.085889151739671e-05
RADIL,116,Frameshift,1.219627828176113e-05
RAE1,22,Frameshift,5.815744173403909e-06
RAET1E,31,Splice acceptor,0.00022061325638218074
RAET1G,30,Frameshift,1.7651443831985342e-05
RAET1L,25,In-frame stop codon,0.00022798742023574827
RAF1,24,In-frame stop codon,5.938598506645611e-05
RAG1,55,Frameshift,1.0503341223529481e-05
RAG2,27,Frameshift,9.1387631405054e-06
RAI1,51,Frameshift,0.012942094362516384
RAI14,37,Frameshift,0.00017165488643526146
RAI2,4,Frameshift,5.96066468064527e-06
RALA,4,Splice acceptor,0.0
RALB,19,Frameshift,7.948450597764169e-05
RALBP1,22,Frameshift,8.67893875974314e-06
RALGAPA1,61,Frameshift,6.373732584923221e-06
RALGAPA2,126,Frameshift,9.41663157499275e-06
RALGAPB,17,Frameshift,1.6423919414862124e-05
RALGDS,45,In-frame stop codon,1.4130678160786354e-05
RALGPS1,21,Frameshift,0.0007655019461978907
RALGPS2,33,Frameshift,7.537940276867437e-06
RALY,13,Frameshift,1.609619039242192e-05
RALYL,12,In-frame stop codon,2.4800426722579804e-05
RAMP1,17,Frameshift,1.278208454321103e-05
RAMP2,18,Frameshift,6.671255289166243e-06
RAMP3,13,Frameshift,8.595888008935654e-06
RAN,6,In-frame stop codon,2.3296141207849357e-05
RANBP1,33,Frameshift,4.3230155238156705e-05
RANBP10,20,In-frame stop codon,1.81279505388239e-05
RANBP17,132,Frameshift,1.1116009092087465e-05
RANBP2,53,Frameshift,5.473982453507923e-06
RANBP3,13,Frameshift,4.660559511148179e-06
RANBP3L,42,In-frame stop codon,1.2585887863707774e-05
RANBP6,31,In-frame stop codon,6.485523906620275e-06
RANBP9,13,Frameshift,8.503295410745905e-06
RANGAP1,28,Frameshift,8.441907128254909e-06
RANGRF,22,Frameshift,0.0001880436224289449
RAP1A,4,Splice acceptor,7.218675809234553e-06
RAP1B,12,Frameshift,0.0009343979221866495
RAP1GAP,42,Frameshift,3.8296245201592524e-05
RAP1GAP2,26,Frameshift,8.276384829111193e-06
RAP1GDS1,31,Frameshift,1.1679408344753203e-05
RAP2A,1,Frameshift,3.982762603452259e-06
RAP2B,2,In-frame stop codon,4.989895913134791e-06
RAP2C,3,Frameshift,1.827896255920099e-06
RAPGEF1,31,In-frame stop codon,1.2959245342437986e-05
RAPGEF2,58,Frameshift,3.018576736906275e-05
RAPGEF3,98,In-frame stop codon,3.079666636025603e-05
RAPGEF4,45,Frameshift,1.0049305469645757e-05
RAPGEF5,37,Frameshift,0.00017310743843385664
RAPGEF6,41,Frameshift,2.799684374540851e-05
RAPGEFL1,25,Frameshift,2.6132827553238515e-05
RAPH1,31,Frameshift,2.408320236654461e-05
RAPSN,32,Frameshift,3.0800767088633393e-05
RARA,28,Frameshift,5.952543476468167e-05
RARB,16,Frameshift,9.631603137661891e-06
RARG,20,Frameshift,3.263734586977201e-05
RARRES1,45,Frameshift,2.6831816492421276e-05
RARRES2,15,In-frame stop codon,5.997218048275156e-06
RARRES3,28,Frameshift,3.32721060181474e-05
RARS,75,Frameshift,8.825189617361071e-06
RARS2,79,Frameshift,3.78540058473584e-05
RASA1,32,Frameshift,1.1518349826748155e-05
RASA2,97,Frameshift,7.019467052471611e-06
RASA3,45,In-frame stop codon,8.646801369500211e-06
RASA4,33,Frameshift,0.0005951497478404631
RASA4B,30,Frameshift,0.000551921623401823
RASAL1,75,Frameshift,0.0014310149913660483
RASAL2,37,Frameshift,6.64195054341133e-06
RASAL3,87,Frameshift,4.2921045342846304e-05
RASD1,14,Frameshift,1.0418090872360386e-05
RASD2,6,In-frame stop codon,7.9787522281413e-06
RASEF,56,In-frame stop codon,1.6317265470776458e-05
RASGEF1A,25,Frameshift,9.889489052149371e-05
RASGEF1B,25,In-frame stop codon,1.529771776182965e-05
RASGEF1C,32,Frameshift,6.310814633988796e-06
RASGRF1,27,In-frame stop codon,1.5479709551797375e-05
RASGRF2,42,In-frame stop codon,6.879833444636022e-06
RASGRP1,33,Frameshift,1.371447695164141e-05
RASGRP2,46,Frameshift,6.291024461368109e-06
RASGRP3,32,In-frame stop codon,1.0373376401972835e-05
RASGRP4,38,Frameshift,5.8282874587937035e-06
RASIP1,19,Frameshift,9.02084838525076e-06
RASL10A,19,Frameshift,1.977861408370676e-05
RASL10B,9,In-frame stop codon,4.354039449986166e-06
RASL11A,18,Frameshift,8.17852786777255e-06
RASL11B,12,Frameshift,1.33194346476686e-05
RASL12,18,In-frame stop codon,1.006731962238367e-05
RASSF1,38,Frameshift,2.0543554926607368e-05
RASSF2,26,Frameshift,6.260933265993437e-06
RASSF3,15,Splice acceptor,8.440230567588455e-06
RASSF4,51,Frameshift,2.8066381807571516e-05
RASSF5,30,Frameshift,1.71977391984419e-05
RASSF6,67,Frameshift,4.157523059134691e-05
RASSF7,51,Frameshift,1.4449951157464709e-05
RASSF8,16,Frameshift,1.8863738122170907e-05
RASSF9,36,Frameshift,2.0067678216930085e-05
RAVER1,36,Frameshift,3.908835775869739e-05
RAVER2,44,Frameshift,8.578368424790011e-06
RAX,18,Frameshift,2.4859823764348767e-05
RAX2,13,Frameshift,7.386156697356074e-06
RB1,31,Frameshift,1.0783706524995843e-05
RB1CC1,49,Frameshift,9.25148819761164e-06
RBAK,37,In-frame stop codon,6.926687498954375e-06
RBBP4,20,Splice acceptor,1.4323949927730456e-05
RBBP5,6,In-frame stop codon,6.633657910538317e-06
RBBP6,31,Frameshift,0.018058476782451136
RBBP7,14,Frameshift,8.248695539658835e-06
RBBP8,89,Frameshift,9.517882330498812e-06
RBBP8NL,40,Frameshift,1.1712331510799095e-05
RBBP9,20,Frameshift,1.3153007814913463e-05
RBCK1,47,In-frame stop codon,0.0001528369945656735
RBFA,35,In-frame stop codon,7.002770002817356e-06
RBFOX1,39,In-frame stop codon,2.49806883733101e-05
RBFOX2,15,Splice donor,6.754040393207714e-06
RBFOX3,13,Frameshift,0.00045244312841398725
RBKS,40,Frameshift,0.00022330668747819427
RBL1,76,Frameshift,1.802668469382372e-05
RBL2,38,Frameshift,7.911504590987479e-06
RBM10,13,In-frame stop codon,8.753587744452912e-07
RBM11,22,In-frame stop codon,1.9139265939984062e-05
RBM12,29,Frameshift,9.247552334635592e-06
RBM12B,32,Frameshift,1.7159776976028502e-05
RBM14,12,Frameshift,0.00014194557226370868
RBM15,26,Frameshift,1.526072889259808e-05
RBM15B,12,Frameshift,1.8232843870029387e-05
RBM17,6,Frameshift,2.096864891536052e-06
RBM18,18,Frameshift,5.096312290943275e-06
RBM19,70,Frameshift,9.625852358128402e-06
RBM20,37,Frameshift,1.4956789672746197e-05
RBM22,24,Frameshift,1.7808469236236272e-05
RBM23,62,Frameshift,2.5267022987348875e-05
RBM24,16,In-frame stop codon,2.200433937120452e-05
RBM25,15,Frameshift,0.002657220680036969
RBM26,17,Frameshift,0.0002127044318864489
RBM27,28,Frameshift,8.83155244080906e-05
RBM28,65,Frameshift,9.82090824850952e-06
RBM3,19,Frameshift,0.0003478021340425019
RBM33,49,Frameshift,6.36854229643004e-05
RBM34,56,Frameshift,7.889685143455469e-06
RBM38,10,Splice donor,9.936323271942516e-06
RBM39,15,Frameshift,2.0952442061159568e-05
RBM4,27,Frameshift,1.112860106219408e-05
RBM41,12,In-frame stop codon,1.457648971003246e-05
RBM42,14,Frameshift,6.082014658458754e-06
RBM43,44,Frameshift,0.00012049014473559054
RBM44,78,Frameshift,2.8622838890532372e-05
RBM45,38,In-frame stop codon,5.590184147819259e-05
RBM46,15,In-frame stop codon,2.4784496723087977e-05
RBM47,11,Frameshift,3.3354639037277135e-05
RBM48,48,Frameshift,0.0014342953325441011
RBM4B,23,Frameshift,9.005389471699362e-06
RBM5,20,In-frame stop codon,0.01866410358087133
RBM6,22,Frameshift,1.3861753801666135e-05
RBM7,20,Frameshift,0.00783482424774212
RBM8A,5,Frameshift,3.1819396100139357e-06
RBMS1,19,Splice donor,1.4937539236694594e-05
RBMS2,36,Frameshift,2.438396490904325e-05
RBMS3,17,Frameshift,8.293780848065819e-05
RBMX,41,Frameshift,0.010797276758906686
RBMX2,8,Splice acceptor,3.575581332922879e-05
RBMXL1,35,Frameshift,0.003190360396071927
RBMXL2,12,In-frame stop codon,3.1328479237514476e-06
RBMXL3,68,Frameshift,3.4585279311334486e-05
RBMY1E,3,In-frame stop codon,0.0
RBP1,29,Frameshift,3.699950013392086e-05
RBP2,11,Frameshift,3.422659403531179e-05
RBP3,42,Frameshift,8.836557990547298e-06
RBP4,11,Frameshift,7.384288498794958e-06
RBP5,19,Frameshift,1.3348100921273386e-05
RBP7,7,Frameshift,2.134436286189243e-05
RBPJ,31,Frameshift,3.4604863059117435e-05
RBPJL,45,In-frame stop codon,1.3496328955693998e-05
RBPMS,19,Splice acceptor,1.3758204168687239e-05
RBPMS2,6,Frameshift,1.4766979165340706e-05
RBX1,3,Frameshift,1.326024287460849e-06
RC3H1,28,In-frame stop codon,8.969565318517911e-06
RC3H2,35,Frameshift,0.0284541608490828
RCAN1,28,In-frame stop codon,6.306550641016344e-05
RCAN2,7,Frameshift,7.423524347408524e-06
RCAN3,27,In-frame stop codon,8.99519250152233e-06
RCBTB1,46,Frameshift,1.5216621390610958e-05
RCBTB2,54,In-frame stop codon,1.0855181563756404e-05
RCC1,23,Frameshift,1.4421342604112084e-05
RCC2,16,Frameshift,8.816149579528578e-06
RCCD1,56,Frameshift,1.847249122883959e-05
RCE1,16,Frameshift,9.981674647231123e-06
RCHY1,29,Frameshift,7.709916592073822e-06
RCL1,21,Frameshift,1.164227691523279e-05
RCN1,33,Frameshift,1.1819630857247228e-05
RCN2,17,Frameshift,0.00013843636448088279
RCN3,49,In-frame stop codon,1.372917507535369e-05
RCOR1,7,Start codon lost,1.1544199782174706e-06
RCOR2,27,Frameshift,9.44872625947157e-06
RCOR3,10,Frameshift,3.874272576913957e-06
RCSD1,23,Frameshift,1.1160044547898094e-05
RCVRN,21,In-frame stop codon,1.3362662674941878e-05
RD3,13,In-frame stop codon,5.028721797536768e-06
RD3L,16,Frameshift,2.1511987721782397e-05
RDH10,2,Frameshift,3.981019160195818e-06
RDH11,23,In-frame stop codon,1.2103952753515956e-05
RDH12,25,In-frame stop codon,1.772362536041567e-05
RDH13,46,Frameshift,1.656601911314272e-05
RDH14,27,Frameshift,4.938152228128795e-05
RDH16,31,Frameshift,0.0001109396533070564
RDH5,43,In-frame stop codon,1.3213416280505989e-05
RDH8,30,Frameshift,0.003594748707833363
RDM1,41,Frameshift,4.2124345959836e-05
RDX,51,Frameshift,1.1560561738643158e-05
REC8,44,Frameshift,0.00030403078909489603
RECK,65,Frameshift,2.6621985285970462e-05
RECQL,92,Frameshift,4.803767225718156e-05
RECQL4,143,Frameshift,0.007041753304444707
RECQL5,120,Frameshift,6.588252083753742e-05
REEP1,15,In-frame stop codon,1.6162193091463048e-05
REEP2,9,Frameshift,4.818811055434155e-06
REEP3,22,Frameshift,1.0959053910077831e-05
REEP4,33,Frameshift,4.984537828903434e-06
REEP5,27,Frameshift,1.4280579565749775e-05
REEP6,24,Frameshift,1.4841714324209927e-05
REG1A,13,In-frame stop codon,4.922324964832609e-06
REG1B,35,Frameshift,2.4575443102403074e-05
REG3A,14,In-frame stop codon,8.659458131920675e-06
REG3G,17,In-frame stop codon,3.164665721217405e-05
REG4,25,In-frame stop codon,1.027122341527436e-05
REL,17,Frameshift,8.167123927365132e-06
RELA,19,Frameshift,0.0001397236186911101
RELB,14,Frameshift,1.9371535988706257e-05
RELL1,12,Frameshift,1.3601201158108792e-05
RELL2,19,Frameshift,5.79298967031745e-06
RELN,73,In-frame stop codon,9.030464924111234e-06
RELT,47,Frameshift,1.7373489033184798e-05
REM1,28,Frameshift,1.4878114557175417e-05
REM2,26,Frameshift,3.789692830564639e-05
REN,31,Frameshift,1.0725631561907628e-05
RENBP,15,In-frame stop codon,4.286669999559079e-05
REP15,28,Frameshift,2.1503210767611054e-05
REPIN1,46,Frameshift,3.88326105334447e-05
REPS1,27,Frameshift,1.358040231018895e-05
REPS2,19,Frameshift,3.233712029626305e-05
RER1,10,In-frame stop codon,6.417805871902782e-06
RERE,28,Frameshift,3.233607078794017e-05
RERG,22,In-frame stop codon,0.0002424766659764814
RERGL,36,In-frame stop codon,7.6269312310987e-05
RESP18,50,Splice donor,0.0001651553060402106
REST,20,Frameshift,1.5013120920251009e-05
RET,17,In-frame stop codon,3.7464883593112874e-06
RETN,11,Frameshift,8.032620528369994e-06
RETNLB,10,Frameshift,0.013846390525640578
RETSAT,70,Frameshift,0.00020125859923891227
REV1,31,Frameshift,1.5506803288659582e-05
REV3L,40,Frameshift,6.1633674946362e-06
REXO1,43,Frameshift,4.4470873431810296e-05
REXO2,26,Frameshift,2.6113156501959005e-05
REXO4,40,Frameshift,5.492398997657729e-05
RFC1,26,Frameshift,2.463372710557865e-05
RFC2,24,Frameshift,1.0896350663851104e-05
RFC3,32,Frameshift,0.0006057736147841319
RFC4,96,Frameshift,9.541917415172807e-06
RFC5,25,In-frame stop codon,2.669751899604019e-05
RFESD,28,Frameshift,1.6642278662883598e-05
RFFL,19,Frameshift,7.46568657107363e-06
RFK,12,Frameshift,1.0189870183348418e-05
RFNG,28,In-frame stop codon,9.012998635284788e-06
RFPL1,36,Frameshift,0.0039606920511548425
RFPL2,28,Frameshift,4.533026568008844e-05
RFPL3,33,Frameshift,1.5095992810382925e-05
RFPL4A,24,In-frame stop codon,1.1646588802770746e-05
RFPL4AL1,23,In-frame stop codon,0.00028389896671848915
RFPL4B,16,Frameshift,1.592507738733685e-05
RFT1,50,Frameshift,6.571973442739186e-06
RFTN1,48,Frameshift,9.913217044637047e-06
RFTN2,32,In-frame stop codon,1.2044005590154884e-05
RFWD2,15,Frameshift,8.900976098557148e-06
RFWD3,51,Frameshift,1.1046606269433002e-05
RFX1,32,In-frame stop codon,4.654309034931746e-05
RFX2,18,Start codon lost,6.429817580776085e-06
RFX3,21,Frameshift,1.037915011004986e-05
RFX4,16,In-frame stop codon,1.0183449414530258e-05
RFX5,43,Frameshift,1.2192496302016834e-05
RFX6,34,In-frame stop codon,1.1716688901465388e-05
RFX7,28,Frameshift,9.779861719403333e-06
RFX8,52,Frameshift,0.0007565727503476445
RFXANK,36,Frameshift,6.206518225005291e-05
RFXAP,19,Frameshift,1.8031621748529537e-05
RGAG1,8,Frameshift,3.3305096218580006e-05
RGAG4,26,Frameshift,1.927640291631181e-05
RGCC,13,In-frame stop codon,1.1087406498118653e-05
RGL1,21,Frameshift,4.801841715620036e-06
RGL2,42,Frameshift,2.0252616350760308e-05
RGL3,105,Frameshift,3.110062400339823e-05
RGL4,61,Frameshift,2.1803153314078438e-05
RGMA,26,Frameshift,4.6748021876309e-05
RGMB,27,Frameshift,0.00039280216273161875
RGN,18,Frameshift,1.3669248703702132e-05
RGP1,32,In-frame stop codon,0.00013167337041582191
RGPD1,47,Frameshift,5.674773751985956e-05
RGPD2,34,Frameshift,4.394290922400682e-05
RGPD3,205,Frameshift,0.00013654173349932072
RGPD4,211,Frameshift,0.00012532260883338784
RGPD5,1,Frameshift,0.0
RGPD6,1,Frameshift,1.1512514102829776e-05
RGPD8,75,Frameshift,0.001683186662459418
RGR,41,In-frame stop codon,1.6352101655220458e-05
RGS1,12,Frameshift,4.996271021237747e-06
RGS10,16,Frameshift,9.105173560330465e-06
RGS11,81,Frameshift,0.00011095718417322915
RGS12,90,Frameshift,2.7261894163381445e-05
RGS13,19,Frameshift,1.1232113519096342e-05
RGS14,26,Frameshift,1.280442639358089e-05
RGS16,21,Frameshift,7.642480780154013e-06
RGS17,9,Frameshift,1.1104546042427475e-05
RGS18,18,In-frame stop codon,5.59060203216489e-05
RGS19,13,Frameshift,2.5417589418483285e-06
RGS2,23,Frameshift,1.4371892285530519e-05
RGS20,41,Frameshift,1.2968452299527515e-05
RGS21,15,In-frame stop codon,1.443824548103128e-05
RGS22,128,Frameshift,2.5390474011186977e-05
RGS3,102,Frameshift,1.4603059162025702e-05
RGS4,28,Frameshift,1.1963005301051136e-05
RGS5,24,Frameshift,6.452114078098138e-06
RGS6,43,In-frame stop codon,5.363966739998643e-05
RGS7,18,In-frame stop codon,6.415566230266265e-06
RGS7BP,3,Frameshift,4.077827106432493e-06
RGS8,9,In-frame stop codon,2.0826074808871463e-05
RGS9,61,Frameshift,4.975492875671743e-05
RGS9BP,34,Frameshift,4.891532792473215e-05
RGSL1,80,Frameshift,2.8933558475591777e-05
RHAG,9,In-frame stop codon,1.2831496242602525e-05
RHBDD1,42,In-frame stop codon,0.0002658784048750021
RHBDD2,9,Frameshift,4.062198003051466e-06
RHBDD3,39,In-frame stop codon,0.0002410433536422757
RHBDF1,80,Frameshift,9.594436334837609e-06
RHBDF2,59,In-frame stop codon,1.2731823514106336e-05
RHBDL1,27,Frameshift,0.00010317877715920427
RHBDL2,33,In-frame stop codon,4.086111300506135e-05
RHBDL3,36,In-frame stop codon,9.186078914126195e-06
RHBG,70,Frameshift,0.004832045540201529
RHCE,25,Frameshift,3.479969288654381e-05
RHCG,30,Frameshift,9.4426092361558e-06
RHD,48,Frameshift,9.387536690117327e-05
RHEB,3,Splice acceptor,1.3352325906351253e-05
RHEBL1,18,In-frame stop codon,8.843866967917607e-06
RHNO1,31,Frameshift,6.46590942407631e-05
RHO,18,In-frame stop codon,8.624801612396219e-06
RHOA,11,Frameshift,1.632861596396585e-05
RHOB,6,Frameshift,3.316967149335694e-06
RHOBTB1,24,In-frame stop codon,5.981401743744211e-06
RHOBTB2,30,Frameshift,7.441705498686113e-06
RHOBTB3,49,Frameshift,0.0005006030323684473
RHOC,29,Frameshift,0.00012991490783850927
RHOD,28,Frameshift,1.819843646966684e-05
RHOF,28,Frameshift,1.1546915010352037e-05
RHOG,2,Frameshift,3.977044559602076e-06
RHOH,8,Frameshift,4.1050940022004266e-06
RHOJ,18,Frameshift,8.003702114864227e-06
RHOQ,15,Frameshift,9.162298035823774e-06
RHOT1,34,Frameshift,7.19919073023158e-06
RHOT2,93,Frameshift,1.092951139623512e-05
RHOU,13,Frameshift,3.648172530498991e-05
RHOV,7,Frameshift,1.335747667932263e-05
RHOXF1,1,In-frame stop codon,7.347268652878293e-06
RHOXF2,13,Frameshift,0.0002982433426621496
RHOXF2B,8,Frameshift,8.344394065800265e-06
RHPN1,78,Frameshift,1.8045023144159902e-05
RHPN2,56,Frameshift,0.0019775165272595155
RIBC1,7,Frameshift,8.985694343145988e-06
RIBC2,53,Frameshift,0.0190000450323957
RIC3,37,In-frame stop codon,0.00031489469112903873
RIC8A,42,In-frame stop codon,1.0929739345037827e-05
RIC8B,18,Frameshift,1.0820512312413251e-05
RICTOR,34,Frameshift,1.0312810681045787e-05
RIF1,54,Frameshift,8.283894040531264e-05
RIIAD1,18,Splice donor,1.0113256091510394e-05
RILP,49,Frameshift,1.180277589586434e-05
RILPL1,21,In-frame stop codon,1.723497323920197e-05
RILPL2,17,Frameshift,1.4206541130906146e-05
RIMBP2,37,Frameshift,1.2603721861739255e-05
RIMBP3,89,Frameshift,0.0001067756325853766
RIMBP3B,14,Frameshift,4.01454454847127e-05
RIMBP3C,2,Frameshift,0.0
RIMKLA,15,Frameshift,4.534607346842844e-06
RIMKLB,27,Frameshift,1.3828617035649589e-05
RIMS1,66,In-frame stop codon,1.8396462578897738e-05
RIMS2,95,Frameshift,1.280963173312495e-05
RIMS3,13,In-frame stop codon,4.639174334654558e-06
RIMS4,10,Splice acceptor,1.4220423606007101e-05
RIN1,86,Frameshift,1.1571414793438214e-05
RIN2,41,Frameshift,0.0001243963504938083
RIN3,82,Frameshift,1.1199002245582132e-05
RING1,15,Frameshift,9.088643747179656e-06
RINL,50,Frameshift,1.0900505145393919e-05
RINT1,73,Frameshift,1.0430060769286491e-05
RIOK1,55,Frameshift,1.2190609942897966e-05
RIOK2,58,Frameshift,1.8141213598112133e-05
RIOK3,38,Frameshift,1.1595708634011146e-05
RIPK1,27,Frameshift,7.409427004253025e-06
RIPK2,16,Splice donor,5.4403080379525634e-05
RIPK3,55,Frameshift,9.606958741495888e-05
RIPK4,47,Frameshift,2.8176543347262886e-05
RIPPLY1,6,In-frame stop codon,1.294011682624932e-05
RIPPLY2,10,Frameshift,3.285861757521193e-05
RIPPLY3,20,In-frame stop codon,2.297847820900607e-05
RIT1,15,Frameshift,1.1460479903552057e-05
RIT2,33,Frameshift,1.1372477121510426e-05
RITA1,35,Frameshift,3.404303216053626e-05
RLBP1,22,In-frame stop codon,1.0538222073126438e-05
RLF,9,Frameshift,4.923911964984938e-06
RLIM,6,Frameshift,9.093405644095016e-07
RLN1,36,Frameshift,3.403984380538226e-05
RLN2,31,Frameshift,1.7802554805389835e-05
RLN3,22,In-frame stop codon,0.00013817103117288773
RLTPR,77,Frameshift,6.081364703932217e-06
RMDN1,67,Frameshift,2.2907129416035488e-05
RMDN2,101,Frameshift,0.004218206484876978
RMDN3,56,Frameshift,8.320133636197211e-06
RMI1,44,Frameshift,7.423966630714842e-06
RMI2,12,Frameshift,1.3552684926469843e-05
RMND1,41,Frameshift,1.1693628889577878e-05
RMND5A,15,Frameshift,5.005935318520566e-06
RMND5B,39,In-frame stop codon,2.0072985936034864e-05
RNASE1,10,Frameshift,1.5982327370770853e-05
RNASE10,23,Frameshift,9.551907592899131e-06
RNASE11,13,In-frame stop codon,8.929146562144237e-06
RNASE12,13,Frameshift,8.394126303757963e-05
RNASE13,12,Frameshift,1.8525610969520517e-05
RNASE2,9,In-frame stop codon,5.846097971387369e-05
RNASE3,22,Frameshift,1.5092049483093982e-05
RNASE4,8,In-frame stop codon,2.0997422330704505e-05
RNASE6,14,In-frame stop codon,9.108747650786667e-06
RNASE7,18,Frameshift,1.3164374961378014e-05
RNASE8,13,Frameshift,3.2435601693814575e-05
RNASE9,20,In-frame stop codon,0.011233216287835053
RNASEH1,21,Frameshift,7.313275276839772e-06
RNASEH2A,22,Frameshift,0.00010848105300922981
RNASEH2B,43,Frameshift,0.0009924333600425642
RNASEH2C,26,Frameshift,1.0829984418693091e-05
RNASEK,19,Frameshift,1.4856773814837907e-05
RNASEL,64,Frameshift,7.724858600717916e-05
RNASET2,20,Frameshift,1.3427822629117883e-05
RND1,7,Frameshift,3.5449944303781272e-06
RND2,25,Frameshift,1.2297521611313942e-05
RND3,5,Frameshift,6.373486297004461e-06
RNF10,41,Frameshift,2.4735830055504697e-05
RNF103,15,Frameshift,1.824604745225069e-05
RNF11,7,Splice donor,2.909719285376659e-06
RNF111,36,Frameshift,5.7021825964905285e-05
RNF112,29,Frameshift,9.354851634630266e-06
RNF113B,21,Frameshift,2.4176395839828296e-05
RNF114,8,In-frame stop codon,2.0104643424877102e-06
RNF115,22,Frameshift,1.0002134916582347e-05
RNF121,16,In-frame stop codon,1.7637341148429165e-05
RNF122,9,Frameshift,4.030136131544865e-06
RNF123,62,Frameshift,7.165281846874955e-06
RNF125,17,Frameshift,1.2926773987216088e-05
RNF126,16,In-frame stop codon,1.069533999023898e-05
RNF128,17,Frameshift,0.0002289876079472188
RNF13,28,Frameshift,3.2008930525209765e-05
RNF130,18,Frameshift,4.453297003173999e-06
RNF133,29,Frameshift,0.0014806802528901342
RNF135,50,In-frame stop codon,1.692986252249232e-05
RNF138,7,Frameshift,7.838913577480656e-06
RNF139,26,Frameshift,1.0695821669427107e-05
RNF14,21,In-frame stop codon,7.263767742287381e-06
RNF141,17,Frameshift,7.5654790974487035e-06
RNF144A,7,Frameshift,1.5738936164330356e-05
RNF144B,29,In-frame stop codon,1.0986276310740333e-05
RNF145,33,Frameshift,0.003204846151012996
RNF146,16,Frameshift,7.047257613660624e-05
RNF148,27,Frameshift,3.226646683267348e-05
RNF149,26,Frameshift,9.216512997843576e-06
RNF150,27,Frameshift,2.442650869225091e-05
RNF151,37,Frameshift,7.569479179619997e-05
RNF152,10,Frameshift,8.771820120545632e-06
RNF157,49,Frameshift,6.552384607787365e-06
RNF165,10,Frameshift,1.2612407868702732e-05
RNF166,23,Frameshift,4.425438072160035e-05
RNF167,41,Frameshift,2.3463783451904838e-05
RNF168,72,Frameshift,2.011977169009248e-05
RNF169,25,Frameshift,1.1818780570000439e-05
RNF17,28,Frameshift,0.0004228936409411107
RNF170,25,Frameshift,8.84961474011246e-06
RNF175,50,In-frame stop codon,6.729938280682372e-05
RNF180,54,Frameshift,9.355250176458538e-06
RNF181,36,In-frame stop codon,3.087176682592829e-05
RNF182,15,Frameshift,7.435391268579853e-06
RNF183,30,Frameshift,1.4186373614530992e-05
RNF185,10,In-frame stop codon,5.6087299301180765e-06
RNF186,14,In-frame stop codon,8.325710054650434e-05
RNF187,7,Frameshift,4.499271199419129e-05
RNF19A,31,Frameshift,6.219969544475142e-06
RNF19B,16,Frameshift,2.152641992344411e-05
RNF2,4,Frameshift,5.088625150533361e-06
RNF20,49,In-frame stop codon,7.83853998857998e-06
RNF207,80,Frameshift,4.0259179407907444e-05
RNF208,9,Frameshift,6.951218525780904e-06
RNF212,38,Frameshift,0.00295926298943959
RNF213,306,Frameshift,1.4010278690783305e-05
RNF214,17,Frameshift,7.561009656108305e-06
RNF215,46,In-frame stop codon,2.1977768782160883e-05
RNF216,35,In-frame stop codon,1.0331449285167255e-05
RNF217,50,Frameshift,1.7398653745665456e-05
RNF219,65,Frameshift,9.755514063084793e-06
RNF220,9,Frameshift,6.990056362052295e-06
RNF222,15,In-frame stop codon,1.7079159859785667e-05
RNF223,20,Frameshift,3.7530940160438374e-05
RNF224,15,Frameshift,0.0004355740307450232
RNF24,11,Frameshift,8.181324991444367e-06
RNF25,27,Frameshift,9.938810471367689e-06
RNF26,12,Frameshift,6.9871629822683565e-06
RNF31,30,Frameshift,7.146330921512534e-06
RNF32,58,Frameshift,0.000693374633533027
RNF34,43,Frameshift,1.0775168686981078e-05
RNF38,17,Frameshift,1.1733377900517998e-05
RNF39,40,Frameshift,2.196374095556766e-05
RNF4,12,Splice acceptor,4.52031624821855e-06
RNF40,32,Frameshift,1.700225444353591e-05
RNF41,8,In-frame stop codon,9.6182879457685e-06
RNF43,37,Frameshift,9.286589437752416e-06
RNF44,39,Frameshift,0.008980143204344199
RNF5,19,Frameshift,6.398523996362497e-06
RNF6,26,In-frame stop codon,1.0734886508378817e-05
RNF7,11,Frameshift,3.4440368887692677e-06
RNF8,7,In-frame stop codon,3.4148794421271145e-06
RNFT1,42,Frameshift,1.4446145926148459e-05
RNFT2,60,Frameshift,0.007257987641331078
RNGTT,32,Frameshift,1.6315666281374456e-05
RNH1,61,Frameshift,1.3839367610174752e-05
RNLS,46,Frameshift,1.9676728220266304e-05
RNMT,53,Frameshift,1.5125677695985235e-05
RNMTL1,47,Frameshift,7.72471697780475e-06
RNPC3,42,Frameshift,0.007993312505450106
RNPEP,62,Frameshift,2.26788077165719e-05
RNPEPL1,21,In-frame stop codon,4.014803613710814e-06
RNPS1,15,Frameshift,1.0146873703752022e-05
ROBO1,95,In-frame stop codon,1.218160659546596e-05
ROBO2,46,In-frame stop codon,0.00043520085856760184
ROBO3,121,Frameshift,0.0001809328534606096
ROBO4,91,Frameshift,1.796516927641913e-05
ROCK1,37,Frameshift,1.4617135287815729e-05
ROCK2,34,Frameshift,5.2346828651660016e-06
ROGDI,45,In-frame stop codon,4.577700721710154e-05
ROM1,42,Frameshift,0.0001289014528919349
ROMO1,8,Frameshift,1.0458948897317816e-05
ROPN1,20,Frameshift,1.3837586662513848e-05
ROPN1B,30,Frameshift,0.0001655893334947133
ROPN1L,21,Frameshift,7.246650369493126e-05
ROR1,12,Frameshift,5.972500040462809e-06
ROR2,52,In-frame stop codon,8.480115551279162e-06
RORA,30,In-frame stop codon,9.67406731091386e-06
RORB,2,Splice donor,3.7624537218192216e-06
RORC,17,Frameshift,0.0001308833535030255
ROS1,236,Frameshift,1.3368197533882341e-05
RP1,127,Frameshift,1.0894174842986363e-05
RP11-108K14.4,18,Splice acceptor,0.0033524656826517656
RP11-111M22.2,21,In-frame stop codon,2.1567252694780498e-05
RP11-1220K2.2,106,Frameshift,0.0001010678050718329
RP11-139H15.1,1,Splice donor,0.000702023102942115
RP11-166B2.1,78,Frameshift,0.013031367145579637
RP11-166O4.1,2,Splice donor,9.806522931478956e-05
RP11-231C14.4,20,Frameshift,0.00037030377635232845
RP11-231I13.2,1,Splice donor,3.186540054808489e-05
RP11-294O2.2,2,Splice acceptor,4.7784927032011304e-05
RP11-345F18.1,3,Splice donor,1.8987130306838717e-05
RP11-347C12.1,15,Frameshift,0.0019304121175321822
RP11-366M4.3,1,Splice donor,0.0003503184713375796
RP11-3N2.13,8,Splice acceptor,0.0017211277663289767
RP11-402G3.3,3,Splice donor,2.644456689903692e-05
RP11-402G3.5,1,Splice acceptor,0.00012746972594008922
RP11-451G4.2,2,Splice donor,3.3335482972826736e-05
RP11-468B6.1,6,Splice acceptor,8.79482695295814e-06
RP11-477N12.3,27,Frameshift,5.5036054420913495e-05
RP11-483E23.2,4,Splice donor,0.00011355006998430917
RP11-503N18.1,10,Splice acceptor,1.99640223698682e-05
RP11-520P18.5,8,Splice donor,2.1257285265341635e-05
RP11-526A4.1,11,Splice donor,0.0021932247533224957
RP11-542P2.1,37,Frameshift,0.0005465670758392348
RP11-578F21.4,1,Splice donor,4.002561639449247e-05
RP11-59E19.1,1,Splice acceptor,3.184713375796178e-05
RP11-622K12.1,1,Splice acceptor,0.0029357798165137615
RP11-677O4.3,4,Splice donor,8.490072011597323e-05
RP11-683L23.1,143,Frameshift,0.0003664054695209353
RP11-6L6.2,17,Frameshift,2.0625552664015158e-05
RP11-736I10.1,1,Splice acceptor,6.371455877668048e-05
RP11-74E24.2,1,Splice acceptor,3.184713375796178e-05
RP11-766F14.2,81,Frameshift,5.143208611077089e-05
RP11-849H4.2,37,In-frame stop codon,5.934394895352999e-05
RP11-96L14.7,2,Splice acceptor,0.00010154941031431654
RP1L1,329,Frameshift,0.0005493955512534728
RP2,2,Frameshift,2.7576773738086834e-06
RP3-422G23.4,8,Frameshift,5.585322120698356e-05
RP5-874C20.3,4,Splice donor,6.508636961247575e-06
RP5-998N21.10,1,Splice donor,8.188666885031117e-06
RP9,23,Frameshift,0.0003353668771496762
RPA1,29,Frameshift,5.4953048087592805e-06
RPA2,25,Frameshift,0.0003833336135189899
RPA3,19,Splice donor,1.1353121648225164e-05
RPA3-AS1,4,Frameshift,1.1326690842892735e-05
RPA4,9,Frameshift,2.9875008165170232e-05
RPAIN,36,Frameshift,1.239465940382009e-05
RPAP1,101,In-frame stop codon,1.0389954491885134e-05
RPAP2,51,Frameshift,1.552940703639532e-05
RPAP3,45,Frameshift,5.580851621771625e-06
RPE,28,Splice donor,5.6416499062268836e-05
RPE65,55,In-frame stop codon,1.4119189125632686e-05
RPEL1,20,Frameshift,0.00024336408131656067
RPF1,59,Frameshift,1.2508109601676948e-05
RPF2,34,Frameshift,5.972702651864118e-05
RPGR,43,Frameshift,0.0018431303394834681
RPGRIP1,122,Frameshift,1.8671411413559075e-05
RPGRIP1L,155,Frameshift,9.838061291333236e-06
RPH3A,30,In-frame stop codon,7.966777744192663e-06
RPH3AL,40,Frameshift,1.882510455569756e-05
RPIA,19,Frameshift,6.507650350649883e-06
RPL10,11,In-frame stop codon,1.975607508103879e-05
RPL10A,10,Frameshift,8.049262710706207e-06
RPL10L,16,Frameshift,2.935516185958789e-05
RPL11,7,Stop codon lost,3.394062905712027e-06
RPL12,16,Frameshift,5.25686990890441e-06
RPL13,16,Frameshift,3.8213794344589056e-05
RPL13A,15,Splice acceptor,0.0022226769680776122
RPL14,12,Frameshift,7.554318192425885e-06
RPL15,13,Frameshift,4.9381483455264964e-05
RPL17,9,In-frame stop codon,6.685973570324752e-06
RPL18,6,In-frame stop codon,5.330032519459106e-06
RPL18A,3,Splice acceptor,6.820438204461725e-06
RPL19,7,Frameshift,1.0178264957473515e-05
RPL21,8,Frameshift,3.421218319455389e-05
RPL22,16,Frameshift,5.534959785480041e-06
RPL22L1,16,Frameshift,8.796394696731057e-06
RPL23,17,In-frame stop codon,1.7870213021746418e-05
RPL23A,21,Frameshift,0.0004341969355445309
RPL24,6,In-frame stop codon,4.24641724093686e-05
RPL26,14,Frameshift,5.628558996508866e-06
RPL26L1,9,In-frame stop codon,2.0782422817335003e-05
RPL27,6,Frameshift,7.84246902398247e-06
RPL27A,6,Frameshift,5.341707393048118e-06
RPL28,30,Frameshift,2.5906746317922642e-05
RPL29,18,Frameshift,6.269103775088875e-05
RPL3,22,Frameshift,2.3452837344084903e-05
RPL31,14,Frameshift,0.010057780779415352
RPL32,2,Frameshift,6.7875350610856e-05
RPL34,2,Frameshift,6.000096001536024e-06
RPL35,2,Splice donor,3.998263375801433e-06
RPL35A,3,In-frame stop codon,0.0
RPL36,10,Frameshift,7.487101568550752e-06
RPL36A,4,Start codon lost,1.4348932393443502e-05
RPL36AL,6,In-frame stop codon,3.388985904456877e-05
RPL37,8,In-frame stop codon,1.9484391415140566e-05
RPL37A,13,Splice donor,3.184161698235604e-05
RPL38,3,Frameshift,1.3278964828587916e-05
RPL39L,2,Splice acceptor,3.996900856407145e-06
RPL3L,50,Frameshift,3.351714845787981e-05
RPL4,9,Frameshift,1.1992266442956656e-05
RPL41,6,Splice acceptor,3.479908501536881e-06
RPL5,2,In-frame stop codon,0.0
RPL6,3,Frameshift,1.061976976339153e-05
RPL7,5,Splice acceptor,6.48807908131408e-06
RPL7A,15,Frameshift,8.836507248771002e-06
RPL7L1,21,In-frame stop codon,1.207052318368369e-05
RPL8,6,Splice acceptor,7.319722725710531e-06
RPL9,9,Frameshift,2.0570661248443525e-05
RPLP0,12,Frameshift,4.7410339688262526e-05
RPLP1,9,Frameshift,1.4716401599461212e-05
RPLP2,2,Frameshift,4.011070802795382e-06
RPN1,17,Frameshift,1.772296042607502e-05
RPN2,35,Frameshift,0.0003497819684335557
RPP14,26,Frameshift,6.729295181547662e-06
RPP21,32,Frameshift,5.876536326112568e-06
RPP25,15,In-frame stop codon,3.326276227625243e-05
RPP25L,10,Frameshift,1.0693541124389025e-05
RPP30,52,Frameshift,2.1068318292570888e-05
RPP38,37,Frameshift,2.2835610436492465e-05
RPP40,24,Frameshift,5.138450084179021e-06
RPRD1A,17,Frameshift,0.00014197603179306158
RPRD1B,14,In-frame stop codon,1.0631384087551115e-05
RPRD2,6,Frameshift,7.532409691958402e-06
RPRM,4,Frameshift,8.001214949659063e-06
RPRML,6,Frameshift,1.8525631447795147e-05
RPS10,7,Frameshift,0.0009344735782692778
RPS11,6,In-frame stop codon,7.958307926986997e-06
RPS12,2,Splice acceptor,1.9957689697840577e-06
RPS13,9,In-frame stop codon,1.4549332115614067e-05
RPS14,9,Frameshift,7.331793664849998e-06
RPS15,14,Frameshift,8.752284008285983e-06
RPS15A,11,Frameshift,3.970007559691568e-06
RPS16,7,Splice donor,3.562396453235779e-05
RPS18,4,Splice acceptor,0.0001664261625913849
RPS19,9,Splice donor,3.0992774018160127e-06
RPS19BP1,24,Frameshift,9.888307650437528e-06
RPS2,18,Frameshift,1.877105082170599e-05
RPS20,17,Frameshift,8.968652672525547e-06
RPS21,15,Splice donor,0.01000962779448905
RPS23,10,Frameshift,0.0002156297257528854
RPS24,17,Frameshift,1.171463794397147e-05
RPS25,2,Frameshift,3.976807260059334e-06
RPS26,6,In-frame stop codon,5.505459566082122e-05
RPS27,5,Frameshift,7.527096621322745e-06
RPS27A,3,Frameshift,4.072341920939538e-06
RPS27L,21,Frameshift,3.944957368654489e-05
RPS28,2,In-frame stop codon,0.0
RPS29,5,In-frame stop codon,1.4587962616899946e-05
RPS3,6,Splice acceptor,5.969706468426303e-06
RPS3A,13,Splice acceptor,0.0011027974230588236
RPS4Y1,2,Splice donor,7.387696530265398e-05
RPS4Y2,8,In-frame stop codon,2.6108790638581333e-05
RPS5,6,Frameshift,2.6341152566054002e-05
RPS6,13,Frameshift,1.952201677526096e-05
RPS6KA1,49,Frameshift,1.3099436429837656e-05
RPS6KA2,40,Frameshift,8.084803507469979e-06
RPS6KA3,3,Splice donor,2.1076373985442684e-05
RPS6KA4,35,Frameshift,2.1322505574093563e-05
RPS6KA5,20,Splice acceptor,1.4672809978369503e-05
RPS6KA6,18,In-frame stop codon,1.2020727277973837e-05
RPS6KB1,23,Frameshift,5.741744856871622e-06
RPS6KB2,74,Frameshift,1.4943526678703744e-05
RPS6KC1,52,Frameshift,1.1200390616425926e-05
RPS6KL1,58,Frameshift,1.4663180147487268e-05
RPS7,5,Frameshift,7.269032751750168e-06
RPS8,1,Frameshift,0.0
RPS9,7,Splice acceptor,2.0495869524940527e-05
RPSA,10,Splice acceptor,4.876149125071048e-05
RPTN,92,In-frame stop codon,3.3085703602970516e-05
RPTOR,29,Frameshift,9.170754271166993e-06
RPUSD1,57,Frameshift,1.1383780245325225e-05
RPUSD2,60,Frameshift,2.8602374180872385e-05
RPUSD3,55,Frameshift,1.9622050116165683e-05
RPUSD4,34,Frameshift,4.6721016707819504e-05
RQCD1,8,Frameshift,1.6825408354774317e-05
RRAD,25,Frameshift,2.348489657669174e-05
RRAGA,8,Frameshift,1.3452643572932338e-05
RRAGB,6,In-frame stop codon,1.2622121022094334e-05
RRAGC,9,Frameshift,1.4157383703317834e-05
RRAGD,6,Frameshift,7.406011273531734e-06
RRAS,20,Frameshift,9.22971467431878e-05
RRAS2,16,Frameshift,2.0531827447524023e-05
RRBP1,99,Frameshift,1.3331120782891928e-05
RREB1,20,Frameshift,5.834468238114596e-06
RRH,32,Frameshift,3.5461754781910656e-05
RRM1,8,Frameshift,3.0138480563812526e-06
RRM2,22,Frameshift,9.123255662572188e-06
RRM2B,22,Frameshift,0.002827892617914046
RRN3,47,Frameshift,9.608317904387043e-06
RRNAD1,54,Frameshift,1.1222967451203764e-05
RRP1,28,In-frame stop codon,4.994339581440739e-05
RRP12,69,Frameshift,0.00045458734198465837
RRP15,24,Frameshift,0.00020662501397647392
RRP1B,50,Frameshift,9.896218253255193e-06
RRP36,51,Frameshift,3.1403541452094034e-05
RRP7A,42,Frameshift,9.873393697244981e-06
RRP8,50,Frameshift,2.158035780281687e-05
RRP9,18,Frameshift,9.228670972617577e-06
RRS1,24,Frameshift,1.001475567112639e-05
RS1,1,Frameshift,5.452800558366777e-06
RSAD1,52,Frameshift,1.943580919976993e-05
RSAD2,55,Frameshift,2.976711403120865e-05
RSBN1,26,Frameshift,2.8569971409229745e-05
RSBN1L,26,Frameshift,8.772625653959136e-06
RSC1A1,49,Frameshift,6.158010446058343e-05
RSF1,11,Frameshift,0.0001839879846174959
RSG1,24,Frameshift,7.328565803026502e-06
RSL1D1,31,In-frame stop codon,1.1514730563196439e-05
RSL24D1,7,Start codon lost,7.307687110305809e-06
RSPH1,37,Frameshift,2.5917585956881722e-05
RSPH10B,64,Frameshift,3.645812534135723e-05
RSPH10B2,54,Frameshift,0.000845758000501014
RSPH3,52,Frameshift,1.0921255781827387e-05
RSPH4A,68,Frameshift,9.82203850745627e-06
RSPH6A,64,Frameshift,1.0591749488797751e-05
RSPH9,33,In-frame stop codon,1.4875350744081178e-05
RSPO1,20,In-frame stop codon,7.727416679721818e-06
RSPO2,16,Frameshift,8.737683831742765e-06
RSPO3,23,Frameshift,1.3951867193910408e-05
RSPO4,26,In-frame stop codon,1.1070999978024773e-05
RSPRY1,23,Frameshift,0.00010488819610732225
RSRC1,40,In-frame stop codon,1.023403720103124e-05
RSRC2,11,Frameshift,9.417443069387392e-06
RSU1,19,Splice acceptor,1.0511953978719867e-05
RTBDN,46,In-frame stop codon,1.425436499480447e-05
RTCA,38,Frameshift,9.231020704516992e-06
RTCB,39,Frameshift,1.3733795188809343e-05
RTDR1,30,Frameshift,1.0060785069581059e-05
RTEL1,91,Frameshift,1.8327746801068738e-05
RTF1,16,Frameshift,7.134244247144936e-06
RTFDC1,21,Frameshift,1.0192038538922308e-05
RTKN,42,Frameshift,9.911395620196346e-06
RTKN2,80,Frameshift,5.711552131737772e-05
RTL1,41,In-frame stop codon,8.637224962314407e-06
RTN1,25,Frameshift,1.017766508313183e-05
RTN2,33,Frameshift,1.0623347261092775e-05
RTN3,84,Frameshift,2.1031991282558844e-05
RTN4,49,Frameshift,1.5772743092050225e-05
RTN4IP1,32,Frameshift,1.5831485070487613e-05
RTN4R,27,Frameshift,1.9116763122419973e-05
RTN4RL1,6,In-frame stop codon,7.533120816324921e-06
RTN4RL2,17,Frameshift,0.00015269734632502823
RTP1,29,Frameshift,3.854180717026714e-05
RTP2,23,Frameshift,0.00029440955120544525
RTP3,20,Frameshift,8.977648696225036e-06
RTP4,23,Frameshift,2.209090667875293e-05
RTTN,154,Frameshift,1.2358261853872194e-05
RUFY1,87,Frameshift,6.156553578354639e-05
RUFY2,50,Frameshift,1.6115656303041302e-05
RUFY3,37,Frameshift,1.9841264638879314e-05
RUFY4,81,In-frame stop codon,1.8673326602765336e-05
RUNDC1,31,Frameshift,9.859744725013401e-06
RUNDC3A,19,Frameshift,6.039322439242441e-06
RUNDC3B,22,Frameshift,1.227880310640557e-05
RUNX1,27,Frameshift,2.2495543529616674e-05
RUNX1T1,26,Frameshift,9.190821267284409e-06
RUNX2,40,Frameshift,1.7136820450189565e-05
RUNX3,9,Frameshift,1.690433813277104e-05
RUSC1,37,Frameshift,8.20536283088864e-06
RUSC2,36,Frameshift,4.6801027308638125e-06
RUVBL1,14,Frameshift,2.0744512681436187e-05
RUVBL2,16,Frameshift,0.0029624790673605907
RWDD1,23,Frameshift,8.698878114907533e-06
RWDD2A,23,In-frame stop codon,2.015502853051945e-05
RWDD2B,27,In-frame stop codon,2.2277666417210976e-05
RWDD3,33,Frameshift,2.7022369315065695e-05
RWDD4,20,Start codon lost,9.10474861091479e-06
RXFP1,57,Frameshift,1.5669015088097504e-05
RXFP2,58,In-frame stop codon,2.425288490079383e-05
RXFP3,38,Frameshift,3.2141854877841405e-05
RXFP4,36,Frameshift,1.3431029077101877e-05
RXRA,4,Frameshift,8.540074298646397e-06
RXRB,27,Frameshift,1.1659280720710122e-05
RXRG,13,In-frame stop codon,6.738184947116671e-06
RYBP,19,Frameshift,1.8554300034657698e-05
RYK,21,Frameshift,0.04767700321409668
RYR1,229,Frameshift,1.0017289636536007e-05
RYR2,134,In-frame stop codon,8.897786898222062e-06
RYR3,142,Frameshift,9.959877594763252e-06
S100A1,19,Frameshift,0.0004118313481469296
S100A10,5,Frameshift,2.6739533108502135e-06
S100A11,8,Frameshift,3.0912858666719276e-05
S100A12,6,Frameshift,9.953172877610674e-06
S100A13,6,Frameshift,1.657561410136669e-05
S100A14,11,Frameshift,1.0158360346492134e-05
S100A16,9,In-frame stop codon,5.161163593885417e-05
S100A2,17,Start codon lost,3.7065931171737656e-05
S100A3,10,Frameshift,0.0002919801432741307
S100A4,9,Frameshift,1.856122190779654e-05
S100A5,10,Splice donor,0.0004680702120313303
S100A6,8,Frameshift,6.96894245690598e-06
S100A7,6,Start codon lost,9.314786715724952e-06
S100A7A,10,In-frame stop codon,9.947766421935841e-06
S100A8,4,Frameshift,3.982795795217038e-06
S100A9,5,Frameshift,1.1465276808426564e-05
S100B,10,Frameshift,6.053218017460529e-06
S100G,5,Splice acceptor,0.0021884254684046674
S100P,10,Start codon lost,1.6349451798786888e-05
S100PBP,16,Frameshift,1.0360211613144753e-05
S100Z,10,Frameshift,0.000168643363166041
S1PR1,7,Frameshift,1.3876142559653073e-05
S1PR2,16,Frameshift,3.0090903120289056e-06
S1PR3,17,Frameshift,3.981706115645528e-06
S1PR4,15,In-frame stop codon,4.3815406233138875e-06
S1PR5,20,Frameshift,9.703758196643712e-05
SAA1,16,In-frame stop codon,0.00019045856101984187
SAA2,26,Frameshift,2.31835113753235e-05
SAA4,12,Frameshift,9.338748791804179e-06
SAAL1,43,In-frame stop codon,1.425506440021288e-05
SAC3D1,43,Frameshift,1.5026940090901153e-05
SACM1L,30,In-frame stop codon,2.5632539002171968e-05
SACS,217,Frameshift,8.879768729869454e-06
SAE1,15,In-frame stop codon,2.2573349339566395e-05
SAFB,16,Start codon lost,1.2266687731396257e-05
SAFB2,28,Frameshift,2.969218229073423e-05
SAG,47,In-frame stop codon,1.5340002068268417e-05
SAGE1,63,Frameshift,1.9062361074845833e-05
SALL1,16,Frameshift,8.150435491658242e-05
SALL2,56,Frameshift,1.718898249303056e-05
SALL3,49,Frameshift,0.00017220408907079213
SALL4,11,Frameshift,1.0123631300001224e-05
SAMD1,74,Frameshift,0.019229034534698933
SAMD10,14,Frameshift,4.846716200181531e-06
SAMD11,121,Frameshift,0.00036170794168706444
SAMD12,18,In-frame stop codon,1.2030883170040896e-05
SAMD13,22,Frameshift,2.3564866870693097e-05
SAMD14,30,Frameshift,3.8187496457567444e-05
SAMD15,79,Frameshift,5.1697437006821724e-05
SAMD3,68,Frameshift,2.705183614676797e-05
SAMD4A,31,Frameshift,4.772761426927181e-05
SAMD4B,9,Splice donor,7.661101153909942e-06
SAMD5,13,Frameshift,0.0001256095898324741
SAMD7,34,Frameshift,1.153554283945003e-05
SAMD8,24,Frameshift,1.2175776677457878e-05
SAMD9,137,Frameshift,3.4159002440229e-05
SAMD9L,103,Frameshift,3.126859161209661e-05
SAMHD1,52,Frameshift,9.950515425265692e-06
SAMM50,32,Frameshift,8.89450664182842e-06
SAMSN1,33,In-frame stop codon,9.813773072760405e-06
SAP130,22,Splice acceptor,1.5127607377513821e-05
SAP18,22,Frameshift,1.1913399675809458e-05
SAP25,16,Frameshift,1.3381596002657518e-05
SAP30,15,Frameshift,8.659692565869851e-06
SAP30BP,26,Frameshift,2.8005077170767637e-05
SAP30L,12,Frameshift,5.353278378394069e-06
SAPCD1,33,Frameshift,3.337959774894672e-05
SAPCD2,32,Frameshift,1.926887057122811e-05
SAR1A,9,In-frame stop codon,1.0482058192157275e-05
SAR1B,27,Frameshift,0.00031529404750827794
SARDH,86,In-frame stop codon,0.00011304877000819769
SARM1,59,Frameshift,0.1017101098242124
SARNP,8,Frameshift,1.0009879191236885e-05
SARS,8,In-frame stop codon,1.343819840596896e-05
SARS2,86,Frameshift,1.335607418083827e-05
SART1,23,Splice donor,8.39320964775541e-06
SART3,28,Frameshift,6.0203416465800645e-06
SASH1,48,Frameshift,1.1780330995814672e-05
SASH3,7,Frameshift,1.760965403461348e-05
SASS6,55,Frameshift,1.8915386684082792e-05
SAT1,11,Frameshift,0.008174417945074447
SAT2,17,In-frame stop codon,1.1950371426141844e-05
SATB1,16,In-frame stop codon,1.2352303672846515e-05
SATB2,2,Frameshift,1.9937794082462716e-06
SATL1,51,In-frame stop codon,9.458737186430376e-05
SAV1,30,In-frame stop codon,1.2761419864271567e-05
SAYSD1,24,Frameshift,2.0691365907410554e-05
SBDS,28,Frameshift,0.0001549520810237018
SBF1,62,In-frame stop codon,6.990620388020975e-06
SBF2,76,Frameshift,8.584999887949281e-06
SBK1,14,Frameshift,1.7565757303365707e-05
SBK2,40,Frameshift,2.5798755505037226e-05
SBK3,37,Frameshift,0.02730979876026477
SBNO1,23,Frameshift,7.74086155109016e-06
SBNO2,67,Frameshift,1.1959475841091244e-05
SBSN,53,Frameshift,1.2827157975958447e-05
SBSPON,39,Frameshift,1.3055204573450087e-05
SC5D,23,Frameshift,1.1431609669874214e-05
SCAF1,66,Frameshift,0.0008863884924302255
SCAF11,54,Frameshift,1.1813061154763203e-05
SCAF4,29,Frameshift,6.655606292219141e-06
SCAF8,21,Frameshift,1.9721918043769094e-05
SCAI,16,In-frame stop codon,2.111985744236912e-05
SCAMP1,8,Frameshift,0.13211684986095334
SCAMP2,25,Frameshift,1.9025160953606178e-05
SCAMP3,20,Frameshift,1.2020282691027915e-05
SCAMP4,19,Frameshift,7.585857637778555e-06
SCAMP5,11,In-frame stop codon,3.7775600116040185e-05
SCAND1,11,Frameshift,1.0630052465673844e-05
SCAND3,76,Frameshift,1.8844009805942805e-05
SCAP,55,Frameshift,6.811074687863703e-06
SCAPER,69,Frameshift,0.004510851903231998
SCARA3,39,Frameshift,1.0827358311735552e-05
SCARA5,35,In-frame stop codon,1.2786383039953669e-05
SCARB1,41,Frameshift,2.037024383835493e-05
SCARB2,36,Frameshift,9.84858597411524e-06
SCARF1,63,Frameshift,2.3348623140625235e-05
SCARF2,60,Frameshift,0.06457233186352986
SCCPDH,34,Frameshift,1.5335187664024692e-05
SCD,6,Frameshift,2.663665783136333e-06
SCD5,27,Frameshift,6.914487840352818e-06
SCEL,82,Frameshift,2.038491938255462e-05
SCFD1,33,Frameshift,1.2181458351096402e-05
SCFD2,58,In-frame stop codon,1.3631342585635513e-05
SCG2,24,In-frame stop codon,2.5539899509600557e-05
SCG3,25,Frameshift,0.0005963893644473521
SCG5,30,Frameshift,1.0331769753271835e-05
SCGB1A1,13,Frameshift,9.443604902377988e-05
SCGB1C1,19,Frameshift,1.2789703619600271e-05
SCGB1D1,12,Splice donor,2.563553075767137e-05
SCGB1D2,7,Frameshift,5.121741765040819e-06
SCGB1D4,15,Frameshift,7.244968941924334e-06
SCGB2A1,11,In-frame stop codon,3.1469616982702484e-05
SCGB2A2,15,Frameshift,5.6704107686554934e-06
SCGB2B2,17,Frameshift,2.0369031556627856e-05
SCGB3A1,10,Frameshift,0.00017157034502743085
SCGB3A2,12,Frameshift,9.297188934726738e-06
SCGN,32,Splice acceptor,7.354218805469025e-05
SCHIP1,3,In-frame stop codon,2.477651582723831e-06
SCIMP,16,Frameshift,9.666270282750696e-05
SCIN,96,In-frame stop codon,0.0053302374269534455
SCLT1,65,Frameshift,1.4048768345571954e-05
SCLY,49,Frameshift,1.782822333981919e-05
SCMH1,24,In-frame stop codon,7.067709736989915e-06
SCML1,5,Frameshift,8.925371317357493e-05
SCML2,12,Frameshift,7.778752677255443e-06
SCML4,40,Frameshift,0.00025468097326799427
SCN10A,143,Frameshift,1.0592060725903779e-05
SCN11A,138,Frameshift,1.0639892636081676e-05
SCN1A,23,Frameshift,0.00032747153223354963
SCN1B,18,In-frame stop codon,1.0358832561444336e-05
SCN2A,17,In-frame stop codon,4.3138883467663295e-06
SCN2B,13,Frameshift,8.889796654543165e-06
SCN3A,38,In-frame stop codon,0.00010499338759007443
SCN3B,8,Splice acceptor,7.467216308815869e-06
SCN4A,78,Frameshift,3.6329116847089646e-05
SCN4B,18,Frameshift,7.994018105999437e-06
SCN5A,63,Frameshift,1.1657719018366599e-05
SCN7A,136,Frameshift,0.0001129942756197251
SCN8A,26,Frameshift,2.1446189184041714e-05
SCN9A,110,In-frame stop codon,1.090737530579456e-05
SCNM1,33,Frameshift,1.843359289702751e-05
SCNN1A,78,Frameshift,3.59519043637755e-05
SCNN1B,42,Frameshift,1.0217068621583056e-05
SCNN1D,121,Frameshift,5.0059161152627534e-05
SCNN1G,17,Frameshift,5.3971611686422e-06
SCO1,28,In-frame stop codon,1.1488448700993135e-05
SCO2,38,Frameshift,2.592777243539377e-05
SCOC,24,Frameshift,2.008574429245024e-05
SCP2,40,Frameshift,1.1545934979766256e-05
SCP2D1,11,Frameshift,2.576104396729241e-05
SCPEP1,50,Frameshift,9.867987134493979e-06
SCRG1,12,Frameshift,1.0623050222544402e-05
SCRIB,51,Frameshift,7.571866403435506e-06
SCRN1,28,Frameshift,1.0801319963319454e-05
SCRN2,73,Frameshift,1.171251249041796e-05
SCRN3,42,Frameshift,0.006678315485098376
SCRT1,9,In-frame stop codon,1.0044538057714539e-05
SCRT2,12,Frameshift,4.6275392471631197e-05
SCT,28,Frameshift,1.811664902143868e-05
SCTR,48,Frameshift,1.6873603773377207e-05
SCUBE1,34,Frameshift,1.1638645711178619e-05
SCUBE2,100,Frameshift,2.0919408590111778e-05
SCUBE3,29,Frameshift,1.1469513805434351e-05
SCYL1,61,In-frame stop codon,8.406683940410177e-06
SCYL2,28,In-frame stop codon,5.944103466267771e-06
SCYL3,49,Frameshift,1.0169321057993456e-05
SDAD1,66,Frameshift,6.5966836172712835e-06
SDC1,25,Frameshift,2.5617231163313974e-05
SDC2,13,Frameshift,3.1220268381694624e-05
SDC3,12,Frameshift,1.681561335660714e-05
SDC4,12,Frameshift,9.449629905537036e-06
SDCBP,26,Frameshift,1.2542555331368013e-05
SDCBP2,23,Frameshift,0.00017317400262245112
SDCCAG3,64,Frameshift,4.446816878292449e-05
SDCCAG8,83,Frameshift,1.5601391524257393e-05
SDE2,39,Frameshift,9.668006621816568e-06
SDF2,18,Frameshift,9.523530560642351e-06
SDF2L1,13,Frameshift,1.2289274311238382e-05
SDF4,36,Frameshift,1.0056341728651888e-05
SDHA,46,Frameshift,1.2317135545891635e-05
SDHAF1,6,In-frame stop codon,2.0950232401320123e-05
SDHAF2,33,Frameshift,1.1505419943246925e-05
SDHB,22,Frameshift,5.092314473142352e-06
SDHC,17,Frameshift,7.375199351185842e-06
SDHD,13,Frameshift,2.6122420411916578e-05
SDIM1,9,Frameshift,8.340074930260891e-05
SDK1,75,In-frame stop codon,1.0822893323352688e-05
SDK2,87,Frameshift,1.2159336134388752e-05
SDPR,35,Frameshift,1.2996816490571684e-05
SDR16C5,26,Frameshift,2.053696339163914e-05
SDR39U1,56,Frameshift,4.28971999841876e-05
SDR42E1,38,Frameshift,0.0037851803080719824
SDR42E2,24,Frameshift,1.9380005445569255e-05
SDR9C7,17,Frameshift,7.765267428009009e-06
SDS,32,Frameshift,1.3215320358727132e-05
SDSL,38,In-frame stop codon,0.0002189624204175795
SEC11A,16,In-frame stop codon,1.6346620630907116e-05
SEC11C,9,Frameshift,6.776761921568018e-06
SEC13,39,Frameshift,1.3676600372936093e-05
SEC14L1,33,Frameshift,2.4445005072498195e-05
SEC14L2,42,Frameshift,8.343030915326676e-06
SEC14L3,72,Frameshift,3.892052101741765e-05
SEC14L4,61,In-frame stop codon,0.00013797064264321692
SEC14L5,66,In-frame stop codon,1.3711618992731495e-05
SEC14L6,32,In-frame stop codon,2.5051242496642095e-05
SEC16A,101,Frameshift,8.122114038070908e-05
SEC16B,97,In-frame stop codon,1.3415297054338695e-05
SEC22A,30,Frameshift,1.5320484015221246e-05
SEC22B,7,Splice acceptor,4.113410422112302e-06
SEC22C,31,In-frame stop codon,1.5310675415782433e-05
SEC23A,52,In-frame stop codon,9.05866030543363e-06
SEC23B,67,Frameshift,1.1173222740766344e-05
SEC23IP,50,Frameshift,4.869919431618307e-05
SEC24A,64,Frameshift,5.480297566640598e-06
SEC24B,27,Frameshift,0.0003015554831758298
SEC24C,39,Frameshift,5.4092383279230555e-05
SEC24D,63,Frameshift,5.69163517164549e-05
SEC31A,62,Frameshift,2.4692422326708967e-05
SEC31B,109,Frameshift,1.8987733610319752e-05
SEC61A1,13,Frameshift,8.933581753448322e-06
SEC61A2,27,Frameshift,7.574372065750675e-06
SEC61B,10,In-frame stop codon,4.383576512323983e-06
SEC61G,3,Frameshift,4.654167711595552e-05
SEC62,14,Frameshift,5.229766552994351e-05
SEC63,54,Frameshift,3.128683705887451e-05
SECISBP2,141,Frameshift,1.0269348342959612e-05
SECISBP2L,37,Frameshift,1.5121492382307091e-05
SECTM1,19,Frameshift,8.347532588457177e-05
SEH1L,21,Frameshift,1.2944407674179837e-05
SEL1L,18,In-frame stop codon,1.2970486748908196e-05
SEL1L2,66,Frameshift,1.3023438006606759e-05
SEL1L3,49,Frameshift,1.7840300391325765e-05
SELE,46,Frameshift,1.1721010929387971e-05
SELENBP1,54,In-frame stop codon,1.4714670957036184e-05
SELK,15,In-frame stop codon,1.0985615041040762e-05
SELL,34,In-frame stop codon,6.461854160482385e-06
SELM,22,In-frame stop codon,3.309718915276019e-05
SELO,105,Frameshift,2.5672210243257192e-05
SELP,91,Frameshift,3.278264134691039e-05
SELPLG,31,Frameshift,0.005712179843844402
SELT,4,In-frame stop codon,8.105347397580788e-06
SELV,36,Frameshift,1.736471191230375e-05
SEMA3A,17,In-frame stop codon,9.660553102076793e-06
SEMA3B,28,Splice acceptor,8.864714329252047e-05
SEMA3C,34,Frameshift,6.618662551355346e-06
SEMA3D,51,In-frame stop codon,6.808234105465327e-06
SEMA3E,44,In-frame stop codon,6.254541968810011e-06
SEMA3F,15,Frameshift,1.1912343186861925e-05
SEMA3G,76,Frameshift,1.601014190001355e-05
SEMA4A,66,Frameshift,9.125892485847563e-06
SEMA4B,80,Frameshift,0.0027865195911359717
SEMA4C,21,Frameshift,0.0014267814443254046
SEMA4D,59,Frameshift,1.1363521160142813e-05
SEMA4F,57,Frameshift,1.4970836981194683e-05
SEMA4G,79,Frameshift,9.756241136354406e-05
SEMA5A,44,In-frame stop codon,4.8987548728037676e-06
SEMA5B,80,In-frame stop codon,1.4559907053705e-05
SEMA6A,25,Frameshift,7.386284929380971e-06
SEMA6B,47,Frameshift,1.84555795757341e-05
SEMA6C,72,Frameshift,2.821006177781019e-05
SEMA6D,25,Frameshift,8.022015704663537e-06
SEMA7A,23,Frameshift,5.922396741821692e-06
SEMG1,51,In-frame stop codon,2.9464756339260066e-05
SEMG2,65,Frameshift,4.2419727207745405e-05
SENP1,26,Splice acceptor,2.508806893345072e-05
SENP2,20,Splice acceptor,7.73047170971836e-06
SENP3,20,Frameshift,0.0003940474118783969
SENP5,16,Frameshift,3.8428247110912284e-05
SENP6,40,Frameshift,1.134234764107846e-05
SENP7,40,Frameshift,1.2457331394254348e-05
SENP8,16,Frameshift,7.465647530532457e-06
SEP15,16,In-frame stop codon,2.495894975842066e-05
SEPHS1,6,Frameshift,1.3266413462147432e-05
SEPHS2,17,In-frame stop codon,1.2914079781218621e-05
SEPN1,51,Frameshift,1.8892164159722082e-05
SEPP1,46,Frameshift,2.21304255130122e-05
SEPSECS,60,Frameshift,2.420044218029596e-05
SEPT1,33,Splice donor,1.9712752015650625e-05
SEPT10,89,Frameshift,6.21560074180654e-05
SEPT11,16,Frameshift,1.9140167053952627e-05
SEPT12,52,In-frame stop codon,1.7292336671007225e-05
SEPT14,41,Frameshift,1.4044999978635698e-05
SEPT2,33,Frameshift,3.172739653633865e-05
SEPT3,14,Frameshift,1.196356548178253e-05
SEPT4,40,Frameshift,1.456297237308346e-05
SEPT5,29,Frameshift,1.0947563617791778e-05
SEPT6,9,Frameshift,9.032288821197433e-06
SEPT7,32,Frameshift,0.01828434834679378
SEPT8,24,In-frame stop codon,3.246944228502168e-05
SEPT9,46,In-frame stop codon,0.00040994278575132
SEPW1,22,Splice donor,1.727024682081459e-05
SERAC1,68,Frameshift,1.8474516268993975e-05
SERBP1,5,Splice acceptor,4.13729320412549e-06
SERF1A,6,Frameshift,0.00021207661637001344
SERF1B,10,Frameshift,5.268969654737621e-05
SERF2,58,Frameshift,1.5788159484279714e-05
SERGEF,57,Frameshift,4.7147563824615917e-05
SERHL2,59,Frameshift,0.000201682132105351
SERINC1,23,In-frame stop codon,0.00015651577715767898
SERINC2,51,Frameshift,4.338295513270486e-05
SERINC3,25,Frameshift,3.160236065260876e-05
SERINC4,92,Frameshift,0.00010028147395563935
SERINC5,52,Frameshift,3.70940133436558e-05
SERP1,8,In-frame stop codon,4.090848677025639e-06
SERP2,4,Frameshift,1.1359214311442447e-05
SERPINA1,46,Frameshift,0.022803222607647174
SERPINA10,44,Frameshift,0.00027059505974615414
SERPINA11,31,In-frame stop codon,7.413329997465979e-06
SERPINA12,34,Frameshift,0.0001788499207288334
SERPINA3,53,Frameshift,3.334344550543107e-05
SERPINA4,39,Frameshift,2.9209665378120448e-05
SERPINA5,30,Frameshift,6.346098632485146e-06
SERPINA6,25,Frameshift,1.0191500797564154e-05
SERPINA7,14,Frameshift,9.492010169144398e-06
SERPINA9,49,Frameshift,0.0002954852252267231
SERPINB1,27,Frameshift,1.0965052320266532e-05
SERPINB10,75,Frameshift,7.57753728393967e-05
SERPINB11,44,Frameshift,8.943357893586926e-05
SERPINB12,61,Frameshift,2.1744628274298893e-05
SERPINB13,36,Frameshift,1.8087876023416617e-05
SERPINB2,39,Frameshift,1.0612703018578328e-05
SERPINB3,53,Frameshift,8.987205785385578e-05
SERPINB4,40,In-frame stop codon,5.3301273345106996e-05
SERPINB5,18,Frameshift,8.071534174626942e-06
SERPINB6,30,Frameshift,1.0609730765629825e-05
SERPINB7,44,Frameshift,2.9794191292817242e-05
SERPINB8,38,In-frame stop codon,3.0496680447597072e-05
SERPINB9,13,Frameshift,1.7826042556049662e-05
SERPINC1,3,Frameshift,1.3267706365864663e-05
SERPIND1,39,Frameshift,7.654375323175484e-06
SERPINE1,27,Frameshift,3.0074533852668225e-05
SERPINE2,18,Frameshift,5.821981489115543e-06
SERPINE3,46,Frameshift,1.044466863031115e-05
SERPINF1,35,Frameshift,7.061158772711527e-06
SERPINF2,20,Frameshift,5.911287113777564e-06
SERPING1,12,Frameshift,2.017188074726701e-05
SERPINH1,29,Frameshift,6.182698722453879e-06
SERPINI1,12,Frameshift,7.304667424097593e-06
SERPINI2,45,Frameshift,2.254355486259064e-05
SERTAD1,6,Frameshift,1.0304640549935842e-05
SERTAD3,12,Frameshift,6.784392106205607e-06
SERTAD4,27,Frameshift,4.602356902552702e-05
SESN1,43,Frameshift,1.150894591050339e-05
SESN2,39,Frameshift,1.3825395448122772e-05
SESN3,16,Frameshift,6.023052535135318e-06
SESTD1,23,Splice acceptor,5.794786980145543e-06
SET,22,Frameshift,7.288038567893653e-05
SETBP1,33,Frameshift,0.015836615041518953
SETD1A,41,Frameshift,1.5223868994507071e-05
SETD1B,53,Frameshift,0.0007315945972890517
SETD2,50,In-frame stop codon,7.184528575542448e-06
SETD3,28,Frameshift,7.831814860159773e-06
SETD4,56,In-frame stop codon,1.7128786516846754e-05
SETD5,28,Frameshift,9.342158297227285e-06
SETD6,83,Frameshift,2.7859437569332424e-05
SETD7,27,Frameshift,8.733134253305925e-06
SETD8,12,Frameshift,3.1894393120609883e-06
SETD9,31,Frameshift,2.1391309100768685e-05
SETDB1,26,Frameshift,3.4888354175401926e-05
SETDB2,42,Frameshift,1.919454216593506e-05
SETMAR,65,Frameshift,5.413306713368498e-05
SETX,89,Frameshift,7.437079951350556e-06
SEZ6,54,In-frame stop codon,1.692747089641485e-05
SEZ6L,25,Frameshift,3.7611663248798876e-06
SEZ6L2,39,Frameshift,9.221564626491685e-06
SF1,32,Frameshift,1.8940913781108914e-05
SF3A1,21,Frameshift,1.0237136040758095e-05
SF3A2,23,Frameshift,7.987946212610492e-05
SF3A3,5,Frameshift,0.00014200952583472807
SF3B1,12,Frameshift,7.0718027224674725e-06
SF3B14,8,Frameshift,7.98516477014987e-06
SF3B2,18,Frameshift,1.2966419830951012e-05
SF3B3,19,Frameshift,4.40239957209676e-06
SF3B4,10,Frameshift,2.8846654549038574e-05
SFI1,188,In-frame stop codon,2.7734026823356645e-05
SFMBT1,17,In-frame stop codon,9.187529772719939e-06
SFMBT2,21,In-frame stop codon,1.5122459553625941e-05
SFN,8,Frameshift,5.008271951724154e-06
SFPQ,13,Frameshift,4.948723339817362e-06
SFR1,43,Frameshift,1.1076688965359163e-05
SFRP1,17,Frameshift,1.661255582616171e-05
SFRP2,23,Frameshift,9.385568123284236e-06
SFRP4,28,Frameshift,1.862103376923721e-05
SFRP5,37,Frameshift,0.00019402757655942736
SFSWAP,12,Frameshift,8.072354377377002e-06
SFT2D1,16,Frameshift,1.4063597526252965e-05
SFT2D2,32,Frameshift,1.0144339728083401e-05
SFT2D3,29,Frameshift,4.2332210772953e-05
SFTA2,8,Start codon lost,1.065498579520614e-05
SFTPA1,24,Frameshift,2.9257262965950608e-05
SFTPA2,22,In-frame stop codon,3.865126374738235e-05
SFTPB,25,In-frame stop codon,1.932790871479107e-05
SFTPC,28,In-frame stop codon,4.023409912541778e-05
SFTPD,34,Frameshift,1.2003045535553159e-05
SFXN1,18,In-frame stop codon,1.1305398219544987e-05
SFXN2,26,Frameshift,0.00010463318568274525
SFXN3,42,Frameshift,7.868228144244968e-05
SFXN4,32,Frameshift,1.3522933433434637e-05
SFXN5,38,Frameshift,1.3960225584219602e-05
SGCA,36,Frameshift,0.00024301109233838266
SGCB,23,Frameshift,1.3874292627736327e-05
SGCD,22,Frameshift,8.70924079439401e-06
SGCE,28,Frameshift,1.132365183951486e-05
SGCG,29,Frameshift,8.051544537230689e-06
SGCZ,29,In-frame stop codon,8.641587027467049e-06
SGIP1,33,Frameshift,4.1736373630489085e-05
SGK1,55,Frameshift,0.00025982712172168884
SGK2,39,Frameshift,1.4693561070688089e-05
SGK3,45,Frameshift,7.884232947902297e-06
SGK494,61,Frameshift,9.228580148774357e-05
SGMS1,21,Frameshift,4.457880603253231e-05
SGMS2,20,Frameshift,1.0870082804781203e-05
SGOL1,66,Frameshift,2.4131802509361176e-05
SGOL2,78,Frameshift,9.220740597540332e-06
SGPL1,28,Frameshift,1.8236631738649134e-05
SGPP1,20,In-frame stop codon,1.81936664592394e-05
SGPP2,28,Frameshift,8.883940105618242e-06
SGSH,56,In-frame stop codon,1.1799748582911333e-05
SGSM1,42,In-frame stop codon,7.500160212600239e-06
SGSM2,75,Frameshift,9.478512811445509e-06
SGSM3,76,Frameshift,1.5628949171122606e-05
SGTA,16,In-frame stop codon,5.891552403890224e-06
SH2B1,40,Frameshift,6.329538463738102e-06
SH2B2,70,Frameshift,0.0011858327873625297
SH2B3,69,Frameshift,1.0097732371397233e-05
SH2D1A,3,Splice donor,9.10879266847438e-06
SH2D1B,19,In-frame stop codon,2.5791663022700362e-05
SH2D2A,42,Frameshift,1.1948331665230693e-05
SH2D3A,61,Frameshift,3.0576679185524546e-05
SH2D3C,48,Frameshift,1.791195881202448e-05
SH2D4A,66,In-frame stop codon,3.293756200073213e-05
SH2D4B,50,Frameshift,1.2399477960717499e-05
SH2D5,36,In-frame stop codon,1.5288683880803787e-05
SH2D6,45,Frameshift,0.00010109715612092992
SH2D7,48,Frameshift,0.008676227461511853
SH3BGR,24,Frameshift,9.169421100549165e-05
SH3BGRL,3,In-frame stop codon,5.7798426418678785e-06
SH3BGRL2,20,Frameshift,2.2063156366222666e-05
SH3BGRL3,21,Frameshift,3.8346107468712554e-05
SH3BP1,71,Frameshift,4.172610747978495e-05
SH3BP2,62,Frameshift,2.4453067302726707e-05
SH3BP4,34,Frameshift,9.87117960367566e-06
SH3BP5,22,In-frame stop codon,3.145484095089302e-05
SH3BP5L,16,Frameshift,8.966791497195944e-06
SH3D19,36,Frameshift,1.0240450262669865e-05
SH3D21,96,Frameshift,2.1518203839998926e-05
SH3GL1,17,Frameshift,7.804487125418379e-06
SH3GL2,15,In-frame stop codon,5.318488668564442e-06
SH3GL3,30,Frameshift,7.724254932115863e-06
SH3GLB1,12,Frameshift,6.696912745218614e-06
SH3GLB2,22,Frameshift,1.0304261320383398e-05
SH3KBP1,15,In-frame stop codon,1.3348562206562234e-05
SH3PXD2A,25,Frameshift,1.74718683368214e-05
SH3PXD2B,43,Frameshift,3.164365114973784e-05
SH3RF1,39,Frameshift,6.736921414872243e-06
SH3RF2,54,Frameshift,1.0287871013126718e-05
SH3RF3,28,Frameshift,8.782367872036408e-06
SH3TC1,153,Frameshift,7.696874980787506e-05
SH3TC2,87,Frameshift,1.9854690965485047e-05
SH3YL1,45,Frameshift,0.007824208251406952
SHANK1,59,Frameshift,1.5588183198520566e-05
SHANK2,82,Frameshift,0.003439664185031258
SHANK3,111,Frameshift,0.0182778845287922
SHARPIN,33,Frameshift,1.2330449827255245e-05
SHB,24,Frameshift,4.8286752045397126e-05
SHBG,32,Frameshift,2.240689796747526e-05
SHC1,49,Frameshift,2.534863345106788e-05
SHC2,67,Frameshift,1.4031877691176133e-05
SHC3,19,Frameshift,0.00012786682468935427
SHC4,46,In-frame stop codon,9.187963427108279e-06
SHCBP1,50,Frameshift,1.2947470850988173e-05
SHCBP1L,78,Frameshift,4.449992278597477e-05
SHD,32,Frameshift,9.950985108288718e-06
SHE,11,Frameshift,4.6730015724658854e-05
SHF,78,Frameshift,1.82333397189206e-05
SHFM1,10,Frameshift,1.726400774211887e-05
SHH,14,Frameshift,1.1971834285606715e-05
SHISA2,11,Frameshift,7.609906424608596e-06
SHISA3,27,Frameshift,9.723807650094188e-06
SHISA4,17,Frameshift,1.4744612161506883e-05
SHISA5,38,Frameshift,3.604869022210439e-05
SHISA6,14,Frameshift,1.5717151368763527e-05
SHISA7,18,Frameshift,3.8777541038718376e-05
SHISA8,4,Frameshift,0.0001546087057189272
SHISA9,15,In-frame stop codon,1.0601201580267087e-05
SHKBP1,56,Frameshift,1.0644109523720778e-05
SHMT1,61,Frameshift,4.7869014330334315e-05
SHMT2,29,In-frame stop codon,8.415800827249434e-06
SHOC2,1,Frameshift,3.978516013526954e-06
SHOX,18,Frameshift,8.918507109295224e-05
SHOX2,22,Frameshift,0.0020904770932601464
SHPK,54,Frameshift,2.478761809832398e-05
SHPRH,75,Frameshift,0.00011186796425287979
SHQ1,58,Frameshift,2.154672565557914e-05
SHROOM1,42,Frameshift,2.3994317183461632e-05
SHROOM2,33,Frameshift,1.472659772455344e-05
SHROOM3,52,Frameshift,0.0001615780725157083
SHROOM4,28,Frameshift,0.00014658643360567657
SI,193,Frameshift,1.0248237113186381e-05
SIAE,67,Frameshift,1.1715828808066811e-05
SIAH1,12,Frameshift,6.646063186871301e-06
SIAH2,5,Frameshift,7.5778545001056144e-06
SIAH3,16,Frameshift,1.1040985923447422e-05
SIDT1,68,Frameshift,1.79865041249116e-05
SIDT2,60,In-frame stop codon,1.3038125962939179e-05
SIGIRR,76,Frameshift,3.180892683866969e-05
SIGLEC1,148,In-frame stop codon,9.614399804141446e-05
SIGLEC10,44,Frameshift,0.01980360119245954
SIGLEC11,90,Frameshift,2.4188226548768548e-05
SIGLEC12,64,Frameshift,0.012822997105808849
SIGLEC14,23,Frameshift,2.772185427787823e-05
SIGLEC15,49,Frameshift,1.7602379665495232e-05
SIGLEC16,20,Splice donor,1.38252152025198e-05
SIGLEC5,69,Frameshift,0.0002583310190613935
SIGLEC6,36,Frameshift,1.716556706677359e-05
SIGLEC7,40,In-frame stop codon,2.217334263998904e-05
SIGLEC8,42,Frameshift,1.6822435575507997e-05
SIGLEC9,42,Frameshift,3.0874007393416e-05
SIGLECL1,20,In-frame stop codon,5.672217246194207e-05
SIGMAR1,17,Frameshift,1.2418748391662504e-05
SIK1,27,Frameshift,1.2677771752374064e-05
SIK2,18,Frameshift,3.881246710154297e-06
SIK3,37,Frameshift,2.357934440942317e-05
SIKE1,40,Frameshift,1.4256483240932989e-05
SIL1,37,Frameshift,1.928289619884986e-05
SIM1,14,Frameshift,7.14880091605799e-06
SIM2,43,Frameshift,0.009640709615373277
SIMC1,76,Frameshift,1.5830800335859173e-05
SIN3A,14,Frameshift,1.301768133811669e-05
SIN3B,29,Frameshift,5.0489947787659815e-05
SIPA1,51,Frameshift,1.2924283040952894e-05
SIPA1L1,24,Frameshift,5.187084669929517e-06
SIPA1L2,34,Frameshift,1.3817595980561392e-05
SIPA1L3,43,Frameshift,9.473938189859518e-06
SIRPA,13,Frameshift,0.045663536890686314
SIRPB1,82,Frameshift,0.002309422195585233
SIRPB2,34,Frameshift,3.0253761114309127e-05
SIRPD,31,Frameshift,5.8493879110356055e-05
SIRPG,44,Frameshift,3.960116960780115e-05
SIRT1,25,Frameshift,6.720908069446006e-06
SIRT2,35,Frameshift,6.7868058510494e-06
SIRT3,49,Frameshift,2.8189050166235167e-05
SIRT4,36,Frameshift,9.643049583583745e-06
SIRT5,33,Frameshift,2.6940762405149686e-05
SIRT6,35,Frameshift,9.468522102592915e-06
SIRT7,29,Frameshift,9.326126039012223e-06
SIT1,12,Splice donor,3.4400725179581264e-05
SIVA1,17,Frameshift,1.7983283242672122e-05
SIX1,10,Frameshift,0.08760162116608744
SIX2,11,Frameshift,6.168001177600717e-06
SIX3,10,Frameshift,1.1190891625701368e-05
SIX4,36,Frameshift,1.1311889478375375e-05
SIX5,50,Frameshift,7.091502472329445e-05
SIX6,13,Frameshift,8.996002807612754e-06
SKA1,35,Frameshift,3.868229985650871e-05
SKA2,29,In-frame stop codon,1.4906747022755512e-05
SKA3,90,Splice acceptor,0.003088049953041614
SKAP1,27,In-frame stop codon,1.1246617904311643e-05
SKAP2,19,Frameshift,9.492661430249657e-06
SKI,18,In-frame stop codon,7.619055699647428e-06
SKIDA1,22,Frameshift,2.6903702992225104e-05
SKIL,17,Frameshift,7.639047655730559e-06
SKIV2L,103,Frameshift,2.4678581591642586e-05
SKIV2L2,48,Frameshift,9.760200298877404e-06
SKOR1,55,In-frame stop codon,6.906982836572294e-05
SKOR2,53,Frameshift,0.00022902817816446519
SKP1,12,Frameshift,5.315160393017263e-06
SKP2,24,Frameshift,5.390183369449907e-06
SLA,13,Frameshift,6.7781884479518125e-06
SLA2,27,Frameshift,1.1219069193091066e-05
SLAIN1,31,Frameshift,0.06453580886117655
SLAIN2,15,Frameshift,8.797207106684615e-06
SLAMF1,18,Frameshift,1.136565331579113e-05
SLAMF6,17,Frameshift,4.928199660064123e-06
SLAMF7,33,Frameshift,1.0148289451519514e-05
SLAMF8,33,Frameshift,0.00012983106025227817
SLAMF9,28,Frameshift,1.0849449072840336e-05
SLBP,29,Frameshift,2.0149227735797488e-05
SLC10A1,72,Frameshift,1.5332494609934883e-05
SLC10A2,40,Frameshift,2.0727320648732453e-05
SLC10A3,14,Frameshift,5.332407004551996e-06
SLC10A4,28,Frameshift,1.5512684166761144e-05
SLC10A5,38,Frameshift,6.775581093484982e-05
SLC10A6,35,Frameshift,1.874585007164646e-05
SLC10A7,28,Frameshift,5.436645258984121e-06
SLC11A1,70,Frameshift,8.661068913794105e-06
SLC11A2,38,In-frame stop codon,9.630585672397264e-06
SLC12A1,101,Frameshift,9.606313819577086e-06
SLC12A2,38,Frameshift,1.6339154292342368e-05
SLC12A3,107,Frameshift,1.0142654745915605e-05
SLC12A4,85,Frameshift,1.6972474812577147e-05
SLC12A5,20,Frameshift,6.389058919249826e-06
SLC12A6,51,Frameshift,9.545362122585306e-06
SLC12A7,80,Frameshift,8.880536712751736e-06
SLC12A8,78,In-frame stop codon,1.9012437282718712e-05
SLC12A9,76,Frameshift,1.3000335875413781e-05
SLC13A1,58,In-frame stop codon,5.49291887124514e-05
SLC13A2,54,Frameshift,1.3466020225807406e-05
SLC13A3,46,Frameshift,1.1543273803738687e-05
SLC13A4,26,Frameshift,1.0801317947720163e-05
SLC13A5,33,Frameshift,1.4416092338831287e-05
SLC14A1,60,Frameshift,3.174614568206458e-05
SLC14A2,84,Frameshift,0.00022918224895433336
SLC15A1,60,Frameshift,1.0583255986992998e-05
SLC15A2,61,In-frame stop codon,1.9199124806471565e-05
SLC15A3,55,Frameshift,0.00013497316658396988
SLC15A4,35,In-frame stop codon,9.925168938957528e-06
SLC15A5,43,Frameshift,0.00011168027964819241
SLC16A1,25,Frameshift,7.175138874461967e-06
SLC16A10,30,Frameshift,0.0001014250310281152
SLC16A11,52,Frameshift,3.3453081860158876e-05
SLC16A12,25,Frameshift,6.249342712051683e-06
SLC16A13,41,Frameshift,9.925292940020183e-06
SLC16A14,21,Frameshift,9.091714530600815e-06
SLC16A2,19,Frameshift,5.0755510309001556e-05
SLC16A3,48,Frameshift,0.00010399105600986264
SLC16A4,63,Frameshift,4.1366281464633606e-05
SLC16A5,45,Frameshift,1.1312711167357579e-05
SLC16A6,28,Frameshift,6.968289632425817e-06
SLC16A7,43,Frameshift,0.0002202312532696295
SLC16A8,43,Frameshift,0.00014577504854027093
SLC16A9,32,Frameshift,6.303605874366965e-06
SLC17A1,46,Frameshift,3.52687703410574e-05
SLC17A2,31,In-frame stop codon,1.3073120669009688e-05
SLC17A3,59,Frameshift,1.4815104259661439e-05
SLC17A4,46,Frameshift,0.0002511511915136761
SLC17A5,42,Frameshift,0.00041326293571206503
SLC17A6,18,Frameshift,4.945419596504546e-06
SLC17A7,10,Frameshift,4.174332956500059e-06
SLC17A8,34,Frameshift,1.1241969136358732e-05
SLC17A9,53,Frameshift,6.615308744788447e-05
SLC18A1,63,Frameshift,1.794724811397454e-05
SLC18A2,37,Frameshift,8.424248289256186e-06
SLC18A3,18,Frameshift,1.612964161342513e-05
SLC18B1,51,In-frame stop codon,5.19641702616122e-05
SLC19A1,128,Frameshift,0.0013209011996342316
SLC19A2,32,Frameshift,8.121328320642609e-06
SLC19A3,28,Frameshift,1.2768507134561349e-05
SLC1A1,25,Frameshift,7.808239295550227e-06
SLC1A2,17,Frameshift,1.038427489200187e-05
SLC1A3,15,Frameshift,1.2882865855912808e-05
SLC1A4,19,Frameshift,8.710925270718382e-06
SLC1A5,40,Frameshift,9.353084237136242e-06
SLC1A6,13,In-frame stop codon,7.144218994227265e-06
SLC1A7,52,Frameshift,8.904673919778965e-06
SLC20A1,33,Frameshift,7.299547939989876e-06
SLC20A2,13,Frameshift,6.1593132580057514e-06
SLC22A1,70,Frameshift,0.008501147627650581
SLC22A10,72,Frameshift,0.007386283810709365
SLC22A11,55,Frameshift,6.062736591324473e-05
SLC22A12,56,Frameshift,1.640467003897325e-05
SLC22A13,54,Frameshift,1.8248130432369907e-05
SLC22A14,59,Frameshift,0.0007827795552520598
SLC22A15,37,Frameshift,8.861883741637048e-06
SLC22A16,84,Frameshift,1.9905429212617078e-05
SLC22A17,20,Frameshift,8.050278378572092e-06
SLC22A2,50,Frameshift,1.9302333246008377e-05
SLC22A23,35,Frameshift,1.0111147292313734e-05
SLC22A24,57,In-frame stop codon,0.02937033255139131
SLC22A25,75,Frameshift,0.00034512851299267893
SLC22A3,53,Frameshift,1.3021488168029234e-05
SLC22A31,49,Frameshift,0.0005911216642977378
SLC22A4,45,Frameshift,1.242839039141407e-05
SLC22A5,53,Frameshift,1.3594270935191173e-05
SLC22A6,50,Frameshift,2.5069265558109235e-05
SLC22A7,41,In-frame stop codon,1.2262785386891566e-05
SLC22A8,37,Frameshift,8.559110900582467e-06
SLC22A9,60,Frameshift,0.0024077581078084612
SLC23A1,42,Frameshift,0.009573698944886418
SLC23A2,31,Frameshift,0.00016989076914304717
SLC23A3,42,In-frame stop codon,8.797498850001746e-06
SLC24A1,67,Frameshift,1.1730942528158168e-05
SLC24A2,21,In-frame stop codon,9.156138731569835e-06
SLC24A3,12,Frameshift,6.135845559542209e-06
SLC24A4,54,In-frame stop codon,8.510894538225321e-06
SLC24A5,46,Frameshift,1.3933929039140454e-05
SLC25A1,18,Frameshift,1.1673436161432209e-05
SLC25A10,45,Frameshift,4.2749089220919945e-05
SLC25A11,7,Frameshift,0.0003288538631959377
SLC25A12,17,Splice acceptor,1.6402739559939903e-05
SLC25A13,73,Frameshift,2.8154151879716762e-05
SLC25A14,2,Frameshift,0.00017962582558792915
SLC25A15,24,Frameshift,1.0443286427388822e-05
SLC25A16,30,Frameshift,1.00261023655733e-05
SLC25A17,28,Frameshift,1.2266466118445537e-05
SLC25A18,35,Frameshift,1.2638696191678733e-05
SLC25A19,14,Frameshift,2.0254249914701055e-05
SLC25A2,34,Frameshift,0.0002307712501536072
SLC25A20,27,In-frame stop codon,9.2299147885222e-06
SLC25A21,37,In-frame stop codon,0.00020958919861073763
SLC25A22,32,Frameshift,1.1895349963812816e-05
SLC25A23,36,Frameshift,3.145282690317956e-05
SLC25A24,59,Frameshift,2.1039112288088156e-05
SLC25A25,38,Frameshift,9.702748041180896e-06
SLC25A26,48,Frameshift,1.2310920236220468e-05
SLC25A27,34,Frameshift,2.2240555106934364e-05
SLC25A28,11,Frameshift,0.00042575426537710894
SLC25A29,38,Frameshift,1.7299102131635558e-05
SLC25A3,24,Frameshift,6.154425487952509e-06
SLC25A30,31,In-frame stop codon,1.289751165900459e-05
SLC25A31,33,Frameshift,7.238187147459822e-05
SLC25A32,23,Frameshift,9.699646538821477e-06
SLC25A33,28,Frameshift,3.353922693610758e-05
SLC25A34,32,Frameshift,2.6275148032421558e-05
SLC25A35,40,In-frame stop codon,1.5040163067843925e-05
SLC25A36,11,Frameshift,1.9345613396717258e-05
SLC25A37,13,In-frame stop codon,7.734714237522833e-06
SLC25A38,42,Frameshift,4.1191072570559675e-05
SLC25A39,58,Frameshift,8.400568040363102e-06
SLC25A4,10,Frameshift,6.021073145858589e-06
SLC25A40,40,Frameshift,1.1846210802739114e-05
SLC25A41,44,Frameshift,8.590316277041651e-05
SLC25A42,17,Frameshift,9.277602519619662e-06
SLC25A43,19,Frameshift,2.3698611429373304e-05
SLC25A44,21,Frameshift,5.400100510739469e-06
SLC25A45,33,Frameshift,3.682239162495484e-05
SLC25A46,35,Frameshift,1.959025435053804e-05
SLC25A47,36,In-frame stop codon,1.3724242179293215e-05
SLC25A48,29,In-frame stop codon,8.55844923875731e-05
SLC25A5,17,Frameshift,6.203265301454012e-05
SLC25A51,13,Frameshift,8.066777050205958e-06
SLC25A52,37,Frameshift,6.702373630693378e-05
SLC25A53,7,Frameshift,5.532455138992976e-06
SLC25A6,13,Frameshift,6.570150110754442e-06
SLC26A1,62,Frameshift,1.826274278595478e-05
SLC26A11,82,Frameshift,9.855216228928526e-05
SLC26A2,53,Frameshift,1.032430282797798e-05
SLC26A3,59,Frameshift,6.904203738611772e-06
SLC26A4,85,Frameshift,2.0499981120095745e-05
SLC26A5,50,Frameshift,0.0001739847463718798
SLC26A6,66,Frameshift,1.0034247116583475e-05
SLC26A7,65,Frameshift,1.6439610873150637e-05
SLC26A8,60,In-frame stop codon,1.7857813765090258e-05
SLC26A9,44,Frameshift,2.1658607714583603e-05
SLC27A1,71,Frameshift,9.951437406694237e-06
SLC27A2,46,Frameshift,3.5638696010660076e-05
SLC27A3,118,Frameshift,5.65131789064978e-05
SLC27A4,43,Frameshift,1.3961298642321509e-05
SLC27A5,71,Frameshift,1.3647230625279194e-05
SLC27A6,80,Frameshift,5.570653853168091e-05
SLC28A1,75,Frameshift,2.8314466465907584e-05
SLC28A2,70,In-frame stop codon,2.3698087844260406e-05
SLC28A3,75,In-frame stop codon,1.3939899483056577e-05
SLC29A1,23,Frameshift,1.282829436766754e-05
SLC29A2,41,In-frame stop codon,1.2746121538602819e-05
SLC29A3,29,Frameshift,1.3231784466764741e-05
SLC29A4,42,Frameshift,1.4557711662166958e-05
SLC2A1,23,Frameshift,0.00012710644467821397
SLC2A10,33,Frameshift,9.855177072273126e-06
SLC2A11,72,Frameshift,3.1959422706047896e-05
SLC2A12,40,Frameshift,9.157903802915191e-06
SLC2A13,16,Frameshift,5.8266739575478075e-06
SLC2A14,29,Frameshift,1.433159732881773e-05
SLC2A2,46,Frameshift,7.770874260183293e-06
SLC2A3,23,Frameshift,6.593412209171211e-06
SLC2A4,28,Frameshift,6.560645250822992e-06
SLC2A4RG,24,Frameshift,2.9346558389942503e-05
SLC2A5,49,Frameshift,2.490297548904382e-05
SLC2A6,44,Frameshift,1.0606349519707032e-05
SLC2A7,71,Frameshift,7.251133832923843e-05
SLC2A8,57,Frameshift,8.260985461898296e-05
SLC2A9,46,In-frame stop codon,9.873451835379867e-06
SLC30A1,4,Frameshift,2.072367589737926e-06
SLC30A10,9,Frameshift,6.319157555504162e-06
SLC30A2,11,Frameshift,6.8765167173507476e-06
SLC30A3,34,In-frame stop codon,8.402511295630942e-05
SLC30A4,18,Frameshift,8.430582617673214e-06
SLC30A5,38,Frameshift,7.058655769748501e-06
SLC30A6,43,In-frame stop codon,1.3210154268295692e-05
SLC30A7,37,Frameshift,7.956822803153983e-06
SLC30A8,46,Frameshift,1.8414732298504012e-05
SLC30A9,42,Frameshift,4.941664907414318e-06
SLC31A1,15,Frameshift,2.406993102448793e-05
SLC31A2,17,Frameshift,1.0454941340638765e-05
SLC32A1,6,Frameshift,3.5256373957743507e-06
SLC33A1,28,Frameshift,6.138999883078898e-06
SLC34A1,80,Frameshift,1.4903785516987102e-05
SLC34A2,63,Frameshift,1.1059205692618129e-05
SLC34A3,79,Frameshift,1.8024911495332742e-05
SLC35A1,32,Frameshift,8.70667253658917e-06
SLC35A2,20,Frameshift,8.037877451499194e-05
SLC35A3,24,Frameshift,8.449353516014932e-06
SLC35A4,23,Frameshift,8.658958446149743e-06
SLC35A5,47,Frameshift,1.5117193748921667e-05
SLC35B1,36,Frameshift,1.1815662922378903e-05
SLC35B2,42,Frameshift,1.0717362515963387e-05
SLC35B3,62,Frameshift,1.3484439368960416e-05
SLC35B4,29,Frameshift,1.802918374086334e-05
SLC35C1,13,Frameshift,5.317917435053178e-06
SLC35D1,29,Frameshift,8.452177699404756e-06
SLC35D2,47,Frameshift,1.881574331816139e-05
SLC35D3,18,Frameshift,9.64751154612654e-06
SLC35E1,16,Frameshift,1.0385382368291004e-05
SLC35E2B,28,Frameshift,9.549541423513991e-06
SLC35E3,39,Frameshift,3.072521268689868e-05
SLC35E4,37,Frameshift,1.1936258013367465e-05
SLC35F1,13,Frameshift,9.435301611066186e-06
SLC35F2,28,Frameshift,1.448765893179739e-05
SLC35F3,23,In-frame stop codon,8.300596928143183e-06
SLC35F4,36,Frameshift,1.0191813348833992e-05
SLC35F5,53,Frameshift,0.00023634686773143777
SLC35F6,21,Frameshift,8.251766608356506e-06
SLC35G1,21,Frameshift,2.521653921201147e-05
SLC35G2,23,Frameshift,2.1318646497617195e-05
SLC35G3,29,Frameshift,0.00010763224233538261
SLC35G5,29,Frameshift,1.1712831160171739e-05
SLC35G6,25,Frameshift,0.03063796258817803
SLC36A1,35,Frameshift,3.756612304693311e-05
SLC36A2,53,Frameshift,3.101538536266993e-05
SLC36A3,32,Frameshift,1.2058997564009073e-05
SLC36A4,55,Frameshift,2.2001824410821427e-05
SLC37A1,34,Frameshift,6.4602568451492225e-06
SLC37A2,47,In-frame stop codon,1.4923994978833727e-05
SLC37A3,73,Frameshift,6.3393284387988415e-06
SLC37A4,39,Frameshift,0.02565251979311017
SLC38A1,17,Frameshift,1.0077894906511608e-05
SLC38A10,102,Frameshift,1.2036294458584924e-05
SLC38A11,41,In-frame stop codon,1.42596571696041e-05
SLC38A2,14,Frameshift,5.006394013931028e-06
SLC38A3,11,Splice donor,0.09091315329829558
SLC38A4,19,Frameshift,1.282944080905752e-05
SLC38A5,3,In-frame stop codon,1.967313333996717e-05
SLC38A6,79,Frameshift,0.00041101115868490135
SLC38A7,30,In-frame stop codon,1.6299858545656085e-05
SLC38A8,69,Frameshift,9.27637834958192e-06
SLC38A9,40,Frameshift,4.906371161727037e-05
SLC39A1,16,Frameshift,1.0716548802802058e-05
SLC39A10,13,Frameshift,2.1989790136448524e-05
SLC39A11,43,In-frame stop codon,1.3276178103209176e-05
SLC39A12,42,Frameshift,1.8100982482686017e-05
SLC39A13,36,Frameshift,7.002103899784753e-06
SLC39A14,17,In-frame stop codon,9.89493517839278e-06
SLC39A2,25,Frameshift,6.015407720784878e-05
SLC39A3,18,Frameshift,9.016622580895706e-06
SLC39A4,58,Frameshift,1.2302147553610196e-05
SLC39A5,53,Frameshift,2.8021755862326883e-05
SLC39A6,37,Frameshift,1.0139363142095444e-05
SLC39A7,23,Frameshift,0.00017574303675069037
SLC39A8,13,Frameshift,1.6722203517621362e-05
SLC39A9,7,Frameshift,0.0023056462159944777
SLC3A1,101,Frameshift,0.0008887375786806712
SLC3A2,61,Frameshift,0.010482988224090085
SLC40A1,7,Frameshift,1.1950781297788245e-05
SLC41A1,6,Frameshift,3.3269320521990367e-06
SLC41A2,17,Frameshift,8.712890054041116e-06
SLC41A3,65,Frameshift,0.0027272556027640514
SLC43A1,57,Frameshift,8.591741906243491e-06
SLC43A2,50,Splice donor,0.0013861663304196806
SLC43A3,41,Frameshift,8.483908352374133e-06
SLC44A1,22,Frameshift,9.926317828209451e-06
SLC44A2,49,Frameshift,1.5264299072972132e-05
SLC44A3,70,In-frame stop codon,1.7127844786336913e-05
SLC44A4,72,Frameshift,1.8907178577956063e-05
SLC44A5,58,In-frame stop codon,1.791929104846607e-05
SLC45A1,38,Frameshift,1.5587078524496572e-05
SLC45A2,50,Frameshift,1.4831499451581046e-05
SLC45A3,29,Frameshift,6.996667452780037e-06
SLC45A4,48,Frameshift,2.0188728430381464e-05
SLC46A1,30,Frameshift,0.03334036699850325
SLC46A2,38,In-frame stop codon,1.298022270909223e-05
SLC46A3,52,Frameshift,2.16201336296592e-05
SLC47A1,77,Frameshift,1.0655386678555675e-05
SLC47A2,60,Frameshift,1.6777632620196044e-05
SLC48A1,6,Start codon lost,7.553635334366107e-06
SLC4A1,21,Frameshift,5.507334306371629e-06
SLC4A10,42,Splice donor,0.00028560947163415603
SLC4A11,89,Frameshift,0.0002496226688437208
SLC4A1AP,64,Frameshift,1.2495244115542503e-05
SLC4A2,23,In-frame stop codon,5.836547990843094e-06
SLC4A3,69,Frameshift,6.336041371157866e-05
SLC4A4,55,Frameshift,0.00010213287912084397
SLC4A5,77,Frameshift,6.735502230790062e-06
SLC4A7,56,Frameshift,9.251916262478592e-06
SLC4A8,41,Frameshift,3.25021858109556e-05
SLC4A9,99,Frameshift,1.7494018335278326e-05
SLC50A1,24,In-frame stop codon,3.406151226604892e-05
SLC51A,29,Frameshift,1.7843291539766007e-05
SLC51B,10,Frameshift,1.0191498611728394e-05
SLC52A1,40,Frameshift,1.2280731197833363e-05
SLC52A2,26,Frameshift,8.62924847040514e-06
SLC52A3,16,Frameshift,9.027305087033378e-06
SLC5A1,37,Frameshift,6.668546968525777e-06
SLC5A10,81,Frameshift,2.987886852806081e-05
SLC5A11,56,Frameshift,2.7159190490778793e-05
SLC5A12,41,Frameshift,9.70013809838381e-06
SLC5A2,71,Frameshift,9.077598581783007e-06
SLC5A3,18,Frameshift,6.431770350926521e-06
SLC5A4,61,Frameshift,0.00037942918656082736
SLC5A5,22,Frameshift,1.0266467740996732e-05
SLC5A6,23,Frameshift,1.4720621125011497e-05
SLC5A7,14,In-frame stop codon,8.25576220324229e-06
SLC5A8,63,Frameshift,8.459560197454405e-06
SLC5A9,95,Frameshift,0.0014899801297485714
SLC6A1,6,In-frame stop codon,0.0003592000488307344
SLC6A11,21,In-frame stop codon,9.390436047387191e-06
SLC6A12,37,Frameshift,5.066882779663918e-05
SLC6A13,51,Frameshift,7.811552154177962e-05
SLC6A14,15,Frameshift,8.760714822971895e-06
SLC6A15,35,Frameshift,9.679236719595291e-06
SLC6A16,70,Frameshift,1.588682964314024e-05
SLC6A17,21,Frameshift,7.983732565141963e-06
SLC6A18,89,Frameshift,0.004094117178095823
SLC6A19,60,In-frame stop codon,1.580175232311171e-05
SLC6A2,31,Frameshift,4.912338515525698e-05
SLC6A20,63,Frameshift,3.1562715193228974e-05
SLC6A3,13,Frameshift,1.0133281656308995e-05
SLC6A4,17,Frameshift,3.985925737950962e-06
SLC6A5,51,Frameshift,7.499570014306882e-06
SLC6A6,15,Frameshift,2.8279381252615952e-05
SLC6A7,40,Frameshift,1.0188797681371524e-05
SLC6A8,21,Frameshift,0.004814434927096943
SLC6A9,57,Frameshift,1.3672841486938165e-05
SLC7A1,7,In-frame stop codon,3.4281844353342905e-06
SLC7A10,40,Frameshift,7.645810675914428e-06
SLC7A11,35,Frameshift,8.681980946100775e-06
SLC7A13,61,Frameshift,0.005781187166984861
SLC7A14,27,Frameshift,9.913503172951855e-06
SLC7A2,50,In-frame stop codon,8.751224965795361e-05
SLC7A3,5,Splice acceptor,1.5033505753498212e-05
SLC7A4,44,Frameshift,3.5969140247266966e-05
SLC7A5,20,In-frame stop codon,8.210103530844306e-06
SLC7A6,33,Frameshift,1.5319278735719124e-05
SLC7A6OS,17,Frameshift,8.764710065197573e-06
SLC7A7,40,Frameshift,2.0892409555529785e-05
SLC7A8,55,Frameshift,1.3375152244002356e-05
SLC7A9,57,Frameshift,2.0738367604532782e-05
SLC8A1,21,Splice acceptor,2.138047009827496e-05
SLC8A2,12,Frameshift,5.634454339951388e-06
SLC8A3,36,In-frame stop codon,7.810065290652611e-06
SLC8B1,59,Frameshift,2.110037340322416e-05
SLC9A1,36,Frameshift,8.449488677744664e-06
SLC9A2,36,Frameshift,9.215288868208473e-06
SLC9A3,45,Frameshift,0.00035201825622903745
SLC9A3R1,29,Frameshift,4.3268417105635695e-05
SLC9A3R2,35,Frameshift,0.00486260039380308
SLC9A4,75,Frameshift,1.6409701866903635e-05
SLC9A5,48,Frameshift,9.002268308656452e-06
SLC9A6,13,Splice acceptor,2.9080712571243296e-05
SLC9A7,15,Frameshift,1.1713505202383079e-05
SLC9A8,69,Frameshift,0.0008843609867541855
SLC9A9,51,Frameshift,1.3510668748410951e-05
SLC9B1,53,Frameshift,0.0005669601943782231
SLC9B2,50,Frameshift,1.2876535703058356e-05
SLC9C1,92,Frameshift,1.2250783786115447e-05
SLC9C2,58,Frameshift,9.81307458183381e-06
SLCO1A2,82,Frameshift,1.549685885849857e-05
SLCO1B1,82,Frameshift,6.979242624395686e-05
SLCO1B3,129,Frameshift,5.4571557892491044e-05
SLCO1B7,112,Frameshift,5.596447160497695e-05
SLCO1C1,66,Frameshift,1.7820188585077552e-05
SLCO2A1,48,In-frame stop codon,8.419475959309813e-06
SLCO2B1,39,In-frame stop codon,1.0028861590621737e-05
SLCO3A1,19,In-frame stop codon,6.124030046295151e-06
SLCO4A1,59,Frameshift,5.295362314781735e-05
SLCO4C1,59,Frameshift,3.5113686191017555e-05
SLCO5A1,46,Frameshift,1.424624702920444e-05
SLCO6A1,75,Frameshift,1.14656408206268e-05
SLFN11,85,Frameshift,1.676485353176041e-05
SLFN12,46,Frameshift,1.7237977940841362e-05
SLFN12L,74,Frameshift,0.0017502994839073544
SLFN13,89,Frameshift,0.0011133463764000432
SLFN14,42,Frameshift,2.871957347468274e-05
SLFN5,82,Frameshift,2.5221638021749095e-05
SLFNL1,46,Frameshift,0.00014055221363768166
SLIRP,40,Frameshift,1.2211401024907548e-05
SLIT1,48,In-frame stop codon,1.0093190009979815e-05
SLIT2,43,Splice acceptor,6.671232559229821e-06
SLIT3,55,Frameshift,1.4167268111648812e-05
SLITRK1,6,Frameshift,3.3170143335923322e-06
SLITRK2,14,In-frame stop codon,1.4144941377953673e-05
SLITRK3,15,In-frame stop codon,1.0094608965674508e-05
SLITRK4,10,In-frame stop codon,1.1201468371255378e-05
SLITRK5,22,Frameshift,1.3809135831912232e-05
SLITRK6,60,Frameshift,5.675349107542206e-06
SLK,43,In-frame stop codon,6.778002789602614e-05
SLMAP,31,In-frame stop codon,7.787962901315177e-06
SLMO1,33,In-frame stop codon,0.0001148057021142648
SLMO2,26,Frameshift,9.032838662362607e-06
SLN,1,Frameshift,3.980131185123862e-06
SLPI,14,Frameshift,3.498915100993289e-05
SLTM,40,Frameshift,1.2323011590427417e-05
SLU7,57,Frameshift,1.1878388189385417e-05
SLURP1,9,Frameshift,5.92456214537815e-05
SLX1A,22,Frameshift,4.324982916603843e-05
SLX1B,10,Splice acceptor,0.00010193325541356007
SLX4,117,Frameshift,7.763470790255484e-06
SLX4IP,52,Frameshift,2.0309120169274334e-05
SMAD1,3,Frameshift,2.6553232779194075e-06
SMAD2,8,In-frame stop codon,8.465121271912674e-06
SMAD3,24,Frameshift,2.0381656389584335e-05
SMAD4,36,Frameshift,1.2736271462191877e-05
SMAD5,14,Frameshift,0.0714333452713343
SMAD6,72,Frameshift,2.1097703675476647e-05
SMAD7,15,Frameshift,4.577843490515537e-05
SMAD9,34,Frameshift,1.0319959909267903e-05
SMAGP,10,Frameshift,9.31608749927647e-06
SMAP1,37,Frameshift,0.003430870686186064
SMAP2,17,Frameshift,5.275940870468321e-05
SMARCA1,14,Frameshift,3.4742192928262906e-06
SMARCA2,65,Frameshift,3.151249637631471e-05
SMARCA4,28,Frameshift,6.8599838251800865e-06
SMARCA5,13,Frameshift,5.825948947805905e-06
SMARCAD1,11,Frameshift,1.241917012689451e-05
SMARCAL1,48,Frameshift,1.411775058981368e-05
SMARCB1,9,Frameshift,2.9511636421643747e-05
SMARCC1,22,Frameshift,8.998480400893227e-06
SMARCC2,23,Frameshift,6.905877468491351e-05
SMARCD1,16,Splice donor,7.994756686948158e-06
SMARCD2,31,In-frame stop codon,3.632905211684171e-05
SMARCD3,20,Frameshift,6.985621534314077e-06
SMARCE1,15,Frameshift,9.169409779219807e-05
SMC1A,7,Frameshift,4.288255979342628e-06
SMC1B,38,In-frame stop codon,9.498356632994718e-06
SMC2,39,Frameshift,6.501014267503645e-06
SMC3,25,Frameshift,4.462646283237566e-06
SMC4,104,Frameshift,7.334298144513678e-05
SMC5,51,Frameshift,4.485187663420905e-06
SMC6,54,In-frame stop codon,2.8473987943730113e-05
SMCHD1,55,Frameshift,6.192013236010593e-06
SMCO1,23,Frameshift,2.5971681213946277e-05
SMCO2,29,In-frame stop codon,2.882358204009432e-05
SMCO3,12,Frameshift,9.082886622840972e-06
SMCO4,6,In-frame stop codon,5.9672282682551075e-06
SMCP,13,In-frame stop codon,1.5607042020750474e-05
SMCR8,25,Frameshift,7.485717740173248e-06
SMDT1,7,Frameshift,5.8572737951806956e-06
SMEK1,13,Splice acceptor,7.690856189056105e-06
SMG1,36,Frameshift,8.257894867633736e-05
SMG5,38,Frameshift,5.1773854939015585e-06
SMG6,39,Frameshift,3.0232384562072824e-05
SMG7,48,Frameshift,1.0746250503201563e-05
SMG8,49,Frameshift,9.460595571687486e-06
SMG9,56,Frameshift,7.773752791309742e-06
SMIM1,7,Frameshift,0.0006301267950229004
SMIM10,3,Frameshift,1.8017744298113695e-05
SMIM11,11,Frameshift,1.30717974143504e-05
SMIM12,9,Frameshift,1.104502738479891e-05
SMIM13,6,Frameshift,1.422935766685172e-05
SMIM14,7,Frameshift,2.9805640446058114e-06
SMIM15,11,Frameshift,6.871165445366478e-06
SMIM17,8,In-frame stop codon,8.04960291953166e-05
SMIM18,8,Frameshift,1.0986730399529317e-05
SMIM19,10,Frameshift,9.982970533175435e-06
SMIM2,4,Frameshift,1.1714937956628856e-05
SMIM20,2,Start codon lost,9.648495131062023e-06
SMIM21,16,In-frame stop codon,1.1546327153521947e-05
SMIM22,30,Frameshift,3.2432414671998904e-05
SMIM23,18,Frameshift,9.24130700979401e-06
SMIM3,15,In-frame stop codon,2.4187938921269456e-05
SMIM4,13,Frameshift,1.629463724723429e-05
SMIM5,4,Frameshift,2.017608505089122e-05
SMIM7,14,Splice acceptor,4.8818687864557595e-06
SMIM8,14,Frameshift,2.1426632257568147e-05
SMIM9,7,Splice donor,3.472910762201272e-05
SMKR1,5,Frameshift,4.4089519773393716e-05
SMLR1,9,Frameshift,0.0002476056687187102
SMN1,4,Frameshift,5.034922323391604e-06
SMN2,5,Start codon lost,4.7991900419281936e-05
SMNDC1,5,In-frame stop codon,2.6440731476024987e-06
SMO,43,Frameshift,5.770853935218586e-06
SMOC1,15,In-frame stop codon,9.024705663336677e-06
SMOC2,36,Frameshift,3.2959355815845985e-05
SMOX,30,Frameshift,0.0006733274765085505
SMPD1,82,Frameshift,1.5437414285945225e-05
SMPD2,69,Frameshift,0.001927505083738466
SMPD3,36,Frameshift,5.3034052714490787e-05
SMPD4,95,Frameshift,0.00019349057502613523
SMPDL3A,56,Frameshift,2.3506071717888662e-05
SMPDL3B,56,Frameshift,0.014553696990530237
SMPX,5,Splice donor,7.664513303405235e-06
SMR3A,9,Frameshift,1.0625571014654222e-05
SMR3B,6,Frameshift,0.0005427668878760372
SMS,16,Frameshift,0.00017110142887908717
SMTN,86,Frameshift,7.271463397640231e-05
SMTNL1,61,Frameshift,4.388522701037032e-05
SMTNL2,41,Frameshift,7.966847905661952e-05
SMU1,3,Splice acceptor,2.787242795646424e-06
SMUG1,26,In-frame stop codon,0.00017461821438446754
SMURF1,21,In-frame stop codon,9.299862402755704e-06
SMURF2,23,In-frame stop codon,7.175489893574772e-06
SMYD1,38,Frameshift,1.906924489127314e-05
SMYD2,38,Frameshift,1.2111794767687322e-05
SMYD3,44,Frameshift,1.1473028110245306e-05
SMYD4,89,Frameshift,1.6112960416733295e-05
SMYD5,30,Frameshift,1.7098197366889336e-05
SNAI1,8,In-frame stop codon,7.522553120532371e-06
SNAI2,1,In-frame stop codon,3.982826054054915e-06
SNAI3,32,Frameshift,1.6189128681338297e-05
SNAP23,13,Frameshift,2.9843968428255098e-05
SNAP25,4,In-frame stop codon,1.6994963003751442e-05
SNAP29,15,In-frame stop codon,1.4452893042674439e-05
SNAP47,30,Frameshift,2.3071893012823943e-05
SNAP91,22,Frameshift,8.495623290312679e-06
SNAPC1,51,Frameshift,7.006792295364943e-05
SNAPC2,42,Frameshift,1.8344674615094255e-05
SNAPC3,50,Frameshift,1.6227648724089904e-05
SNAPC4,146,Frameshift,9.495786207807053e-06
SNAPC5,31,Frameshift,1.1855161379445637e-05
SNAPIN,14,Frameshift,9.271839034123696e-06
SNCA,1,In-frame stop codon,1.1932604648942772e-05
SNCAIP,48,In-frame stop codon,7.486316614109172e-05
SNCB,12,Frameshift,8.999040343007402e-06
SNCG,18,In-frame stop codon,0.012271238751879944
SND1,35,Frameshift,5.076992472552991e-06
SNED1,87,Frameshift,1.251570319515035e-05
SNF8,26,Frameshift,6.443024024729726e-06
SNIP1,17,Frameshift,1.2065806786053655e-05
SNN,10,Frameshift,8.008825760853759e-06
SNPH,11,Frameshift,7.969529957091128e-06
SNRK,9,Frameshift,1.2462969307695852e-05
SNRNP200,13,In-frame stop codon,7.34958971518613e-06
SNRNP25,21,In-frame stop codon,1.7875079728569362e-05
SNRNP27,29,Frameshift,1.6936663231452744e-05
SNRNP35,31,Frameshift,1.4968753924036583e-05
SNRNP40,18,Frameshift,8.377100989448594e-06
SNRNP48,37,Frameshift,1.1331501596830693e-05
SNRNP70,6,Splice acceptor,0.00019453378641468076
SNRPA,16,In-frame stop codon,1.2804228608505534e-05
SNRPA1,4,Frameshift,2.5880268035507695e-05
SNRPB,8,Splice acceptor,8.667910302458848e-06
SNRPB2,14,Frameshift,7.620468036964647e-06
SNRPC,8,Frameshift,6.498292817550874e-06
SNRPD2,3,Splice acceptor,2.7948240753416593e-05
SNRPD3,6,Frameshift,1.4543333339553877e-05
SNRPE,3,In-frame stop codon,1.475294137026179e-05
SNRPF,16,Splice acceptor,0.004802007897739808
SNRPG,6,Frameshift,3.12829115001254e-05
SNRPN,10,In-frame stop codon,2.7951572448017906e-06
SNTA1,31,Frameshift,8.964625236966261e-06
SNTB1,30,Frameshift,1.0681307807625918e-05
SNTB2,18,In-frame stop codon,1.435657265232362e-05
SNTG1,32,In-frame stop codon,8.269159240632751e-06
SNTG2,59,Frameshift,2.1019589499931857e-05
SNTN,23,Frameshift,1.0653445504099538e-05
SNUPN,56,Frameshift,0.0013416888500199506
SNURF,3,Splice donor,4.024643555673028e-06
SNW1,17,Frameshift,7.175722747381979e-06
SNX1,28,Frameshift,1.6011680548826138e-05
SNX10,28,In-frame stop codon,1.91037161597244e-05
SNX11,29,In-frame stop codon,1.0705362120293566e-05
SNX12,1,Frameshift,5.491367570179677e-06
SNX13,43,Frameshift,2.264849786012044e-05
SNX14,82,Frameshift,5.611593467235607e-05
SNX15,31,Frameshift,1.118266988893295e-05
SNX16,38,In-frame stop codon,2.5320355411317196e-05
SNX17,25,Frameshift,1.073306473403688e-05
SNX18,38,Frameshift,2.7919804640733998e-05
SNX19,97,Frameshift,5.628530650987902e-05
SNX2,19,Frameshift,5.923618656168167e-06
SNX20,29,Frameshift,7.738418409896661e-06
SNX21,39,Frameshift,1.2014004453896235e-05
SNX22,20,Frameshift,1.1256309016216785e-05
SNX24,36,Frameshift,4.018847924594765e-05
SNX25,35,Frameshift,7.552988052044245e-06
SNX27,28,Frameshift,0.0002759557121920578
SNX29,63,Frameshift,7.556806012003226e-06
SNX3,8,Frameshift,4.886330224466058e-06
SNX30,15,Frameshift,1.545390596415559e-05
SNX31,74,Frameshift,0.00010400621329575418
SNX32,83,Frameshift,1.4262416179218178e-05
SNX33,16,Frameshift,8.443201103490492e-06
SNX4,38,Frameshift,8.979879386705482e-06
SNX5,44,Frameshift,1.661108544533621e-05
SNX6,26,In-frame stop codon,1.1984062616448468e-05
SNX7,37,Frameshift,3.371870204275101e-05
SNX8,28,Frameshift,5.399708565113397e-06
SNX9,26,Frameshift,5.472856936880952e-06
SOAT1,63,Frameshift,8.844800443154735e-06
SOAT2,74,In-frame stop codon,3.905171251424491e-05
SOBP,17,Frameshift,3.396385655872228e-05
SOCS1,9,Frameshift,1.1909946841797628e-05
SOCS2,19,Frameshift,4.076348953380089e-05
SOCS3,1,Frameshift,0.0
SOCS4,26,In-frame stop codon,1.5611230759981842e-05
SOCS5,23,Frameshift,8.189149185868238e-06
SOCS6,5,Frameshift,2.419632055588891e-06
SOCS7,12,Frameshift,1.0642508155391596e-05
SOD1,10,Frameshift,6.766436936055477e-06
SOD2,33,Frameshift,3.514519080697565e-05
SOD3,14,In-frame stop codon,2.2274279735220492e-05
SOGA1,54,Frameshift,1.773702304870439e-05
SOGA2,73,Frameshift,0.005301509185551743
SOGA3,26,Frameshift,8.729534123429085e-06
SOHLH1,27,Frameshift,0.0001144154898278658
SOHLH2,27,Frameshift,1.9847246897701622e-05
SON,51,Frameshift,0.03922774798941999
SORBS1,77,Frameshift,3.1528212090304514e-05
SORBS2,70,Frameshift,9.838830860746114e-06
SORBS3,93,Frameshift,2.231599895636719e-05
SORCS1,42,Frameshift,6.2851365722158785e-06
SORCS2,64,In-frame stop codon,9.956538300932767e-06
SORCS3,42,In-frame stop codon,6.453415512286814e-06
SORD,40,Frameshift,1.4244971299864607e-05
SORL1,99,Frameshift,2.0615313396405352e-05
SORT1,13,Frameshift,3.3860267990399183e-06
SOS1,18,In-frame stop codon,2.0126361998237345e-05
SOS2,27,Frameshift,7.601572450975793e-06
SOST,10,Frameshift,1.0926487870911088e-05
SOSTDC1,16,Frameshift,0.00025520535427266496
SOWAHA,30,Frameshift,1.019377566840985e-05
SOWAHB,56,Frameshift,1.653778378074508e-05
SOWAHC,33,Frameshift,7.462243581571725e-06
SOWAHD,11,Frameshift,4.554384405900997e-06
SOX1,12,Frameshift,9.253654852122534e-06
SOX10,4,Frameshift,1.0291369246095454e-06
SOX11,8,In-frame stop codon,1.6948393362048592e-06
SOX12,8,Frameshift,2.002628478194756e-05
SOX13,26,Frameshift,1.2210867276721744e-05
SOX14,3,Frameshift,1.460903934603156e-05
SOX15,12,Frameshift,1.2216453338071524e-05
SOX17,6,Frameshift,1.1221029936929398e-05
SOX18,9,Frameshift,6.197441481969869e-06
SOX2,5,Frameshift,8.223548446912382e-06
SOX21,11,Frameshift,2.69998630034043e-05
SOX3,4,Frameshift,8.329936027597487e-06
SOX30,14,Frameshift,1.334197888076353e-05
SOX4,8,Frameshift,4.758311196808735e-06
SOX5,12,Splice donor,9.326363119682626e-06
SOX6,14,In-frame stop codon,5.154958601648974e-06
SOX7,32,Frameshift,1.8245820907427147e-05
SOX8,10,Frameshift,9.003066286165196e-06
SOX9,7,Frameshift,2.8704646447274424e-06
SP1,5,Start codon lost,2.033745484263167e-05
SP100,110,Frameshift,0.005208000466954704
SP110,64,Frameshift,2.750181059854567e-05
SP140,68,Frameshift,1.8223475034114497e-05
SP140L,60,Frameshift,0.0019016204563083216
SP2,8,Frameshift,1.547517117324143e-05
SP3,10,Splice acceptor,8.891081722468545e-06
SP4,20,Frameshift,6.018670631787196e-06
SP5,21,Frameshift,9.51171870870972e-06
SP6,17,Frameshift,7.780255238500554e-06
SP7,23,Frameshift,1.9187208006151028e-05
SP8,33,Frameshift,2.9883334127381638e-05
SP9,14,Frameshift,9.567187716020711e-05
SPA17,16,Frameshift,1.2133991853129102e-05
SPACA1,11,In-frame stop codon,6.1134269014232216e-06
SPACA3,19,Frameshift,1.647368785496353e-05
SPACA4,8,Frameshift,6.208568593083312e-06
SPACA5,2,In-frame stop codon,0.0
SPACA5B,2,Frameshift,0.0
SPACA6P,2,Splice acceptor,3.187559526190715e-05
SPACA7,32,In-frame stop codon,1.602100442485668e-05
SPAG1,79,Frameshift,1.6347858162807886e-05
SPAG11A,25,In-frame stop codon,0.018860084002540835
SPAG11B,35,Frameshift,8.759527224824184e-05
SPAG16,109,Frameshift,0.00019245826448051817
SPAG17,142,Frameshift,1.1399826032458121e-05
SPAG4,55,Frameshift,6.940398150311e-05
SPAG5,80,Frameshift,0.00010338555548785905
SPAG6,52,Frameshift,0.00040432312200199927
SPAG7,19,In-frame stop codon,1.5150956824977213e-05
SPAG8,64,Frameshift,0.00019443533115961136
SPAG9,36,Frameshift,2.450989906024932e-05
SPAM1,39,Frameshift,1.8159213307676037e-05
SPANXA1,1,Splice donor,0.0022665457842248413
SPANXC,18,Frameshift,9.038190624050869e-06
SPANXD,13,Frameshift,3.632676365833819e-05
SPANXN1,8,Frameshift,8.984942121005823e-05
SPANXN2,12,Frameshift,0.00066760420619431
SPANXN3,8,Frameshift,4.038041343890739e-05
SPANXN4,14,In-frame stop codon,0.0020326293650483607
SPANXN5,4,In-frame stop codon,6.826789260240131e-06
SPARC,12,Frameshift,5.994017771340832e-06
SPARCL1,54,Frameshift,8.457550884554293e-06
SPAST,6,Frameshift,4.663255364725461e-06
SPATA1,18,Splice acceptor,9.358935244470436e-06
SPATA12,15,In-frame stop codon,1.2226051041968433e-05
SPATA13,39,Frameshift,1.0132818741526964e-05
SPATA16,44,Frameshift,0.0001196637233542947
SPATA17,38,Frameshift,1.6783654779652382e-05
SPATA18,47,In-frame stop codon,1.3511191176810232e-05
SPATA19,21,In-frame stop codon,1.3525554130292047e-05
SPATA2,8,Frameshift,8.080885852263916e-06
SPATA20,74,Frameshift,1.8403819024390046e-05
SPATA21,80,Frameshift,7.097815897568625e-05
SPATA22,29,Frameshift,0.02464448739324446
SPATA24,23,In-frame stop codon,4.0714454127523547e-05
SPATA25,17,In-frame stop codon,1.576158602791344e-05
SPATA2L,29,Frameshift,9.926084146685001e-06
SPATA3,16,Frameshift,2.6745017929026657e-05
SPATA31A1,12,Frameshift,0.00011800690148344404
SPATA31A3,48,Frameshift,0.0004684231611687758
SPATA31A6,133,Frameshift,6.732058333736668e-05
SPATA31A7,22,Frameshift,1.781821674346715e-05
SPATA31C1,5,Splice acceptor,8.63486305638965e-05
SPATA31C2,8,Splice acceptor,4.5054662659958765e-05
SPATA31D1,106,Frameshift,1.0143301415097936e-05
SPATA31D3,2,Splice donor,1.2091076513783844e-05
SPATA31D4,1,Splice donor,5.5847202055177036e-05
SPATA31E1,147,Frameshift,2.189605822485079e-05
SPATA32,37,Frameshift,1.3628329521114345e-05
SPATA33,34,Frameshift,0.00017684210264436696
SPATA4,38,Frameshift,0.002346457539435158
SPATA5,70,In-frame stop codon,1.1101423880785889e-05
SPATA5L1,73,Frameshift,1.336994117535301e-05
SPATA6,63,Frameshift,9.650416388591054e-06
SPATA6L,57,Frameshift,1.2682739918765647e-05
SPATA7,77,Frameshift,1.7423836831437264e-05
SPATA9,19,Frameshift,2.245942251409009e-05
SPATC1,72,Frameshift,0.000109021994561007
SPATC1L,45,Frameshift,1.5712233967620676e-05
SPATS1,26,Frameshift,7.0453793809521485e-06
SPATS2,25,Frameshift,0.00011813740111307876
SPATS2L,28,Frameshift,2.327650756962358e-05
SPC24,27,In-frame stop codon,1.4507523971799141e-05
SPC25,21,Frameshift,1.3755711507175278e-05
SPCS1,19,Frameshift,1.7425719844286125e-05
SPCS2,5,In-frame stop codon,2.5103053523751905e-05
SPCS3,5,Frameshift,1.2614641803715515e-05
SPDEF,9,Frameshift,6.8787651885654585e-06
SPDL1,69,Frameshift,1.885528063321887e-05
SPDYA,17,Frameshift,1.7155169143945138e-05
SPDYC,31,Frameshift,1.015771124030704e-05
SPDYE1,42,In-frame stop codon,4.52847990724313e-05
SPDYE2,19,Frameshift,0.007396652698423103
SPDYE2B,4,Start codon lost,0.009153858422268357
SPDYE3,48,Frameshift,2.215703206491989e-05
SPDYE4,18,In-frame stop codon,1.3120668718885057e-05
SPDYE6,3,Splice donor,1.381377562897948e-05
SPECC1,73,Frameshift,9.735428261830915e-06
SPECC1L,30,Frameshift,1.0482220665418652e-05
SPEF1,25,In-frame stop codon,7.545419740830661e-06
SPEF2,174,Frameshift,2.5988785851174494e-05
SPEG,128,Frameshift,0.0006938092611849266
SPEM1,20,Frameshift,2.388834594065284e-05
SPEN,58,Frameshift,7.43122778394771e-05
SPERT,42,Frameshift,0.002887411066785823
SPESP1,39,Frameshift,0.00011068593845436454
SPG11,243,Frameshift,1.4775854378600506e-05
SPG20,48,Frameshift,1.683491970318313e-05
SPG21,23,Frameshift,1.3938592444228805e-05
SPG7,138,Frameshift,3.645716259308706e-05
SPHK1,48,Frameshift,8.525342314071958e-05
SPHK2,65,Frameshift,0.0001213905870071262
SPHKAP,47,Frameshift,8.237353274519156e-06
SPI1,22,Frameshift,0.009692068360514039
SPIB,28,Frameshift,1.7959437121183205e-05
SPIC,15,Frameshift,8.43912432654014e-06
SPICE1,63,In-frame stop codon,7.948645607660344e-06
SPIDR,100,Frameshift,1.0227134873797105e-05
SPIN1,3,Splice acceptor,1.401584912218737e-06
SPIN2A,16,Frameshift,1.9478478452952024e-05
SPIN2B,2,In-frame stop codon,5.952679923000226e-06
SPIN3,10,Frameshift,8.52305553656334e-06
SPIN4,2,Start codon lost,2.57293883742352e-05
SPINK1,3,Frameshift,0.00010978284402723493
SPINK13,13,Frameshift,6.33983929322148e-05
SPINK14,5,In-frame stop codon,2.5570507960051115e-05
SPINK2,16,Splice donor,8.881956067104268e-06
SPINK4,19,Frameshift,7.899313329602685e-06
SPINK5,107,Frameshift,6.205576545203193e-05
SPINK6,14,Frameshift,7.460023005939721e-06
SPINK7,14,Frameshift,1.3126761364537191e-05
SPINK8,15,In-frame stop codon,0.00010272700406679904
SPINK9,20,Frameshift,1.4484934888611922e-05
SPINT1,36,Frameshift,1.9607850506502523e-05
SPINT2,21,Frameshift,1.4187452759097474e-05
SPINT3,16,Frameshift,0.00015528590702052194
SPINT4,12,Frameshift,1.787486980472005e-05
SPIRE1,37,Frameshift,1.1208522413406222e-05
SPIRE2,61,Frameshift,2.2395765195743044e-05
SPN,29,Frameshift,1.0333580433215246e-05
SPNS1,40,Frameshift,1.2874778886560882e-05
SPNS2,72,Frameshift,2.8395709377835043e-05
SPNS3,59,Frameshift,5.30831172779567e-05
SPO11,39,Frameshift,1.1542226657694508e-05
SPOCD1,93,Frameshift,1.2165282371272384e-05
SPOCK1,13,Splice acceptor,8.492058318717881e-06
SPOCK2,14,In-frame stop codon,1.4426082425678488e-05
SPOCK3,33,Frameshift,7.667589398161405e-06
SPON1,9,Splice donor,2.5159444993042205e-05
SPON2,46,In-frame stop codon,8.056623046240428e-06
SPOP,1,Splice acceptor,3.1841049480990894e-05
SPOPL,24,Frameshift,8.365109870608773e-06
SPP1,29,Frameshift,3.533300097672936e-05
SPP2,27,In-frame stop codon,9.29308738231475e-06
SPPL2A,28,Frameshift,1.0675598629345137e-05
SPPL2B,16,Splice acceptor,0.0006209098917012933
SPPL2C,41,Frameshift,8.702397993647623e-06
SPPL3,8,Frameshift,3.1699059323130433e-06
SPR,22,Frameshift,1.7177591492127638e-05
SPRED1,17,Frameshift,3.7525189264856496e-06
SPRED2,46,Frameshift,8.532084240415766e-06
SPRED3,33,Frameshift,0.00020161424974629997
SPRN,29,Frameshift,4.911340683358116e-05
SPRR1A,10,Frameshift,1.5188082098646846e-05
SPRR1B,12,Splice donor,0.0006848577121810846
SPRR2A,8,In-frame stop codon,1.562034210067316e-05
SPRR2B,9,In-frame stop codon,1.4032209020684449e-05
SPRR2D,9,In-frame stop codon,9.312202482245875e-05
SPRR2E,8,Frameshift,1.1463141115596334e-05
SPRR2F,8,Frameshift,4.989781723307155e-06
SPRR2G,7,Frameshift,0.00026788970289487484
SPRR3,43,Frameshift,2.3608393211755194e-05
SPRR4,15,Frameshift,4.4910251223902726e-05
SPRTN,15,Frameshift,8.056797199831326e-06
SPRY1,20,Frameshift,8.383774767877293e-06
SPRY2,9,Splice acceptor,1.7021794390533438e-05
SPRY3,18,Frameshift,9.101289975925783e-06
SPRY4,16,Frameshift,1.573827868045759e-05
SPRYD3,22,In-frame stop codon,0.00041729711150417223
SPRYD4,21,Frameshift,1.1246090651477405e-05
SPRYD7,11,Splice donor,5.910339733906482e-06
SPSB1,8,Frameshift,6.572843470702592e-06
SPSB2,40,Frameshift,2.2458264933890673e-05
SPSB3,22,Frameshift,1.0048873136332615e-05
SPSB4,26,Frameshift,7.767605791043982e-06
SPTA1,105,In-frame stop codon,6.943503402023138e-06
SPTAN1,41,In-frame stop codon,1.0075832106060863e-05
SPTB,48,In-frame stop codon,0.00012320780674235883
SPTBN1,21,Splice donor,4.185815491829347e-06
SPTBN2,78,In-frame stop codon,1.4788060576750728e-05
SPTBN4,56,In-frame stop codon,1.1251647162482284e-05
SPTBN5,475,In-frame stop codon,0.00010553174646095102
SPTLC1,56,Splice acceptor,1.3112771577325927e-05
SPTLC2,17,Frameshift,1.6573633799933857e-05
SPTLC3,42,Frameshift,2.8701001329991634e-05
SPTSSA,7,Start codon lost,4.989622184091369e-05
SPTSSB,10,In-frame stop codon,5.6059255846162025e-06
SPTY2D1,12,Frameshift,8.966786574968052e-06
SPTY2D1-AS1,1,Splice acceptor,6.569438969911969e-05
SPZ1,30,Frameshift,0.0001887577379496744
SQLE,27,Frameshift,8.667910291024127e-05
SQRDL,40,Frameshift,1.1496619292134125e-05
SQSTM1,42,Frameshift,9.768087752914642e-06
SRA1,50,Frameshift,0.003535495061204012
SRBD1,78,In-frame stop codon,9.723907280675886e-06
SRC,10,Frameshift,5.737654292875286e-06
SRCAP,53,Frameshift,1.578223184493294e-05
SRCIN1,30,Frameshift,1.4208828027898111e-05
SRCRB4D,49,Frameshift,1.5721621990515944e-05
SRD5A1,29,In-frame stop codon,1.2177473897139599e-05
SRD5A2,7,Splice acceptor,7.571777648936844e-06
SRD5A3,28,Frameshift,3.399747968525522e-05
SREBF1,82,Frameshift,0.00012274051697452472
SREBF2,49,Frameshift,2.566154177641431e-05
SREK1,29,Frameshift,6.158350854495255e-06
SREK1IP1,26,Frameshift,0.0009324592755072934
SRF,3,Frameshift,1.325602420019778e-06
SRFBP1,48,Frameshift,1.8923201654166616e-05
SRGAP1,33,Frameshift,2.2680735651965786e-05
SRGAP2,46,Frameshift,1.1050125734403252e-05
SRGAP2B,2,Splice acceptor,2.3114943278491723e-05
SRGAP2C,11,Splice acceptor,2.271701953073072e-05
SRGAP3,28,Frameshift,5.987484200685285e-06
SRGN,5,Frameshift,8.756447862380178e-06
SRI,35,Frameshift,7.997124004722426e-06
SRL,24,Frameshift,1.0362150071361444e-05
SRM,25,Frameshift,2.8706346813741733e-05
SRMS,49,Frameshift,1.4541455091824885e-05
SRP14,12,Frameshift,5.7426843281381094e-05
SRP19,18,In-frame stop codon,8.89271124483072e-06
SRP54,7,Frameshift,7.429982536978851e-06
SRP68,16,In-frame stop codon,4.982162925231853e-06
SRP72,37,Frameshift,8.37881972046146e-06
SRP9,19,Frameshift,1.0293339935185553e-05
SRPK1,50,Frameshift,0.006244018751082718
SRPK2,26,In-frame stop codon,1.0138138580633456e-05
SRPK3,31,Frameshift,0.0027290268321573047
SRPR,25,Frameshift,5.9239039604384845e-06
SRPRB,24,Frameshift,1.0517164180648116e-05
SRPX,25,In-frame stop codon,8.245628747677635e-06
SRPX2,14,In-frame stop codon,0.00018506797183675289
SRR,26,Frameshift,1.0729610843514886e-05
SRRD,65,Frameshift,0.00030848486232407595
SRRM1,17,Frameshift,1.099032294609184e-05
SRRM2,59,Frameshift,0.0020723256538234384
SRRM3,32,Frameshift,0.03646752620390733
SRRM4,17,Frameshift,4.7039307514950935e-06
SRRM5,72,Frameshift,4.132496649444907e-05
SRRT,50,Frameshift,2.0083448155133267e-05
SRSF1,6,Splice donor,1.2646381021874373e-05
SRSF10,3,Splice acceptor,1.053951183753869e-05
SRSF11,19,Frameshift,3.122402189411896e-05
SRSF12,14,In-frame stop codon,1.2994291391362279e-05
SRSF2,5,In-frame stop codon,6.82154582724907e-06
SRSF3,6,Splice acceptor,2.8374208879501216e-05
SRSF4,18,Frameshift,9.875587047341066e-05
SRSF5,15,In-frame stop codon,6.0998733759885445e-06
SRSF6,12,In-frame stop codon,9.344696572226954e-06
SRSF7,5,In-frame stop codon,2.3923336380255272e-06
SRSF9,7,In-frame stop codon,0.0001455423149037854
SRXN1,11,In-frame stop codon,2.1729275357583253e-05
SS18,11,Splice donor,1.2439413527631292e-05
SS18L1,29,Frameshift,1.326587864071482e-05
SS18L2,9,Frameshift,9.757402679003337e-06
SSB,26,Frameshift,4.6653703831171735e-06
SSBP1,13,In-frame stop codon,3.3451961887135774e-05
SSBP2,7,Frameshift,5.2925568486254475e-06
SSBP3,5,Frameshift,6.8898339946869445e-06
SSBP4,55,Frameshift,0.029859928173514783
SSC5D,149,Frameshift,1.630213868394443e-05
SSFA2,49,Frameshift,9.688185842879178e-06
SSH1,69,Frameshift,1.1267316872589612e-05
SSH2,30,Frameshift,7.769154260253227e-06
SSH3,61,In-frame stop codon,1.4296254840126959e-05
SSMEM1,34,In-frame stop codon,1.759924792109169e-05
SSNA1,16,In-frame stop codon,4.3605704130400064e-05
SSPN,25,Frameshift,1.7616934163354384e-05
SSR1,16,Splice donor,8.782374560841839e-06
SSR2,14,Frameshift,2.9166796117566847e-05
SSR3,12,In-frame stop codon,4.154850197314733e-06
SSRP1,13,In-frame stop codon,7.961483422453657e-06
SSSCA1,34,In-frame stop codon,7.624415635488003e-06
SST,3,In-frame stop codon,1.327968341234745e-06
SSTR1,17,Frameshift,0.010293648395960852
SSTR2,13,Frameshift,1.0690675869070016e-05
SSTR3,18,Frameshift,9.559864742637291e-06
SSTR4,40,Frameshift,1.36647811099833e-05
SSTR5,29,Frameshift,1.231764842822524e-05
SSU72,17,Frameshift,9.825048349665056e-06
SSUH2,72,Frameshift,2.5044040183495565e-05
SSX1,101,Frameshift,2.9494782463498745e-05
SSX2IP,54,Frameshift,8.196970161341768e-06
SSX3,18,Splice acceptor,1.0681095580409191e-05
SSX4,1,Splice acceptor,1.7932234087383775e-05
SSX4B,2,Frameshift,3.8452587104267204e-05
SSX5,20,In-frame stop codon,4.022706439559934e-05
SSX7,20,Frameshift,1.9861177928294563e-05
ST13,9,In-frame stop codon,3.724721399344742e-05
ST14,27,Frameshift,3.419562549322599e-06
ST18,19,Frameshift,7.163740157002092e-06
ST3GAL1,8,Frameshift,4.484603457885755e-06
ST3GAL2,7,Frameshift,8.603050475724619e-06
ST3GAL3,22,Frameshift,1.1285305224232852e-05
ST3GAL4,20,Splice donor,7.860963900792553e-06
ST3GAL5,45,Frameshift,9.74329582973881e-05
ST3GAL6,40,Frameshift,1.6173766876060195e-05
ST5,45,Frameshift,7.587033282844452e-06
ST6GAL1,13,Frameshift,6.460990364593946e-06
ST6GAL2,36,Frameshift,6.156468950933463e-05
ST6GALNAC1,54,Frameshift,1.4690715357533108e-05
ST6GALNAC2,43,Frameshift,1.2083598269981688e-05
ST6GALNAC3,24,Frameshift,8.030246745654502e-06
ST6GALNAC4,20,In-frame stop codon,1.8328952388310537e-05
ST6GALNAC5,17,Frameshift,1.138272441304872e-05
ST6GALNAC6,26,Frameshift,3.383518231491986e-05
ST7,29,Frameshift,3.972767483749269e-05
ST7L,62,Frameshift,1.137381429286748e-05
ST8SIA1,37,Frameshift,1.9847276130776273e-05
ST8SIA2,20,In-frame stop codon,5.598676827961233e-05
ST8SIA3,13,Frameshift,1.1946501262384464e-05
ST8SIA4,12,In-frame stop codon,5.997052060766076e-06
ST8SIA5,27,Frameshift,2.1118478460285724e-05
ST8SIA6,39,Frameshift,6.166320035072195e-06
STAB1,234,Frameshift,1.0213426865011576e-05
STAB2,267,Frameshift,2.7173706959003086e-05
STAC,39,Frameshift,1.296108620921151e-05
STAC2,33,Frameshift,1.0447887951247107e-05
STAC3,30,Frameshift,1.2058890412288271e-05
STAG1,16,Splice acceptor,1.0763343443964215e-05
STAG2,12,Splice acceptor,5.463098962094704e-05
STAG3,94,Frameshift,1.5688931283955564e-05
STAM,16,Frameshift,5.983444191940569e-06
STAM2,44,Frameshift,1.0536105429091244e-05
STAMBP,31,In-frame stop codon,8.274579085415063e-06
STAMBPL1,41,In-frame stop codon,6.982421949647451e-06
STAP1,26,Frameshift,1.2181009005082427e-05
STAP2,59,Frameshift,0.0001726711292237857
STAR,30,Frameshift,1.0439214233078302e-05
STARD10,43,Frameshift,1.427484955529504e-05
STARD13,54,In-frame stop codon,8.27296987928444e-06
STARD3,40,In-frame stop codon,1.37098656089238e-05
STARD3NL,13,Splice donor,4.297353360621799e-06
STARD4,38,Frameshift,1.4271726741123771e-05
STARD5,23,In-frame stop codon,2.0586982376563237e-05
STARD6,27,Frameshift,0.0011048491073736956
STARD7,14,Frameshift,5.435635193557531e-06
STARD8,35,Frameshift,9.869546107695957e-06
STARD9,288,Frameshift,2.6747783898703477e-05
STAT1,20,Frameshift,5.914978379382308e-06
STAT2,29,In-frame stop codon,9.611322771028136e-06
STAT3,7,Splice acceptor,1.478493990898084e-05
STAT4,22,In-frame stop codon,2.2726605554025017e-05
STAT5A,28,Frameshift,1.1010003480965593e-05
STAT5B,13,Frameshift,8.355256596365367e-06
STAT6,27,Frameshift,4.1722462947743356e-06
STATH,18,In-frame stop codon,6.949778443970521e-05
STAU1,27,Frameshift,0.011296732421781398
STAU2,42,Frameshift,0.023567210265896373
STC1,4,In-frame stop codon,9.97040473342774e-06
STC2,10,In-frame stop codon,8.683587251665955e-05
STEAP1,33,Frameshift,6.388648648699439e-06
STEAP1B,33,Frameshift,4.315598690583317e-05
STEAP2,41,Frameshift,1.3666166842079509e-05
STEAP3,43,Frameshift,2.407019808943448e-05
STEAP4,39,In-frame stop codon,3.443734714310896e-05
STH,19,Frameshift,7.042758626849058e-06
STIL,37,Frameshift,5.636874602453523e-06
STIM1,14,In-frame stop codon,4.838388937693007e-06
STIM2,36,Frameshift,1.125758843296099e-05
STIP1,25,In-frame stop codon,3.863378459346193e-05
STK10,85,Frameshift,1.284632469073482e-05
STK11,17,In-frame stop codon,1.0285678002353327e-05
STK11IP,123,Frameshift,0.0076830589204549046
STK16,33,Frameshift,1.777790150619674e-05
STK17A,31,Frameshift,1.2354358722780673e-05
STK17B,15,Frameshift,6.087020908376649e-06
STK24,22,Frameshift,9.131388085477118e-06
STK25,28,Frameshift,8.178081687892286e-06
STK3,30,Frameshift,1.0485693580251085e-05
STK31,46,Frameshift,0.006157497996438043
STK32A,41,Frameshift,1.0865373981651803e-05
STK32B,41,Frameshift,8.077416667918846e-06
STK32C,46,In-frame stop codon,7.688131469203624e-05
STK33,51,Frameshift,0.0001703686185191638
STK35,26,Frameshift,3.1715569504660306e-05
STK36,94,Frameshift,1.293083590992312e-05
STK38,25,Frameshift,0.00014167235072555195
STK38L,17,Frameshift,7.088903770456127e-06
STK39,18,Frameshift,5.0454053977929186e-06
STK4,22,In-frame stop codon,2.532122874797799e-05
STK40,16,Frameshift,4.845936232573667e-06
STMN1,6,In-frame stop codon,1.1483466720863148e-05
STMN2,5,In-frame stop codon,7.177408338304627e-06
STMN3,9,Frameshift,5.652681815611381e-06
STMN4,17,In-frame stop codon,1.3745066367694497e-05
STMND1,24,Frameshift,2.9443793717747596e-05
STOM,19,Frameshift,1.7413425210122074e-05
STOML1,40,In-frame stop codon,1.4755183323358383e-05
STOML2,17,Frameshift,4.682667860627839e-06
STOML3,33,Frameshift,3.6848949814502186e-05
STON1,63,Frameshift,1.669354340276221e-05
STON2,53,Frameshift,1.287600112960321e-05
STOX1,69,Frameshift,2.000237560994088e-05
STOX2,34,Frameshift,0.00025636777387913365
STPG1,45,Frameshift,2.1034357329230423e-05
STPG2,51,Frameshift,2.539389382686201e-05
STRA13,27,Frameshift,0.00046415632689036956
STRA6,77,Frameshift,2.8196799762023194e-05
STRA8,23,Frameshift,1.1601188256213254e-05
STRADA,33,Frameshift,9.94470315799369e-06
STRADB,27,Frameshift,8.00219327823462e-06
STRAP,22,Frameshift,1.4032733393821188e-05
STRBP,10,Frameshift,1.1580321339655957e-05
STRC,102,Frameshift,2.6282251173598776e-05
STRIP1,38,Frameshift,8.001992804021238e-06
STRIP2,67,Frameshift,1.907953382657161e-05
STRN,28,Frameshift,8.792082228250333e-06
STRN3,35,Frameshift,1.5838504239084084e-05
STRN4,31,Frameshift,8.701685990752501e-06
STS,6,Frameshift,3.641310513876187e-06
STT3A,28,In-frame stop codon,1.4457493145008198e-05
STT3B,23,Frameshift,0.00012777908841573303
STUB1,20,Frameshift,0.0255596702726819
STX10,57,Frameshift,4.544544114457366e-05
STX11,18,In-frame stop codon,1.1132674029024268e-05
STX12,18,Frameshift,7.728266329075394e-06
STX16,15,In-frame stop codon,6.749256187147385e-05
STX17,21,Frameshift,1.8304987278743584e-05
STX18,34,Frameshift,1.823139089049873e-05
STX19,36,Frameshift,1.150027827104245e-05
STX1A,18,Frameshift,4.877890825531534e-06
STX1B,5,Frameshift,2.3930266736023034e-06
STX2,29,Frameshift,8.873728201344237e-06
STX3,16,In-frame stop codon,9.557788427730069e-06
STX4,31,In-frame stop codon,9.48782132085245e-06
STX5,26,Frameshift,6.026732154316581e-05
STX6,28,Frameshift,7.310908388146098e-06
STX7,19,In-frame stop codon,6.083534460460367e-06
STX8,27,In-frame stop codon,7.024643728866871e-06
STXBP1,7,Frameshift,5.142998032015242e-06
STXBP2,49,Frameshift,1.343782576475639e-05
STXBP3,36,In-frame stop codon,5.668294132146045e-06
STXBP4,59,Frameshift,0.01284223771555134
STXBP5,31,Frameshift,9.454771483304611e-06
STXBP5L,32,Frameshift,1.2277118759306989e-05
STXBP6,22,In-frame stop codon,7.7912154089115e-06
STYK1,35,Frameshift,1.6513509773248312e-05
STYX,17,Splice acceptor,5.513793140973693e-06
STYXL1,35,Frameshift,2.0501915870900125e-05
SUB1,3,Frameshift,2.698809846727758e-06
SUCLA2,38,Frameshift,2.31567167650908e-05
SUCLG1,22,Frameshift,8.399019223339943e-06
SUCLG2,60,Frameshift,4.0549475077897934e-05
SUCNR1,32,Frameshift,8.331772778413283e-05
SUCO,61,Frameshift,2.2328046040052965e-05
SUDS3,25,Frameshift,4.4064599869725e-05
SUFU,15,Frameshift,2.936526345958663e-05
SUGCT,65,Frameshift,1.70753820737248e-05
SUGP1,20,Frameshift,6.950890387158604e-06
SUGP2,34,Frameshift,1.2463267006939798e-05
SUGT1,24,Splice donor,1.2938924302505543e-05
SULF1,46,Frameshift,8.141495167255017e-06
SULF2,31,In-frame stop codon,5.902344666631379e-06
SULT1A1,50,Frameshift,0.0002289716192538611
SULT1A2,55,Frameshift,7.29067890729657e-05
SULT1A3,8,Frameshift,2.974311877097083e-05
SULT1A4,12,Frameshift,2.7503184860749173e-05
SULT1B1,34,Frameshift,1.6393477408107767e-05
SULT1C2,41,Frameshift,9.033121518411266e-05
SULT1C3,47,Frameshift,0.0067707865685349275
SULT1C4,27,Frameshift,0.0002768800226176223
SULT1E1,32,In-frame stop codon,9.97182078594097e-06
SULT2A1,40,In-frame stop codon,1.4552440360788218e-05
SULT2B1,13,In-frame stop codon,9.176570821484627e-06
SULT4A1,9,In-frame stop codon,4.929090843673325e-06
SULT6B1,43,In-frame stop codon,1.2217657545832165e-05
SUMF1,42,Splice acceptor,1.3114897920990339e-05
SUMF2,58,Frameshift,9.471712109571804e-05
SUMO1,6,In-frame stop codon,1.740998868126664e-05
SUMO2,1,Splice acceptor,0.0
SUMO3,31,Frameshift,0.0020771162144335486
SUMO4,12,Frameshift,0.00017867098917890832
SUN1,100,Frameshift,0.00013329348553537518
SUN2,63,In-frame stop codon,2.4720423319404396e-05
SUN3,51,In-frame stop codon,1.967260218496037e-05
SUN5,55,In-frame stop codon,1.5115516433735618e-05
SUOX,47,Frameshift,1.4098994163007759e-05
SUPT16H,21,Frameshift,2.3964132239183213e-05
SUPT20H,66,Frameshift,6.3623707652820035e-06
SUPT20HL1,4,Splice acceptor,1.0591639031453971e-05
SUPT3H,48,Frameshift,3.224566267213641e-05
SUPT4H1,14,Splice acceptor,1.0333051085059872e-05
SUPT5H,12,Frameshift,5.431168562119675e-06
SUPT6H,15,Splice acceptor,2.3815412832039934e-05
SUPT7L,17,Frameshift,1.5548301834596607e-05
SUPV3L1,31,Frameshift,7.184531125043849e-06
SURF1,54,Frameshift,5.164226756092105e-05
SURF2,42,Frameshift,1.4369455895699087e-05
SURF4,16,In-frame stop codon,6.749416340404878e-05
SURF6,44,Frameshift,9.53181538074396e-06
SUSD1,72,Frameshift,0.00012421970849009232
SUSD2,82,In-frame stop codon,2.0723576592748148e-05
SUSD3,25,Frameshift,3.1182736921173566e-05
SUSD4,56,Frameshift,1.288196442581614e-05
SUSD5,43,In-frame stop codon,1.5933166807813156e-05
SUV39H1,6,Frameshift,6.771439215978575e-05
SUV39H2,10,In-frame stop codon,1.1891961743591138e-05
SUV420H1,14,Frameshift,1.9461498129211567e-05
SUV420H2,22,Frameshift,1.1246980866440677e-05
SUZ12,27,Frameshift,6.933580068684541e-05
SV2A,18,In-frame stop codon,3.5372973742476597e-06
SV2B,26,In-frame stop codon,7.364651718159025e-06
SV2C,45,Frameshift,1.1001874466332516e-05
SVEP1,115,In-frame stop codon,9.947428960679945e-06
SVIL,69,Frameshift,6.083294037829875e-06
SVIP,22,Frameshift,4.899248945236614e-05
SVOP,12,In-frame stop codon,4.527918065943398e-06
SVOPL,48,Frameshift,6.15560094440099e-05
SWAP70,26,Frameshift,4.626246654784872e-06
SWI5,21,Frameshift,1.1080333178568557e-05
SWSAP1,23,Frameshift,1.2938592971847607e-05
SWT1,31,Frameshift,1.2727131909190377e-05
SYAP1,4,In-frame stop codon,7.75239159522112e-06
SYBU,34,Frameshift,6.860219112474833e-06
SYCE1,47,Frameshift,1.654563209470378e-05
SYCE1L,42,Frameshift,0.0001192799792639178
SYCE2,6,Splice acceptor,8.014992169763295e-06
SYCE3,2,Frameshift,9.526068625872932e-06
SYCN,19,Frameshift,1.3205535859844002e-05
SYCP1,45,Frameshift,0.0009377929929729199
SYCP2,46,Frameshift,5.934789642562073e-05
SYCP2L,82,Frameshift,8.986556991565146e-06
SYCP3,33,Frameshift,1.5224104706644388e-05
SYDE1,52,Frameshift,1.2944029574505597e-05
SYDE2,95,Frameshift,3.169997838407243e-05
SYF2,16,Frameshift,1.195941630138761e-05
SYK,16,Frameshift,7.816934901593563e-06
SYMPK,29,Frameshift,6.692694891572041e-06
SYN1,18,Frameshift,9.39512807846941e-06
SYN2,7,Splice donor,9.310787051369067e-05
SYN3,33,Frameshift,1.1295862940364208e-05
SYNC,41,Frameshift,4.119020804885425e-05
SYNCRIP,7,Frameshift,4.575545295675826e-06
SYNDIG1,7,Frameshift,5.6852666667103375e-06
SYNDIG1L,10,In-frame stop codon,1.3223496086951427e-05
SYNE1,386,In-frame stop codon,2.4735124821358432e-05
SYNE2,360,Frameshift,0.00024699362500139925
SYNE3,85,In-frame stop codon,7.16612500730938e-05
SYNE4,58,In-frame stop codon,1.3869971333427488e-05
SYNGAP1,68,Frameshift,0.0002379701828393799
SYNGR1,17,In-frame stop codon,6.802451624127366e-05
SYNGR2,37,Frameshift,0.00021664422199103628
SYNGR3,28,In-frame stop codon,1.4379722822196114e-05
SYNGR4,31,Frameshift,0.0002206802877887393
SYNJ1,63,Frameshift,9.949255792594421e-06
SYNJ2,120,Frameshift,2.4765953148121862e-05
SYNJ2BP,5,Frameshift,1.775647280811644e-05
SYNM,148,Frameshift,0.006918118512964531
SYNPO,30,Frameshift,2.383304473567595e-05
SYNPO2,54,Frameshift,9.105501634187202e-06
SYNPO2L,68,Frameshift,3.65533668221058e-05
SYNPR,20,In-frame stop codon,7.95508723394708e-06
SYNRG,39,Frameshift,1.2903149666903725e-05
SYP,3,Start codon lost,8.302170802616557e-06
SYPL1,19,Frameshift,1.5133506990852206e-05
SYPL2,19,Frameshift,9.548638301091552e-06
SYS1,11,In-frame stop codon,1.2591678098821943e-05
SYT1,13,Frameshift,1.9275282253173058e-05
SYT10,38,Frameshift,7.152598056421746e-06
SYT11,6,In-frame stop codon,8.623473542434315e-06
SYT12,25,Frameshift,8.050273121645162e-06
SYT13,15,Frameshift,9.612014072557129e-06
SYT14,30,Frameshift,1.7136696344452396e-05
SYT15,107,Frameshift,9.33261956157025e-05
SYT16,32,In-frame stop codon,1.2460019002725055e-05
SYT17,36,Frameshift,8.115211945089549e-06
SYT2,6,Frameshift,3.981215686029807e-06
SYT3,17,Frameshift,8.367827681160793e-06
SYT4,17,In-frame stop codon,7.916278645540562e-06
SYT5,37,Frameshift,1.5720262635548833e-05
SYT6,24,Frameshift,1.6355482564398195e-05
SYT7,16,Frameshift,1.236016540644996e-05
SYT8,71,In-frame stop codon,4.641608951525249e-05
SYT9,21,Frameshift,1.3555895407761171e-05
SYTL1,62,Frameshift,2.4232593708537304e-05
SYTL2,177,Frameshift,5.179336835825179e-05
SYTL3,108,Frameshift,0.00011060137762457136
SYTL4,12,Frameshift,2.1794117486422936e-05
SYTL5,19,In-frame stop codon,1.3277093186309455e-05
SYVN1,34,Frameshift,0.00011388672208694522
SZRD1,8,Frameshift,2.7544107467923777e-05
SZT2,147,Frameshift,7.87963267545765e-06
T,24,In-frame stop codon,0.00016231104993764617
TAAR1,31,Frameshift,1.6960421176507265e-05
TAAR2,34,In-frame stop codon,0.0011204970899098541
TAAR5,31,Frameshift,1.0375020205256535e-05
TAAR6,17,Frameshift,1.0826757868683614e-05
TAAR8,20,Frameshift,6.323389294534983e-05
TAAR9,27,In-frame stop codon,0.028068138162444484
TAB1,29,Frameshift,8.800243119650173e-06
TAB2,10,Frameshift,1.7654709303987325e-05
TAB3,11,In-frame stop codon,5.1392072887748615e-06
TAC1,7,Frameshift,6.85530803698763e-06
TAC3,7,Frameshift,1.8184965440582487e-05
TAC4,26,Frameshift,0.000773428409755467
TACC1,48,Frameshift,1.024183404154299e-05
TACC2,168,Frameshift,1.834097401483449e-05
TACC3,58,Frameshift,9.089626390710994e-06
TACO1,27,Frameshift,4.8688361228784e-06
TACR1,20,Frameshift,1.0191847489540857e-05
TACR2,40,Frameshift,2.1136376767682915e-05
TACR3,33,In-frame stop codon,1.632647121852815e-05
TACSTD2,23,Frameshift,1.1035873650381411e-05
TADA1,20,Frameshift,1.5950658144277698e-05
TADA2A,40,Frameshift,8.625230798851876e-06
TADA2B,9,In-frame stop codon,5.884157491549201e-06
TADA3,23,Frameshift,6.152850395271084e-06
TAF1,20,Frameshift,3.7163098683473946e-05
TAF10,4,Frameshift,8.910326474362021e-06
TAF11,7,Frameshift,5.124641538510708e-06
TAF12,2,Frameshift,9.972493750341955e-06
TAF13,11,Frameshift,1.0751009303646098e-05
TAF15,77,Frameshift,7.622623407270151e-05
TAF1A,43,Frameshift,2.7416600944739236e-05
TAF1B,78,Frameshift,0.0021706609002957802
TAF1C,96,Frameshift,1.0005643308502927e-05
TAF1D,72,Frameshift,1.7792609747489325e-05
TAF1L,44,Frameshift,8.324279718811046e-06
TAF2,50,Frameshift,6.297564810799055e-06
TAF3,19,Frameshift,6.325631763911326e-05
TAF4,27,Frameshift,5.891508189443625e-05
TAF4B,27,In-frame stop codon,2.828358775095033e-05
TAF5,13,Frameshift,1.006060430398431e-05
TAF5L,15,Frameshift,6.6947428057613045e-06
TAF6,56,Frameshift,0.00013333353373634578
TAF6L,22,Frameshift,5.378409411541197e-05
TAF7,7,Frameshift,2.274279474794691e-06
TAF7L,12,Frameshift,6.1862509858361095e-06
TAF8,74,Frameshift,0.00027111558984402307
TAF9,40,Frameshift,9.646824756589696e-06
TAF9B,53,Frameshift,1.3156527023541637e-05
TAGAP,24,Frameshift,8.46598493336257e-06
TAGLN,14,Frameshift,1.0135656991783619e-05
TAGLN2,15,In-frame stop codon,1.1987089380681725e-05
TAGLN3,19,In-frame stop codon,3.706694211870503e-05
TAL1,35,Frameshift,6.913126659634365e-05
TAL2,8,Frameshift,8.11177300824415e-06
TALDO1,37,Frameshift,9.25616088424764e-06
TAMM41,51,Frameshift,0.0021432802694744293
TANC1,62,Frameshift,8.481316954075923e-06
TANC2,34,Frameshift,1.832284998765571e-05
TANGO2,38,In-frame stop codon,0.00019095545197034085
TANGO6,63,Frameshift,8.750958427152684e-06
TANK,23,Frameshift,1.0358472112436433e-05
TAOK1,25,In-frame stop codon,3.180699868944077e-06
TAOK2,54,Frameshift,7.404640479973781e-06
TAOK3,28,In-frame stop codon,8.319452046333242e-06
TAP1,40,In-frame stop codon,1.216121395019126e-05
TAP2,43,In-frame stop codon,0.007368795722407852
TAPBP,51,Frameshift,1.9730796121586433e-05
TAPBPL,46,Frameshift,1.2568961001837583e-05
TAPT1,29,Frameshift,7.467042393320189e-06
TARBP1,169,Frameshift,3.522840379254853e-05
TARBP2,18,In-frame stop codon,9.242517231260213e-06
TARDBP,10,Frameshift,1.3771008529911651e-05
TARM1,39,Frameshift,9.760724532744011e-05
TARS,84,Frameshift,6.838240927439185e-05
TARS2,51,In-frame stop codon,5.936118855493354e-06
TARSL2,79,Frameshift,9.085583789937782e-06
TAS1R1,64,Frameshift,7.191708274805355e-05
TAS1R2,46,In-frame stop codon,2.156003495319934e-05
TAS1R3,94,Frameshift,3.46514658525273e-05
TAS2R1,24,Frameshift,9.18615135694731e-06
TAS2R10,24,Frameshift,0.0001555576999878917
TAS2R13,28,Frameshift,2.279432300846101e-05
TAS2R14,34,Frameshift,2.94914300389092e-05
TAS2R16,21,Frameshift,9.95632229660324e-06
TAS2R19,41,Frameshift,0.0007543956649990662
TAS2R20,30,Frameshift,3.973728910955942e-05
TAS2R3,27,Frameshift,6.708571958555003e-05
TAS2R30,35,Frameshift,4.7406627872828565e-05
TAS2R31,34,Frameshift,1.409345309824561e-05
TAS2R38,20,Frameshift,1.2587113649038868e-05
TAS2R39,32,Frameshift,1.5085453681738342e-05
TAS2R4,32,Frameshift,9.6067529974067e-06
TAS2R40,19,Frameshift,5.7520970043089344e-05
TAS2R41,34,In-frame stop codon,1.6774232763899242e-05
TAS2R42,38,Frameshift,1.6708908955215684e-05
TAS2R43,41,Frameshift,0.0011406835582293089
TAS2R46,33,Frameshift,0.007222483022275417
TAS2R5,21,In-frame stop codon,1.6670396861977883e-05
TAS2R50,28,Frameshift,0.00010449180854921708
TAS2R60,29,Frameshift,1.8961362697513428e-05
TAS2R7,26,Frameshift,0.0003931197797435003
TAS2R8,23,Frameshift,0.0006834760005861535
TAS2R9,23,Frameshift,9.882691859150589e-06
TASP1,23,Frameshift,1.502798490804938e-05
TAT,17,Frameshift,7.03179301363243e-06
TATDN1,82,Frameshift,1.3641924716322692e-05
TATDN2,44,Frameshift,7.694017263571884e-06
TATDN3,43,Frameshift,0.0006357507487648086
TAX1BP1,56,In-frame stop codon,1.1479363363056266e-05
TAX1BP3,9,Frameshift,7.637699924832737e-06
TAZ,5,Frameshift,9.863197516325034e-06
TBATA,46,Frameshift,1.0716875281666972e-05
TBC1D1,108,Frameshift,1.228951020880569e-05
TBC1D10A,25,Frameshift,1.828508632006597e-05
TBC1D10B,30,In-frame stop codon,8.042146044571873e-06
TBC1D10C,44,In-frame stop codon,1.790721038277276e-05
TBC1D12,49,Frameshift,6.838836937452521e-06
TBC1D13,19,In-frame stop codon,3.560224956463317e-06
TBC1D14,27,In-frame stop codon,1.2572003681299371e-05
TBC1D15,40,Frameshift,1.0344583001220193e-05
TBC1D16,62,Frameshift,9.482585687934964e-06
TBC1D17,75,Frameshift,1.037429169900152e-05
TBC1D19,36,Splice acceptor,2.4480644658532715e-05
TBC1D2,87,Frameshift,2.1602346574043804e-05
TBC1D20,11,Frameshift,7.680204364538205e-06
TBC1D21,24,In-frame stop codon,8.831729679141273e-06
TBC1D22A,32,Frameshift,1.000581724504222e-05
TBC1D22B,21,In-frame stop codon,1.2772032485242063e-05
TBC1D23,38,Frameshift,1.478784939067021e-05
TBC1D24,45,Frameshift,2.488875148756168e-05
TBC1D25,15,Frameshift,6.096044520530234e-06
TBC1D26,33,In-frame stop codon,2.2946148300420484e-05
TBC1D28,36,In-frame stop codon,5.178538062603219e-05
TBC1D2B,68,In-frame stop codon,1.6910813565131044e-05
TBC1D3,26,Frameshift,4.918504122079389e-05
TBC1D30,29,Frameshift,2.4521725479040907e-05
TBC1D31,114,Frameshift,0.0017263859627635312
TBC1D32,127,Frameshift,1.9710528907748368e-05
TBC1D3B,21,Frameshift,5.0232535727046556e-05
TBC1D3C,29,In-frame stop codon,0.009773292495559374
TBC1D3F,26,Frameshift,2.0942111710848996e-05
TBC1D3G,36,Frameshift,4.29260316885275e-05
TBC1D3H,22,Frameshift,0.0018745437073772366
TBC1D4,93,In-frame stop codon,1.1250373028909615e-05
TBC1D5,68,In-frame stop codon,1.2076621694990856e-05
TBC1D7,41,Frameshift,1.0480472008125281e-05
TBC1D8,84,Frameshift,2.8198757625777717e-05
TBC1D8B,85,Frameshift,8.020188904518578e-05
TBC1D9,32,In-frame stop codon,6.068356952270875e-06
TBC1D9B,84,Frameshift,9.674907168850048e-06
TBCA,18,Frameshift,0.0001656661457738884
TBCB,19,Frameshift,1.681769861507132e-05
TBCC,30,Frameshift,6.0640977693017815e-05
TBCCD1,28,Frameshift,1.1957216767659475e-05
TBCD,112,Frameshift,9.304497734500913e-05
TBCE,56,Frameshift,1.1966132868659568e-05
TBCEL,14,Start codon lost,6.383353631012977e-06
TBCK,70,Frameshift,0.002298353660041499
TBK1,41,Frameshift,1.2272768402280707e-05
TBKBP1,32,Frameshift,1.4947905660890793e-05
TBL1X,13,Frameshift,3.871521717884034e-05
TBL1XR1,6,Splice acceptor,0.0
TBL1Y,19,In-frame stop codon,0.00010092171931090068
TBL2,31,Frameshift,9.45192942664905e-05
TBL3,57,In-frame stop codon,8.4821799775209e-06
TBP,60,Frameshift,0.0029404453634430503
TBPL1,4,Splice acceptor,4.04784397288234e-06
TBPL2,36,Frameshift,4.962936810587928e-05
TBR1,8,Start codon lost,1.0214920926840255e-05
TBRG1,31,Frameshift,6.130613987197437e-05
TBRG4,36,In-frame stop codon,1.4327595247928911e-05
TBX1,22,Frameshift,4.006187124484139e-05
TBX10,40,Frameshift,1.6161834933072356e-05
TBX15,22,In-frame stop codon,5.810524520497731e-05
TBX18,12,In-frame stop codon,9.0107833130596e-06
TBX19,35,Frameshift,2.329652152302517e-05
TBX2,10,Frameshift,7.137120423440189e-06
TBX20,5,Frameshift,3.223686714224776e-06
TBX21,12,Frameshift,9.173711097425294e-06
TBX22,7,Frameshift,1.2484474560245241e-05
TBX3,9,Frameshift,1.5902997335853668e-05
TBX4,16,Frameshift,1.2365807221908872e-05
TBX5,9,Frameshift,8.846696726794674e-06
TBX6,39,Frameshift,1.3091241649589701e-05
TBXA2R,45,Frameshift,1.4425477976577493e-05
TBXAS1,84,Frameshift,1.2180036415857104e-05
TC2N,55,Frameshift,1.1390650149283666e-05
TCAIM,44,Frameshift,9.908703586219951e-06
TCAP,15,Frameshift,1.039811597406851e-05
TCEA1,14,Frameshift,6.441151625906811e-06
TCEA2,26,In-frame stop codon,1.4027997839956031e-05
TCEA3,36,Frameshift,9.761002262691835e-05
TCEAL1,4,Frameshift,2.7836864980659013e-06
TCEAL2,9,Frameshift,5.710049264150226e-06
TCEAL3,7,Frameshift,2.290751303738985e-05
TCEAL4,30,Frameshift,0.0009315962897123031
TCEAL5,5,Frameshift,6.5408760874516275e-06
TCEAL6,13,Frameshift,0.09758543824611242
TCEAL7,2,Frameshift,1.1317434457745465e-05
TCEAL8,1,Start codon lost,4.544008724496751e-05
TCEANC,26,Frameshift,1.5151595008154173e-05
TCEANC2,27,Frameshift,7.584787502422103e-06
TCEB1,10,Frameshift,0.00013890692073819448
TCEB2,21,Frameshift,3.652500812464191e-05
TCEB3,10,Frameshift,1.4151289905594367e-05
TCEB3B,74,Frameshift,3.892197621871649e-05
TCERG1,53,Frameshift,9.224250294748437e-06
TCERG1L,44,Frameshift,1.3716049789657635e-05
TCF12,43,Frameshift,9.078773586894148e-06
TCF15,18,Frameshift,1.1562782340051525e-05
TCF19,33,Frameshift,0.00031130843394931886
TCF20,11,Frameshift,1.2093715928204767e-05
TCF21,7,Frameshift,1.4814674291997818e-05
TCF23,18,Frameshift,1.0939098340710597e-05
TCF24,11,Frameshift,1.3929263251955111e-05
TCF25,81,Frameshift,0.0023877102674084707
TCF3,57,Frameshift,0.00017446781852391118
TCF4,44,Frameshift,1.7281522280661955e-05
TCF7,70,Frameshift,2.8688191798721166e-05
TCF7L1,20,Frameshift,1.1992122701082537e-05
TCF7L2,30,Frameshift,1.2318071799119003e-05
TCFL5,11,Frameshift,1.0550748521116489e-05
TCHH,276,Frameshift,4.784104968745229e-05
TCHHL1,62,Frameshift,0.0005139808819211029
TCHP,59,In-frame stop codon,2.9565449067634785e-05
TCIRG1,82,Frameshift,1.3426783237449922e-05
TCL1A,20,In-frame stop codon,4.5992986301179236e-06
TCL1B,36,Frameshift,3.885596728090699e-05
TCN1,53,Frameshift,5.590522043989107e-05
TCN2,43,Frameshift,1.2124072933468912e-05
TCOF1,41,Frameshift,5.117156665900861e-06
TCP1,13,Frameshift,6.147737414313958e-06
TCP10L,24,Frameshift,8.113151063385552e-05
TCP11,62,Frameshift,0.00156244317873635
TCP11L1,30,Frameshift,0.010533622907279891
TCP11L2,63,Frameshift,1.2513203231526758e-05
TCP11X1,2,Frameshift,1.0002200484106503e-05
TCP11X2,5,In-frame stop codon,0.025025439647301383
TCTA,11,In-frame stop codon,5.444045832797657e-06
TCTE3,30,Frameshift,9.12530303316222e-06
TCTEX1D1,22,Frameshift,0.006171820110981957
TCTEX1D2,16,Frameshift,6.98426474898435e-05
TCTEX1D4,19,Frameshift,0.00016202274689464281
TCTN1,76,Frameshift,1.7195245647098454e-05
TCTN2,60,Frameshift,9.557425275347956e-06
TCTN3,70,Frameshift,1.7645969194635847e-05
TDG,82,Frameshift,0.00681344439861022
TDGF1,28,Frameshift,9.80071318424478e-06
TDO2,48,Frameshift,1.2932178060597495e-05
TDP1,78,Frameshift,0.000524523142828969
TDP2,46,Frameshift,9.135892396959995e-06
TDRD1,33,Frameshift,1.3032630770726507e-05
TDRD10,43,Frameshift,1.648184603171151e-05
TDRD12,117,Frameshift,1.6062026485954468e-05
TDRD15,61,Frameshift,1.1560076931446329e-05
TDRD3,42,Frameshift,1.1055123212663567e-05
TDRD5,29,Frameshift,2.9918024161729577e-05
TDRD6,234,Frameshift,1.547247754633477e-05
TDRD7,47,Frameshift,7.888800508578725e-06
TDRD9,103,Frameshift,1.3160101049579209e-05
TDRKH,36,Frameshift,1.4787098410284776e-05
TDRP,33,Frameshift,4.909323311252284e-05
TEAD1,7,Start codon lost,6.2558462709503996e-06
TEAD2,46,Frameshift,8.848261202826106e-06
TEAD3,12,Frameshift,5.654393462003369e-06
TEAD4,18,In-frame stop codon,1.0673209678419893e-05
TEC,36,In-frame stop codon,1.0844190295859304e-05
TECPR1,82,Frameshift,1.31945820249639e-05
TECPR2,47,Frameshift,1.0803422046127457e-05
TECR,24,Frameshift,8.14585461825192e-06
TECRL,51,Frameshift,6.2093293254185185e-06
TECTA,109,Frameshift,8.11509255146874e-06
TECTB,34,Frameshift,1.541006809924501e-05
TEDDM1,24,Frameshift,1.3127809871039856e-05
TEF,12,Frameshift,2.6700233912631898e-05
TEFM,39,Frameshift,1.033750247469245e-05
TEK,17,Frameshift,1.1478893596183749e-05
TEKT1,38,In-frame stop codon,3.467528266750078e-05
TEKT2,52,Frameshift,1.2947101249062172e-05
TEKT3,65,Frameshift,6.110095282223507e-05
TEKT4,67,Frameshift,2.3697352116595362e-05
TEKT5,53,In-frame stop codon,9.773417202772224e-06
TELO2,76,Frameshift,6.70779551907179e-06
TEN1,14,Frameshift,2.8855047165800004e-05
TENC1,75,Frameshift,5.789760589823666e-05
TENM1,24,In-frame stop codon,9.133796695549825e-06
TENM2,52,Frameshift,5.1457354135525055e-05
TENM3,60,Frameshift,1.8700637749728326e-05
TENM4,33,In-frame stop codon,6.538123223531488e-06
TEP1,216,Frameshift,1.807138445136483e-05
TEPP,28,In-frame stop codon,9.728578994771748e-06
TERF1,24,Frameshift,6.135746377519377e-05
TERF2,21,Frameshift,1.074729281137885e-05
TERF2IP,38,Frameshift,8.767930743623184e-06
TERT,41,Frameshift,1.173833536708985e-05
TES,56,Frameshift,9.339903381833269e-06
TESC,20,In-frame stop codon,4.979473332804448e-05
TESK1,17,Frameshift,6.258159709601321e-06
TESK2,45,Frameshift,8.907993598505504e-06
TESPA1,36,In-frame stop codon,0.006296355129688988
TET1,24,Frameshift,7.350760249085781e-06
TET2,460,Frameshift,6.659647377026412e-06
TET3,24,Frameshift,1.2406985677240567e-05
TEX10,28,Frameshift,9.956289879235918e-06
TEX101,24,Frameshift,9.3324644354585e-06
TEX11,4,Frameshift,0.0
TEX12,10,Splice acceptor,3.5206952136175814e-06
TEX13A,36,In-frame stop codon,0.06253963348251414
TEX13B,13,In-frame stop codon,0.0006239713783122685
TEX14,148,Frameshift,2.1358087773278288e-05
TEX15,202,Frameshift,2.5428779739108277e-05
TEX19,19,Frameshift,7.358387093359147e-05
TEX2,41,Frameshift,5.6111674124153304e-06
TEX22,15,Frameshift,0.00021389545988780297
TEX26,36,Frameshift,0.009612751380678415
TEX261,8,In-frame stop codon,1.2270439699056051e-05
TEX264,12,Frameshift,4.375210297254009e-06
TEX29,18,In-frame stop codon,1.2778123029938923e-05
TEX30,16,Frameshift,2.6000260098803354e-05
TEX33,26,Frameshift,6.509960181651797e-05
TEX35,57,Frameshift,1.690458903781725e-05
TEX36,24,Frameshift,1.941919081957878e-05
TEX37,26,Frameshift,3.1643482189295764e-05
TEX38,29,Frameshift,4.44813240532775e-05
TEX40,21,Frameshift,7.883027731234754e-06
TEX9,74,Frameshift,1.4743466241691872e-05
TF,35,In-frame stop codon,1.444844843455771e-05
TFAM,20,Frameshift,0.0007488485968701611
TFAP2A,13,Splice donor,4.58212542233166e-05
TFAP2B,3,Frameshift,5.3030636935509174e-06
TFAP2C,8,In-frame stop codon,2.5584405879917367e-05
TFAP2D,7,Frameshift,2.2927040886373217e-06
TFAP2E,35,Frameshift,2.5424182934948483e-05
TFAP4,12,Frameshift,1.873957597634476e-05
TFB1M,54,Frameshift,1.5483710253221556e-05
TFB2M,39,Frameshift,1.2127067886858698e-05
TFCP2,22,In-frame stop codon,5.9929040250447355e-06
TFCP2L1,5,In-frame stop codon,2.3881053730453548e-06
TFDP1,10,In-frame stop codon,1.2565419734188537e-05
TFDP2,24,Frameshift,1.5619007315734828e-05
TFDP3,17,In-frame stop codon,1.666644416150533e-05
TFE3,7,Frameshift,1.4033340298673766e-05
TFEB,17,In-frame stop codon,1.141701760829345e-05
TFEC,38,In-frame stop codon,1.6104691096316795e-05
TFF1,9,Frameshift,7.28717558690721e-06
TFF2,15,In-frame stop codon,5.4227554243017164e-05
TFF3,21,In-frame stop codon,1.891003495412657e-05
TFG,14,In-frame stop codon,2.6352854811266653e-05
TFIP11,60,Frameshift,9.491642049073886e-06
TFPI,18,Frameshift,8.053844818909745e-06
TFPI2,33,Frameshift,1.7444558374785293e-05
TFPT,30,Frameshift,8.280579441424616e-06
TFR2,53,Frameshift,1.4818500954723255e-05
TFRC,37,Frameshift,1.2717936442661769e-05
TG,223,In-frame stop codon,1.8575937805318872e-05
TGDS,36,In-frame stop codon,1.0410266507182685e-05
TGFA,13,Frameshift,8.554227605469863e-06
TGFB1,14,In-frame stop codon,4.49275036610766e-06
TGFB1I1,38,Frameshift,1.8545999995133824e-05
TGFB2,4,Frameshift,1.5479079019965022e-05
TGFB3,5,Frameshift,1.5169669448658617e-05
TGFBI,40,Frameshift,9.602205781411726e-06
TGFBR1,23,Frameshift,1.4060602108150259e-05
TGFBR2,19,Frameshift,0.000154432671988574
TGFBR3,25,In-frame stop codon,1.4872418006538741e-05
TGFBR3L,23,Frameshift,0.00015197081218417465
TGFBRAP1,19,In-frame stop codon,3.3780372720192334e-06
TGIF1,41,Frameshift,0.008687039937884757
TGIF2,13,Frameshift,9.258111859894308e-06
TGIF2LX,1,Stop codon lost,5.985801678418791e-06
TGIF2LY,4,Frameshift,0.00015982224711366612
TGM1,56,In-frame stop codon,1.3882188079044196e-05
TGM2,55,In-frame stop codon,1.2410335175766268e-05
TGM3,36,Frameshift,2.6719446169167146e-05
TGM4,78,Frameshift,0.000136108266194828
TGM5,76,Frameshift,1.1684509952621622e-05
TGM6,82,Frameshift,3.4303285337066454e-05
TGM7,66,Frameshift,1.624901830723214e-05
TGOLN2,32,Frameshift,0.02132605391792268
TGS1,71,Frameshift,9.54349533587312e-06
TH,30,In-frame stop codon,1.2279807381395324e-05
THADA,186,Frameshift,1.4800951946856338e-05
THAP1,10,Frameshift,6.374024767315411e-06
THAP10,28,Frameshift,1.5240771643761015e-05
THAP11,29,Frameshift,2.2073505480293202e-05
THAP2,31,Frameshift,3.671065099796061e-05
THAP3,40,Frameshift,1.898092788845783e-05
THAP4,13,In-frame stop codon,3.7198608137416796e-06
THAP5,38,Frameshift,2.654454573726945e-05
THAP6,34,Frameshift,0.010588594201685411
THAP7,26,Frameshift,4.483465501332762e-06
THAP8,30,Frameshift,0.0001049934657386517
THAP9,70,Frameshift,1.0111904210984977e-05
THBD,20,Frameshift,1.5305884604430905e-05
THBS1,25,In-frame stop codon,5.768702951932747e-06
THBS2,28,Frameshift,6.716981424806476e-06
THBS3,93,Frameshift,1.0905721571494463e-05
THBS4,85,Frameshift,1.7497546944198494e-05
THEG,54,Frameshift,0.00018567509802429053
THEGL,38,Frameshift,2.0264161859650524e-05
THEM4,20,Frameshift,1.1053785705651522e-05
THEM5,35,Frameshift,1.8933958879372984e-05
THEM6,14,Frameshift,1.3897813655210168e-05
THEMIS,46,Frameshift,8.553926014918226e-05
THEMIS2,33,Frameshift,1.0151886312226126e-05
THG1L,24,In-frame stop codon,8.683207158451549e-06
THNSL1,73,Frameshift,3.166159937454622e-05
THNSL2,58,Frameshift,6.448782644318604e-05
THOC1,31,Frameshift,2.1084183963928597e-05
THOC2,7,In-frame stop codon,3.824361856965856e-06
THOC3,45,Frameshift,1.0728878911916355e-05
THOC5,24,Splice donor,1.0010102354167059e-05
THOC6,34,Frameshift,7.0332672965736285e-06
THOC7,15,Frameshift,6.192141700158796e-06
THOP1,52,Frameshift,0.0001648354383414473
THPO,30,Frameshift,1.4590029666192928e-05
THRA,12,In-frame stop codon,2.2954855458885733e-05
THRAP3,10,In-frame stop codon,2.4195858038440247e-06
THRB,19,Frameshift,8.40315346660345e-06
THRSP,11,Frameshift,1.9974315391998693e-05
THSD1,58,Frameshift,7.249463357992155e-06
THSD4,41,Frameshift,9.996205932462201e-06
THSD7A,43,In-frame stop codon,6.2322952057905484e-06
THSD7B,105,In-frame stop codon,0.00022451842703566325
THTPA,27,Frameshift,1.1178333071342708e-05
THUMPD1,44,In-frame stop codon,1.0862887540915814e-05
THUMPD2,61,Frameshift,9.491535234509189e-05
THUMPD3,67,Frameshift,1.9317914752903174e-05
THY1,20,Frameshift,8.517970094605259e-06
THYN1,48,Frameshift,1.2857069602174414e-05
TIA1,19,In-frame stop codon,5.093186425164745e-06
TIAM1,39,Frameshift,8.697408454570756e-06
TIAM2,100,Frameshift,0.00032250039650568406
TICAM1,24,Frameshift,1.0611170134386216e-05
TICAM2,22,Frameshift,3.0006844636068986e-05
TICRR,124,Frameshift,9.075359308233893e-06
TIE1,121,Frameshift,7.627873694333317e-06
TIFA,18,Frameshift,2.9369953947115158e-05
TIFAB,24,Frameshift,1.0431439000494218e-05
TIGD1,50,Frameshift,0.00012828056931232348
TIGD2,25,Frameshift,8.037153288296532e-06
TIGD3,31,In-frame stop codon,1.0208169589138308e-05
TIGD4,42,Frameshift,7.067216207707693e-05
TIGD5,20,Frameshift,1.3010097487113804e-05
TIGD6,39,Frameshift,0.015880365168842937
TIGD7,53,Frameshift,1.6398677937859538e-05
TIGIT,21,Frameshift,1.477081047390267e-05
TIMD4,37,Frameshift,2.1635111460997454e-05
TIMELESS,116,In-frame stop codon,1.4582207061099858e-05
TIMM10,7,In-frame stop codon,1.822348995299397e-05
TIMM10B,18,Splice donor,0.0001728254041451144
TIMM13,10,Frameshift,1.2851744591357505e-05
TIMM17A,8,In-frame stop codon,8.53387443767957e-06
TIMM17B,7,In-frame stop codon,1.4480637178397881e-05
TIMM21,42,Frameshift,1.1469394469018832e-05
TIMM22,26,Frameshift,1.1329042773354157e-05
TIMM23,14,In-frame stop codon,8.235221139940191e-06
TIMM23B,3,Frameshift,2.5066478815678957e-05
TIMM44,24,Frameshift,2.422034595899635e-05
TIMM50,34,Frameshift,1.4806953315925588e-05
TIMM8B,15,Frameshift,1.733955071127703e-05
TIMM9,8,Frameshift,1.2486597236703278e-05
TIMMDC1,31,Frameshift,1.5159037022046004e-05
TIMP1,24,Frameshift,5.612695359190827e-05
TIMP2,3,Frameshift,3.982339678263494e-06
TIMP3,5,Frameshift,4.807664710551952e-06
TIMP4,15,In-frame stop codon,1.7163514764862594e-05
TINAG,63,In-frame stop codon,9.550029516007877e-05
TINAGL1,33,Frameshift,6.10911807434508e-06
TINCR,1,Splice acceptor,3.185727938834024e-05
TINF2,34,Frameshift,1.625741420193995e-05
TIPARP,10,Frameshift,1.3241905073134729e-05
TIPIN,26,In-frame stop codon,1.0618698632619501e-05
TIPRL,7,Frameshift,5.9734216050790154e-05
TIRAP,28,Frameshift,3.150155724172737e-05
TJAP1,49,Frameshift,1.3460171355713522e-05
TJP1,43,Frameshift,8.73945590060498e-05
TJP2,96,Frameshift,3.540160611308112e-05
TJP3,96,In-frame stop codon,1.824202640365101e-05
TK1,24,Frameshift,1.639186594535908e-05
TK2,50,Frameshift,0.0019614487676521096
TKT,40,Frameshift,4.725625902311335e-06
TKTL1,14,Frameshift,3.753815947547468e-05
TKTL2,41,Frameshift,7.6221634513909e-05
TLCD1,39,Frameshift,1.7739246569171392e-05
TLCD2,29,Frameshift,0.00028748709598460417
TLDC1,76,Frameshift,4.21469761031999e-05
TLDC2,22,Frameshift,0.00024761132799352645
TLE1,22,Frameshift,6.5469241707585275e-06
TLE2,80,Frameshift,1.4545287862088056e-05
TLE3,27,Frameshift,1.3951494955135451e-05
TLE4,14,Frameshift,1.2978265816745104e-05
TLE6,57,Frameshift,1.1040511055490538e-05
TLK1,19,Frameshift,1.2086926285985683e-05
TLK2,15,Splice donor,3.762066665190187e-05
TLL1,38,In-frame stop codon,1.329815708492049e-05
TLL2,107,Frameshift,1.2786782472267128e-05
TLN1,49,In-frame stop codon,1.076947292479454e-05
TLN2,78,Frameshift,8.372202820372909e-06
TLR1,77,Frameshift,3.3765017256020065e-05
TLR10,63,Frameshift,7.160732377640593e-05
TLR2,52,Frameshift,2.1414449228128816e-05
TLR3,49,Frameshift,1.188879820263e-05
TLR4,43,In-frame stop codon,2.9062973823581795e-05
TLR5,73,Frameshift,0.0007457808626952571
TLR6,50,Frameshift,1.1603081033862448e-05
TLR7,7,Frameshift,7.121670769690418e-06
TLR8,17,Frameshift,0.01823065373862502
TLR9,45,Frameshift,1.1588364528449713e-05
TLX1,14,Frameshift,2.098039581689575e-05
TLX2,10,Frameshift,1.4916841218157694e-05
TLX3,9,In-frame stop codon,8.146378275116402e-06
TM2D1,29,Frameshift,8.897425046894274e-06
TM2D2,19,Frameshift,1.4343578284046703e-05
TM2D3,31,In-frame stop codon,1.944054063970502e-05
TM4SF1,23,Frameshift,1.5576530621010033e-05
TM4SF18,21,Frameshift,2.2224472037675785e-05
TM4SF19,31,In-frame stop codon,0.0038850569460192707
TM4SF20,23,Frameshift,1.1441836338154781e-05
TM4SF4,21,Frameshift,1.8931083619370653e-05
TM4SF5,20,Frameshift,1.9025174383811517e-05
TM6SF1,43,Frameshift,1.084706889422511e-05
TM6SF2,30,Frameshift,6.790614997288153e-06
TM7SF2,54,Frameshift,0.0001700580046321545
TM7SF3,62,Frameshift,1.1390922474236772e-05
TM9SF1,54,In-frame stop codon,4.153083459822436e-05
TM9SF2,5,Frameshift,1.0548958845751188e-05
TM9SF3,6,Frameshift,7.128752283339887e-05
TM9SF4,18,Frameshift,6.6342584361558275e-06
TMA16,29,Frameshift,2.5897651697390737e-05
TMA7,10,Start codon lost,9.4579898260975e-06
TMBIM1,30,Frameshift,1.0023966260867867e-05
TMBIM4,49,Frameshift,0.0009838639054179131
TMBIM6,33,Frameshift,2.7849352689492744e-05
TMC1,76,Frameshift,1.6292297389405737e-05
TMC2,88,In-frame stop codon,7.066746235486317e-05
TMC3,122,Frameshift,0.00011457509308968848
TMC4,74,Frameshift,3.7027777782361516e-05
TMC5,76,Frameshift,1.1123524011178872e-05
TMC6,62,Frameshift,8.563222079062995e-06
TMC7,60,Frameshift,6.253020356859179e-05
TMC8,77,Frameshift,1.7372904394247313e-05
TMCC1,14,Frameshift,8.48602223797742e-06
TMCC2,25,Frameshift,0.011343781157937627
TMCC3,34,Frameshift,7.564334792086647e-06
TMCO1,35,In-frame stop codon,1.1699820771480808e-05
TMCO2,27,Frameshift,2.440747417720012e-05
TMCO4,75,Frameshift,3.4798962679852936e-05
TMCO5A,42,Frameshift,2.349039052714591e-05
TMCO6,60,Frameshift,1.0892100703527992e-05
TMED1,41,In-frame stop codon,3.900744778376294e-05
TMED10,5,Frameshift,1.758890219699842e-05
TMED2,2,Frameshift,4.026976422415675e-06
TMED3,21,Frameshift,0.00023525454581350692
TMED4,16,Frameshift,2.2936414446057712e-05
TMED5,31,Frameshift,1.0505490553377965e-05
TMED6,33,Frameshift,8.559314228085328e-06
TMED7,5,In-frame stop codon,4.307528560041455e-06
TMED8,23,Frameshift,8.309998839850573e-06
TMED9,17,Frameshift,4.090526662895379e-06
TMEFF1,25,Frameshift,1.1585530890852826e-05
TMEFF2,21,In-frame stop codon,7.483208986014515e-06
TMEM100,4,Frameshift,4.042483688443571e-06
TMEM101,25,Frameshift,1.1570024806905697e-05
TMEM102,45,Frameshift,0.00015470247398959266
TMEM106A,31,Frameshift,1.4637193615208033e-05
TMEM106B,8,Frameshift,7.978801441142831e-06
TMEM106C,36,Frameshift,1.3946485162243156e-05
TMEM107,23,Frameshift,0.02816680588549869
TMEM108,9,Frameshift,1.29676621056424e-05
TMEM109,17,In-frame stop codon,1.4013853991876058e-05
TMEM11,1,Frameshift,4.042494704331937e-06
TMEM110,14,Frameshift,6.25462952449981e-06
TMEM114,12,Frameshift,1.987145034332764e-05
TMEM115,5,Frameshift,8.16966756858557e-06
TMEM116,45,Frameshift,1.1211138437298444e-05
TMEM117,29,In-frame stop codon,8.402342500309935e-06
TMEM119,17,Frameshift,0.00016348363596363366
TMEM120A,40,Frameshift,0.02563425517660383
TMEM120B,33,Frameshift,3.5550143593894964e-05
TMEM121,10,Frameshift,6.400865972179892e-06
TMEM123,17,Frameshift,1.5432949885780988e-05
TMEM125,20,Frameshift,1.4298493789588712e-05
TMEM126A,28,Frameshift,1.0103080417721669e-05
TMEM126B,77,Frameshift,4.2468312886730055e-05
TMEM127,15,Frameshift,7.907343339430321e-06
TMEM128,26,Frameshift,1.1125070219519463e-05
TMEM129,29,In-frame stop codon,1.3651314399682485e-05
TMEM130,35,Frameshift,1.1051409428927729e-05
TMEM131,39,Splice acceptor,7.717480645458315e-06
TMEM132A,72,Frameshift,9.366363509367028e-06
TMEM132B,13,In-frame stop codon,2.6425240365166293e-05
TMEM132C,40,Frameshift,2.049713782355206e-05
TMEM132D,35,Frameshift,5.146784580952346e-05
TMEM132E,41,In-frame stop codon,8.301902754275431e-06
TMEM134,42,Frameshift,0.00011797174753938142
TMEM135,26,Frameshift,9.507174392071554e-05
TMEM136,17,Frameshift,2.114293167920195e-05
TMEM138,16,Frameshift,1.044596950587632e-05
TMEM139,22,Frameshift,7.019293369787337e-06
TMEM140,16,Frameshift,1.2451691667033435e-05
TMEM141,14,Frameshift,3.434506689415765e-05
TMEM143,50,Frameshift,5.105967924452971e-05
TMEM144,37,Frameshift,4.706962542358401e-05
TMEM145,46,Frameshift,9.220011029309817e-05
TMEM147,18,Frameshift,7.090142505036471e-06
TMEM14A,9,Frameshift,1.3733569429914617e-05
TMEM14B,36,Frameshift,7.142522424654055e-05
TMEM14C,12,Frameshift,6.3067721798617945e-06
TMEM150A,8,Frameshift,4.991449404973435e-06
TMEM150B,36,Frameshift,1.2008663918391771e-05
TMEM150C,14,Frameshift,4.109201066153415e-06
TMEM151A,23,In-frame stop codon,7.969188865207347e-06
TMEM151B,17,Frameshift,8.311166842540154e-06
TMEM154,22,In-frame stop codon,1.0456988149542473e-05
TMEM155,16,Frameshift,4.1602197898488164e-05
TMEM156,24,In-frame stop codon,6.7163184707207495e-06
TMEM158,11,Frameshift,1.0815992818767106e-05
TMEM159,16,Frameshift,2.076577705199965e-05
TMEM160,18,Frameshift,2.432691154572758e-05
TMEM161A,41,Frameshift,3.299716541305768e-05
TMEM161B,42,In-frame stop codon,0.00010624763207809512
TMEM163,7,Frameshift,0.00040470235767890413
TMEM164,3,Frameshift,1.946059361868739e-05
TMEM165,23,Frameshift,3.2905397019247025e-05
TMEM167A,8,In-frame stop codon,1.3275096675516128e-05
TMEM167B,1,Start codon lost,4.5631262890831765e-06
TMEM168,40,Frameshift,1.0369602091409748e-05
TMEM169,22,Frameshift,1.1053786495759425e-05
TMEM17,13,Frameshift,7.123230159816392e-06
TMEM170A,22,In-frame stop codon,0.002091741483203851
TMEM170B,6,Frameshift,1.678055860626479e-05
TMEM171,38,Frameshift,2.9568729748519658e-05
TMEM173,23,Frameshift,1.2192670678853035e-05
TMEM174,14,Frameshift,9.085103272500794e-06
TMEM175,59,Frameshift,0.0012143210781809148
TMEM176A,23,Frameshift,3.695212580808101e-05
TMEM176B,27,In-frame stop codon,1.2115988217465661e-05
TMEM177,23,Frameshift,0.00036159736085602834
TMEM178A,12,Frameshift,1.3200567562325597e-05
TMEM178B,4,Frameshift,1.1744306256720465e-05
TMEM179,25,Frameshift,0.00010460797167635161
TMEM179B,31,Frameshift,1.6822228618114063e-05
TMEM18,22,Frameshift,3.511956487128515e-05
TMEM181,46,Frameshift,2.844000235644235e-05
TMEM182,19,Frameshift,9.457121635021284e-06
TMEM183A,30,Frameshift,8.963369186293187e-06
TMEM184A,60,Frameshift,1.0340228597780514e-05
TMEM184B,14,Frameshift,7.30162845011922e-06
TMEM184C,25,Frameshift,1.0002320723563467e-05
TMEM185A,9,In-frame stop codon,5.7689049703677185e-05
TMEM185B,9,In-frame stop codon,3.235360615064694e-05
TMEM186,26,Frameshift,0.0001624891789141409
TMEM187,11,Frameshift,1.9236967921742502e-05
TMEM189,26,In-frame stop codon,1.8817295052930506e-05
TMEM19,25,In-frame stop codon,2.6809512601880356e-05
TMEM190,20,Splice donor,1.730368736426455e-05
TMEM191C,6,Splice acceptor,0.000263302009112065
TMEM192,28,In-frame stop codon,1.0569308799808608e-05
TMEM194A,22,In-frame stop codon,1.555884566824112e-05
TMEM194B,33,Frameshift,1.3031037194763938e-05
TMEM196,20,In-frame stop codon,4.9286979914052735e-05
TMEM198,28,Frameshift,1.3484986455487248e-05
TMEM2,93,Frameshift,1.267897587621152e-05
TMEM200A,12,Frameshift,5.150890007885958e-06
TMEM200B,27,Frameshift,7.542292019601882e-06
TMEM200C,27,Frameshift,1.688342658564863e-05
TMEM201,20,Frameshift,8.077736609679198e-06
TMEM202,32,In-frame stop codon,1.0852908696157986e-05
TMEM203,6,Frameshift,9.726186129848975e-06
TMEM204,12,Frameshift,7.72011712413165e-06
TMEM205,18,In-frame stop codon,1.195069474965176e-05
TMEM206,49,Frameshift,5.587440210842465e-05
TMEM207,23,In-frame stop codon,1.7331678178334366e-05
TMEM208,20,Frameshift,1.8575710519296262e-05
TMEM209,68,Frameshift,0.0001015696867650856
TMEM210,10,Frameshift,2.979650721334712e-05
TMEM211,14,Frameshift,0.00014864570280888665
TMEM212,31,Frameshift,2.5814973530371163e-05
TMEM213,24,Frameshift,5.54663278027613e-06
TMEM214,46,In-frame stop codon,1.8996849315871906e-05
TMEM215,11,Frameshift,4.343384602943173e-06
TMEM216,21,Splice acceptor,0.08103045366001323
TMEM217,16,Frameshift,9.199724026885229e-05
TMEM218,12,Frameshift,7.595446612334404e-06
TMEM219,25,Frameshift,9.604524857478966e-06
TMEM220,24,Frameshift,0.0006713490903668223
TMEM221,17,Frameshift,3.202241747903232e-05
TMEM222,24,In-frame stop codon,1.3083042878104586e-05
TMEM223,40,Frameshift,5.817289566300338e-05
TMEM225,18,Frameshift,0.0003207582445744059
TMEM229A,21,Frameshift,3.7446754997651414e-05
TMEM229B,11,In-frame stop codon,8.558150166519878e-06
TMEM230,29,Frameshift,5.251461522920141e-05
TMEM231,33,In-frame stop codon,1.7596656489201016e-05
TMEM232,82,Frameshift,0.0003296437351875052
TMEM233,3,Splice acceptor,6.597405148637877e-06
TMEM234,38,Frameshift,2.215601144770047e-05
TMEM235,56,Frameshift,9.441796972994247e-05
TMEM236,4,Splice donor,2.7304683385889098e-05
TMEM237,40,In-frame stop codon,1.1599724462662292e-05
TMEM238,4,Frameshift,1.4491731195922926e-05
TMEM239,36,In-frame stop codon,0.00013560572780817843
TMEM240,6,Splice acceptor,3.7425267054014016e-05
TMEM242,16,Frameshift,1.7339294445379328e-05
TMEM243,35,Frameshift,2.7257193964245964e-05
TMEM244,13,Frameshift,2.0963423043216332e-05
TMEM245,64,Frameshift,2.9218168064522616e-05
TMEM246,17,Frameshift,2.0684027041913312e-05
TMEM248,8,Splice donor,8.49268850184813e-06
TMEM25,62,Frameshift,0.0029830326928075423
TMEM251,13,Frameshift,8.955998299006662e-06
TMEM252,16,Frameshift,0.00017230043419872948
TMEM253,21,In-frame stop codon,2.3085676410939263e-05
TMEM254,27,Frameshift,2.1654249339719132e-05
TMEM255A,13,Frameshift,5.46147725965369e-06
TMEM255B,52,Frameshift,0.0019823091913901514
TMEM256,20,In-frame stop codon,1.5186693729897329e-05
TMEM256-PLSCR3,22,Frameshift,7.870858326379156e-05
TMEM258,10,Frameshift,5.9825263572065216e-06
TMEM259,45,Frameshift,1.2225584071210968e-05
TMEM26,47,Frameshift,0.0002993594694703394
TMEM260,102,Frameshift,1.7258299183572884e-05
TMEM261,20,Frameshift,1.0056448546296429e-05
TMEM27,15,In-frame stop codon,1.944583673938429e-05
TMEM30A,25,Frameshift,4.525057800173909e-06
TMEM30B,26,Frameshift,1.1755975444110711e-05
TMEM31,13,Frameshift,1.9473007304423794e-05
TMEM33,16,Frameshift,9.753720550247764e-06
TMEM37,17,In-frame stop codon,5.29700124915283e-05
TMEM38A,22,In-frame stop codon,2.671633734139553e-05
TMEM38B,23,In-frame stop codon,1.4148571415814743e-05
TMEM39A,13,Frameshift,9.057501154779413e-06
TMEM39B,31,In-frame stop codon,8.831541734981419e-06
TMEM40,35,Frameshift,1.1391562784770454e-05
TMEM41A,43,Frameshift,3.6618577109502996e-05
TMEM41B,16,Frameshift,1.6835020467794276e-05
TMEM42,9,Frameshift,7.372192586283581e-06
TMEM43,37,Frameshift,1.3353794656315227e-05
TMEM44,80,Frameshift,3.566116649869931e-05
TMEM45A,22,Frameshift,2.201560689864905e-05
TMEM45B,34,Frameshift,1.7123807359752622e-05
TMEM47,1,Stop codon lost,1.1148831323756488e-05
TMEM5,56,Frameshift,1.222051555203812e-05
TMEM50A,11,In-frame stop codon,6.538072589100218e-06
TMEM50B,9,Frameshift,1.551695442120677e-05
TMEM51,10,Frameshift,5.224961310490606e-06
TMEM52,31,Frameshift,9.900934452020041e-05
TMEM52B,16,In-frame stop codon,0.00019859380895010894
TMEM53,19,In-frame stop codon,1.2220933615775545e-05
TMEM54,24,Frameshift,0.00010657654946541962
TMEM55A,19,Frameshift,1.1782606517311259e-05
TMEM55B,16,Frameshift,1.9231997670726783e-05
TMEM56,15,Frameshift,1.689282400716734e-05
TMEM57,14,Frameshift,4.7001477354151845e-05
TMEM59,36,In-frame stop codon,5.574307821872425e-05
TMEM59L,29,Frameshift,2.164173015761646e-05
TMEM60,3,Frameshift,0.00012037108686493505
TMEM61,18,Frameshift,1.566370664334411e-05
TMEM62,54,Frameshift,1.3350840597828848e-05
TMEM63A,81,Frameshift,1.5603710234651083e-05
TMEM63B,12,Frameshift,5.7813186985553435e-06
TMEM63C,18,In-frame stop codon,3.6971718251421322e-06
TMEM64,23,Frameshift,0.0001247859786167022
TMEM65,14,Frameshift,9.82567987014228e-05
TMEM66,51,Frameshift,8.657703074167229e-05
TMEM67,117,Frameshift,4.990575962579372e-05
TMEM68,27,Frameshift,8.310604462135556e-06
TMEM69,24,Frameshift,2.3194229060278346e-05
TMEM70,34,Frameshift,1.6428227042005943e-05
TMEM71,41,Frameshift,0.0001411157190631773
TMEM72,16,Frameshift,1.5489447688370876e-05
TMEM74,22,Frameshift,7.123516101591234e-06
TMEM74B,26,Frameshift,8.104646760995607e-06
TMEM78,35,Frameshift,0.003973791332798524
TMEM79,52,Frameshift,1.251599581994314e-05
TMEM80,36,Frameshift,0.0118426616372912
TMEM81,25,Frameshift,9.560752322956174e-06
TMEM82,31,Frameshift,0.0002349782676625859
TMEM86A,12,Frameshift,1.5092486822361461e-05
TMEM86B,34,In-frame stop codon,2.3829351300509816e-05
TMEM87A,24,In-frame stop codon,1.834042736183231e-05
TMEM87B,59,Frameshift,1.473074774083773e-05
TMEM88,18,Frameshift,1.2312393616547173e-05
TMEM89,4,Frameshift,4.9891669159983714e-06
TMEM8A,80,Frameshift,0.0008980605676190473
TMEM8B,44,Frameshift,8.156960429828852e-06
TMEM8C,14,Frameshift,7.977287434597054e-06
TMEM9,17,Frameshift,7.063267687664751e-06
TMEM91,33,Frameshift,0.003565429023071375
TMEM92,12,Frameshift,7.026316297432377e-06
TMEM95,24,Frameshift,8.534386806745354e-06
TMEM97,28,Frameshift,0.0001836762364665889
TMEM98,9,In-frame stop codon,7.912902175792048e-06
TMEM9B,7,Frameshift,9.435186643156575e-06
TMF1,42,In-frame stop codon,9.456869373267712e-06
TMIE,30,Frameshift,3.5062747202628774e-05
TMIGD1,29,Frameshift,2.6757868263965955e-05
TMIGD2,31,Frameshift,1.3538766369117064e-05
TMLHE,17,In-frame stop codon,2.4165749631616204e-05
TMOD1,12,Frameshift,5.23165144737018e-06
TMOD2,20,Frameshift,1.080783095500577e-05
TMOD3,21,Frameshift,8.404356849265321e-06
TMOD4,38,Frameshift,1.906507251171271e-05
TMPO,65,Frameshift,1.1330131980357932e-05
TMPPE,18,In-frame stop codon,6.365635484167093e-06
TMPRSS11A,61,Frameshift,0.00350738681939962
TMPRSS11B,51,Frameshift,5.709039472072031e-05
TMPRSS11D,23,In-frame stop codon,2.7008062413440626e-05
TMPRSS11E,42,Frameshift,1.7493412536145625e-05
TMPRSS11F,38,In-frame stop codon,8.578012659523101e-06
TMPRSS12,49,Frameshift,1.5999689269507617e-05
TMPRSS13,75,Frameshift,0.00016779418559045706
TMPRSS15,113,Frameshift,3.428413623318052e-05
TMPRSS2,48,Frameshift,8.907548432636957e-06
TMPRSS3,54,Frameshift,0.0022486830943408264
TMPRSS4,46,Frameshift,0.008220163275235733
TMPRSS4-AS1,1,Splice donor,0.002967453733248245
TMPRSS5,65,In-frame stop codon,6.344227501788495e-05
TMPRSS6,86,Frameshift,0.0027452097057068265
TMPRSS7,87,Frameshift,0.00010128259129730258
TMPRSS9,121,Frameshift,2.0726879783959393e-05
TMSB10,4,In-frame stop codon,4.977487470891108e-06
TMSB15A,4,Start codon lost,1.5060397180428019e-05
TMSB15B,4,Frameshift,3.892138847569768e-05
TMSB4X,1,In-frame stop codon,5.962353698746117e-06
TMSB4Y,3,Frameshift,2.5737725150094754e-05
TMTC1,67,Frameshift,0.004684620013384471
TMTC2,45,Frameshift,1.034524567511275e-05
TMTC3,58,Frameshift,1.2900037212917662e-05
TMTC4,45,Frameshift,9.152657645354848e-06
TMUB1,12,Frameshift,8.854324628284498e-06
TMUB2,28,Frameshift,0.00156645984021465
TMX1,23,In-frame stop codon,1.0069767922957533e-05
TMX2,21,Frameshift,1.297345052664229e-05
TMX3,38,Frameshift,0.002401221695859826
TMX4,24,Frameshift,1.1621304795275276e-05
TNC,60,In-frame stop codon,6.532290023417312e-06
TNF,6,Frameshift,2.7961087677832606e-06
TNFAIP1,23,Frameshift,8.396448242201029e-06
TNFAIP2,52,Frameshift,1.599361800722087e-05
TNFAIP3,16,Frameshift,5.377820820622283e-06
TNFAIP6,36,Frameshift,0.01606319198272004
TNFAIP8,23,Frameshift,3.8711517887945354e-05
TNFAIP8L1,13,Frameshift,9.333473310389275e-06
TNFAIP8L2,7,Frameshift,5.726926560295266e-06
TNFAIP8L3,21,Frameshift,1.261222237911518e-05
TNFRSF10A,62,Frameshift,0.00012160957209764268
TNFRSF10B,46,Frameshift,1.915964890375599e-05
TNFRSF10C,44,Frameshift,0.00017811928041708454
TNFRSF10D,32,Frameshift,0.00031800587305051453
TNFRSF11A,22,In-frame stop codon,2.1873561422337414e-05
TNFRSF11B,18,Frameshift,6.112092263959658e-06
TNFRSF12A,24,Frameshift,0.024145898693856572
TNFRSF13B,60,Frameshift,2.352387407136624e-05
TNFRSF13C,8,Frameshift,1.5113354496954695e-05
TNFRSF14,18,Frameshift,4.200695820505348e-05
TNFRSF17,20,Frameshift,1.78269673846438e-05
TNFRSF18,47,Frameshift,2.179148881452024e-05
TNFRSF19,26,Frameshift,1.992508722688179e-05
TNFRSF1A,28,Frameshift,2.5691833490307675e-05
TNFRSF1B,13,In-frame stop codon,5.351657839129793e-06
TNFRSF21,20,Frameshift,8.399373404400864e-06
TNFRSF25,26,Frameshift,2.1626877854561595e-05
TNFRSF4,19,Frameshift,7.885536702767683e-06
TNFRSF6B,36,Frameshift,2.8774049491992596e-05
TNFRSF8,19,Frameshift,5.77903157435213e-06
TNFRSF9,14,Frameshift,1.5119798843156579e-05
TNFSF10,22,Frameshift,1.3042274926685775e-05
TNFSF11,17,Start codon lost,1.9782865693111232e-05
TNFSF12,13,Frameshift,5.463493686377393e-06
TNFSF13,12,Frameshift,1.007139763923756e-05
TNFSF13B,4,In-frame stop codon,1.9995762249830063e-06
TNFSF14,9,Frameshift,7.94988045124217e-06
TNFSF15,12,In-frame stop codon,6.024334390511214e-06
TNFSF18,16,In-frame stop codon,0.0002443679122996863
TNFSF4,3,Splice acceptor,4.428843229536912e-06
TNFSF8,6,Frameshift,9.405327271844117e-06
TNFSF9,13,Frameshift,1.731530394455436e-05
TNIK,36,In-frame stop codon,1.6030808246857965e-05
TNIP1,39,Frameshift,1.1051289957248104e-05
TNIP2,22,In-frame stop codon,6.190959546159712e-06
TNIP3,29,In-frame stop codon,7.555782340740862e-06
TNK1,53,Frameshift,0.0013323176586322882
TNK2,132,Frameshift,1.5583744856368675e-05
TNKS,54,Frameshift,2.0205864512395557e-05
TNKS1BP1,52,Frameshift,1.729915926371332e-05
TNKS2,54,Frameshift,1.8669721284185824e-05
TNMD,17,Frameshift,7.5885118519740305e-06
TNN,117,Frameshift,1.9320389468084683e-05
TNNC1,6,Frameshift,1.0757964074252363e-05
TNNC2,12,Frameshift,6.736978900301348e-06
TNNI1,19,Splice acceptor,9.51290856858934e-06
TNNI2,8,In-frame stop codon,4.338511750130352e-06
TNNI3,27,Frameshift,1.0747409014104362e-05
TNNI3K,123,Frameshift,2.760714851602906e-05
TNNT1,44,Splice donor,9.282017249857935e-06
TNNT2,27,In-frame stop codon,0.00015025589878671307
TNNT3,38,Splice donor,0.0005306182173945076
TNP1,6,Frameshift,5.306963533768669e-06
TNP2,23,Frameshift,9.058797148456145e-06
TNPO1,7,Splice acceptor,1.727052121203501e-06
TNPO2,10,Frameshift,1.0553587331436158e-05
TNPO3,47,Frameshift,6.306588127732585e-06
TNR,37,Frameshift,4.757602649991701e-06
TNRC18,150,Frameshift,0.002303772072168997
TNRC6A,39,Frameshift,6.294916397749989e-06
TNRC6B,39,Frameshift,1.1548733236579426e-05
TNRC6C,28,Frameshift,2.0096630481907176e-05
TNS1,67,Frameshift,2.1176809594614007e-05
TNS3,39,Frameshift,1.1802662339837527e-05
TNS4,46,Frameshift,9.228408697919216e-06
TNXB,209,Frameshift,6.616413782683004e-05
TOB1,3,Frameshift,2.65113104821261e-06
TOB2,1,Frameshift,3.978199466921272e-06
TOE1,49,In-frame stop codon,9.759470572283935e-06
TOLLIP,15,Frameshift,9.523885761514335e-06
TOM1,44,In-frame stop codon,1.0899344351252511e-05
TOM1L1,78,Frameshift,1.2085424471922594e-05
TOM1L2,30,Frameshift,1.3397063119917539e-05
TOMM20,8,Frameshift,4.028070858806548e-06
TOMM20L,21,Frameshift,3.5273819224481545e-05
TOMM22,4,Frameshift,3.9053600717146464e-05
TOMM34,13,Frameshift,5.202587618210377e-06
TOMM40,9,Frameshift,1.5572095659073876e-05
TOMM40L,12,Frameshift,3.6587029837872215e-06
TOMM5,15,Frameshift,7.468284042581128e-06
TOMM6,3,Frameshift,1.2796813442004492e-05
TOMM7,16,In-frame stop codon,0.016725831054658566
TOMM70A,17,Frameshift,1.7393718185766104e-05
TONSL,92,Frameshift,9.53770588222043e-06
TOP1,8,In-frame stop codon,9.501331366320867e-06
TOP1MT,100,In-frame stop codon,2.9137863297829652e-05
TOP2A,60,Frameshift,8.887913152881445e-06
TOP2B,35,In-frame stop codon,9.101298109568641e-06
TOP3A,83,Frameshift,1.4269179678678047e-05
TOP3B,57,Frameshift,1.7610337683877116e-05
TOPAZ1,53,Frameshift,1.5572826848835835e-05
TOPBP1,20,Frameshift,4.098064044798303e-06
TOPORS,28,Frameshift,1.0453143445437054e-05
TOR1A,23,Frameshift,6.233680124489288e-06
TOR1AIP1,63,Frameshift,0.010440398751453453
TOR1AIP2,29,Frameshift,6.97770419696899e-06
TOR1B,23,Frameshift,1.1155214336276464e-05
TOR2A,29,In-frame stop codon,2.9588355914845503e-05
TOR3A,67,Frameshift,2.3978091953218663e-05
TOR4A,10,Frameshift,3.9093967612686434e-05
TOX,5,In-frame stop codon,3.2744087492759953e-06
TOX2,33,Frameshift,1.493159924901458e-05
TOX3,15,Frameshift,1.0082362134276228e-05
TOX4,25,Frameshift,7.649115609345469e-06
TP53,37,In-frame stop codon,9.052808908417072e-06
TP53AIP1,25,Frameshift,0.00020115584076451365
TP53BP1,45,Frameshift,1.717998235057321e-05
TP53BP2,44,Frameshift,6.8157778201430135e-06
TP53I11,30,Frameshift,0.03109134961611095
TP53I13,36,Frameshift,0.024295265859994582
TP53I3,38,In-frame stop codon,6.564086801887751e-05
TP53INP1,24,Frameshift,0.027128130172304903
TP53INP2,14,Frameshift,1.4728210851282445e-05
TP53RK,26,Frameshift,1.8449916896258838e-05
TP53TG3D,26,Frameshift,0.00027984118308336354
TP53TG5,28,Frameshift,3.3846135782525436e-05
TP63,18,Frameshift,1.1626948764085377e-05
TP73,26,In-frame stop codon,4.8920452490793975e-06
TPBG,32,Frameshift,1.4235090479914385e-05
TPBGL,17,Frameshift,3.0433847767151366e-05
TPCN1,43,In-frame stop codon,0.0001322195474788468
TPCN2,60,Frameshift,1.12062730168687e-05
TPD52,42,Frameshift,9.95260500977063e-06
TPD52L1,21,In-frame stop codon,1.1347985908358132e-05
TPD52L2,17,Frameshift,9.299762038506414e-06
TPD52L3,16,Frameshift,0.0008221124925392529
TPGS1,23,Frameshift,2.3527551309199627e-05
TPGS2,33,Frameshift,1.5036201672099779e-05
TPH1,46,Frameshift,1.576542183987388e-05
TPH2,25,In-frame stop codon,7.328681666373842e-06
TPI1,30,Frameshift,4.65582711563753e-06
TPK1,35,Frameshift,0.003517490263194097
TPM1,42,Frameshift,2.1630618254988632e-05
TPM2,25,Frameshift,0.004765431072760458
TPM3,20,Frameshift,6.034044215938542e-06
TPM4,24,Frameshift,1.726667067022601e-05
TPMT,27,Frameshift,1.8721428281479592e-05
TPO,127,Frameshift,0.00040060867571745437
TPP1,44,Frameshift,2.0931459257405776e-05
TPP2,34,Frameshift,7.654480687108681e-06
TPPP,10,Frameshift,5.060926079086903e-06
TPPP2,17,Frameshift,0.0004903474586724516
TPPP3,8,Frameshift,1.8425787818318158e-05
TPR,38,Frameshift,7.793602534780165e-06
TPRA1,42,Frameshift,4.160895755798036e-05
TPRG1,36,Frameshift,1.4022180175071652e-05
TPRG1L,34,Frameshift,4.890138987985629e-05
TPRKB,32,Frameshift,2.2570036108325273e-05
TPRN,63,Frameshift,2.6514613593203222e-05
TPRX1,52,Frameshift,6.526615662611984e-05
TPRX2P,33,Frameshift,1.5718887419441517e-05
TPSAB1,58,In-frame stop codon,1.4416362362176705e-05
TPSB2,49,Frameshift,0.0003035540635405561
TPSD1,43,Frameshift,0.005541345379156026
TPSG1,61,Frameshift,3.11932677136633e-05
TPST1,12,Frameshift,9.079572880872912e-06
TPST2,14,In-frame stop codon,4.58020163417329e-05
TPT1,29,Frameshift,0.02032313079129216
TPTE,202,Frameshift,0.0015673075626797335
TPTE2,59,Frameshift,7.348932790750555e-05
TPX2,16,In-frame stop codon,7.039915923103593e-06
TRA2A,53,Splice acceptor,6.0827048444458635e-05
TRA2B,5,Splice donor,1.2989884956503967e-05
TRABD,17,In-frame stop codon,1.752619820036391e-05
TRABD2A,57,Frameshift,1.598654563224347e-05
TRABD2B,7,In-frame stop codon,2.0005680416399626e-06
TRADD,13,Frameshift,5.080493174424898e-06
TRAF1,19,Frameshift,2.1255851867898493e-05
TRAF2,15,Frameshift,4.182415028397521e-05
TRAF3,10,Frameshift,5.1783471931664145e-06
TRAF3IP1,62,Frameshift,2.4460841122928896e-05
TRAF3IP2,36,Frameshift,9.466358170498125e-06
TRAF3IP3,56,In-frame stop codon,9.891870243091704e-06
TRAF4,24,Frameshift,6.393402978369988e-05
TRAF5,71,Frameshift,1.8714167764550265e-05
TRAF6,8,Frameshift,4.536599156863135e-06
TRAF7,36,Frameshift,5.81379602885593e-06
TRAFD1,43,Frameshift,8.194000692228577e-06
TRAIP,27,Frameshift,1.474637259125633e-05
TRAK1,50,Frameshift,1.6700989949635364e-05
TRAK2,69,Frameshift,1.6823680739846757e-05
TRAM1,15,Frameshift,8.049664425857656e-06
TRAM1L1,28,Frameshift,6.843279470853711e-06
TRAM2,11,Frameshift,9.77388204479544e-06
TRANK1,143,Frameshift,1.1358321716083654e-05
TRAP1,99,Frameshift,4.5494070592510375e-05
TRAPPC1,7,Frameshift,3.751297435407989e-05
TRAPPC10,23,Frameshift,6.617274292189503e-06
TRAPPC11,71,In-frame stop codon,1.0952521104254816e-05
TRAPPC12,62,In-frame stop codon,8.692476950581361e-06
TRAPPC13,32,Frameshift,1.014557972792697e-05
TRAPPC2,11,Frameshift,4.321367150804175e-05
TRAPPC2L,63,Frameshift,0.0019148671272122824
TRAPPC2P1,13,Frameshift,2.2677173959731263e-05
TRAPPC3,12,Frameshift,8.543404153605341e-05
TRAPPC3L,24,In-frame stop codon,3.193796790261709e-05
TRAPPC4,41,Frameshift,0.00016854995758654645
TRAPPC5,6,Frameshift,4.060742660614689e-06
TRAPPC6A,32,Frameshift,6.838983594043115e-06
TRAPPC6B,17,Frameshift,9.392528248222387e-06
TRAPPC8,31,In-frame stop codon,9.221014457059943e-06
TRAPPC9,81,In-frame stop codon,9.084261377932547e-06
TRAT1,13,Frameshift,6.191832607932756e-05
TRDMT1,50,In-frame stop codon,9.032605758320618e-06
TRDN,130,Frameshift,8.361381448128899e-05
TREH,79,Frameshift,0.025581279562136787
TREM1,20,Frameshift,2.769332482767062e-05
TREM2,37,Frameshift,9.651223430793815e-05
TREML1,29,Frameshift,1.696965398198629e-05
TREML2,30,Frameshift,1.1551477392803786e-05
TREML4,21,In-frame stop codon,2.7930590710678328e-05
TRERF1,20,Frameshift,6.623757192938398e-06
TREX1,52,Frameshift,1.543017762011367e-05
TREX2,20,Frameshift,6.643634492506831e-05
TRH,20,Frameshift,1.1775161344996305e-05
TRHDE,43,In-frame stop codon,5.148616079401343e-06
TRHR,26,Frameshift,1.504519038005529e-05
TRIAP1,3,In-frame stop codon,6.660920595510556e-06
TRIB1,20,Frameshift,0.00010001044849055664
TRIB2,6,Frameshift,1.4027510635723536e-05
TRIB3,49,Frameshift,1.8855865520462492e-05
TRIM10,37,In-frame stop codon,1.412780194491806e-05
TRIM11,29,Frameshift,6.062275673925593e-05
TRIM13,24,Frameshift,7.877342080008897e-06
TRIM14,18,Frameshift,7.058169567306537e-06
TRIM15,59,Frameshift,3.97566226181897e-05
TRIM16,55,Frameshift,3.59227406378401e-05
TRIM17,60,Frameshift,0.0003771903887885706
TRIM2,19,Frameshift,4.565032292077838e-06
TRIM21,49,Frameshift,8.324439203756353e-06
TRIM22,49,Frameshift,5.3927854298702676e-05
TRIM23,36,Frameshift,5.992666435992773e-06
TRIM24,20,Frameshift,6.9401468048979725e-06
TRIM25,24,Frameshift,9.020327226515041e-06
TRIM26,17,Frameshift,5.4553693932700914e-06
TRIM27,12,Frameshift,1.569387895421453e-05
TRIM28,13,Frameshift,2.3791161658089513e-05
TRIM29,53,In-frame stop codon,0.017125205066748184
TRIM3,10,In-frame stop codon,6.404562465754372e-06
TRIM31,36,Frameshift,0.00014559385126342622
TRIM32,35,Frameshift,1.0917817044935962e-05
TRIM33,20,Frameshift,2.985075017656105e-05
TRIM34,37,Frameshift,1.5934287233338585e-05
TRIM35,39,Frameshift,1.215761396989144e-05
TRIM36,38,In-frame stop codon,1.2154899234745718e-05
TRIM37,72,Frameshift,1.747702025308318e-05
TRIM38,42,Frameshift,0.0003966368835644129
TRIM39,15,In-frame stop codon,1.4306526555625387e-05
TRIM4,61,Frameshift,0.0003600307344187989
TRIM40,34,In-frame stop codon,0.0003399197215312708
TRIM41,31,Frameshift,1.3496127812519397e-05
TRIM42,53,In-frame stop codon,1.2009954086981698e-05
TRIM43,21,Frameshift,3.547868687002645e-05
TRIM43B,7,Splice donor,4.868298806505103e-05
TRIM44,16,In-frame stop codon,1.2078418193356021e-05
TRIM45,59,Frameshift,4.194555670232618e-05
TRIM46,35,Frameshift,2.3043506876351343e-05
TRIM47,51,Frameshift,2.932821389590066e-05
TRIM48,56,In-frame stop codon,0.00045963974124938785
TRIM49,49,Frameshift,8.953410915166335e-05
TRIM49B,61,Frameshift,6.1011603787226355e-05
TRIM49C,50,In-frame stop codon,3.441862341199071e-05
TRIM49D1,6,Frameshift,2.7812470582536684e-05
TRIM49D2P,1,Splice acceptor,4.37177581533619e-05
TRIM5,67,In-frame stop codon,0.007931438138658573
TRIM50,47,Frameshift,7.793373811671273e-05
TRIM51,67,Frameshift,0.0005125614837009194
TRIM51GP,11,Splice donor,0.06962310117435509
TRIM52,40,Frameshift,1.4668474736060136e-05
TRIM54,51,Frameshift,2.5975741380998853e-05
TRIM55,51,Frameshift,2.393302134327075e-05
TRIM56,39,Frameshift,5.314035060595817e-05
TRIM58,54,In-frame stop codon,0.00013423911245388328
TRIM59,68,Frameshift,8.695547818685518e-05
TRIM6,62,Frameshift,2.1169961529018546e-05
TRIM60,38,In-frame stop codon,2.923926720912154e-05
TRIM61,26,Frameshift,1.267140629588013e-05
TRIM62,41,In-frame stop codon,1.5123784125611329e-05
TRIM63,29,In-frame stop codon,3.415227827346228e-05
TRIM64,3,Splice donor,6.448700586831753e-06
TRIM64B,49,In-frame stop codon,0.0005091943077411679
TRIM64C,53,Frameshift,2.7682639163240815e-05
TRIM65,68,In-frame stop codon,6.315859008188136e-05
TRIM66,71,Frameshift,1.272625293502325e-05
TRIM67,23,In-frame stop codon,0.013820452981641872
TRIM68,51,In-frame stop codon,1.7877647821451822e-05
TRIM69,39,In-frame stop codon,7.929290170426317e-06
TRIM7,57,Frameshift,3.58885962049724e-05
TRIM71,7,Frameshift,2.211858537582781e-06
TRIM72,45,Frameshift,1.617887579244708e-05
TRIM73,34,Frameshift,4.2896285262670104e-05
TRIM74,20,Frameshift,4.4696852019740575e-05
TRIM77,35,Frameshift,0.00042079569126034786
TRIM8,8,Frameshift,3.821286349378956e-06
TRIM9,21,Frameshift,6.613531564693371e-06
TRIML1,41,Frameshift,1.6043771739844686e-05
TRIML2,51,Frameshift,1.300583887955575e-05
TRIO,89,Frameshift,2.1216028804165113e-05
TRIOBP,194,Frameshift,2.5270757918936034e-05
TRIP10,44,Frameshift,9.754774893050534e-06
TRIP11,111,Frameshift,1.0051877367954099e-05
TRIP12,26,Splice acceptor,1.1013549810598526e-05
TRIP13,11,Frameshift,7.795378118278596e-06
TRIP4,45,Frameshift,8.566038318524139e-06
TRIP6,44,Frameshift,3.908498330516572e-05
TRIQK,14,Frameshift,0.00013954197982914767
TRIT1,52,Frameshift,3.0324456330655073e-05
TRMT1,74,Frameshift,1.1240168027121895e-05
TRMT10A,40,Frameshift,1.3397112957920292e-05
TRMT10B,66,Frameshift,8.062938854936246e-05
TRMT10C,34,Frameshift,0.0003666162466382636
TRMT11,52,Frameshift,1.3027959962556651e-05
TRMT112,32,Frameshift,7.886217732646097e-06
TRMT13,43,Frameshift,1.0705536618192364e-05
TRMT1L,28,Frameshift,1.3617428107997185e-05
TRMT2A,88,Frameshift,0.00023675176572369452
TRMT2B,30,Frameshift,1.970143744318153e-05
TRMT44,100,Frameshift,3.1281997916317716e-05
TRMT5,44,Frameshift,3.2424075162918214e-05
TRMT6,27,Frameshift,8.350699635555046e-06
TRMT61A,22,Frameshift,9.869676667812726e-06
TRMT61B,62,Frameshift,1.3872085882366613e-05
TRMU,59,Frameshift,9.162196597749514e-06
TRNAU1AP,20,Frameshift,3.6021112673541e-06
TRNP1,11,Frameshift,1.8157740820662823e-05
TRNT1,54,Frameshift,2.550985848051236e-05
TRO,32,Frameshift,1.2978304833240423e-05
TROAP,73,Frameshift,0.000175928784607323
TROVE2,31,Frameshift,1.4438716610382669e-05
TRPA1,114,Frameshift,0.0015609340593319633
TRPC1,33,Frameshift,1.7481041745838747e-05
TRPC3,35,In-frame stop codon,9.819829730561048e-06
TRPC4,38,Frameshift,5.083974450827772e-06
TRPC4AP,35,Frameshift,9.538472246245417e-06
TRPC5,6,Frameshift,2.8393676897948446e-06
TRPC6,61,Frameshift,7.801204907382917e-06
TRPC7,31,In-frame stop codon,7.334051983797419e-06
TRPM1,167,Frameshift,0.005468983289757248
TRPM2,160,Frameshift,2.8400724951760826e-05
TRPM3,79,In-frame stop codon,1.892767293240986e-05
TRPM4,136,Frameshift,4.0471824391165324e-05
TRPM5,123,Frameshift,4.218153668065819e-05
TRPM6,81,In-frame stop codon,6.635767973453017e-06
TRPM7,107,Frameshift,7.463708789298552e-06
TRPM8,98,In-frame stop codon,1.052514595122474e-05
TRPS1,15,In-frame stop codon,8.080322904055252e-06
TRPT1,37,Frameshift,1.083982905017246e-05
TRPV1,99,Frameshift,9.81476642308534e-06
TRPV2,58,In-frame stop codon,9.255844173343886e-06
TRPV3,76,Frameshift,1.4767572212944699e-05
TRPV4,57,Frameshift,0.0001204141817923194
TRPV5,45,In-frame stop codon,1.1433155292626457e-05
TRPV6,45,Frameshift,0.0020233071248164066
TRRAP,73,Frameshift,0.0011933655678290286
TRUB1,32,Frameshift,1.9673554545714212e-05
TRUB2,33,Frameshift,3.77659193688113e-05
TSACC,13,Frameshift,1.928894921440023e-05
TSC1,20,Frameshift,4.542816069670701e-06
TSC2,41,Frameshift,6.141236169962208e-05
TSC22D1,25,Frameshift,5.828460056894394e-05
TSC22D2,8,Start codon lost,9.048951353963727e-06
TSC22D3,12,Frameshift,1.6736767068672822e-05
TSC22D4,26,Frameshift,2.0242307991619906e-05
TSEN15,12,Splice acceptor,1.899745391030207e-05
TSEN2,60,Frameshift,4.031247339628115e-05
TSEN34,20,Frameshift,1.2354315679272032e-05
TSEN54,57,Frameshift,8.3637916311686e-06
TSFM,51,Frameshift,0.007176702421594767
TSG101,13,Splice acceptor,0.0002332052386423489
TSGA10,39,Frameshift,3.277774538617813e-05
TSGA10IP,83,Frameshift,0.012090294450538568
TSGA13,35,Frameshift,3.152256214544412e-05
TSHB,9,Frameshift,2.3001554163999362e-05
TSHR,57,Frameshift,1.1177948235158115e-05
TSHZ1,34,Frameshift,0.0004200154024054983
TSHZ2,19,Frameshift,2.003709904120314e-05
TSHZ3,15,Frameshift,6.3933677325852065e-06
TSKS,29,Frameshift,6.839914402483059e-06
TSKU,8,Frameshift,1.1954199620157123e-05
TSLP,17,Frameshift,1.0257508995723545e-05
TSN,19,In-frame stop codon,8.377452058120858e-05
TSNARE1,48,Frameshift,5.734742181234126e-05
TSNAX,16,Frameshift,5.9618148195637825e-06
TSNAXIP1,94,In-frame stop codon,8.83382599453972e-05
TSPAN1,18,Frameshift,8.119068523956843e-05
TSPAN10,35,Frameshift,2.9092539077198667e-05
TSPAN11,30,Frameshift,4.612069196668368e-05
TSPAN12,14,Frameshift,5.690642338837522e-06
TSPAN13,12,Splice acceptor,4.3395249394640805e-06
TSPAN14,12,Frameshift,7.760269588590159e-06
TSPAN15,20,Frameshift,1.4226438238809288e-05
TSPAN16,24,Frameshift,0.005098014904813516
TSPAN17,34,Frameshift,1.5823361812481015e-05
TSPAN18,23,Frameshift,8.901386850239742e-06
TSPAN19,33,Frameshift,0.00013156934499875802
TSPAN2,18,In-frame stop codon,8.41279218508152e-06
TSPAN3,8,In-frame stop codon,7.752708213681018e-06
TSPAN31,24,Frameshift,7.800007248167935e-06
TSPAN32,44,Frameshift,0.019439674116442603
TSPAN33,21,In-frame stop codon,1.1793371732456104e-05
TSPAN4,30,Frameshift,1.1596859979482495e-05
TSPAN5,9,Frameshift,9.742977203878469e-06
TSPAN6,15,Frameshift,1.5995904117253566e-05
TSPAN7,10,Frameshift,1.4244707826651192e-05
TSPAN8,26,Frameshift,2.716704939774197e-05
TSPAN9,10,Frameshift,7.0776798509613955e-06
TSPEAR,93,Frameshift,1.961582857173965e-05
TSPO,21,In-frame stop codon,7.900488980048027e-06
TSPO2,25,In-frame stop codon,1.0212720979952767e-05
TSPY1,6,Frameshift,1.1573897831487719e-05
TSPY2,4,Frameshift,0.000668078518473588
TSPY3,4,Frameshift,1.736084674723158e-05
TSPY8,13,Frameshift,0.06323337679269883
TSPYL1,22,In-frame stop codon,1.4104619774066682e-05
TSPYL2,20,Frameshift,1.3655293436644214e-05
TSPYL4,26,Frameshift,6.581054138931402e-06
TSPYL5,11,Frameshift,1.6174501000874885e-05
TSPYL6,28,Frameshift,9.924018041850135e-05
TSR1,81,Frameshift,9.811731357089974e-06
TSR2,2,Frameshift,2.916880571241891e-06
TSR3,30,Frameshift,2.717802089485343e-05
TSSC1,66,Frameshift,0.006614759642490435
TSSC4,27,Frameshift,2.3521921679446676e-05
TSSK1B,19,Frameshift,2.6984375430478407e-05
TSSK2,25,Frameshift,1.6771105850389295e-05
TSSK3,28,Frameshift,1.5787772127065782e-05
TSSK4,41,Frameshift,2.10059744005304e-05
TSSK6,14,Frameshift,5.002395822061926e-06
TST,23,Frameshift,1.5097988918537951e-05
TSTA3,37,Frameshift,9.88990943373517e-06
TSTD1,9,Frameshift,1.14920992420831e-05
TSTD2,55,Frameshift,0.0006651037999407457
TSTD3,5,Splice donor,2.3666735333614064e-05
TTBK1,41,Frameshift,3.585669287603091e-05
TTBK2,22,In-frame stop codon,6.385325346651273e-06
TTC1,46,Frameshift,1.0327345557437009e-05
TTC12,83,Frameshift,5.51609248118039e-05
TTC13,49,In-frame stop codon,1.0207360176986706e-05
TTC14,91,Frameshift,1.0909112208404815e-05
TTC16,127,Frameshift,2.662711220502692e-05
TTC17,28,Frameshift,9.09437676619738e-06
TTC18,53,Frameshift,7.07948967314666e-06
TTC19,61,Frameshift,3.144426181269135e-05
TTC21A,110,Frameshift,1.3741123393364524e-05
TTC21B,112,Frameshift,1.2401691420609992e-05
TTC22,58,Frameshift,0.0016942859185832902
TTC23,90,Frameshift,3.256264697971431e-05
TTC23L,48,Frameshift,5.073088809245459e-05
TTC24,49,Frameshift,0.0007948345294710247
TTC25,17,Splice donor,0.0001190130762146419
TTC26,38,In-frame stop codon,7.671929174444026e-06
TTC27,55,In-frame stop codon,1.5996537399167925e-05
TTC28,41,In-frame stop codon,7.069739364760756e-05
TTC29,44,Frameshift,2.4338140507218842e-05
TTC3,201,Frameshift,6.291592533774313e-05
TTC30A,46,Frameshift,1.4401582795789052e-05
TTC30B,54,Frameshift,8.70585872511759e-06
TTC31,63,In-frame stop codon,3.150061366644075e-05
TTC32,31,Frameshift,9.126379161859336e-05
TTC33,23,Frameshift,7.006734227696247e-05
TTC34,45,Frameshift,6.142375505157199e-05
TTC36,19,Frameshift,1.0745579350282757e-05
TTC37,120,Frameshift,1.0865650560675011e-05
TTC38,61,Frameshift,0.00010277926235622865
TTC39A,85,Frameshift,0.0009160505745501267
TTC39B,80,Frameshift,2.1687986076602226e-05
TTC39C,38,Frameshift,9.600584307137725e-06
TTC4,35,Frameshift,2.614295362240409e-05
TTC40,199,Frameshift,0.00015666394808054533
TTC5,35,In-frame stop codon,1.0293297209648981e-05
TTC6,137,Frameshift,9.437230605388301e-05
TTC7A,95,In-frame stop codon,1.0380133245504064e-05
TTC7B,33,Frameshift,1.0337226418121476e-05
TTC8,44,Frameshift,8.246424712486345e-06
TTC9,15,Frameshift,1.0020409761398824e-05
TTC9B,10,Frameshift,7.739674053594975e-06
TTC9C,45,Frameshift,0.0011247909593607589
TTF1,80,Frameshift,9.281515715213494e-06
TTF2,109,Frameshift,1.246604398653649e-05
TTI1,63,Frameshift,1.0898735074127652e-05
TTI2,43,Frameshift,1.241177600779035e-05
TTK,51,Frameshift,4.1943109538015514e-05
TTL,20,Frameshift,6.428615916127955e-06
TTLL1,39,Frameshift,1.4862219934623139e-05
TTLL10,88,Frameshift,0.00010497668109114379
TTLL11,45,Frameshift,1.1085731659256411e-05
TTLL12,61,In-frame stop codon,1.0208614122279766e-05
TTLL13,83,Frameshift,0.00010980256383813688
TTLL2,47,Frameshift,5.0044073402910185e-05
TTLL3,122,Frameshift,0.0003626317504024268
TTLL4,71,Frameshift,1.645539688479672e-05
TTLL5,126,Frameshift,1.4310741109374463e-05
TTLL6,82,Frameshift,0.00037906277964813197
TTLL7,28,In-frame stop codon,9.895812554496738e-06
TTLL8,87,Frameshift,0.00012014640436745014
TTLL9,62,In-frame stop codon,1.5736954167896038e-05
TTN,1262,Frameshift,1.759991936446403e-05
TTPA,25,Frameshift,9.12902912979441e-05
TTPAL,23,Frameshift,6.783065494232363e-06
TTR,6,Frameshift,6.628829438930765e-06
TTYH1,40,Frameshift,0.0002768377415323596
TTYH2,29,Frameshift,0.0009922484234218233
TTYH3,19,Frameshift,1.0415190245470059e-05
TUB,50,Frameshift,5.113716468556925e-05
TUBA1A,18,Frameshift,0.000633931491961371
TUBA1B,8,Splice acceptor,1.0907025425982631e-05
TUBA1C,25,Frameshift,5.912093038363831e-06
TUBA3C,53,Frameshift,3.0847468387000997e-05
TUBA3D,36,Frameshift,8.474129189599999e-06
TUBA3E,38,Frameshift,8.158610075699652e-05
TUBA4A,15,In-frame stop codon,0.0001918419220033101
TUBA4B,6,Splice acceptor,4.2727476962429404e-05
TUBA8,43,Frameshift,0.009499855704237042
TUBAL3,25,Frameshift,1.5523535262035484e-05
TUBB,4,Frameshift,1.9944685493551722e-06
TUBB1,41,Frameshift,1.8729107185666965e-05
TUBB2A,4,Frameshift,2.9919364896847455e-06
TUBB2B,3,In-frame stop codon,1.4552990348456802e-06
TUBB3,59,Frameshift,7.228521813089384e-05
TUBB4A,26,In-frame stop codon,1.5049934448402518e-05
TUBB4B,3,In-frame stop codon,4.005256419936751e-06
TUBB6,43,Frameshift,1.0086456550932811e-05
TUBB8,63,Frameshift,2.7698805822984042e-05
TUBD1,43,Frameshift,0.001985726553068316
TUBE1,27,Frameshift,1.0097370674308108e-05
TUBG1,21,Frameshift,8.018835103325318e-06
TUBG2,40,Frameshift,1.1337384623163278e-05
TUBGCP2,67,Frameshift,8.745748162794962e-06
TUBGCP3,32,Frameshift,9.02820746677304e-06
TUBGCP4,53,Frameshift,8.806939167544257e-06
TUBGCP5,77,Frameshift,1.0534525934025278e-05
TUBGCP6,191,Frameshift,1.4606617215425486e-05
TUFM,22,Frameshift,7.659434253532177e-06
TUFT1,24,In-frame stop codon,2.702216008816758e-05
TUG1,4,Splice acceptor,0.001011100411358651
TULP1,32,Frameshift,2.6712205052728714e-05
TULP2,54,In-frame stop codon,4.066852152812629e-05
TULP3,50,Frameshift,6.849451205795533e-05
TULP4,16,Frameshift,9.46829035849371e-06
TUSC1,27,Frameshift,9.740408504256331e-06
TUSC2,1,Frameshift,3.18775900541919e-05
TUSC3,29,Frameshift,1.0657361633610942e-05
TUSC5,14,Frameshift,6.341347627511266e-06
TUT1,78,Frameshift,4.717726691238667e-05
TVP23A,29,Frameshift,3.977498292667259e-05
TVP23B,23,Frameshift,1.8735070213914353e-05
TVP23C,47,Frameshift,0.0002502692415333622
TWF1,39,Frameshift,0.00015638441497910498
TWF2,6,In-frame stop codon,2.7432838919807877e-06
TWIST1,6,Frameshift,0.0002665296781496497
TWIST2,4,In-frame stop codon,1.0469648525331555e-05
TWISTNB,14,Frameshift,3.49601541197558e-05
TWSG1,15,Frameshift,1.1504380052121283e-05
TXK,47,In-frame stop codon,1.2839234077382425e-05
TXLNA,10,Frameshift,5.961022663094989e-06
TXLNB,69,Frameshift,0.002040934054769223
TXLNG,14,Frameshift,8.258806328348185e-05
TXN,3,Splice donor,4.006763454944647e-06
TXN2,17,Frameshift,1.479202424028288e-05
TXNDC11,57,Frameshift,1.5712528762284776e-05
TXNDC12,22,Frameshift,1.6445035395405607e-05
TXNDC15,27,In-frame stop codon,0.0002633524511768532
TXNDC16,61,Frameshift,9.322232990902663e-06
TXNDC17,22,Frameshift,1.0024801699215908e-05
TXNDC2,79,Frameshift,0.002175754851818208
TXNDC5,63,Frameshift,1.8959635215060133e-05
TXNDC8,19,Frameshift,0.00017980320746792066
TXNDC9,15,Frameshift,1.3234425870296538e-05
TXNIP,42,Frameshift,8.723428826863114e-06
TXNL1,12,In-frame stop codon,4.2206185519160136e-06
TXNL4A,14,Frameshift,7.044150233685642e-06
TXNL4B,10,Frameshift,1.2758216740752542e-05
TXNRD1,81,Frameshift,1.0355910858171038e-05
TXNRD2,53,In-frame stop codon,2.297604774548961e-05
TXNRD3,43,Frameshift,4.062209728385426e-05
TYK2,86,Frameshift,1.1075132301403966e-05
TYMP,41,Frameshift,1.9201401216782184e-05
TYMS,6,Frameshift,1.889061790136502e-05
TYR,88,Frameshift,1.5592549007622007e-05
TYRO3,114,Frameshift,0.0002796077073710673
TYROBP,8,Frameshift,1.712186140282308e-05
TYRP1,84,Frameshift,4.7827595939950465e-05
TYSND1,43,Frameshift,1.3526666455455846e-05
TYW1,57,Frameshift,1.0478638835862413e-05
TYW1B,84,Frameshift,0.0024703306974046576
TYW3,26,Frameshift,0.009527969990582743
TYW5,38,Frameshift,9.79713404299952e-06
U2AF1,2,In-frame stop codon,1.592153865749586e-05
U2AF1L4,46,Frameshift,1.5995683803551507e-05
U2AF2,19,Frameshift,0.00045382812060779315
U2SURP,14,Frameshift,6.616562613108051e-06
U82695.5,1,Splice acceptor,0.0002079650618696059
UACA,144,Frameshift,2.1030655411843565e-05
UAP1,24,Frameshift,1.032686736527993e-05
UAP1L1,47,Frameshift,9.229208938539399e-06
UBA1,8,Frameshift,2.009307733844483e-05
UBA2,17,Splice acceptor,1.380580405750983e-05
UBA3,20,Frameshift,4.399190933526596e-06
UBA5,23,In-frame stop codon,9.100077032542298e-06
UBA52,10,Frameshift,0.00019657986228880238
UBA6,57,Frameshift,1.583344219166411e-05
UBA7,85,Frameshift,3.1649384043034056e-05
UBAC1,17,Frameshift,6.329442302203149e-06
UBAC2,30,Frameshift,1.2026837593000722e-05
UBALD1,24,Frameshift,1.9545979886218783e-05
UBALD2,11,In-frame stop codon,1.359590759873135e-05
UBAP1,13,Frameshift,1.9194171378854785e-05
UBAP1L,31,Frameshift,2.1060230887988377e-05
UBAP2,74,Frameshift,0.00012215734156106897
UBAP2L,14,In-frame stop codon,4.35945349454961e-06
UBASH3A,52,In-frame stop codon,1.5030249873173226e-05
UBASH3B,32,Frameshift,3.7821091867247348e-06
UBB,20,Frameshift,7.372604259297252e-06
UBC,63,Frameshift,2.193684285055399e-05
UBD,11,Frameshift,2.9866493495649247e-05
UBE2B,7,Frameshift,1.9418857950687697e-05
UBE2C,19,Frameshift,1.0098556602359727e-05
UBE2D1,10,In-frame stop codon,5.503974575949652e-06
UBE2D2,1,Frameshift,4.037989404315803e-06
UBE2D3,16,Frameshift,7.554166259511558e-05
UBE2D4,22,Frameshift,9.975653731171405e-06
UBE2E1,23,Frameshift,8.508752122191314e-06
UBE2E2,6,In-frame stop codon,0.00023341144710129486
UBE2E3,7,Frameshift,1.1824233509518737e-05
UBE2F,7,Frameshift,1.2759099161061363e-05
UBE2G1,2,In-frame stop codon,2.143788159429238e-06
UBE2G2,10,Frameshift,1.3157301915999437e-05
UBE2H,17,Frameshift,0.00016171883090355572
UBE2I,7,Frameshift,2.5248486224511885e-05
UBE2J1,14,Frameshift,5.5415266959971816e-06
UBE2J2,10,Frameshift,1.1274762839501036e-05
UBE2K,3,Frameshift,2.747441335217259e-05
UBE2L3,1,In-frame stop codon,0.0
UBE2L6,16,Frameshift,2.3135297773401356e-05
UBE2M,5,Frameshift,7.947540159367301e-05
UBE2N,10,In-frame stop codon,9.991457466276e-06
UBE2NL,9,Frameshift,0.07007949173386323
UBE2O,18,Frameshift,8.417311816849586e-05
UBE2Q1,12,Frameshift,0.00010607691613596266
UBE2Q2,48,Frameshift,9.864142654189547e-05
UBE2QL1,1,Frameshift,6.6240958109218095e-06
UBE2R2,5,Frameshift,3.227093563029173e-06
UBE2S,10,In-frame stop codon,0.00012403934114236484
UBE2T,18,Frameshift,9.748183217117171e-06
UBE2U,38,Frameshift,3.5276507890600344e-05
UBE2V1,19,In-frame stop codon,4.8489057937600406e-06
UBE2V2,14,Frameshift,8.630667604518583e-06
UBE2W,17,Frameshift,0.0018598151703908333
UBE2Z,5,Frameshift,3.2244023369024086e-06
UBE3A,10,In-frame stop codon,7.398201733385317e-06
UBE3B,78,Frameshift,1.5605870553097716e-05
UBE3C,40,Frameshift,1.1027593851169174e-05
UBE3D,40,Frameshift,8.828205186473499e-06
UBE4A,34,Frameshift,1.7057075427442795e-05
UBE4B,33,Frameshift,3.3828107795820734e-05
UBFD1,31,Frameshift,2.2777417122481347e-05
UBIAD1,21,Frameshift,7.0206985804237595e-06
UBL3,4,Frameshift,1.2958824974025425e-05
UBL4A,8,In-frame stop codon,5.773802537074608e-06
UBL4B,17,Frameshift,8.809249805518181e-06
UBL5,10,Frameshift,7.95471552193701e-06
UBL7,27,Frameshift,1.3799071250319558e-05
UBLCP1,15,In-frame stop codon,5.711616580812594e-06
UBN1,10,Frameshift,5.586699276710334e-06
UBN2,33,Frameshift,1.8032762117156404e-05
UBOX5,22,Frameshift,1.303979377920976e-05
UBP1,18,Splice acceptor,1.0460177156427933e-05
UBQLN1,8,Frameshift,6.999240489149368e-06
UBQLN2,7,Frameshift,9.908836318680835e-06
UBQLN3,37,Frameshift,1.8288706962106933e-05
UBQLN4,11,Frameshift,4.931051198625198e-06
UBQLNL,36,In-frame stop codon,0.0001409718998195211
UBR1,54,In-frame stop codon,6.766228694143744e-06
UBR2,63,Frameshift,0.00038747693066728997
UBR3,43,Frameshift,9.623069340983209e-06
UBR4,81,Frameshift,0.004874394163403332
UBR5,24,Frameshift,5.8082611858174224e-06
UBR7,22,Frameshift,0.00022419028520673844
UBTD1,8,Frameshift,1.0501710135648564e-05
UBTD2,7,In-frame stop codon,1.2036682971191821e-05
UBTF,13,In-frame stop codon,6.91618038843679e-05
UBXN1,20,Frameshift,7.235779422673006e-06
UBXN10,17,Frameshift,0.00013597625659342273
UBXN11,135,Frameshift,0.007065559026816543
UBXN2A,21,Frameshift,1.0995695956751963e-05
UBXN2B,19,Frameshift,1.3024243005835817e-05
UBXN4,29,In-frame stop codon,2.4543424180169842e-05
UBXN6,60,Frameshift,7.176558381069178e-06
UBXN7,3,Frameshift,0.00010522050111749403
UBXN8,12,Splice donor,1.0926761669114963e-05
UCHL1,10,Frameshift,2.792526311461358e-06
UCHL3,31,In-frame stop codon,1.1868736788012168e-05
UCHL5,56,Frameshift,8.262257442386893e-06
UCK1,27,In-frame stop codon,1.0547528610728492e-05
UCK2,6,In-frame stop codon,1.3615875552119932e-05
UCKL1,81,Frameshift,1.9859659367420294e-05
UCMA,22,In-frame stop codon,2.370443439660287e-05
UCN,14,Frameshift,1.9685376080625353e-05
UCN2,9,In-frame stop codon,1.4995865978213473e-05
UCN3,9,Frameshift,4.049203725935194e-06
UCP1,40,Frameshift,1.5900936794825855e-05
UCP2,41,Frameshift,1.642557895045503e-05
UCP3,34,Frameshift,0.00022620999743694386
UEVLD,56,Frameshift,0.0003644729623915482
UFC1,11,Frameshift,5.422821335544178e-06
UFD1L,7,Frameshift,1.14150995885777e-05
UFL1,75,Frameshift,1.1868903248992281e-05
UFM1,24,Frameshift,1.2638294480918483e-05
UFSP1,27,Frameshift,4.854784470829583e-05
UFSP2,55,Frameshift,1.2507538040066894e-05
UGCG,12,Frameshift,5.409972425524769e-06
UGDH,30,Frameshift,2.3015132943209734e-05
UGGT1,73,Frameshift,7.1234148169702184e-06
UGGT2,170,Frameshift,1.8092840742982136e-05
UGP2,56,Frameshift,1.3406023288732064e-05
UGT2A1,69,Frameshift,0.0004963353073949353
UGT2A3,59,Frameshift,1.0548655590321665e-05
UGT2B10,65,Frameshift,0.014746615571452331
UGT2B11,58,In-frame stop codon,3.8491454181586025e-05
UGT2B15,56,In-frame stop codon,3.111100302641671e-05
UGT2B17,39,Frameshift,6.699075523418829e-05
UGT2B28,73,Frameshift,1.4853515739638628e-05
UGT2B4,64,Frameshift,2.614699308330091e-05
UGT2B7,62,Frameshift,1.1555755651082033e-05
UGT3A1,43,Frameshift,2.7179896986084762e-05
UGT3A2,51,Frameshift,1.2139386297353802e-05
UGT8,12,Frameshift,8.96879012753259e-06
UHMK1,15,Frameshift,5.354692273714926e-06
UHRF1,5,Splice acceptor,2.0312051827192153e-05
UHRF1BP1,80,Frameshift,1.326869124962478e-05
UHRF1BP1L,66,Frameshift,1.034976224636974e-05
UHRF2,19,Splice acceptor,5.9060909080814606e-06
UIMC1,51,Frameshift,9.019676316319032e-06
ULBP1,22,In-frame stop codon,0.00014714687185968166
ULBP2,26,In-frame stop codon,1.4945161862447462e-05
ULBP3,30,In-frame stop codon,0.0013136309622561622
ULK1,32,Frameshift,1.1234531946664063e-05
ULK2,63,Frameshift,1.2772003487506546e-05
ULK3,43,Frameshift,1.7261614529782675e-05
ULK4,148,Frameshift,7.527429283108848e-05
UMOD,72,In-frame stop codon,3.5113110776914376e-05
UMODL1,154,Frameshift,0.0014057348650576718
UMPS,26,Frameshift,1.2463289845443954e-05
UNC119,18,In-frame stop codon,1.2837691335598353e-05
UNC119B,8,Frameshift,4.325055488853133e-05
UNC13A,50,Frameshift,0.0015585239858158211
UNC13B,93,In-frame stop codon,7.4954720988049454e-06
UNC13C,127,Frameshift,1.0142463439136517e-05
UNC13D,113,Frameshift,4.871985919461202e-05
UNC45A,61,Frameshift,2.6433910147380675e-05
UNC45B,60,In-frame stop codon,1.2889268524890337e-05
UNC50,40,Frameshift,0.006731257301928639
UNC5A,23,Frameshift,2.0525290988179252e-05
UNC5B,81,Frameshift,0.00011761077216340188
UNC5C,29,Frameshift,6.243259841310135e-06
UNC5CL,54,Frameshift,1.7814055359620106e-05
UNC5D,43,Frameshift,1.7387127185927668e-05
UNC79,47,Frameshift,0.006614884811310542
UNC80,88,In-frame stop codon,9.3855892032897e-06
UNC93A,40,In-frame stop codon,0.003677374536482512
UNC93B1,42,Frameshift,0.023820311566230677
UNCX,11,Frameshift,3.8175923819180504e-07
UNG,39,Frameshift,1.4613913028585263e-05
UNK,26,Frameshift,0.00010224979169385306
UNKL,114,Frameshift,0.002930730352281227
UPB1,64,Frameshift,5.7026483059168986e-05
UPF1,14,Frameshift,5.122419906559736e-06
UPF2,17,Frameshift,5.996255328753634e-06
UPF3A,57,Frameshift,2.907660633008531e-05
UPF3B,18,Frameshift,0.0009750599450741061
UPK1A,32,Frameshift,1.540275842610909e-05
UPK1B,32,In-frame stop codon,7.964514130529303e-06
UPK2,28,Frameshift,6.561296648302734e-05
UPK3A,34,Frameshift,0.0002696429012049516
UPK3B,43,Frameshift,4.536578022518747e-05
UPK3BL,8,Frameshift,0.00012055645350941416
UPP1,30,Frameshift,2.3360239622640842e-05
UPP2,37,Frameshift,0.0017307788336387193
UPRT,4,In-frame stop codon,7.974108783795633e-06
UQCC1,46,In-frame stop codon,1.5345511825567602e-05
UQCC2,14,Frameshift,1.0600383644179476e-05
UQCR10,16,Frameshift,0.00013499619921702172
UQCR11,12,In-frame stop codon,5.847154602584916e-06
UQCRB,32,Frameshift,0.0004119441822868155
UQCRC1,23,Frameshift,9.284472342034861e-06
UQCRC2,35,Frameshift,8.093024426574452e-06
UQCRFS1,4,In-frame stop codon,8.016636472669449e-06
UQCRH,18,Frameshift,5.309251115121771e-06
UQCRQ,7,In-frame stop codon,3.980050120840858e-05
URAD,13,In-frame stop codon,7.442841271934642e-05
URB1,128,Frameshift,1.6949507650875014e-05
URB2,98,Frameshift,9.70548670239949e-06
URGCP,20,Frameshift,1.2706108086174063e-05
URI1,76,Frameshift,2.506006895529441e-05
URM1,15,Frameshift,9.821815918028693e-06
UROC1,75,Frameshift,2.2767630519293803e-05
UROD,33,Frameshift,9.643607514993131e-06
UROS,20,Frameshift,8.254671367371247e-06
USB1,35,Frameshift,1.7693147311053033e-05
USE1,36,Frameshift,1.0766475843690241e-05
USF1,15,Splice donor,0.00012163547385774281
USF2,45,Frameshift,0.004995269510098552
USH1C,95,Frameshift,1.9567021550943343e-05
USH1G,21,In-frame stop codon,7.6333425354241e-06
USH2A,379,Frameshift,1.16687275701928e-05
USHBP1,77,Frameshift,1.4707635802878418e-05
USMG5,8,Splice donor,0.000865710521366198
USO1,41,Frameshift,9.750457491339288e-06
USP1,23,Frameshift,5.465393574485225e-06
USP10,31,In-frame stop codon,5.5214805339948046e-05
USP11,9,In-frame stop codon,1.3278931654360286e-05
USP12,13,Frameshift,1.2139323570645535e-05
USP13,52,Frameshift,1.226886609832064e-05
USP14,21,Splice acceptor,1.504989213216263e-05
USP15,37,Frameshift,0.00011715025957268153
USP16,76,Frameshift,1.0301752475637063e-05
USP17L10,73,Frameshift,0.0004409213565203832
USP17L11,8,In-frame stop codon,0.0158667221391272
USP17L12,2,In-frame stop codon,0.0
USP17L13,17,In-frame stop codon,0.0004091499519460234
USP17L15,27,In-frame stop codon,0.00012000411222762055
USP17L17,26,Frameshift,0.00125024779269083
USP17L18,31,Frameshift,0.003510095828470687
USP17L19,4,In-frame stop codon,0.0010842877873079215
USP17L2,76,In-frame stop codon,2.2285565325136517e-05
USP17L20,3,In-frame stop codon,0.0
USP17L22,17,In-frame stop codon,0.0019828456385883827
USP17L23,4,Frameshift,0.0004907523667240093
USP17L24,3,In-frame stop codon,0.0033887259693711307
USP17L25,1,In-frame stop codon,0.0
USP17L26,3,In-frame stop codon,0.0002120441051738762
USP17L28,1,Frameshift,0.0
USP17L29,1,In-frame stop codon,0.0
USP17L5,4,Frameshift,0.0
USP18,19,In-frame stop codon,0.00020056733663897952
USP19,45,Frameshift,2.457400970660448e-05
USP2,35,Frameshift,1.7841452009159042e-05
USP20,59,Frameshift,6.093898430195376e-06
USP21,20,In-frame stop codon,5.977359856533163e-06
USP22,32,Splice donor,6.70256832676313e-05
USP24,55,In-frame stop codon,5.121321015133058e-06
USP25,53,Frameshift,1.6663655286956746e-05
USP26,31,Frameshift,1.7753934281811716e-05
USP27X,1,In-frame stop codon,0.0
USP28,105,In-frame stop codon,1.2821371073078397e-05
USP29,82,Frameshift,0.010930013965304627
USP3,17,Frameshift,5.729476533494347e-06
USP30,36,Frameshift,1.0414093968081972e-05
USP31,40,Frameshift,9.894828632339832e-06
USP32,40,In-frame stop codon,8.68930077742344e-06
USP33,33,In-frame stop codon,6.072086303366468e-06
USP34,34,Splice acceptor,6.058106515723819e-06
USP35,85,Frameshift,2.920067398467398e-05
USP36,97,Frameshift,3.062078594544833e-05
USP37,31,Frameshift,5.487122373083291e-05
USP38,48,Frameshift,1.0488978683623387e-05
USP39,31,Frameshift,7.5713886584563765e-06
USP4,86,Frameshift,0.0054590418193129035
USP40,146,Frameshift,3.799975783259915e-05
USP42,22,Frameshift,2.3980901018683584e-05
USP43,42,Frameshift,9.17969169347667e-05
USP44,66,Frameshift,1.352006956322229e-05
USP45,120,Frameshift,0.0001389161421433486
USP46,7,In-frame stop codon,1.578594206212603e-05
USP47,30,Frameshift,9.788301581212311e-06
USP48,29,Frameshift,0.013856032186386614
USP49,22,Frameshift,0.000549799231442305
USP5,13,In-frame stop codon,5.260264023982212e-06
USP50,39,In-frame stop codon,0.00013083936184155382
USP51,8,In-frame stop codon,1.0830628822264682e-05
USP53,85,Frameshift,1.1934058936657505e-05
USP54,87,Frameshift,3.5043818953814475e-05
USP6,146,Frameshift,4.718826452733506e-05
USP6NL,49,Frameshift,7.745694226363188e-06
USP7,16,Splice acceptor,7.810224087464696e-06
USP8,24,Frameshift,1.4885029269636444e-05
USP9X,20,Frameshift,5.256883707308608e-06
USP9Y,29,In-frame stop codon,1.5645387866981192e-05
USPL1,43,Frameshift,5.5015622569130256e-06
UST,14,Frameshift,3.552367332308421e-06
UTF1,15,Frameshift,0.00013891723529456306
UTP11L,29,Frameshift,1.0396207025125621e-05
UTP14A,14,Frameshift,0.0006263909716512991
UTP14C,56,Frameshift,5.0934672250942e-05
UTP15,12,Frameshift,9.280830563725747e-06
UTP18,46,Frameshift,1.1053502633717665e-05
UTP20,122,Frameshift,1.930880983773271e-05
UTP23,35,Frameshift,1.0997826449326998e-05
UTP3,26,Frameshift,6.649123346480703e-06
UTP6,47,Frameshift,6.755990643089641e-06
UTRN,167,Frameshift,1.802591786293039e-05
UTS2,39,Frameshift,4.027088769384217e-05
UTS2B,19,Frameshift,0.00012599450710148262
UTS2R,43,Frameshift,3.8487040909928534e-05
UTY,8,In-frame stop codon,2.6600760675387682e-05
UVRAG,29,Frameshift,0.0007221979136271349
UVSSA,82,Frameshift,1.1138058060360157e-05
UXS1,30,Frameshift,4.400704760525698e-06
UXT,2,In-frame stop codon,8.297928836962294e-06
VAC14,30,Frameshift,9.074790331687286e-06
VAMP1,15,Frameshift,4.526644269749581e-06
VAMP2,3,Frameshift,2.5891084836454647e-05
VAMP3,14,Frameshift,9.772895534340244e-06
VAMP4,8,Frameshift,6.998060028733094e-06
VAMP5,10,Frameshift,6.246783841930666e-05
VAMP7,22,Frameshift,5.9638954346669605e-06
VAMP8,15,Frameshift,1.2805387015947955e-05
VANGL1,20,Frameshift,0.0013195203748797369
VANGL2,6,In-frame stop codon,3.98416948838993e-06
VAPA,13,Frameshift,1.3583422244896334e-05
VAPB,9,In-frame stop codon,3.6485477704357474e-06
VARS,67,Frameshift,8.722482923727492e-06
VARS2,88,In-frame stop codon,6.528052390347084e-05
VASH1,26,Frameshift,2.5456758543276604e-05
VASH2,23,Frameshift,8.969469830282687e-06
VASN,22,Frameshift,5.349987164994625e-06
VASP,15,Frameshift,1.9089467529054896e-05
VAT1,24,Frameshift,7.272417045097563e-06
VAT1L,29,Frameshift,2.5030422495075437e-05
VAV1,24,In-frame stop codon,5.5357668524008326e-05
VAV2,40,Frameshift,7.503026012372718e-06
VAV3,78,In-frame stop codon,7.396185708589778e-06
VAX1,19,Frameshift,9.42074912408703e-06
VAX2,22,Frameshift,1.441262790417662e-05
VBP1,2,Splice acceptor,5.458932451169849e-06
VCAM1,27,Splice acceptor,1.1443181260633409e-05
VCAN,38,Frameshift,7.462157112674055e-06
VCL,39,Frameshift,1.0117128677222316e-05
VCP,8,Frameshift,4.258508968418712e-06
VCPIP1,8,Frameshift,9.712510737032446e-06
VCPKMT,35,Frameshift,1.9469757065795222e-05
VCX,92,Frameshift,0.00020246859526258483
VCX2,23,Frameshift,2.8145690440155175e-05
VCX3A,60,Frameshift,0.00021439210484148292
VCX3B,131,Frameshift,0.00019593902527320267
VDAC1,4,Frameshift,4.0193138485847035e-06
VDAC2,10,Frameshift,1.1308704044978859e-05
VDAC3,8,Frameshift,1.2422939230205313e-05
VDR,25,In-frame stop codon,0.025177171220129795
VEGFA,31,Frameshift,1.8021734797677862e-05
VEGFB,42,Frameshift,2.2364170478695605e-05
VEGFC,13,In-frame stop codon,1.0662117979374356e-05
VENTX,35,Frameshift,1.931819503387149e-05
VEPH1,84,Frameshift,2.3378216260007764e-05
VEZF1,21,Frameshift,3.0426272555635796e-05
VEZT,45,Frameshift,1.4336058260535867e-05
VGF,11,In-frame stop codon,5.538272234073038e-06
VGLL1,5,Frameshift,5.020318341531495e-05
VGLL2,18,Frameshift,6.9617609879383e-06
VGLL3,17,Frameshift,5.882151504180399e-06
VGLL4,24,Frameshift,7.609147859007873e-06
VHL,15,In-frame stop codon,1.5447443107661975e-05
VHLL,16,In-frame stop codon,1.0087209719838094e-05
VIL1,85,Frameshift,2.5677238157967117e-05
VILL,111,Frameshift,5.6185995222342307e-05
VIM,11,In-frame stop codon,7.071292209489191e-06
VIMP,45,In-frame stop codon,2.711256251493318e-05
VIP,15,In-frame stop codon,1.6953644845588746e-05
VIPAS39,45,In-frame stop codon,1.0398076994485643e-05
VIPR1,67,In-frame stop codon,1.0243698724895375e-05
VIPR2,67,Frameshift,1.3295299676318839e-05
VIT,96,In-frame stop codon,0.00010342724222776202
VKORC1,33,Frameshift,0.005823806412216175
VKORC1L1,7,In-frame stop codon,1.1137570880839099e-05
VLDLR,42,In-frame stop codon,5.402151400728324e-06
VMA21,10,Frameshift,2.7920551472129074e-05
VMAC,18,Frameshift,1.816541679183268e-05
VMO1,25,Frameshift,0.018149976002567503
VMP1,9,Frameshift,1.0207422882316447e-05
VN1R1,30,Frameshift,9.908106757867837e-05
VN1R2,43,Frameshift,2.435771753364383e-05
VN1R4,21,Frameshift,5.6764477725046e-05
VNN1,37,Frameshift,0.0002111530526675853
VNN2,55,Frameshift,2.330402250138401e-05
VOPP1,21,Frameshift,8.922032064911814e-05
VPRBP,14,Splice acceptor,6.4842082800034805e-06
VPREB1,18,Frameshift,0.006117851054230131
VPREB3,16,In-frame stop codon,1.9839922985208893e-05
VPS11,34,In-frame stop codon,0.029422185964938233
VPS13A,211,Frameshift,0.0005051470601478227
VPS13B,275,Frameshift,0.003848881547785614
VPS13C,267,Frameshift,1.6313263267503607e-05
VPS13D,132,In-frame stop codon,6.938353618549111e-06
VPS16,76,Frameshift,6.4111876353415735e-06
VPS18,23,Frameshift,3.4799150318232143e-06
VPS25,14,In-frame stop codon,7.6837156349406e-06
VPS26A,20,Frameshift,1.6167038287409355e-05
VPS26B,6,In-frame stop codon,1.3298448232180714e-05
VPS28,26,Frameshift,2.008280321291914e-05
VPS29,10,Frameshift,1.4198790597229065e-05
VPS33A,22,Frameshift,1.1507904149920081e-05
VPS33B,52,Splice donor,2.2147221081403435e-05
VPS35,17,Splice acceptor,1.16890228126759e-05
VPS36,26,Splice acceptor,1.4287146835126088e-05
VPS37A,32,Frameshift,1.712941964077905e-05
VPS37B,23,Frameshift,0.00019403215352257772
VPS37C,22,Frameshift,2.166247403367701e-05
VPS37D,9,Frameshift,1.771521802690123e-05
VPS39,54,In-frame stop codon,5.779999922037237e-06
VPS41,79,Frameshift,1.5652054799660566e-05
VPS45,44,Frameshift,1.6234972835161675e-05
VPS4A,13,Frameshift,5.855589649120122e-06
VPS4B,24,Frameshift,1.6992515408288652e-05
VPS51,68,Frameshift,6.768460095057203e-05
VPS52,56,Frameshift,1.0948730469727087e-05
VPS53,49,Frameshift,1.1407872772172997e-05
VPS54,24,Frameshift,5.590005587222801e-06
VPS72,21,In-frame stop codon,1.2335199679218225e-05
VPS8,85,Frameshift,1.8978546673526234e-05
VPS9D1,70,Frameshift,9.75797652133247e-06
VRK1,36,Frameshift,0.001758286250948652
VRK2,96,Frameshift,1.450210461695614e-05
VRK3,55,Frameshift,1.4756548541314204e-05
VRTN,13,Frameshift,4.036845305244101e-06
VSIG1,14,In-frame stop codon,1.8181750855351173e-05
VSIG10,45,Frameshift,1.60299401378228e-05
VSIG10L,64,Frameshift,0.015667367000102825
VSIG2,31,Frameshift,1.4138921032889471e-05
VSIG4,28,In-frame stop codon,1.958570332382381e-05
VSIG8,32,Frameshift,1.9149241466698473e-05
VSNL1,5,Frameshift,1.4331796100026286e-05
VSTM1,31,Frameshift,1.320671266777582e-05
VSTM2A,23,Frameshift,3.339600339733917e-05
VSTM2B,21,Frameshift,1.510519431361886e-05
VSTM2L,29,Frameshift,2.0221793507390355e-05
VSTM4,25,Frameshift,7.4851101090591e-06
VSTM5,26,Frameshift,2.320275128980722e-05
VSX1,36,Frameshift,4.333826077715917e-05
VSX2,24,Frameshift,1.1147300676605011e-05
VTA1,18,In-frame stop codon,5.01424297153071e-06
VTCN1,32,In-frame stop codon,1.8090996707666672e-05
VTI1A,17,In-frame stop codon,4.047924786464639e-05
VTI1B,25,Frameshift,9.25885752128189e-06
VTN,100,Frameshift,0.010166426347615392
VWA1,44,Frameshift,1.936611181526485e-05
VWA2,76,Frameshift,2.795229817178373e-05
VWA3A,118,Frameshift,5.037585721271011e-05
VWA3B,155,Frameshift,0.00023160655109893605
VWA5A,89,Frameshift,1.1597934514944916e-05
VWA5B1,115,Frameshift,3.075518147046707e-05
VWA5B2,73,Frameshift,2.8755832988692578e-05
VWA7,104,Frameshift,0.000590500644164985
VWA8,219,Frameshift,1.5793934652099916e-05
VWA9,51,Frameshift,2.6321700406212908e-05
VWC2,6,Frameshift,1.5442777063061692e-05
VWC2L,9,In-frame stop codon,7.59243948240427e-06
VWCE,91,Frameshift,1.1635039076471007e-05
VWDE,157,Frameshift,0.001592601384278353
VWF,150,Frameshift,8.824921582624242e-06
WAC,19,Splice donor,1.0047971003940546e-05
WAPAL,6,Splice acceptor,6.237973923694127e-06
WARS,30,Splice acceptor,0.0002572724781745929
WARS2,24,Frameshift,1.0879953418068524e-05
WAS,6,In-frame stop codon,8.589212222797873e-06
WASF1,7,Frameshift,2.583203094547313e-05
WASF2,10,Frameshift,3.9783291615235145e-06
WASF3,24,Frameshift,2.3866028673536515e-05
WASL,18,Frameshift,6.373748733583437e-06
WBP1,41,Frameshift,2.7475107587211757e-05
WBP11,8,Splice acceptor,5.1937115870017726e-06
WBP1L,15,Frameshift,1.4901207917314889e-05
WBP2,23,Frameshift,0.00010647396731827738
WBP2NL,31,In-frame stop codon,1.9045903429023867e-05
WBP4,62,Frameshift,1.2371783438133861e-05
WBP5,5,Frameshift,1.4637796855535565e-05
WBSCR17,23,Frameshift,7.926912129950435e-05
WBSCR22,39,Frameshift,9.302805084468755e-06
WBSCR27,25,Frameshift,0.00026419926164703575
WBSCR28,29,Frameshift,5.481935308855979e-05
WDFY1,20,In-frame stop codon,6.734327146505966e-06
WDFY2,42,Frameshift,8.614187515523289e-06
WDFY3,46,Frameshift,7.07302835963477e-06
WDFY4,96,In-frame stop codon,8.361411214381911e-05
WDHD1,107,Frameshift,1.509602960165368e-05
WDPCP,65,Frameshift,1.0351079583104836e-05
WDR1,18,Frameshift,3.183839568227931e-05
WDR11,59,Frameshift,6.561812090614734e-06
WDR12,26,Frameshift,8.031772324764026e-06
WDR13,4,Frameshift,1.3663964845351246e-06
WDR16,53,In-frame stop codon,1.158082852084615e-05
WDR17,115,Frameshift,1.7683772073300227e-05
WDR18,22,Frameshift,7.829157594106734e-06
WDR19,95,Frameshift,1.002743738236367e-05
WDR20,27,Frameshift,2.4410930439893638e-05
WDR24,43,Frameshift,1.0512827821617769e-05
WDR25,45,Frameshift,2.2822150252206574e-05
WDR26,2,Frameshift,2.1902138569516895e-05
WDR27,103,Frameshift,0.00023645581264384135
WDR3,72,Frameshift,1.7040461097480587e-05
WDR31,45,In-frame stop codon,2.591222791999485e-05
WDR33,49,In-frame stop codon,0.0003130981443591758
WDR34,83,Frameshift,1.8391396139698048e-05
WDR35,106,Frameshift,1.4930386893050735e-05
WDR36,53,Frameshift,6.8082228106980575e-06
WDR37,14,Frameshift,0.07125460634652393
WDR38,47,Frameshift,2.6554677092190123e-05
WDR4,56,Frameshift,1.776563741160505e-05
WDR41,78,Frameshift,0.008838776848320167
WDR43,55,Splice donor,7.313469901841529e-06
WDR44,12,Splice acceptor,1.1021425455263488e-05
WDR45,9,Frameshift,1.1064782111431982e-05
WDR45B,14,In-frame stop codon,7.4305729483323835e-06
WDR46,49,Frameshift,1.3748082803165013e-05
WDR47,28,In-frame stop codon,1.1375346982469938e-05
WDR48,9,In-frame stop codon,1.1538288917510356e-05
WDR49,113,Frameshift,0.00032782538627022854
WDR5,2,Frameshift,5.972193467216639e-06
WDR52,109,Frameshift,0.006348075408013896
WDR53,22,Frameshift,2.225083068971088e-05
WDR54,42,Splice donor,1.2623198537626053e-05
WDR55,46,Frameshift,1.568619546061192e-05
WDR59,56,In-frame stop codon,8.21459831221367e-06
WDR5B,58,Frameshift,3.2191571192219795e-05
WDR6,84,Frameshift,1.6610923866173724e-05
WDR60,91,Frameshift,0.0016209744817980269
WDR61,16,Splice donor,6.952767979202987e-06
WDR62,120,Frameshift,1.0450939938732926e-05
WDR63,78,Frameshift,0.0008272893425310147
WDR64,115,Frameshift,3.806836198483478e-05
WDR65,100,Frameshift,1.2855994668522423e-05
WDR66,86,Frameshift,3.358862383887318e-05
WDR7,38,Frameshift,2.2027928077812857e-05
WDR70,42,In-frame stop codon,0.008291195075745135
WDR72,96,In-frame stop codon,1.181256289880356e-05
WDR73,42,Frameshift,3.108442844430513e-05
WDR75,47,Frameshift,9.237631228604414e-06
WDR76,55,Frameshift,1.1183258919889185e-05
WDR77,25,Frameshift,9.77446451321422e-06
WDR78,84,Frameshift,2.657868745585496e-05
WDR81,80,Frameshift,9.96853034730323e-06
WDR82,4,Splice acceptor,2.07780597633273e-06
WDR83,42,Frameshift,1.5165332161320882e-05
WDR83OS,10,Splice donor,8.708144447961867e-06
WDR86,71,In-frame stop codon,2.133411014685754e-05
WDR87,225,Frameshift,4.7125222255269405e-05
WDR88,48,Frameshift,1.1559278856235877e-05
WDR89,38,Frameshift,7.280301288116924e-05
WDR90,227,Frameshift,3.5960871213394946e-05
WDR91,43,In-frame stop codon,1.2363229302471001e-05
WDR92,25,Frameshift,9.75351982723429e-06
WDR93,71,Frameshift,1.8623563452285363e-05
WDR96,135,Frameshift,1.247228409516874e-05
WDSUB1,68,Frameshift,9.711178830142237e-06
WDTC1,9,Frameshift,1.1186293777293583e-05
WDYHV1,24,In-frame stop codon,1.2053976360347609e-05
WEE1,20,Frameshift,1.6414138799881164e-05
WEE2,43,Frameshift,1.1994637592509431e-05
WFDC1,31,In-frame stop codon,3.1302625607538985e-05
WFDC10A,12,In-frame stop codon,1.1413550525698637e-05
WFDC10B,15,In-frame stop codon,0.0002959267590621684
WFDC11,12,In-frame stop codon,7.127244991712408e-05
WFDC12,10,Frameshift,4.65619695669754e-05
WFDC13,7,Frameshift,8.565746189235518e-06
WFDC2,18,Frameshift,3.1227379038969575e-05
WFDC3,21,In-frame stop codon,1.722768973269133e-05
WFDC5,23,In-frame stop codon,1.0672297072870554e-05
WFDC6,17,Frameshift,9.734732758095958e-06
WFDC8,29,Frameshift,2.7904607441893453e-05
WFDC9,11,Splice acceptor,9.83951816081706e-06
WFIKKN1,47,Frameshift,1.0832987268031925e-05
WFIKKN2,31,Frameshift,7.981110670337746e-06
WFS1,97,In-frame stop codon,1.0324812108267537e-05
WHAMM,82,Frameshift,1.734261716635225e-05
WHSC1,38,Frameshift,0.00030751229397926033
WHSC1L1,17,Frameshift,3.1117297206412874e-06
WIBG,21,Splice donor,0.00032810881709580445
WIF1,30,In-frame stop codon,9.920088553243673e-06
WIPF1,12,Frameshift,5.344921589280389e-06
WIPF2,27,Frameshift,1.0926704159011914e-05
WIPF3,81,Frameshift,0.0002104270814762479
WIPI1,34,Frameshift,1.96206511994255e-05
WIPI2,20,Frameshift,4.395068880639915e-06
WISP1,31,Frameshift,0.010292170138543581
WISP2,33,Frameshift,1.1258442057907884e-05
WISP3,37,Frameshift,2.2105208341127627e-05
WIZ,40,Frameshift,3.059127113557375e-05
WLS,28,Frameshift,3.743432242289273e-05
WNK1,97,Frameshift,0.008252595183178354
WNK2,85,Frameshift,7.11232975053534e-05
WNK3,14,In-frame stop codon,6.89182992220006e-06
WNK4,121,Frameshift,1.3343647509247273e-05
WNT1,19,Frameshift,9.964833997214291e-06
WNT10A,35,In-frame stop codon,2.7965348117721363e-05
WNT10B,30,Frameshift,1.0624015383428588e-05
WNT11,14,In-frame stop codon,6.372245253452854e-06
WNT16,28,In-frame stop codon,6.581489811348702e-06
WNT2,16,In-frame stop codon,4.761486050774428e-06
WNT2B,24,Frameshift,3.959852074805473e-05
WNT3,8,Splice donor,2.567399060860311e-06
WNT3A,12,Frameshift,0.0005706232497435169
WNT4,21,In-frame stop codon,0.007457795107413255
WNT5A,3,In-frame stop codon,0.00016147602893456774
WNT5B,17,Frameshift,9.942901799254445e-06
WNT6,18,Frameshift,8.029287787718204e-06
WNT7A,13,In-frame stop codon,4.298863055939773e-06
WNT7B,20,In-frame stop codon,4.586258597510722e-06
WNT8A,24,Frameshift,9.685518374282634e-06
WNT8B,15,Frameshift,1.853941906364685e-05
WNT9A,7,Frameshift,1.5219172293618133e-05
WNT9B,20,Frameshift,3.192052590756535e-05
WRAP53,42,Frameshift,3.8363091293591785e-05
WRAP73,45,Frameshift,9.788086198005687e-06
WRB,19,Frameshift,1.423972930889014e-05
WRN,142,Frameshift,3.2038382828336225e-05
WRNIP1,43,Frameshift,9.786694631103384e-06
WSB1,21,Frameshift,1.1379354385515891e-05
WSB2,12,Frameshift,2.5590999797824595e-05
WSCD1,34,Frameshift,8.163107647165192e-06
WSCD2,23,Frameshift,3.1119101339213494e-05
WT1,19,Frameshift,2.3885496806625375e-05
WTAP,11,Frameshift,3.711465713206997e-06
WTIP,50,Frameshift,2.3394152772945055e-05
WWC1,36,In-frame stop codon,8.246052476056424e-06
WWC2,91,Frameshift,1.4195144366489136e-05
WWC3,13,In-frame stop codon,1.7496760081493e-05
WWOX,122,Frameshift,0.0005582182411286752
WWP1,31,Frameshift,2.4726517033528747e-05
WWP2,34,In-frame stop codon,1.703049780446289e-05
WWTR1,9,Frameshift,0.010334969004228929
XAB2,40,Frameshift,6.4863997780812255e-06
XAF1,55,In-frame stop codon,8.203201317780945e-05
XAGE3,6,Frameshift,1.5883704066985364e-05
XAGE5,16,In-frame stop codon,1.4356573759423913e-05
XBP1,28,Frameshift,2.8503811723050465e-05
XCL1,15,Frameshift,6.3766661221026324e-06
XCL2,14,Frameshift,8.0269281778702e-06
XCR1,19,Frameshift,1.4685472581154403e-05
XDH,103,Frameshift,1.6899882158822518e-05
XG,23,In-frame stop codon,1.2571504037311152e-05
XIAP,5,In-frame stop codon,4.564753895298542e-06
XIRP1,131,Frameshift,1.2999826971239402e-05
XIRP2,308,Frameshift,0.00033327535835598
XK,3,In-frame stop codon,4.130610528868692e-06
XKR3,23,Frameshift,1.8374394688773716e-05
XKR4,7,Frameshift,1.1998611643291546e-05
XKR5,13,Splice acceptor,0.07692632547064918
XKR6,17,Frameshift,1.1791421932712333e-05
XKR7,11,Frameshift,5.835950951009198e-06
XKR8,32,Frameshift,1.8165168515793445e-05
XKR9,41,Frameshift,0.00015773316521130044
XKRX,14,In-frame stop codon,7.151056720467574e-06
XPA,37,Frameshift,1.7931077087095315e-05
XPC,69,Frameshift,1.3532953535644295e-05
XPNPEP1,16,Frameshift,8.477701859553227e-06
XPNPEP2,59,Frameshift,1.0940992239804452e-05
XPNPEP3,38,In-frame stop codon,1.881587078230075e-05
XPO1,5,Frameshift,9.34768700295537e-06
XPO4,18,Frameshift,7.091608457175553e-06
XPO5,35,Frameshift,8.741207844252996e-06
XPO6,14,Frameshift,5.224590995776232e-06
XPO7,19,Frameshift,4.696937365490773e-06
XPOT,25,Frameshift,7.571523151786606e-06
XPR1,11,In-frame stop codon,9.541001479111319e-06
XRCC1,49,Frameshift,1.2053015655627688e-05
XRCC2,34,Frameshift,1.1822018767063888e-05
XRCC3,47,Frameshift,9.402666109545136e-06
XRCC4,34,Frameshift,0.006657172434027324
XRCC5,17,Frameshift,4.2318341283970425e-06
XRCC6,14,Frameshift,9.106017395833825e-06
XRCC6BP1,28,Frameshift,1.009328679607762e-05
XRN1,48,Frameshift,7.0025879569824486e-06
XRN2,38,Frameshift,7.047389643148724e-06
XRRA1,65,Frameshift,1.7521939255208848e-05
XXYLT1,28,Frameshift,2.9597432354228104e-05
XXyac-YRM2039.2,13,Splice acceptor,0.004866676280357525
XYLB,58,In-frame stop codon,1.700970411925433e-05
XYLT1,41,Frameshift,8.22875541071143e-06
XYLT2,41,Frameshift,1.2274305570547113e-05
YAE1D1,30,Frameshift,1.1206057087125006e-05
YAF2,19,Frameshift,1.8316579183727687e-05
YAP1,20,Splice donor,3.464036049862593e-05
YARS,27,Frameshift,1.0616174516926634e-05
YARS2,43,Frameshift,4.135630237897636e-05
YBEY,36,Splice donor,9.492170994799607e-06
YBX1,22,Frameshift,0.00011664772097218904
YBX2,17,Frameshift,0.00017990269242852713
YBX3,35,Frameshift,6.163279568365871e-06
YDJC,27,Frameshift,1.5204272539874035e-05
YEATS2,48,Frameshift,8.373002033877655e-06
YEATS4,36,Frameshift,3.745030481449406e-05
YES1,26,Frameshift,6.5038541629616095e-06
YIF1A,44,Frameshift,1.6821875937734855e-05
YIF1B,40,Frameshift,1.7521311529540314e-05
YIPF1,31,Frameshift,0.00011168188318902654
YIPF2,61,Frameshift,1.4962472405559473e-05
YIPF3,23,Frameshift,2.378785952400365e-05
YIPF4,14,Frameshift,9.5417131386701e-06
YIPF5,3,Frameshift,2.3988311114149096e-05
YIPF6,4,Frameshift,0.0
YIPF7,33,Frameshift,3.13196759848622e-05
YJEFN3,47,Frameshift,9.52411549150565e-06
YKT6,7,In-frame stop codon,3.498432249695306e-06
YLPM1,92,Frameshift,1.4102843845865766e-05
YME1L1,31,In-frame stop codon,0.0008920067638517701
YOD1,18,Frameshift,9.507600243025928e-06
YPEL1,7,In-frame stop codon,3.994338614972001e-06
YPEL2,1,Start codon lost,1.3293983143229374e-05
YPEL3,7,In-frame stop codon,4.649932372865981e-06
YPEL4,6,Frameshift,5.6453491334774905e-06
YPEL5,1,In-frame stop codon,3.977503241665142e-06
YRDC,17,Frameshift,6.496509885571042e-06
YTHDC1,13,Frameshift,1.4822646030895608e-05
YTHDC2,36,Frameshift,0.0004599336350721233
YTHDF1,18,Frameshift,4.927511839634864e-06
YTHDF2,7,Splice acceptor,6.938250115123299e-06
YTHDF3,17,Frameshift,1.1223904518205538e-05
YWHAB,4,Start codon lost,4.04725266170789e-06
YWHAE,9,Frameshift,6.981357383133799e-06
YWHAG,1,Frameshift,3.976838890302876e-06
YWHAH,14,Frameshift,5.8955622183338825e-06
YWHAQ,6,In-frame stop codon,3.6090495118906715e-06
YWHAZ,10,In-frame stop codon,1.4674746225114404e-05
YY1,5,Frameshift,2.5567818638939787e-05
YY1AP1,123,Frameshift,2.2199481681653394e-05
YY2,1,In-frame stop codon,5.449650677391579e-06
ZACN,76,Frameshift,0.0027304917201607915
ZADH2,36,Frameshift,9.449924376399984e-06
ZAN,318,Frameshift,0.0024944000761955624
ZAP70,24,Frameshift,8.383027733747757e-06
ZAR1,41,Frameshift,2.6628341079214256e-05
ZAR1L,13,Frameshift,9.028030801653282e-06
ZBBX,88,Frameshift,6.516468468915176e-05
ZBED1,29,Frameshift,8.396020540157727e-06
ZBED2,15,In-frame stop codon,8.507810030992223e-06
ZBED3,27,Frameshift,4.3786768315058606e-05
ZBED4,18,In-frame stop codon,8.871853119193963e-06
ZBED5,32,Frameshift,1.6887898893347092e-05
ZBED6,38,Frameshift,1.4250610007660152e-05
ZBP1,62,Frameshift,0.0003253254857933961
ZBTB1,10,Frameshift,1.0350202743104471e-05
ZBTB10,33,Frameshift,1.538098993759488e-05
ZBTB11,50,Frameshift,1.0517812395108709e-05
ZBTB12,8,Frameshift,3.5267252167448274e-06
ZBTB14,12,Splice acceptor,1.4652923470152893e-05
ZBTB16,6,Frameshift,9.965351000350655e-06
ZBTB17,47,Frameshift,0.0001657693580997335
ZBTB18,5,Frameshift,3.1982211748746675e-06
ZBTB2,8,Frameshift,9.942571781940616e-07
ZBTB20,11,In-frame stop codon,1.7547104711014386e-06
ZBTB21,36,Frameshift,6.097249707908473e-06
ZBTB22,15,Frameshift,6.120754041505393e-06
ZBTB24,35,Frameshift,7.860436464242267e-06
ZBTB25,29,Frameshift,1.0174967659211243e-05
ZBTB26,12,Frameshift,9.945471702301997e-06
ZBTB3,33,Frameshift,5.964307779602377e-06
ZBTB32,27,Frameshift,8.253332236695253e-06
ZBTB33,16,Frameshift,2.729508683196593e-06
ZBTB34,8,Frameshift,1.4971886928007377e-05
ZBTB37,10,Frameshift,7.543554363827979e-06
ZBTB38,12,Frameshift,1.534397423074167e-05
ZBTB39,24,Frameshift,8.786568087968965e-06
ZBTB4,31,Frameshift,4.340099558292417e-05
ZBTB40,56,In-frame stop codon,1.133268214552154e-05
ZBTB41,22,In-frame stop codon,5.780974830334103e-06
ZBTB42,14,Frameshift,1.441365467799032e-05
ZBTB43,4,In-frame stop codon,9.974503840851113e-06
ZBTB44,11,Frameshift,1.5785666326565917e-05
ZBTB45,29,Frameshift,1.2203057551931753e-05
ZBTB46,13,Frameshift,6.8089416628203e-06
ZBTB47,23,Frameshift,9.610075725791854e-06
ZBTB48,43,Frameshift,5.912269463068719e-06
ZBTB49,49,Frameshift,1.0478675304108308e-05
ZBTB5,23,Frameshift,8.318344260974141e-06
ZBTB6,15,Frameshift,1.301819777079628e-05
ZBTB7A,10,Frameshift,1.3691481120614202e-05
ZBTB7B,8,In-frame stop codon,6.925066552483652e-06
ZBTB7C,23,Frameshift,6.677365633436895e-06
ZBTB8A,22,In-frame stop codon,2.6382027788736785e-05
ZBTB8B,22,In-frame stop codon,2.3717549683325994e-05
ZBTB8OS,14,Frameshift,9.738007700068538e-06
ZBTB9,22,Frameshift,8.596136368530045e-06
ZC2HC1A,27,Frameshift,1.0941297305719124e-05
ZC2HC1B,27,Frameshift,1.900495471650855e-05
ZC2HC1C,47,Frameshift,0.00019455007814625809
ZC3H10,5,In-frame stop codon,9.840400053922475e-06
ZC3H11A,9,In-frame stop codon,0.0001282935450925661
ZC3H11B,1,Splice acceptor,0.0
ZC3H12A,25,Frameshift,1.49019998788186e-05
ZC3H12B,8,Frameshift,0.0004133192624212955
ZC3H12C,29,Frameshift,1.2984108839942531e-05
ZC3H12D,26,Frameshift,1.0689501971029439e-05
ZC3H13,52,Frameshift,1.0466863978410334e-05
ZC3H14,46,Frameshift,1.973934382834105e-05
ZC3H15,34,Frameshift,1.5112047112285438e-05
ZC3H18,29,Frameshift,2.5691689694198134e-05
ZC3H3,48,Frameshift,0.003816470238805058
ZC3H4,25,Frameshift,6.743382195846016e-05
ZC3H6,35,Frameshift,8.865724847070574e-06
ZC3H7A,17,Frameshift,1.1370909449364739e-05
ZC3H7B,19,Frameshift,5.799782233641229e-06
ZC3H8,24,Frameshift,0.00018476404089866048
ZC3HAV1,37,In-frame stop codon,1.0594920195895187e-05
ZC3HAV1L,23,Frameshift,6.33076021870656e-05
ZC3HC1,33,In-frame stop codon,1.142755281052794e-05
ZC4H2,7,Frameshift,1.8550594058713507e-05
ZCCHC10,26,Frameshift,8.440235594275072e-05
ZCCHC11,34,Frameshift,1.6256206917366225e-05
ZCCHC12,8,Frameshift,6.135999693651762e-06
ZCCHC13,13,In-frame stop codon,0.00016538887089948223
ZCCHC14,20,Frameshift,4.370968356488605e-06
ZCCHC16,19,In-frame stop codon,1.850480878580167e-05
ZCCHC17,23,Frameshift,2.1553346385238524e-05
ZCCHC18,19,Frameshift,7.291259775225534e-05
ZCCHC2,51,Frameshift,1.876768158449635e-05
ZCCHC24,23,In-frame stop codon,0.00022609361896440647
ZCCHC3,18,Frameshift,0.00018650832504413735
ZCCHC4,62,Frameshift,4.730616044763166e-05
ZCCHC5,39,Frameshift,2.5281042903839285e-05
ZCCHC6,24,Frameshift,9.402710749470259e-06
ZCCHC7,47,Frameshift,1.9430428552739393e-05
ZCCHC8,19,Frameshift,5.854754014314414e-06
ZCCHC9,19,Frameshift,1.1889861077972464e-05
ZCRB1,28,Frameshift,1.1586335884125476e-05
ZCWPW1,75,In-frame stop codon,1.2354008145226895e-05
ZCWPW2,70,Frameshift,0.003114581667940925
ZDBF2,82,Frameshift,7.531694271919679e-06
ZDHHC11,77,Frameshift,7.872814557661157e-05
ZDHHC11B,56,Frameshift,0.013505160044539
ZDHHC12,39,Frameshift,1.2147573829496294e-05
ZDHHC13,89,Frameshift,2.5636670175344557e-05
ZDHHC14,13,Frameshift,8.377390324425502e-06
ZDHHC15,9,Splice acceptor,1.9929228672769524e-05
ZDHHC16,23,Frameshift,9.355609712637965e-06
ZDHHC17,37,Frameshift,1.4462670791085282e-05
ZDHHC18,23,Frameshift,1.722928286072137e-05
ZDHHC19,33,Frameshift,1.3977890670601417e-05
ZDHHC2,27,Frameshift,1.2718514484629747e-05
ZDHHC20,32,Frameshift,7.261100003744871e-06
ZDHHC21,17,Frameshift,3.3488350656270115e-06
ZDHHC22,11,Frameshift,5.0183069033180355e-06
ZDHHC23,39,In-frame stop codon,1.0078254926466613e-05
ZDHHC24,28,Frameshift,1.0142608518136434e-05
ZDHHC3,30,In-frame stop codon,3.413307966752373e-05
ZDHHC4,40,Frameshift,8.358834596009763e-06
ZDHHC5,12,Frameshift,6.056264181512692e-06
ZDHHC6,24,Frameshift,6.500115454491072e-06
ZDHHC7,20,Frameshift,1.0554073219408187e-05
ZDHHC8,34,Frameshift,1.1772526673473881e-05
ZDHHC9,4,Frameshift,5.475288545196101e-06
ZEB1,26,Frameshift,1.0390056649267956e-05
ZEB2,13,Frameshift,2.5934082824202704e-06
ZER1,9,In-frame stop codon,2.267881444231874e-06
ZFAND1,47,Frameshift,1.703671631190827e-05
ZFAND2A,47,Frameshift,1.6399120586383035e-05
ZFAND2B,39,Frameshift,9.599228235214791e-06
ZFAND3,14,Splice acceptor,0.00022529746001411933
ZFAND4,63,Frameshift,2.97937049295121e-05
ZFAND5,10,Frameshift,0.00010955953912076296
ZFAND6,21,Frameshift,2.1638211634073214e-05
ZFAT,62,In-frame stop codon,4.5045824654286826e-05
ZFC3H1,38,Frameshift,1.1049449544078702e-05
ZFHX2,68,Frameshift,7.2181640742258974e-06
ZFHX3,80,Frameshift,2.09274991118044e-05
ZFHX4,63,Frameshift,3.7566347187404e-05
ZFP1,27,Frameshift,1.381704675483601e-05
ZFP14,21,Frameshift,8.622694519251973e-06
ZFP2,55,Frameshift,2.3368035438204106e-05
ZFP28,48,Frameshift,7.990425987849909e-06
ZFP3,21,Frameshift,8.229347311218866e-06
ZFP30,49,Frameshift,1.2503228099803382e-05
ZFP36,24,Frameshift,2.1133088813366156e-05
ZFP36L1,36,Frameshift,7.169965834373076e-05
ZFP36L2,21,Frameshift,1.4844193047316407e-05
ZFP37,54,Frameshift,9.651973911898225e-06
ZFP41,20,Frameshift,1.1418813177711778e-05
ZFP42,26,Frameshift,1.0583633502262493e-05
ZFP57,34,Frameshift,5.4914477921383215e-06
ZFP62,43,Frameshift,0.018265891353043844
ZFP64,52,In-frame stop codon,1.2452884675708521e-05
ZFP69,46,Frameshift,2.9715586605250017e-05
ZFP69B,54,Frameshift,1.528727272379775e-05
ZFP82,26,Frameshift,1.6607656028503357e-05
ZFP90,40,Frameshift,2.080413565013946e-05
ZFP91,18,Frameshift,0.00123040097968351
ZFP92,10,Frameshift,4.8738291347401e-05
ZFPL1,15,Frameshift,9.295456130828507e-06
ZFPM1,67,Frameshift,0.02883854522159236
ZFPM2,19,Frameshift,9.933876367481691e-06
ZFR,17,Frameshift,2.2223313022699074e-05
ZFR2,113,In-frame stop codon,2.1347856887815702e-05
ZFX,4,Frameshift,2.7488544894706547e-05
ZFY,1,Splice donor,1.626783361259781e-05
ZFYVE1,27,Frameshift,0.0002816809608226748
ZFYVE16,89,Frameshift,1.2938065306800893e-05
ZFYVE19,56,In-frame stop codon,0.006187421727982271
ZFYVE20,31,Frameshift,9.145228105358974e-06
ZFYVE21,20,Frameshift,1.700234603021989e-05
ZFYVE26,118,Frameshift,1.8416784369187315e-05
ZFYVE27,38,Splice acceptor,8.937040737689143e-06
ZFYVE28,32,Frameshift,6.750211506725075e-06
ZFYVE9,33,Frameshift,9.010106021633076e-06
ZG16,9,In-frame stop codon,1.7871345577081862e-05
ZG16B,22,Frameshift,4.06776828152718e-05
ZGLP1,11,In-frame stop codon,3.434000029169084e-06
ZGPAT,38,Frameshift,8.39110319439548e-06
ZHX1,12,Frameshift,1.095070131878887e-05
ZHX2,19,In-frame stop codon,6.532744091184963e-06
ZHX3,27,In-frame stop codon,7.237653857264559e-06
ZIC1,5,In-frame stop codon,3.7837236634335155e-06
ZIC2,6,Frameshift,0.0001481569445423855
ZIC3,8,Frameshift,6.118017631179571e-06
ZIC4,26,In-frame stop codon,2.3430055726549664e-05
ZIC5,37,Frameshift,3.7676033502976025e-05
ZIK1,56,Frameshift,1.981210777165008e-05
ZIM2,32,Frameshift,9.498971714969608e-06
ZIM3,49,Frameshift,0.00031902777602402444
ZKSCAN1,20,Frameshift,8.380880639336765e-06
ZKSCAN2,46,Frameshift,9.336988274143399e-06
ZKSCAN3,35,In-frame stop codon,1.2889961777251803e-05
ZKSCAN4,41,Frameshift,2.2802415365084876e-05
ZKSCAN5,44,Frameshift,7.3298327493028395e-06
ZKSCAN7,50,Frameshift,2.0462274107366916e-05
ZKSCAN8,27,In-frame stop codon,1.3000277621638981e-05
ZMAT1,12,In-frame stop codon,4.7078201469627445e-06
ZMAT2,1,Splice acceptor,0.0
ZMAT3,20,In-frame stop codon,6.970777743816834e-06
ZMAT4,8,Frameshift,6.010853984859715e-06
ZMAT5,28,Frameshift,1.0408523847906003e-05
ZMIZ1,15,Frameshift,9.765031879373223e-06
ZMIZ2,23,Frameshift,5.1661890304460064e-05
ZMPSTE24,45,Frameshift,1.9340337895770413e-05
ZMYM1,64,Frameshift,6.957888238057516e-06
ZMYM2,59,Frameshift,3.366440734261243e-05
ZMYM3,38,Frameshift,5.675288761700616e-05
ZMYM4,32,Frameshift,1.420560084767796e-05
ZMYM5,75,Frameshift,4.6069915939329417e-05
ZMYM6,81,Frameshift,9.150888899379663e-06
ZMYM6NB,7,Frameshift,4.98932985513932e-05
ZMYND10,43,Frameshift,1.752040976616227e-05
ZMYND11,21,In-frame stop codon,1.093312400375676e-05
ZMYND12,32,Frameshift,1.3351509420072247e-05
ZMYND15,63,In-frame stop codon,0.00011549022196117254
ZMYND19,6,Frameshift,1.4373267826909738e-05
ZMYND8,25,Frameshift,8.111803695789239e-06
ZNF10,33,Frameshift,9.672747879564906e-06
ZNF100,92,Frameshift,0.00014037732077687402
ZNF101,43,Frameshift,0.0020216483971438096
ZNF106,66,In-frame stop codon,4.4836856657765255e-05
ZNF107,72,Frameshift,9.594478402686986e-05
ZNF112,35,Frameshift,5.934556684263765e-06
ZNF114,49,Frameshift,1.9804324647593045e-05
ZNF117,58,Frameshift,0.01613869130416593
ZNF12,27,Frameshift,7.553102826867598e-06
ZNF121,10,Frameshift,2.0937550288259665e-05
ZNF124,39,Frameshift,0.00013920703781790657
ZNF131,30,Frameshift,1.160126517108774e-05
ZNF132,54,Frameshift,1.3844309209271455e-05
ZNF133,44,Frameshift,1.337065558373307e-05
ZNF134,30,Frameshift,1.907571535686634e-05
ZNF135,66,Frameshift,5.8180437293327277e-05
ZNF136,45,In-frame stop codon,1.3216513433242223e-05
ZNF138,52,Frameshift,4.4573482636243005e-05
ZNF14,70,In-frame stop codon,2.2852630991273718e-05
ZNF140,35,Frameshift,2.5967716138841052e-05
ZNF141,36,Frameshift,9.740889756706574e-06
ZNF142,122,Frameshift,1.7570504979901102e-05
ZNF143,34,Frameshift,9.982140334233018e-06
ZNF146,1,In-frame stop codon,0.0
ZNF148,17,Frameshift,2.612140662844911e-05
ZNF154,34,Frameshift,0.0003208433133784189
ZNF155,63,Frameshift,4.205291126880028e-05
ZNF157,27,Frameshift,2.140603990620656e-05
ZNF16,47,Frameshift,8.682297113725074e-06
ZNF160,43,Frameshift,7.098210160133662e-06
ZNF165,32,In-frame stop codon,1.4283521650231805e-05
ZNF169,74,Frameshift,2.924663066167621e-05
ZNF17,42,Frameshift,2.2969676238142746e-05
ZNF174,26,Frameshift,7.560495797087188e-06
ZNF175,57,Frameshift,7.272233201067609e-05
ZNF177,65,Frameshift,1.3140293823695666e-05
ZNF18,46,Frameshift,6.477747562769567e-06
ZNF180,92,Frameshift,3.909446709944269e-05
ZNF181,65,Frameshift,1.3556828188867683e-05
ZNF182,9,Frameshift,5.0371437151582155e-06
ZNF184,24,Frameshift,5.159806366178128e-06
ZNF185,53,Frameshift,1.4700397800853788e-05
ZNF189,35,Frameshift,1.3566053352700997e-05
ZNF19,40,Frameshift,4.265732032570819e-05
ZNF195,43,Frameshift,5.734139824064807e-05
ZNF197,73,Frameshift,1.2853007205795185e-05
ZNF2,21,Frameshift,2.0703041046573406e-05
ZNF20,37,Frameshift,8.78159315981864e-06
ZNF200,40,Frameshift,1.7615653890392075e-05
ZNF202,18,Frameshift,1.0185091366167595e-05
ZNF205,39,Frameshift,8.248736100813465e-06
ZNF207,30,Frameshift,9.84438338661903e-06
ZNF208,179,Frameshift,0.00016023313347735042
ZNF211,57,Frameshift,0.008764612528314671
ZNF212,32,Frameshift,2.1410823367754067e-05
ZNF213,37,In-frame stop codon,3.413790462602235e-05
ZNF214,62,Frameshift,1.7635552939224514e-05
ZNF215,64,In-frame stop codon,4.7686005983347576e-05
ZNF217,20,Frameshift,1.0992088077319468e-05
ZNF219,23,Frameshift,9.258965670896027e-06
ZNF22,8,In-frame stop codon,5.4801180526843765e-06
ZNF221,50,In-frame stop codon,3.4882262067186314e-05
ZNF222,52,Frameshift,2.006487712739354e-05
ZNF223,68,Frameshift,9.060167205833403e-05
ZNF224,64,Frameshift,1.3065782485211438e-05
ZNF225,67,Frameshift,1.3826975295694702e-05
ZNF226,111,Frameshift,2.8005514995897307e-05
ZNF227,81,Frameshift,1.8329905924810242e-05
ZNF229,81,Frameshift,9.261211001942674e-05
ZNF23,49,Frameshift,1.5735205771832825e-05
ZNF230,45,Frameshift,1.0006847808867361e-05
ZNF232,44,Frameshift,9.093194977977873e-06
ZNF233,99,Frameshift,0.002062721322713839
ZNF234,72,Frameshift,1.0234482249982776e-05
ZNF235,60,Frameshift,1.4516209781113892e-05
ZNF236,33,Frameshift,1.4397161805180777e-05
ZNF239,41,Frameshift,1.0938859364544657e-05
ZNF24,7,Frameshift,1.2233846374503954e-05
ZNF248,21,Frameshift,7.584836336898755e-06
ZNF25,41,Frameshift,3.025751124507004e-05
ZNF250,16,In-frame stop codon,6.663519102788759e-06
ZNF251,68,Frameshift,4.2420674590873386e-05
ZNF253,47,Frameshift,1.9828604335684574e-05
ZNF254,119,Frameshift,1.8348097177262237e-05
ZNF256,39,Frameshift,1.9079720609614523e-05
ZNF257,55,Frameshift,6.729988855298094e-05
ZNF259,37,Frameshift,1.0008476582138255e-05
ZNF260,27,Frameshift,7.240831747745657e-06
ZNF263,56,In-frame stop codon,8.649990731412094e-06
ZNF264,53,Frameshift,0.00012011578427718711
ZNF266,64,Frameshift,2.8435597614970634e-05
ZNF267,56,Frameshift,2.7535317952248538e-05
ZNF268,120,Frameshift,3.479957471736847e-05
ZNF273,88,Frameshift,1.0621252907739802e-05
ZNF274,33,Frameshift,0.030309985361022647
ZNF275,16,In-frame stop codon,1.1451622869379368e-05
ZNF276,51,In-frame stop codon,1.0695305531309888e-05
ZNF277,58,Frameshift,7.515204401264328e-05
ZNF28,91,Frameshift,0.00014192712480318824
ZNF280A,53,Frameshift,3.9062899985582606e-05
ZNF280B,27,Frameshift,1.0486255798368004e-05
ZNF280C,10,Splice acceptor,4.149696290228299e-06
ZNF280D,43,In-frame stop codon,3.148844428044252e-05
ZNF281,11,Frameshift,3.326453808910882e-05
ZNF282,27,Frameshift,2.1099251292220206e-05
ZNF283,56,Frameshift,3.108317842958019e-05
ZNF284,52,Frameshift,2.042618549728483e-05
ZNF285,57,Frameshift,1.3626938336849411e-05
ZNF286A,62,Frameshift,2.2992161609417705e-05
ZNF287,23,Frameshift,9.3781910230596e-06
ZNF292,42,Frameshift,1.4042481731109061e-05
ZNF296,17,Frameshift,6.1504961141214085e-06
ZNF3,39,Frameshift,0.006998447612500409
ZNF30,53,Frameshift,5.592726483282913e-05
ZNF300,57,Frameshift,1.1362602824824278e-05
ZNF302,62,Frameshift,6.986494292410421e-05
ZNF304,30,Frameshift,1.1486226375411336e-05
ZNF311,49,Frameshift,1.4952840254115423e-05
ZNF317,33,Frameshift,1.3756119677519133e-05
ZNF318,91,Frameshift,4.922771859056817e-06
ZNF319,10,Frameshift,3.5952090069195684e-06
ZNF32,12,Frameshift,9.969156558417954e-06
ZNF320,29,Frameshift,6.1556472827430675e-06
ZNF322,20,Frameshift,9.642693927468943e-06
ZNF324,28,In-frame stop codon,3.7113300680856903e-05
ZNF324B,50,Frameshift,1.7869668999206487e-05
ZNF326,27,Frameshift,8.488399078307958e-06
ZNF329,32,Frameshift,9.686546294421063e-06
ZNF330,19,Frameshift,1.3550791380814532e-05
ZNF331,11,Frameshift,4.3847299163639584e-06
ZNF333,68,Frameshift,1.5999093057535707e-05
ZNF334,77,Frameshift,2.728653644524397e-05
ZNF335,81,Frameshift,1.0523536149986123e-05
ZNF337,99,Frameshift,1.545815278002139e-05
ZNF33A,71,Frameshift,1.3695922135458297e-05
ZNF33B,76,Frameshift,9.00060957826552e-06
ZNF34,28,Frameshift,0.00020583439976407518
ZNF341,43,Frameshift,1.1402335768011338e-05
ZNF343,73,Frameshift,6.798697108179788e-05
ZNF345,44,In-frame stop codon,2.334649593804416e-05
ZNF346,19,Frameshift,8.052340722669903e-06
ZNF347,96,Frameshift,1.2834191625746654e-05
ZNF35,30,Frameshift,1.7112244495589852e-05
ZNF350,40,Frameshift,0.00014252690895850972
ZNF354A,32,Frameshift,1.4508166114577338e-05
ZNF354B,39,Frameshift,1.0600822908853503e-05
ZNF354C,43,Frameshift,2.3917578014374667e-05
ZNF358,7,Frameshift,4.1276721365004745e-06
ZNF362,6,Frameshift,1.2708892703918893e-05
ZNF365,46,Frameshift,1.3286198423033603e-05
ZNF366,20,Frameshift,6.244070065825708e-06
ZNF367,6,Frameshift,1.7319290851097497e-05
ZNF37A,56,Frameshift,1.3277018812969811e-05
ZNF382,31,Frameshift,2.06716286497885e-05
ZNF383,33,In-frame stop codon,9.094043964252704e-06
ZNF384,25,Frameshift,9.211198819371379e-06
ZNF385A,18,In-frame stop codon,9.099633196414879e-06
ZNF385B,14,In-frame stop codon,6.555932293815368e-06
ZNF385C,29,Frameshift,1.0647176755914186e-05
ZNF385D,7,Frameshift,6.9590190191284875e-06
ZNF391,34,Frameshift,2.2097112055908462e-05
ZNF394,42,Frameshift,5.7681629094217455e-06
ZNF395,29,Frameshift,7.77205771723127e-06
ZNF396,38,In-frame stop codon,5.822705084692403e-05
ZNF397,46,Frameshift,1.0870043600789657e-05
ZNF398,22,Frameshift,0.002039871765917894
ZNF404,51,Frameshift,2.472017324433594e-05
ZNF407,29,Frameshift,1.9505612612059988e-05
ZNF408,59,Frameshift,9.231537957841178e-06
ZNF41,21,Frameshift,4.0844123043240185e-05
ZNF410,29,Frameshift,2.5075883871781022e-05
ZNF414,35,Frameshift,3.36958303465205e-05
ZNF415,60,Frameshift,0.0015684543726786377
ZNF416,43,Frameshift,5.278082497220274e-06
ZNF417,77,Frameshift,0.01307558915785472
ZNF418,111,Frameshift,3.013954600303754e-05
ZNF419,81,Frameshift,0.00882469645324767
ZNF420,53,In-frame stop codon,1.0824323936584894e-05
ZNF423,12,Start codon lost,1.4990166106647565e-05
ZNF425,82,Frameshift,2.0743345589881105e-05
ZNF426,52,Frameshift,1.2752048603223115e-05
ZNF428,7,Frameshift,3.1485358709582267e-06
ZNF429,94,Frameshift,0.00017771218688562824
ZNF43,87,Frameshift,0.00029126821536351225
ZNF430,44,Frameshift,9.805373441105547e-06
ZNF431,41,Frameshift,1.758404380646537e-05
ZNF432,70,Frameshift,1.8895843464842094e-05
ZNF433,99,Frameshift,2.4773433391477167e-05
ZNF436,18,In-frame stop codon,1.4536445066112902e-05
ZNF438,45,Frameshift,0.0033819508819177093
ZNF439,55,Frameshift,0.0001351675744265163
ZNF44,107,Frameshift,2.4452044415232294e-05
ZNF440,65,Frameshift,9.957101611289732e-05
ZNF441,30,Frameshift,6.136399082350337e-06
ZNF442,60,Frameshift,7.49728112404945e-05
ZNF443,81,Frameshift,0.004000057598808372
ZNF444,15,Frameshift,4.816842172928142e-06
ZNF445,14,Frameshift,7.961293436439925e-06
ZNF446,61,Frameshift,2.031111305743312e-05
ZNF449,9,Frameshift,1.2800637094809418e-05
ZNF45,47,Frameshift,1.3207322556710489e-05
ZNF451,82,Frameshift,1.1676657485854895e-05
ZNF454,39,Frameshift,8.838352837669866e-06
ZNF460,12,In-frame stop codon,4.311881102401124e-06
ZNF461,46,Frameshift,1.5604041199672693e-05
ZNF462,42,Frameshift,0.00015349615940530027
ZNF467,70,Frameshift,2.063699922196825e-05
ZNF468,73,Frameshift,2.2206658899620754e-05
ZNF469,79,Frameshift,1.6587136523696667e-05
ZNF470,72,Frameshift,3.489316519734371e-05
ZNF471,73,Frameshift,1.3414005763092635e-05
ZNF473,30,Frameshift,7.074036043745969e-06
ZNF474,23,Frameshift,0.0038807216080523716
ZNF479,50,In-frame stop codon,3.9622755191920223e-05
ZNF48,41,Frameshift,1.6618792189445948e-05
ZNF480,49,Frameshift,0.014116226048750995
ZNF483,20,Frameshift,8.159789512015758e-06
ZNF484,67,Frameshift,0.0002406582025413126
ZNF485,30,Frameshift,1.529744732506529e-05
ZNF486,70,Frameshift,8.712048364808564e-05
ZNF487,56,Frameshift,5.63759074762811e-05
ZNF488,33,Frameshift,0.00013915483350612838
ZNF490,31,Frameshift,6.669570122625332e-06
ZNF491,37,Frameshift,8.831410071650199e-05
ZNF492,50,In-frame stop codon,0.0004800333935240621
ZNF493,91,Frameshift,3.7495282878578654e-05
ZNF496,9,In-frame stop codon,1.5182754423873743e-05
ZNF497,73,Frameshift,1.729281095484557e-05
ZNF500,42,Frameshift,8.211224626471547e-06
ZNF501,16,Frameshift,1.855434322780276e-05
ZNF502,44,Frameshift,7.514739850395337e-06
ZNF503,19,Frameshift,2.3303731814517917e-05
ZNF506,63,Frameshift,9.829769068952342e-05
ZNF507,40,Frameshift,2.7869385086142e-05
ZNF510,69,Frameshift,1.7014808716131063e-05
ZNF511,46,Frameshift,1.0332526280135526e-05
ZNF512,20,In-frame stop codon,3.86280165461124e-06
ZNF512B,15,In-frame stop codon,7.720061158186734e-06
ZNF513,21,Frameshift,6.7282104985127395e-06
ZNF514,55,Frameshift,1.8039895736922262e-05
ZNF516,16,Frameshift,0.06294332045166436
ZNF517,67,Frameshift,1.57821129271203e-05
ZNF518A,2,Splice acceptor,9.593450427074724e-05
ZNF518B,52,Frameshift,9.130987019630828e-06
ZNF519,42,Frameshift,4.845061495292546e-05
ZNF521,9,Frameshift,2.0897949360590653e-05
ZNF524,16,Frameshift,1.2924192887953243e-05
ZNF525,60,Frameshift,0.0001774403927298968
ZNF526,43,Frameshift,6.259079108096274e-06
ZNF527,56,Frameshift,0.0011611378132792688
ZNF528,96,Frameshift,7.590623072104301e-05
ZNF529,49,Frameshift,1.675990309112931e-05
ZNF530,61,Frameshift,4.649322765114309e-05
ZNF532,18,Frameshift,7.757833046405575e-06
ZNF534,106,Frameshift,6.2645540351358e-05
ZNF536,13,In-frame stop codon,3.2155693977792246e-06
ZNF540,46,Frameshift,1.1959631876578691e-05
ZNF541,20,Frameshift,5.296552689627749e-05
ZNF543,67,Frameshift,7.643091603842342e-05
ZNF544,93,Frameshift,0.00023123186980893073
ZNF546,90,Frameshift,0.00025882326283873703
ZNF547,49,Frameshift,2.421923296787869e-05
ZNF548,28,Frameshift,1.8601840344807897e-05
ZNF549,62,Frameshift,1.8751169796291496e-05
ZNF550,49,Frameshift,9.887889126161472e-06
ZNF551,65,Frameshift,7.83047653577737e-05
ZNF552,38,Frameshift,4.2545807304530667e-05
ZNF554,59,Frameshift,0.0006155102784834688
ZNF555,58,Frameshift,1.8256420716666918e-05
ZNF556,42,Frameshift,9.068211154627139e-05
ZNF557,47,Frameshift,9.43222197419014e-06
ZNF558,21,Frameshift,2.244566585622044e-05
ZNF559,157,Frameshift,0.0035344916572364734
ZNF560,63,Frameshift,1.6830435553254057e-05
ZNF561,34,In-frame stop codon,1.2169347602297338e-05
ZNF562,30,Frameshift,9.60687236067508e-06
ZNF563,46,In-frame stop codon,0.0001808820086465869
ZNF564,44,Frameshift,4.3723914503952784e-05
ZNF565,37,Frameshift,1.0021176044194751e-05
ZNF566,22,Frameshift,1.0531526801284249e-05
ZNF567,40,Frameshift,1.4167436365147324e-05
ZNF568,108,Frameshift,0.005020602216503983
ZNF569,38,Frameshift,8.247162817484957e-06
ZNF57,59,Frameshift,3.011038724227931e-05
ZNF570,48,Frameshift,1.150306581781866e-05
ZNF571,90,Frameshift,9.569864014173344e-05
ZNF572,32,Frameshift,8.72728452203107e-06
ZNF573,57,Frameshift,2.4609009241104312e-05
ZNF574,26,In-frame stop codon,8.111340424936012e-06
ZNF575,58,Frameshift,3.1420706056831674e-05
ZNF576,11,Frameshift,9.412228721909284e-06
ZNF577,50,Frameshift,5.7365463912379544e-05
ZNF578,66,Frameshift,2.1788524161339718e-05
ZNF579,17,Frameshift,3.800954079398027e-05
ZNF580,8,Frameshift,1.0006772580394903e-05
ZNF581,9,Frameshift,7.104315979345028e-06
ZNF582,55,Frameshift,1.3585138185023446e-05
ZNF583,22,Frameshift,1.0009109446977021e-05
ZNF584,41,Frameshift,1.9155062842197567e-05
ZNF585A,39,Frameshift,4.624522670514732e-05
ZNF585B,63,Frameshift,4.475984686938431e-05
ZNF586,59,Frameshift,0.0061913256393707795
ZNF587,89,Frameshift,4.4544759661770086e-05
ZNF587B,98,Frameshift,1.7911806314086908e-05
ZNF589,48,Frameshift,2.8703987604699345e-05
ZNF592,12,Frameshift,5.994241494338407e-06
ZNF593,17,Frameshift,5.951875859202068e-06
ZNF594,93,Frameshift,7.563765824838663e-05
ZNF595,25,Frameshift,6.105949362367592e-05
ZNF596,52,In-frame stop codon,1.6221923745500616e-05
ZNF597,19,Frameshift,8.199757784764694e-06
ZNF598,42,Frameshift,0.04932877243471548
ZNF599,57,Frameshift,0.000399835419053098
ZNF600,68,Frameshift,3.0168083289151783e-05
ZNF605,11,Frameshift,8.372211115879168e-06
ZNF606,33,Frameshift,7.076652777557702e-06
ZNF607,70,Frameshift,1.8354019084716925e-05
ZNF608,17,Frameshift,6.134151300881606e-06
ZNF609,18,Frameshift,6.929244853312516e-06
ZNF610,44,Frameshift,1.0282500350252833e-05
ZNF611,66,In-frame stop codon,6.081996171574677e-05
ZNF613,44,Frameshift,1.4088877813260582e-05
ZNF614,51,Frameshift,1.0339515902957084e-05
ZNF615,52,In-frame stop codon,1.5714583288511318e-05
ZNF616,49,Frameshift,2.5560499858290063e-05
ZNF618,22,Frameshift,1.4170121452904144e-05
ZNF619,38,Frameshift,1.324713896671404e-05
ZNF620,38,Frameshift,1.1247462557412499e-05
ZNF621,25,Frameshift,1.137099367366501e-05
ZNF622,19,Frameshift,7.023148142769583e-06
ZNF623,31,Frameshift,2.4415345727135345e-05
ZNF624,35,Frameshift,1.841964478289018e-05
ZNF625,32,In-frame stop codon,1.0651644184342374e-05
ZNF626,82,Frameshift,0.005763386790792456
ZNF627,30,In-frame stop codon,1.2861252989642054e-05
ZNF628,44,Frameshift,1.7453100558952e-05
ZNF629,15,Frameshift,8.398264172736204e-06
ZNF630,30,Frameshift,1.6487063404346508e-05
ZNF638,44,Frameshift,3.223297829105043e-05
ZNF639,19,In-frame stop codon,4.293415974367986e-06
ZNF641,27,In-frame stop codon,9.292172270269378e-06
ZNF644,21,Frameshift,1.025724824301398e-05
ZNF645,15,In-frame stop codon,2.2325617677680786e-05
ZNF646,73,Frameshift,7.460037612104479e-06
ZNF648,55,Frameshift,3.440902960972856e-05
ZNF649,25,Frameshift,1.1788481217570337e-05
ZNF652,13,Frameshift,9.84291131872498e-06
ZNF653,38,Frameshift,1.0203029793973341e-05
ZNF654,6,Frameshift,2.5159496301642372e-05
ZNF655,57,Frameshift,0.000116739217753915
ZNF658,109,Frameshift,0.0001186637499194122
ZNF66,142,Frameshift,0.0017799279365310547
ZNF660,31,Frameshift,0.0001396258051677666
ZNF662,58,Frameshift,4.747055440182073e-05
ZNF664,9,In-frame stop codon,3.0166031603457e-05
ZNF665,52,In-frame stop codon,2.4147885690074092e-05
ZNF667,51,Frameshift,0.00032243457112497286
ZNF668,31,Frameshift,9.207361776390021e-06
ZNF669,43,Frameshift,1.7111479378679225e-05
ZNF671,59,Frameshift,9.754971767062046e-06
ZNF672,38,Frameshift,9.435966503641716e-06
ZNF674,44,Frameshift,0.00010589510454408535
ZNF675,74,Frameshift,1.9224871097776506e-05
ZNF676,79,Frameshift,4.309923699320615e-05
ZNF677,72,Frameshift,6.0546448283293474e-05
ZNF678,86,Frameshift,2.7214561325222168e-05
ZNF679,48,Frameshift,1.5129914515788974e-05
ZNF680,32,Frameshift,1.0445266257430115e-05
ZNF681,55,Frameshift,0.00292840661756062
ZNF682,61,Frameshift,2.232031757551787e-05
ZNF683,55,Frameshift,2.056301198915861e-05
ZNF684,34,Frameshift,9.399291295446422e-06
ZNF687,40,Frameshift,8.215050243793574e-06
ZNF688,28,Frameshift,1.2132781230617507e-05
ZNF689,16,Frameshift,4.173588994578892e-06
ZNF69,67,In-frame stop codon,1.3912881223872089e-05
ZNF691,16,Frameshift,1.2652038284954937e-05
ZNF692,62,Frameshift,8.833816080049335e-06
ZNF695,43,Frameshift,3.1966386574572414e-05
ZNF696,48,Frameshift,7.2257353143145195e-06
ZNF697,27,Frameshift,4.191407324971742e-05
ZNF699,40,Frameshift,8.171880590482147e-06
ZNF7,77,Frameshift,0.0008198002419454994
ZNF70,22,Frameshift,1.9262439346242963e-05
ZNF700,77,Frameshift,2.4254047167699934e-05
ZNF701,78,Frameshift,3.536720381297641e-05
ZNF703,17,Frameshift,1.2458984938656047e-05
ZNF704,7,Frameshift,1.086192084774633e-05
ZNF705A,27,In-frame stop codon,3.0273965417904565e-05
ZNF705B,12,Frameshift,1.8827382148931726e-05
ZNF705D,10,In-frame stop codon,3.470132297287961e-05
ZNF705G,49,In-frame stop codon,2.3654455551768926e-05
ZNF706,4,Frameshift,1.1949565951863894e-05
ZNF707,34,Frameshift,1.423639812652399e-05
ZNF708,57,Frameshift,1.2239186928066648e-05
ZNF709,61,Frameshift,7.2526116362350805e-06
ZNF71,35,Frameshift,2.6100007813683945e-05
ZNF710,16,Frameshift,1.1629833990737935e-05
ZNF711,9,Splice acceptor,4.3152961985414195e-05
ZNF713,30,Frameshift,1.3179296145124481e-05
ZNF714,86,Frameshift,0.009630290688549262
ZNF716,59,Frameshift,3.820899212998395e-05
ZNF717,136,Frameshift,0.012677177799086049
ZNF718,2,Splice donor,0.00010422321076645917
ZNF721,141,Frameshift,5.4963166052323654e-05
ZNF724P,48,Frameshift,1.485563347517191e-05
ZNF726,133,Frameshift,0.0001990746520860012
ZNF728,71,Frameshift,3.817829393750483e-05
ZNF729,112,Frameshift,0.00017354168280170904
ZNF730,56,Frameshift,8.845978467862592e-05
ZNF732,78,Frameshift,5.230628720585053e-05
ZNF736,44,Frameshift,1.4303913462129422e-05
ZNF737,85,Frameshift,4.3068504973449396e-05
ZNF738,25,Splice acceptor,0.00014266853664142377
ZNF74,49,In-frame stop codon,1.1298275845400696e-05
ZNF740,6,In-frame stop codon,3.4477110921814493e-06
ZNF746,20,Frameshift,1.218471688599077e-05
ZNF747,52,Frameshift,3.3010729424173614e-05
ZNF749,52,Frameshift,0.0003528175158904731
ZNF750,21,Frameshift,7.784918294152628e-06
ZNF75A,19,In-frame stop codon,1.0078062479148604e-05
ZNF75D,23,In-frame stop codon,7.40460182069332e-05
ZNF76,68,Frameshift,1.0638288342976554e-05
ZNF761,10,Splice donor,7.098286435813402e-05
ZNF763,40,In-frame stop codon,9.583775044140305e-05
ZNF764,47,Frameshift,1.2655985987627168e-05
ZNF765,64,Frameshift,0.006179392315442464
ZNF766,58,In-frame stop codon,1.5608804065902964e-05
ZNF768,20,Frameshift,7.0873689036387565e-06
ZNF77,68,Frameshift,0.0007894153688311294
ZNF770,17,Frameshift,8.842371870770845e-06
ZNF771,14,Frameshift,1.739249311584772e-05
ZNF772,35,Frameshift,0.00019853132549655546
ZNF773,49,Frameshift,0.0036218372486375525
ZNF774,61,Frameshift,2.179610584179594e-05
ZNF775,31,Frameshift,1.0647324486797317e-05
ZNF776,51,Frameshift,3.6635945311823974e-05
ZNF777,8,Frameshift,5.290056670347033e-06
ZNF778,87,Frameshift,0.010012505075202781
ZNF780A,47,In-frame stop codon,2.630394566668731e-05
ZNF780B,72,Frameshift,0.00013465084149466062
ZNF782,65,Frameshift,2.7341372749031146e-05
ZNF783,82,Frameshift,2.0262373750172345e-05
ZNF784,31,Frameshift,8.843826256656468e-06
ZNF785,60,Frameshift,1.9188463928846213e-05
ZNF786,84,Frameshift,1.734032756128231e-05
ZNF787,29,Frameshift,0.0002460123536688392
ZNF789,49,Frameshift,1.2812634209856075e-05
ZNF79,38,Frameshift,1.1131885535444798e-05
ZNF790,76,Frameshift,0.00012122101080654917
ZNF791,29,Frameshift,9.994596129012444e-06
ZNF792,41,Frameshift,1.1160830267439098e-05
ZNF793,51,Frameshift,3.4448970918221235e-05
ZNF799,69,Frameshift,2.3642565208754357e-05
ZNF8,20,In-frame stop codon,6.717160759532634e-06
ZNF80,23,In-frame stop codon,0.011323325613455424
ZNF800,8,Frameshift,2.003082585193444e-06
ZNF804A,42,Frameshift,9.135998673052109e-06
ZNF804B,68,In-frame stop codon,8.395435695398298e-06
ZNF805,31,Frameshift,1.1708145573332625e-05
ZNF808,59,Frameshift,1.1578439404287686e-05
ZNF81,11,Frameshift,8.805377303732844e-06
ZNF813,50,Frameshift,0.0004919951530881875
ZNF814,136,Frameshift,3.197725493945499e-05
ZNF816,84,Frameshift,2.589752034654686e-05
ZNF821,14,In-frame stop codon,5.922408800927215e-06
ZNF823,33,In-frame stop codon,1.593562435255216e-05
ZNF827,19,Frameshift,1.0337580102992218e-05
ZNF829,46,Frameshift,1.2328090713601488e-05
ZNF83,99,Frameshift,0.0007953128152322118
ZNF830,14,Frameshift,9.428940555858517e-06
ZNF831,73,In-frame stop codon,3.610855301051358e-05
ZNF835,61,In-frame stop codon,0.00011229326089799595
ZNF836,62,Frameshift,8.796955608677807e-06
ZNF837,52,Frameshift,2.2834915563618032e-05
ZNF839,64,Frameshift,1.3503680748253264e-05
ZNF841,55,Frameshift,3.3984686641978693e-05
ZNF843,38,Frameshift,5.550555816615804e-05
ZNF844,80,Frameshift,0.0003068219691468752
ZNF845,71,Frameshift,3.037805600395913e-05
ZNF846,69,Frameshift,3.475643716153808e-05
ZNF85,99,Frameshift,0.00012371873580184947
ZNF850,63,In-frame stop codon,9.507762688568694e-06
ZNF852,46,Frameshift,0.021824630715791046
ZNF853,27,In-frame stop codon,1.1594908528954711e-05
ZNF860,54,Frameshift,0.0005526111472145287
ZNF862,85,Frameshift,1.416827898283431e-05
ZNF865,30,Frameshift,6.320576981237367e-05
ZNF878,63,Frameshift,8.079095380711289e-05
ZNF879,41,Frameshift,1.06586458062533e-05
ZNF880,146,Frameshift,0.0060416203315447736
ZNF888,2,Splice acceptor,6.72178530617732e-05
ZNF891,51,Frameshift,8.055896839437602e-05
ZNF90,73,Frameshift,4.726823593060087e-05
ZNF91,71,Frameshift,2.3239223541479204e-05
ZNF92,56,Frameshift,1.6136185078563443e-05
ZNF93,83,Frameshift,0.00010705757814036974
ZNF98,79,Frameshift,0.002349646388961681
ZNF99,149,Frameshift,0.0009917077233090336
ZNFX1,62,Frameshift,0.0003246070951992745
ZNHIT1,19,Frameshift,1.6221798871163536e-05
ZNHIT2,31,Frameshift,1.0113592411403542e-05
ZNHIT3,41,Frameshift,9.881380698964455e-05
ZNHIT6,40,Frameshift,5.871065601318267e-06
ZNRD1,10,Frameshift,7.245473320535863e-06
ZNRF1,15,Frameshift,5.038076318043137e-05
ZNRF2,11,Frameshift,1.9323650734198058e-05
ZNRF3,24,Frameshift,2.314742572189741e-05
ZNRF4,24,Frameshift,1.1677886287533806e-05
ZP1,64,Frameshift,1.1203067857698452e-05
ZP2,60,Frameshift,8.427857215085394e-06
ZP3,40,Frameshift,2.205396113782072e-05
ZP4,67,In-frame stop codon,2.5568263849260182e-05
ZPBP,25,In-frame stop codon,9.369045110178503e-06
ZPBP2,37,Frameshift,6.822534499871473e-06
ZPLD1,35,Frameshift,6.975433045483093e-06
ZRANB1,18,Frameshift,0.007265261687587971
ZRANB2,10,Frameshift,5.207015396523646e-06
ZRANB3,111,Frameshift,0.00010738521316156232
ZRSR2,8,In-frame stop codon,0.0002593489035854063
ZSCAN1,50,Frameshift,0.0001760338712184194
ZSCAN10,42,In-frame stop codon,2.2406924313629408e-05
ZSCAN12,54,Frameshift,0.00014361674037968977
ZSCAN16,32,Frameshift,5.044928042375529e-05
ZSCAN18,27,Frameshift,2.9155197110585762e-05
ZSCAN2,36,In-frame stop codon,2.2318801818261715e-05
ZSCAN20,39,In-frame stop codon,1.1458291292499539e-05
ZSCAN21,66,Frameshift,1.2670571182900283e-05
ZSCAN22,35,Frameshift,1.151749727699348e-05
ZSCAN23,23,In-frame stop codon,1.1496285881280007e-05
ZSCAN25,27,In-frame stop codon,7.138703029859427e-06
ZSCAN29,87,Frameshift,1.1088739154274369e-05
ZSCAN30,52,Frameshift,2.6609974438026222e-05
ZSCAN31,44,Frameshift,0.00017582475044000746
ZSCAN32,71,In-frame stop codon,1.917974860162134e-05
ZSCAN4,32,Frameshift,6.033078647069906e-06
ZSCAN5A,20,Frameshift,1.731197494438051e-05
ZSCAN5B,73,Frameshift,1.4737418509720055e-05
ZSCAN5C,51,Frameshift,2.534670082606276e-05
ZSCAN9,52,In-frame stop codon,0.0008278475719778393
ZSWIM1,36,In-frame stop codon,0.00034251129085455066
ZSWIM2,65,Frameshift,1.6567304295550525e-05
ZSWIM3,36,Frameshift,6.203607588453602e-06
ZSWIM4,46,Frameshift,1.5109233899232076e-05
ZSWIM5,40,Frameshift,1.1518191857410766e-05
ZSWIM6,29,Frameshift,0.0102889718988029
ZSWIM7,18,Frameshift,3.308407989084792e-05
ZSWIM8,43,In-frame stop codon,1.4990935847762442e-05
ZUFSP,67,Frameshift,2.2274511793255244e-05
ZW10,44,Frameshift,8.840369109243963e-06
ZWILCH,55,Frameshift,8.50772113576174e-06
ZWINT,32,In-frame stop codon,9.374734461363471e-06
ZXDA,27,Frameshift,4.436765453774094e-05
ZXDB,8,Frameshift,5.2556197906697135e-06
ZXDC,46,Frameshift,1.2761908571295589e-05
ZYG11A,56,In-frame stop codon,0.00019231126006279372
ZYG11B,30,Frameshift,8.898917576589847e-06
ZYX,49,Frameshift,9.136297870477064e-06
ZZEF1,86,Frameshift,5.773352348879725e-06
ZZZ3,15,Frameshift,5.647136318927626e-06
hsa-mir-1199,37,Frameshift,4.9511622806069874e-05
